ISO-10303-21;
HEADER;
FILE_DESCRIPTION(('Open CASCADE Model'),'2;1');
FILE_NAME('Open CASCADE Shape Model','2026-10-09T23:35:58',('Author'),(
    'Open CASCADE'),'Open CASCADE STEP processor 7.9','Open CASCADE 7.9'
  ,'Unknown');
FILE_SCHEMA(('AUTOMOTIVE_DESIGN { 1 0 10303 214 1 1 1 1 }'));
ENDSEC;
DATA;
#1 = APPLICATION_PROTOCOL_DEFINITION('international standard',
  'automotive_design',2000,#2);
#2 = APPLICATION_CONTEXT(
  'core data for automotive mechanical design processes');
#3 = SHAPE_DEFINITION_REPRESENTATION(#4,#10);
#4 = PRODUCT_DEFINITION_SHAPE('','',#5);
#5 = PRODUCT_DEFINITION('design','',#6,#9);
#6 = PRODUCT_DEFINITION_FORMATION('','',#7);
#7 = PRODUCT('DB2-1-O','DB2-1-O','',(#8));
#8 = PRODUCT_CONTEXT('',#2,'mechanical');
#9 = PRODUCT_DEFINITION_CONTEXT('part definition',#2,'design');
#10 = ADVANCED_BREP_SHAPE_REPRESENTATION('',(#11,#15),#4761);
#11 = AXIS2_PLACEMENT_3D('',#12,#13,#14);
#12 = CARTESIAN_POINT('',(0.,0.,0.));
#13 = DIRECTION('',(0.,0.,1.));
#14 = DIRECTION('',(1.,0.,-0.));
#15 = MANIFOLD_SOLID_BREP('',#16);
#16 = CLOSED_SHELL('',(#17,#137,#213,#1942,#1991,#3458,#3465,#3492,#3519
    ,#3546,#3573,#3600,#3627,#3654,#3681,#3708,#3735,#3762,#3789,#3816,
    #3843,#3870,#3897,#3924,#3951,#3978,#4005,#4032,#4059,#4086,#4113,
    #4140,#4167,#4194,#4221,#4248,#4275,#4302,#4329,#4356,#4383,#4410,
    #4437,#4464,#4491,#4518,#4545,#4572,#4599,#4626,#4653,#4680,#4707,
    #4734));
#17 = ADVANCED_FACE('',(#18),#32,.F.);
#18 = FACE_BOUND('',#19,.F.);
#19 = EDGE_LOOP('',(#20,#55,#83,#111));
#20 = ORIENTED_EDGE('',*,*,#21,.F.);
#21 = EDGE_CURVE('',#22,#24,#26,.T.);
#22 = VERTEX_POINT('',#23);
#23 = CARTESIAN_POINT('',(0.,0.,0.));
#24 = VERTEX_POINT('',#25);
#25 = CARTESIAN_POINT('',(0.,0.,10.));
#26 = SURFACE_CURVE('',#27,(#31,#43),.PCURVE_S1.);
#27 = LINE('',#28,#29);
#28 = CARTESIAN_POINT('',(0.,0.,0.));
#29 = VECTOR('',#30,1.);
#30 = DIRECTION('',(0.,0.,1.));
#31 = PCURVE('',#32,#37);
#32 = PLANE('',#33);
#33 = AXIS2_PLACEMENT_3D('',#34,#35,#36);
#34 = CARTESIAN_POINT('',(0.,0.,0.));
#35 = DIRECTION('',(1.,0.,0.));
#36 = DIRECTION('',(0.,0.,1.));
#37 = DEFINITIONAL_REPRESENTATION('',(#38),#42);
#38 = LINE('',#39,#40);
#39 = CARTESIAN_POINT('',(0.,0.));
#40 = VECTOR('',#41,1.);
#41 = DIRECTION('',(1.,0.));
#42 = ( GEOMETRIC_REPRESENTATION_CONTEXT(2) 
PARAMETRIC_REPRESENTATION_CONTEXT() REPRESENTATION_CONTEXT('2D SPACE',''
  ) );
#43 = PCURVE('',#44,#49);
#44 = PLANE('',#45);
#45 = AXIS2_PLACEMENT_3D('',#46,#47,#48);
#46 = CARTESIAN_POINT('',(0.,0.,0.));
#47 = DIRECTION('',(0.,1.,0.));
#48 = DIRECTION('',(0.,0.,1.));
#49 = DEFINITIONAL_REPRESENTATION('',(#50),#54);
#50 = LINE('',#51,#52);
#51 = CARTESIAN_POINT('',(0.,0.));
#52 = VECTOR('',#53,1.);
#53 = DIRECTION('',(1.,0.));
#54 = ( GEOMETRIC_REPRESENTATION_CONTEXT(2) 
PARAMETRIC_REPRESENTATION_CONTEXT() REPRESENTATION_CONTEXT('2D SPACE',''
  ) );
#55 = ORIENTED_EDGE('',*,*,#56,.T.);
#56 = EDGE_CURVE('',#22,#57,#59,.T.);
#57 = VERTEX_POINT('',#58);
#58 = CARTESIAN_POINT('',(0.,200.,0.));
#59 = SURFACE_CURVE('',#60,(#64,#71),.PCURVE_S1.);
#60 = LINE('',#61,#62);
#61 = CARTESIAN_POINT('',(0.,0.,0.));
#62 = VECTOR('',#63,1.);
#63 = DIRECTION('',(0.,1.,0.));
#64 = PCURVE('',#32,#65);
#65 = DEFINITIONAL_REPRESENTATION('',(#66),#70);
#66 = LINE('',#67,#68);
#67 = CARTESIAN_POINT('',(0.,0.));
#68 = VECTOR('',#69,1.);
#69 = DIRECTION('',(0.,-1.));
#70 = ( GEOMETRIC_REPRESENTATION_CONTEXT(2) 
PARAMETRIC_REPRESENTATION_CONTEXT() REPRESENTATION_CONTEXT('2D SPACE',''
  ) );
#71 = PCURVE('',#72,#77);
#72 = PLANE('',#73);
#73 = AXIS2_PLACEMENT_3D('',#74,#75,#76);
#74 = CARTESIAN_POINT('',(0.,0.,0.));
#75 = DIRECTION('',(0.,0.,1.));
#76 = DIRECTION('',(1.,0.,0.));
#77 = DEFINITIONAL_REPRESENTATION('',(#78),#82);
#78 = LINE('',#79,#80);
#79 = CARTESIAN_POINT('',(0.,0.));
#80 = VECTOR('',#81,1.);
#81 = DIRECTION('',(0.,1.));
#82 = ( GEOMETRIC_REPRESENTATION_CONTEXT(2) 
PARAMETRIC_REPRESENTATION_CONTEXT() REPRESENTATION_CONTEXT('2D SPACE',''
  ) );
#83 = ORIENTED_EDGE('',*,*,#84,.T.);
#84 = EDGE_CURVE('',#57,#85,#87,.T.);
#85 = VERTEX_POINT('',#86);
#86 = CARTESIAN_POINT('',(0.,200.,10.));
#87 = SURFACE_CURVE('',#88,(#92,#99),.PCURVE_S1.);
#88 = LINE('',#89,#90);
#89 = CARTESIAN_POINT('',(0.,200.,0.));
#90 = VECTOR('',#91,1.);
#91 = DIRECTION('',(0.,0.,1.));
#92 = PCURVE('',#32,#93);
#93 = DEFINITIONAL_REPRESENTATION('',(#94),#98);
#94 = LINE('',#95,#96);
#95 = CARTESIAN_POINT('',(0.,-200.));
#96 = VECTOR('',#97,1.);
#97 = DIRECTION('',(1.,0.));
#98 = ( GEOMETRIC_REPRESENTATION_CONTEXT(2) 
PARAMETRIC_REPRESENTATION_CONTEXT() REPRESENTATION_CONTEXT('2D SPACE',''
  ) );
#99 = PCURVE('',#100,#105);
#100 = PLANE('',#101);
#101 = AXIS2_PLACEMENT_3D('',#102,#103,#104);
#102 = CARTESIAN_POINT('',(0.,200.,0.));
#103 = DIRECTION('',(0.,1.,0.));
#104 = DIRECTION('',(0.,0.,1.));
#105 = DEFINITIONAL_REPRESENTATION('',(#106),#110);
#106 = LINE('',#107,#108);
#107 = CARTESIAN_POINT('',(0.,0.));
#108 = VECTOR('',#109,1.);
#109 = DIRECTION('',(1.,0.));
#110 = ( GEOMETRIC_REPRESENTATION_CONTEXT(2) 
PARAMETRIC_REPRESENTATION_CONTEXT() REPRESENTATION_CONTEXT('2D SPACE',''
  ) );
#111 = ORIENTED_EDGE('',*,*,#112,.F.);
#112 = EDGE_CURVE('',#24,#85,#113,.T.);
#113 = SURFACE_CURVE('',#114,(#118,#125),.PCURVE_S1.);
#114 = LINE('',#115,#116);
#115 = CARTESIAN_POINT('',(0.,0.,10.));
#116 = VECTOR('',#117,1.);
#117 = DIRECTION('',(0.,1.,0.));
#118 = PCURVE('',#32,#119);
#119 = DEFINITIONAL_REPRESENTATION('',(#120),#124);
#120 = LINE('',#121,#122);
#121 = CARTESIAN_POINT('',(10.,0.));
#122 = VECTOR('',#123,1.);
#123 = DIRECTION('',(0.,-1.));
#124 = ( GEOMETRIC_REPRESENTATION_CONTEXT(2) 
PARAMETRIC_REPRESENTATION_CONTEXT() REPRESENTATION_CONTEXT('2D SPACE',''
  ) );
#125 = PCURVE('',#126,#131);
#126 = PLANE('',#127);
#127 = AXIS2_PLACEMENT_3D('',#128,#129,#130);
#128 = CARTESIAN_POINT('',(0.,0.,10.));
#129 = DIRECTION('',(0.,0.,1.));
#130 = DIRECTION('',(1.,0.,0.));
#131 = DEFINITIONAL_REPRESENTATION('',(#132),#136);
#132 = LINE('',#133,#134);
#133 = CARTESIAN_POINT('',(0.,0.));
#134 = VECTOR('',#135,1.);
#135 = DIRECTION('',(0.,1.));
#136 = ( GEOMETRIC_REPRESENTATION_CONTEXT(2) 
PARAMETRIC_REPRESENTATION_CONTEXT() REPRESENTATION_CONTEXT('2D SPACE',''
  ) );
#137 = ADVANCED_FACE('',(#138),#44,.F.);
#138 = FACE_BOUND('',#139,.F.);
#139 = EDGE_LOOP('',(#140,#163,#164,#187));
#140 = ORIENTED_EDGE('',*,*,#141,.F.);
#141 = EDGE_CURVE('',#22,#142,#144,.T.);
#142 = VERTEX_POINT('',#143);
#143 = CARTESIAN_POINT('',(3.733E+03,0.,0.));
#144 = SURFACE_CURVE('',#145,(#149,#156),.PCURVE_S1.);
#145 = LINE('',#146,#147);
#146 = CARTESIAN_POINT('',(0.,0.,0.));
#147 = VECTOR('',#148,1.);
#148 = DIRECTION('',(1.,0.,0.));
#149 = PCURVE('',#44,#150);
#150 = DEFINITIONAL_REPRESENTATION('',(#151),#155);
#151 = LINE('',#152,#153);
#152 = CARTESIAN_POINT('',(0.,0.));
#153 = VECTOR('',#154,1.);
#154 = DIRECTION('',(0.,1.));
#155 = ( GEOMETRIC_REPRESENTATION_CONTEXT(2) 
PARAMETRIC_REPRESENTATION_CONTEXT() REPRESENTATION_CONTEXT('2D SPACE',''
  ) );
#156 = PCURVE('',#72,#157);
#157 = DEFINITIONAL_REPRESENTATION('',(#158),#162);
#158 = LINE('',#159,#160);
#159 = CARTESIAN_POINT('',(0.,0.));
#160 = VECTOR('',#161,1.);
#161 = DIRECTION('',(1.,0.));
#162 = ( GEOMETRIC_REPRESENTATION_CONTEXT(2) 
PARAMETRIC_REPRESENTATION_CONTEXT() REPRESENTATION_CONTEXT('2D SPACE',''
  ) );
#163 = ORIENTED_EDGE('',*,*,#21,.T.);
#164 = ORIENTED_EDGE('',*,*,#165,.T.);
#165 = EDGE_CURVE('',#24,#166,#168,.T.);
#166 = VERTEX_POINT('',#167);
#167 = CARTESIAN_POINT('',(3.733E+03,0.,10.));
#168 = SURFACE_CURVE('',#169,(#173,#180),.PCURVE_S1.);
#169 = LINE('',#170,#171);
#170 = CARTESIAN_POINT('',(0.,0.,10.));
#171 = VECTOR('',#172,1.);
#172 = DIRECTION('',(1.,0.,0.));
#173 = PCURVE('',#44,#174);
#174 = DEFINITIONAL_REPRESENTATION('',(#175),#179);
#175 = LINE('',#176,#177);
#176 = CARTESIAN_POINT('',(10.,0.));
#177 = VECTOR('',#178,1.);
#178 = DIRECTION('',(0.,1.));
#179 = ( GEOMETRIC_REPRESENTATION_CONTEXT(2) 
PARAMETRIC_REPRESENTATION_CONTEXT() REPRESENTATION_CONTEXT('2D SPACE',''
  ) );
#180 = PCURVE('',#126,#181);
#181 = DEFINITIONAL_REPRESENTATION('',(#182),#186);
#182 = LINE('',#183,#184);
#183 = CARTESIAN_POINT('',(0.,0.));
#184 = VECTOR('',#185,1.);
#185 = DIRECTION('',(1.,0.));
#186 = ( GEOMETRIC_REPRESENTATION_CONTEXT(2) 
PARAMETRIC_REPRESENTATION_CONTEXT() REPRESENTATION_CONTEXT('2D SPACE',''
  ) );
#187 = ORIENTED_EDGE('',*,*,#188,.F.);
#188 = EDGE_CURVE('',#142,#166,#189,.T.);
#189 = SURFACE_CURVE('',#190,(#194,#201),.PCURVE_S1.);
#190 = LINE('',#191,#192);
#191 = CARTESIAN_POINT('',(3.733E+03,0.,0.));
#192 = VECTOR('',#193,1.);
#193 = DIRECTION('',(0.,0.,1.));
#194 = PCURVE('',#44,#195);
#195 = DEFINITIONAL_REPRESENTATION('',(#196),#200);
#196 = LINE('',#197,#198);
#197 = CARTESIAN_POINT('',(0.,3.733E+03));
#198 = VECTOR('',#199,1.);
#199 = DIRECTION('',(1.,0.));
#200 = ( GEOMETRIC_REPRESENTATION_CONTEXT(2) 
PARAMETRIC_REPRESENTATION_CONTEXT() REPRESENTATION_CONTEXT('2D SPACE',''
  ) );
#201 = PCURVE('',#202,#207);
#202 = PLANE('',#203);
#203 = AXIS2_PLACEMENT_3D('',#204,#205,#206);
#204 = CARTESIAN_POINT('',(3.733E+03,0.,0.));
#205 = DIRECTION('',(1.,0.,0.));
#206 = DIRECTION('',(0.,0.,1.));
#207 = DEFINITIONAL_REPRESENTATION('',(#208),#212);
#208 = LINE('',#209,#210);
#209 = CARTESIAN_POINT('',(0.,0.));
#210 = VECTOR('',#211,1.);
#211 = DIRECTION('',(1.,0.));
#212 = ( GEOMETRIC_REPRESENTATION_CONTEXT(2) 
PARAMETRIC_REPRESENTATION_CONTEXT() REPRESENTATION_CONTEXT('2D SPACE',''
  ) );
#213 = ADVANCED_FACE('',(#214,#262,#297,#332,#367,#402,#437,#472,#507,
    #542,#577,#612,#647,#682,#717,#752,#787,#822,#857,#892,#927,#962,
    #997,#1032,#1067,#1102,#1137,#1172,#1207,#1242,#1277,#1312,#1347,
    #1382,#1417,#1452,#1487,#1522,#1557,#1592,#1627,#1662,#1697,#1732,
    #1767,#1802,#1837,#1872,#1907),#126,.T.);
#214 = FACE_BOUND('',#215,.T.);
#215 = EDGE_LOOP('',(#216,#217,#218,#241));
#216 = ORIENTED_EDGE('',*,*,#112,.F.);
#217 = ORIENTED_EDGE('',*,*,#165,.T.);
#218 = ORIENTED_EDGE('',*,*,#219,.T.);
#219 = EDGE_CURVE('',#166,#220,#222,.T.);
#220 = VERTEX_POINT('',#221);
#221 = CARTESIAN_POINT('',(3.733E+03,200.,10.));
#222 = SURFACE_CURVE('',#223,(#227,#234),.PCURVE_S1.);
#223 = LINE('',#224,#225);
#224 = CARTESIAN_POINT('',(3.733E+03,0.,10.));
#225 = VECTOR('',#226,1.);
#226 = DIRECTION('',(0.,1.,0.));
#227 = PCURVE('',#126,#228);
#228 = DEFINITIONAL_REPRESENTATION('',(#229),#233);
#229 = LINE('',#230,#231);
#230 = CARTESIAN_POINT('',(3.733E+03,0.));
#231 = VECTOR('',#232,1.);
#232 = DIRECTION('',(0.,1.));
#233 = ( GEOMETRIC_REPRESENTATION_CONTEXT(2) 
PARAMETRIC_REPRESENTATION_CONTEXT() REPRESENTATION_CONTEXT('2D SPACE',''
  ) );
#234 = PCURVE('',#202,#235);
#235 = DEFINITIONAL_REPRESENTATION('',(#236),#240);
#236 = LINE('',#237,#238);
#237 = CARTESIAN_POINT('',(10.,0.));
#238 = VECTOR('',#239,1.);
#239 = DIRECTION('',(0.,-1.));
#240 = ( GEOMETRIC_REPRESENTATION_CONTEXT(2) 
PARAMETRIC_REPRESENTATION_CONTEXT() REPRESENTATION_CONTEXT('2D SPACE',''
  ) );
#241 = ORIENTED_EDGE('',*,*,#242,.F.);
#242 = EDGE_CURVE('',#85,#220,#243,.T.);
#243 = SURFACE_CURVE('',#244,(#248,#255),.PCURVE_S1.);
#244 = LINE('',#245,#246);
#245 = CARTESIAN_POINT('',(0.,200.,10.));
#246 = VECTOR('',#247,1.);
#247 = DIRECTION('',(1.,0.,0.));
#248 = PCURVE('',#126,#249);
#249 = DEFINITIONAL_REPRESENTATION('',(#250),#254);
#250 = LINE('',#251,#252);
#251 = CARTESIAN_POINT('',(0.,200.));
#252 = VECTOR('',#253,1.);
#253 = DIRECTION('',(1.,0.));
#254 = ( GEOMETRIC_REPRESENTATION_CONTEXT(2) 
PARAMETRIC_REPRESENTATION_CONTEXT() REPRESENTATION_CONTEXT('2D SPACE',''
  ) );
#255 = PCURVE('',#100,#256);
#256 = DEFINITIONAL_REPRESENTATION('',(#257),#261);
#257 = LINE('',#258,#259);
#258 = CARTESIAN_POINT('',(10.,0.));
#259 = VECTOR('',#260,1.);
#260 = DIRECTION('',(0.,1.));
#261 = ( GEOMETRIC_REPRESENTATION_CONTEXT(2) 
PARAMETRIC_REPRESENTATION_CONTEXT() REPRESENTATION_CONTEXT('2D SPACE',''
  ) );
#262 = FACE_BOUND('',#263,.T.);
#263 = EDGE_LOOP('',(#264));
#264 = ORIENTED_EDGE('',*,*,#265,.T.);
#265 = EDGE_CURVE('',#266,#266,#268,.T.);
#266 = VERTEX_POINT('',#267);
#267 = CARTESIAN_POINT('',(33.5,45.,10.));
#268 = SURFACE_CURVE('',#269,(#274,#285),.PCURVE_S1.);
#269 = CIRCLE('',#270,6.5);
#270 = AXIS2_PLACEMENT_3D('',#271,#272,#273);
#271 = CARTESIAN_POINT('',(40.,45.,10.));
#272 = DIRECTION('',(0.,0.,-1.));
#273 = DIRECTION('',(-1.,0.,0.));
#274 = PCURVE('',#126,#275);
#275 = DEFINITIONAL_REPRESENTATION('',(#276),#284);
#276 = ( BOUNDED_CURVE() B_SPLINE_CURVE(2,(#277,#278,#279,#280,#281,#282
,#283),.UNSPECIFIED.,.T.,.F.) B_SPLINE_CURVE_WITH_KNOTS((1,2,2,2,2,1),(
    -2.094395102393,0.,2.094395102393,4.188790204786,6.28318530718,
8.377580409573),.UNSPECIFIED.) CURVE() GEOMETRIC_REPRESENTATION_ITEM() 
RATIONAL_B_SPLINE_CURVE((1.,0.5,1.,0.5,1.,0.5,1.)) REPRESENTATION_ITEM(
  '') );
#277 = CARTESIAN_POINT('',(33.5,45.));
#278 = CARTESIAN_POINT('',(33.5,56.258330249198));
#279 = CARTESIAN_POINT('',(43.25,50.629165124599));
#280 = CARTESIAN_POINT('',(53.,45.));
#281 = CARTESIAN_POINT('',(43.25,39.370834875401));
#282 = CARTESIAN_POINT('',(33.5,33.741669750802));
#283 = CARTESIAN_POINT('',(33.5,45.));
#284 = ( GEOMETRIC_REPRESENTATION_CONTEXT(2) 
PARAMETRIC_REPRESENTATION_CONTEXT() REPRESENTATION_CONTEXT('2D SPACE',''
  ) );
#285 = PCURVE('',#286,#291);
#286 = CYLINDRICAL_SURFACE('',#287,6.5);
#287 = AXIS2_PLACEMENT_3D('',#288,#289,#290);
#288 = CARTESIAN_POINT('',(40.,45.,10.));
#289 = DIRECTION('',(0.,0.,-1.));
#290 = DIRECTION('',(-1.,0.,0.));
#291 = DEFINITIONAL_REPRESENTATION('',(#292),#296);
#292 = LINE('',#293,#294);
#293 = CARTESIAN_POINT('',(0.,0.));
#294 = VECTOR('',#295,1.);
#295 = DIRECTION('',(1.,0.));
#296 = ( GEOMETRIC_REPRESENTATION_CONTEXT(2) 
PARAMETRIC_REPRESENTATION_CONTEXT() REPRESENTATION_CONTEXT('2D SPACE',''
  ) );
#297 = FACE_BOUND('',#298,.T.);
#298 = EDGE_LOOP('',(#299));
#299 = ORIENTED_EDGE('',*,*,#300,.T.);
#300 = EDGE_CURVE('',#301,#301,#303,.T.);
#301 = VERTEX_POINT('',#302);
#302 = CARTESIAN_POINT('',(113.5,45.,10.));
#303 = SURFACE_CURVE('',#304,(#309,#320),.PCURVE_S1.);
#304 = CIRCLE('',#305,6.5);
#305 = AXIS2_PLACEMENT_3D('',#306,#307,#308);
#306 = CARTESIAN_POINT('',(120.,45.,10.));
#307 = DIRECTION('',(0.,0.,-1.));
#308 = DIRECTION('',(-1.,0.,0.));
#309 = PCURVE('',#126,#310);
#310 = DEFINITIONAL_REPRESENTATION('',(#311),#319);
#311 = ( BOUNDED_CURVE() B_SPLINE_CURVE(2,(#312,#313,#314,#315,#316,#317
,#318),.UNSPECIFIED.,.T.,.F.) B_SPLINE_CURVE_WITH_KNOTS((1,2,2,2,2,1),(
    -2.094395102393,0.,2.094395102393,4.188790204786,6.28318530718,
8.377580409573),.UNSPECIFIED.) CURVE() GEOMETRIC_REPRESENTATION_ITEM() 
RATIONAL_B_SPLINE_CURVE((1.,0.5,1.,0.5,1.,0.5,1.)) REPRESENTATION_ITEM(
  '') );
#312 = CARTESIAN_POINT('',(113.5,45.));
#313 = CARTESIAN_POINT('',(113.5,56.258330249198));
#314 = CARTESIAN_POINT('',(123.25,50.629165124599));
#315 = CARTESIAN_POINT('',(133.,45.));
#316 = CARTESIAN_POINT('',(123.25,39.370834875401));
#317 = CARTESIAN_POINT('',(113.5,33.741669750802));
#318 = CARTESIAN_POINT('',(113.5,45.));
#319 = ( GEOMETRIC_REPRESENTATION_CONTEXT(2) 
PARAMETRIC_REPRESENTATION_CONTEXT() REPRESENTATION_CONTEXT('2D SPACE',''
  ) );
#320 = PCURVE('',#321,#326);
#321 = CYLINDRICAL_SURFACE('',#322,6.5);
#322 = AXIS2_PLACEMENT_3D('',#323,#324,#325);
#323 = CARTESIAN_POINT('',(120.,45.,10.));
#324 = DIRECTION('',(0.,0.,-1.));
#325 = DIRECTION('',(-1.,0.,0.));
#326 = DEFINITIONAL_REPRESENTATION('',(#327),#331);
#327 = LINE('',#328,#329);
#328 = CARTESIAN_POINT('',(0.,0.));
#329 = VECTOR('',#330,1.);
#330 = DIRECTION('',(1.,0.));
#331 = ( GEOMETRIC_REPRESENTATION_CONTEXT(2) 
PARAMETRIC_REPRESENTATION_CONTEXT() REPRESENTATION_CONTEXT('2D SPACE',''
  ) );
#332 = FACE_BOUND('',#333,.T.);
#333 = EDGE_LOOP('',(#334));
#334 = ORIENTED_EDGE('',*,*,#335,.T.);
#335 = EDGE_CURVE('',#336,#336,#338,.T.);
#336 = VERTEX_POINT('',#337);
#337 = CARTESIAN_POINT('',(193.5,45.,10.));
#338 = SURFACE_CURVE('',#339,(#344,#355),.PCURVE_S1.);
#339 = CIRCLE('',#340,6.5);
#340 = AXIS2_PLACEMENT_3D('',#341,#342,#343);
#341 = CARTESIAN_POINT('',(200.,45.,10.));
#342 = DIRECTION('',(0.,0.,-1.));
#343 = DIRECTION('',(-1.,0.,0.));
#344 = PCURVE('',#126,#345);
#345 = DEFINITIONAL_REPRESENTATION('',(#346),#354);
#346 = ( BOUNDED_CURVE() B_SPLINE_CURVE(2,(#347,#348,#349,#350,#351,#352
,#353),.UNSPECIFIED.,.T.,.F.) B_SPLINE_CURVE_WITH_KNOTS((1,2,2,2,2,1),(
    -2.094395102393,0.,2.094395102393,4.188790204786,6.28318530718,
8.377580409573),.UNSPECIFIED.) CURVE() GEOMETRIC_REPRESENTATION_ITEM() 
RATIONAL_B_SPLINE_CURVE((1.,0.5,1.,0.5,1.,0.5,1.)) REPRESENTATION_ITEM(
  '') );
#347 = CARTESIAN_POINT('',(193.5,45.));
#348 = CARTESIAN_POINT('',(193.5,56.258330249198));
#349 = CARTESIAN_POINT('',(203.25,50.629165124599));
#350 = CARTESIAN_POINT('',(213.,45.));
#351 = CARTESIAN_POINT('',(203.25,39.370834875401));
#352 = CARTESIAN_POINT('',(193.5,33.741669750802));
#353 = CARTESIAN_POINT('',(193.5,45.));
#354 = ( GEOMETRIC_REPRESENTATION_CONTEXT(2) 
PARAMETRIC_REPRESENTATION_CONTEXT() REPRESENTATION_CONTEXT('2D SPACE',''
  ) );
#355 = PCURVE('',#356,#361);
#356 = CYLINDRICAL_SURFACE('',#357,6.5);
#357 = AXIS2_PLACEMENT_3D('',#358,#359,#360);
#358 = CARTESIAN_POINT('',(200.,45.,10.));
#359 = DIRECTION('',(0.,0.,-1.));
#360 = DIRECTION('',(-1.,0.,0.));
#361 = DEFINITIONAL_REPRESENTATION('',(#362),#366);
#362 = LINE('',#363,#364);
#363 = CARTESIAN_POINT('',(0.,0.));
#364 = VECTOR('',#365,1.);
#365 = DIRECTION('',(1.,0.));
#366 = ( GEOMETRIC_REPRESENTATION_CONTEXT(2) 
PARAMETRIC_REPRESENTATION_CONTEXT() REPRESENTATION_CONTEXT('2D SPACE',''
  ) );
#367 = FACE_BOUND('',#368,.T.);
#368 = EDGE_LOOP('',(#369));
#369 = ORIENTED_EDGE('',*,*,#370,.T.);
#370 = EDGE_CURVE('',#371,#371,#373,.T.);
#371 = VERTEX_POINT('',#372);
#372 = CARTESIAN_POINT('',(273.5,45.,10.));
#373 = SURFACE_CURVE('',#374,(#379,#390),.PCURVE_S1.);
#374 = CIRCLE('',#375,6.5);
#375 = AXIS2_PLACEMENT_3D('',#376,#377,#378);
#376 = CARTESIAN_POINT('',(280.,45.,10.));
#377 = DIRECTION('',(0.,0.,-1.));
#378 = DIRECTION('',(-1.,0.,0.));
#379 = PCURVE('',#126,#380);
#380 = DEFINITIONAL_REPRESENTATION('',(#381),#389);
#381 = ( BOUNDED_CURVE() B_SPLINE_CURVE(2,(#382,#383,#384,#385,#386,#387
,#388),.UNSPECIFIED.,.T.,.F.) B_SPLINE_CURVE_WITH_KNOTS((1,2,2,2,2,1),(
    -2.094395102393,0.,2.094395102393,4.188790204786,6.28318530718,
8.377580409573),.UNSPECIFIED.) CURVE() GEOMETRIC_REPRESENTATION_ITEM() 
RATIONAL_B_SPLINE_CURVE((1.,0.5,1.,0.5,1.,0.5,1.)) REPRESENTATION_ITEM(
  '') );
#382 = CARTESIAN_POINT('',(273.5,45.));
#383 = CARTESIAN_POINT('',(273.5,56.258330249198));
#384 = CARTESIAN_POINT('',(283.25,50.629165124599));
#385 = CARTESIAN_POINT('',(293.,45.));
#386 = CARTESIAN_POINT('',(283.25,39.370834875401));
#387 = CARTESIAN_POINT('',(273.5,33.741669750802));
#388 = CARTESIAN_POINT('',(273.5,45.));
#389 = ( GEOMETRIC_REPRESENTATION_CONTEXT(2) 
PARAMETRIC_REPRESENTATION_CONTEXT() REPRESENTATION_CONTEXT('2D SPACE',''
  ) );
#390 = PCURVE('',#391,#396);
#391 = CYLINDRICAL_SURFACE('',#392,6.5);
#392 = AXIS2_PLACEMENT_3D('',#393,#394,#395);
#393 = CARTESIAN_POINT('',(280.,45.,10.));
#394 = DIRECTION('',(0.,0.,-1.));
#395 = DIRECTION('',(-1.,0.,0.));
#396 = DEFINITIONAL_REPRESENTATION('',(#397),#401);
#397 = LINE('',#398,#399);
#398 = CARTESIAN_POINT('',(0.,0.));
#399 = VECTOR('',#400,1.);
#400 = DIRECTION('',(1.,0.));
#401 = ( GEOMETRIC_REPRESENTATION_CONTEXT(2) 
PARAMETRIC_REPRESENTATION_CONTEXT() REPRESENTATION_CONTEXT('2D SPACE',''
  ) );
#402 = FACE_BOUND('',#403,.T.);
#403 = EDGE_LOOP('',(#404));
#404 = ORIENTED_EDGE('',*,*,#405,.T.);
#405 = EDGE_CURVE('',#406,#406,#408,.T.);
#406 = VERTEX_POINT('',#407);
#407 = CARTESIAN_POINT('',(353.5,45.,10.));
#408 = SURFACE_CURVE('',#409,(#414,#425),.PCURVE_S1.);
#409 = CIRCLE('',#410,6.5);
#410 = AXIS2_PLACEMENT_3D('',#411,#412,#413);
#411 = CARTESIAN_POINT('',(360.,45.,10.));
#412 = DIRECTION('',(0.,0.,-1.));
#413 = DIRECTION('',(-1.,0.,0.));
#414 = PCURVE('',#126,#415);
#415 = DEFINITIONAL_REPRESENTATION('',(#416),#424);
#416 = ( BOUNDED_CURVE() B_SPLINE_CURVE(2,(#417,#418,#419,#420,#421,#422
,#423),.UNSPECIFIED.,.T.,.F.) B_SPLINE_CURVE_WITH_KNOTS((1,2,2,2,2,1),(
    -2.094395102393,0.,2.094395102393,4.188790204786,6.28318530718,
8.377580409573),.UNSPECIFIED.) CURVE() GEOMETRIC_REPRESENTATION_ITEM() 
RATIONAL_B_SPLINE_CURVE((1.,0.5,1.,0.5,1.,0.5,1.)) REPRESENTATION_ITEM(
  '') );
#417 = CARTESIAN_POINT('',(353.5,45.));
#418 = CARTESIAN_POINT('',(353.5,56.258330249198));
#419 = CARTESIAN_POINT('',(363.25,50.629165124599));
#420 = CARTESIAN_POINT('',(373.,45.));
#421 = CARTESIAN_POINT('',(363.25,39.370834875401));
#422 = CARTESIAN_POINT('',(353.5,33.741669750802));
#423 = CARTESIAN_POINT('',(353.5,45.));
#424 = ( GEOMETRIC_REPRESENTATION_CONTEXT(2) 
PARAMETRIC_REPRESENTATION_CONTEXT() REPRESENTATION_CONTEXT('2D SPACE',''
  ) );
#425 = PCURVE('',#426,#431);
#426 = CYLINDRICAL_SURFACE('',#427,6.5);
#427 = AXIS2_PLACEMENT_3D('',#428,#429,#430);
#428 = CARTESIAN_POINT('',(360.,45.,10.));
#429 = DIRECTION('',(0.,0.,-1.));
#430 = DIRECTION('',(-1.,0.,0.));
#431 = DEFINITIONAL_REPRESENTATION('',(#432),#436);
#432 = LINE('',#433,#434);
#433 = CARTESIAN_POINT('',(0.,0.));
#434 = VECTOR('',#435,1.);
#435 = DIRECTION('',(1.,0.));
#436 = ( GEOMETRIC_REPRESENTATION_CONTEXT(2) 
PARAMETRIC_REPRESENTATION_CONTEXT() REPRESENTATION_CONTEXT('2D SPACE',''
  ) );
#437 = FACE_BOUND('',#438,.T.);
#438 = EDGE_LOOP('',(#439));
#439 = ORIENTED_EDGE('',*,*,#440,.T.);
#440 = EDGE_CURVE('',#441,#441,#443,.T.);
#441 = VERTEX_POINT('',#442);
#442 = CARTESIAN_POINT('',(433.5,45.,10.));
#443 = SURFACE_CURVE('',#444,(#449,#460),.PCURVE_S1.);
#444 = CIRCLE('',#445,6.5);
#445 = AXIS2_PLACEMENT_3D('',#446,#447,#448);
#446 = CARTESIAN_POINT('',(440.,45.,10.));
#447 = DIRECTION('',(0.,0.,-1.));
#448 = DIRECTION('',(-1.,0.,0.));
#449 = PCURVE('',#126,#450);
#450 = DEFINITIONAL_REPRESENTATION('',(#451),#459);
#451 = ( BOUNDED_CURVE() B_SPLINE_CURVE(2,(#452,#453,#454,#455,#456,#457
,#458),.UNSPECIFIED.,.T.,.F.) B_SPLINE_CURVE_WITH_KNOTS((1,2,2,2,2,1),(
    -2.094395102393,0.,2.094395102393,4.188790204786,6.28318530718,
8.377580409573),.UNSPECIFIED.) CURVE() GEOMETRIC_REPRESENTATION_ITEM() 
RATIONAL_B_SPLINE_CURVE((1.,0.5,1.,0.5,1.,0.5,1.)) REPRESENTATION_ITEM(
  '') );
#452 = CARTESIAN_POINT('',(433.5,45.));
#453 = CARTESIAN_POINT('',(433.5,56.258330249198));
#454 = CARTESIAN_POINT('',(443.25,50.629165124599));
#455 = CARTESIAN_POINT('',(453.,45.));
#456 = CARTESIAN_POINT('',(443.25,39.370834875401));
#457 = CARTESIAN_POINT('',(433.5,33.741669750802));
#458 = CARTESIAN_POINT('',(433.5,45.));
#459 = ( GEOMETRIC_REPRESENTATION_CONTEXT(2) 
PARAMETRIC_REPRESENTATION_CONTEXT() REPRESENTATION_CONTEXT('2D SPACE',''
  ) );
#460 = PCURVE('',#461,#466);
#461 = CYLINDRICAL_SURFACE('',#462,6.5);
#462 = AXIS2_PLACEMENT_3D('',#463,#464,#465);
#463 = CARTESIAN_POINT('',(440.,45.,10.));
#464 = DIRECTION('',(0.,0.,-1.));
#465 = DIRECTION('',(-1.,0.,0.));
#466 = DEFINITIONAL_REPRESENTATION('',(#467),#471);
#467 = LINE('',#468,#469);
#468 = CARTESIAN_POINT('',(0.,0.));
#469 = VECTOR('',#470,1.);
#470 = DIRECTION('',(1.,0.));
#471 = ( GEOMETRIC_REPRESENTATION_CONTEXT(2) 
PARAMETRIC_REPRESENTATION_CONTEXT() REPRESENTATION_CONTEXT('2D SPACE',''
  ) );
#472 = FACE_BOUND('',#473,.T.);
#473 = EDGE_LOOP('',(#474));
#474 = ORIENTED_EDGE('',*,*,#475,.T.);
#475 = EDGE_CURVE('',#476,#476,#478,.T.);
#476 = VERTEX_POINT('',#477);
#477 = CARTESIAN_POINT('',(513.5,45.,10.));
#478 = SURFACE_CURVE('',#479,(#484,#495),.PCURVE_S1.);
#479 = CIRCLE('',#480,6.5);
#480 = AXIS2_PLACEMENT_3D('',#481,#482,#483);
#481 = CARTESIAN_POINT('',(520.,45.,10.));
#482 = DIRECTION('',(0.,0.,-1.));
#483 = DIRECTION('',(-1.,0.,0.));
#484 = PCURVE('',#126,#485);
#485 = DEFINITIONAL_REPRESENTATION('',(#486),#494);
#486 = ( BOUNDED_CURVE() B_SPLINE_CURVE(2,(#487,#488,#489,#490,#491,#492
,#493),.UNSPECIFIED.,.T.,.F.) B_SPLINE_CURVE_WITH_KNOTS((1,2,2,2,2,1),(
    -2.094395102393,0.,2.094395102393,4.188790204786,6.28318530718,
8.377580409573),.UNSPECIFIED.) CURVE() GEOMETRIC_REPRESENTATION_ITEM() 
RATIONAL_B_SPLINE_CURVE((1.,0.5,1.,0.5,1.,0.5,1.)) REPRESENTATION_ITEM(
  '') );
#487 = CARTESIAN_POINT('',(513.5,45.));
#488 = CARTESIAN_POINT('',(513.5,56.258330249198));
#489 = CARTESIAN_POINT('',(523.25,50.629165124599));
#490 = CARTESIAN_POINT('',(533.,45.));
#491 = CARTESIAN_POINT('',(523.25,39.370834875401));
#492 = CARTESIAN_POINT('',(513.5,33.741669750802));
#493 = CARTESIAN_POINT('',(513.5,45.));
#494 = ( GEOMETRIC_REPRESENTATION_CONTEXT(2) 
PARAMETRIC_REPRESENTATION_CONTEXT() REPRESENTATION_CONTEXT('2D SPACE',''
  ) );
#495 = PCURVE('',#496,#501);
#496 = CYLINDRICAL_SURFACE('',#497,6.5);
#497 = AXIS2_PLACEMENT_3D('',#498,#499,#500);
#498 = CARTESIAN_POINT('',(520.,45.,10.));
#499 = DIRECTION('',(0.,0.,-1.));
#500 = DIRECTION('',(-1.,0.,0.));
#501 = DEFINITIONAL_REPRESENTATION('',(#502),#506);
#502 = LINE('',#503,#504);
#503 = CARTESIAN_POINT('',(0.,0.));
#504 = VECTOR('',#505,1.);
#505 = DIRECTION('',(1.,0.));
#506 = ( GEOMETRIC_REPRESENTATION_CONTEXT(2) 
PARAMETRIC_REPRESENTATION_CONTEXT() REPRESENTATION_CONTEXT('2D SPACE',''
  ) );
#507 = FACE_BOUND('',#508,.T.);
#508 = EDGE_LOOP('',(#509));
#509 = ORIENTED_EDGE('',*,*,#510,.T.);
#510 = EDGE_CURVE('',#511,#511,#513,.T.);
#511 = VERTEX_POINT('',#512);
#512 = CARTESIAN_POINT('',(663.5,45.,10.));
#513 = SURFACE_CURVE('',#514,(#519,#530),.PCURVE_S1.);
#514 = CIRCLE('',#515,6.5);
#515 = AXIS2_PLACEMENT_3D('',#516,#517,#518);
#516 = CARTESIAN_POINT('',(670.,45.,10.));
#517 = DIRECTION('',(0.,0.,-1.));
#518 = DIRECTION('',(-1.,0.,0.));
#519 = PCURVE('',#126,#520);
#520 = DEFINITIONAL_REPRESENTATION('',(#521),#529);
#521 = ( BOUNDED_CURVE() B_SPLINE_CURVE(2,(#522,#523,#524,#525,#526,#527
,#528),.UNSPECIFIED.,.T.,.F.) B_SPLINE_CURVE_WITH_KNOTS((1,2,2,2,2,1),(
    -2.094395102393,0.,2.094395102393,4.188790204786,6.28318530718,
8.377580409573),.UNSPECIFIED.) CURVE() GEOMETRIC_REPRESENTATION_ITEM() 
RATIONAL_B_SPLINE_CURVE((1.,0.5,1.,0.5,1.,0.5,1.)) REPRESENTATION_ITEM(
  '') );
#522 = CARTESIAN_POINT('',(663.5,45.));
#523 = CARTESIAN_POINT('',(663.5,56.258330249198));
#524 = CARTESIAN_POINT('',(673.25,50.629165124599));
#525 = CARTESIAN_POINT('',(683.,45.));
#526 = CARTESIAN_POINT('',(673.25,39.370834875401));
#527 = CARTESIAN_POINT('',(663.5,33.741669750802));
#528 = CARTESIAN_POINT('',(663.5,45.));
#529 = ( GEOMETRIC_REPRESENTATION_CONTEXT(2) 
PARAMETRIC_REPRESENTATION_CONTEXT() REPRESENTATION_CONTEXT('2D SPACE',''
  ) );
#530 = PCURVE('',#531,#536);
#531 = CYLINDRICAL_SURFACE('',#532,6.5);
#532 = AXIS2_PLACEMENT_3D('',#533,#534,#535);
#533 = CARTESIAN_POINT('',(670.,45.,10.));
#534 = DIRECTION('',(0.,0.,-1.));
#535 = DIRECTION('',(-1.,0.,0.));
#536 = DEFINITIONAL_REPRESENTATION('',(#537),#541);
#537 = LINE('',#538,#539);
#538 = CARTESIAN_POINT('',(0.,0.));
#539 = VECTOR('',#540,1.);
#540 = DIRECTION('',(1.,0.));
#541 = ( GEOMETRIC_REPRESENTATION_CONTEXT(2) 
PARAMETRIC_REPRESENTATION_CONTEXT() REPRESENTATION_CONTEXT('2D SPACE',''
  ) );
#542 = FACE_BOUND('',#543,.T.);
#543 = EDGE_LOOP('',(#544));
#544 = ORIENTED_EDGE('',*,*,#545,.T.);
#545 = EDGE_CURVE('',#546,#546,#548,.T.);
#546 = VERTEX_POINT('',#547);
#547 = CARTESIAN_POINT('',(813.5,45.,10.));
#548 = SURFACE_CURVE('',#549,(#554,#565),.PCURVE_S1.);
#549 = CIRCLE('',#550,6.5);
#550 = AXIS2_PLACEMENT_3D('',#551,#552,#553);
#551 = CARTESIAN_POINT('',(820.,45.,10.));
#552 = DIRECTION('',(0.,0.,-1.));
#553 = DIRECTION('',(-1.,0.,0.));
#554 = PCURVE('',#126,#555);
#555 = DEFINITIONAL_REPRESENTATION('',(#556),#564);
#556 = ( BOUNDED_CURVE() B_SPLINE_CURVE(2,(#557,#558,#559,#560,#561,#562
,#563),.UNSPECIFIED.,.T.,.F.) B_SPLINE_CURVE_WITH_KNOTS((1,2,2,2,2,1),(
    -2.094395102393,0.,2.094395102393,4.188790204786,6.28318530718,
8.377580409573),.UNSPECIFIED.) CURVE() GEOMETRIC_REPRESENTATION_ITEM() 
RATIONAL_B_SPLINE_CURVE((1.,0.5,1.,0.5,1.,0.5,1.)) REPRESENTATION_ITEM(
  '') );
#557 = CARTESIAN_POINT('',(813.5,45.));
#558 = CARTESIAN_POINT('',(813.5,56.258330249198));
#559 = CARTESIAN_POINT('',(823.25,50.629165124599));
#560 = CARTESIAN_POINT('',(833.,45.));
#561 = CARTESIAN_POINT('',(823.25,39.370834875401));
#562 = CARTESIAN_POINT('',(813.5,33.741669750802));
#563 = CARTESIAN_POINT('',(813.5,45.));
#564 = ( GEOMETRIC_REPRESENTATION_CONTEXT(2) 
PARAMETRIC_REPRESENTATION_CONTEXT() REPRESENTATION_CONTEXT('2D SPACE',''
  ) );
#565 = PCURVE('',#566,#571);
#566 = CYLINDRICAL_SURFACE('',#567,6.5);
#567 = AXIS2_PLACEMENT_3D('',#568,#569,#570);
#568 = CARTESIAN_POINT('',(820.,45.,10.));
#569 = DIRECTION('',(0.,0.,-1.));
#570 = DIRECTION('',(-1.,0.,0.));
#571 = DEFINITIONAL_REPRESENTATION('',(#572),#576);
#572 = LINE('',#573,#574);
#573 = CARTESIAN_POINT('',(0.,0.));
#574 = VECTOR('',#575,1.);
#575 = DIRECTION('',(1.,0.));
#576 = ( GEOMETRIC_REPRESENTATION_CONTEXT(2) 
PARAMETRIC_REPRESENTATION_CONTEXT() REPRESENTATION_CONTEXT('2D SPACE',''
  ) );
#577 = FACE_BOUND('',#578,.T.);
#578 = EDGE_LOOP('',(#579));
#579 = ORIENTED_EDGE('',*,*,#580,.T.);
#580 = EDGE_CURVE('',#581,#581,#583,.T.);
#581 = VERTEX_POINT('',#582);
#582 = CARTESIAN_POINT('',(963.5,45.,10.));
#583 = SURFACE_CURVE('',#584,(#589,#600),.PCURVE_S1.);
#584 = CIRCLE('',#585,6.5);
#585 = AXIS2_PLACEMENT_3D('',#586,#587,#588);
#586 = CARTESIAN_POINT('',(970.,45.,10.));
#587 = DIRECTION('',(0.,0.,-1.));
#588 = DIRECTION('',(-1.,0.,0.));
#589 = PCURVE('',#126,#590);
#590 = DEFINITIONAL_REPRESENTATION('',(#591),#599);
#591 = ( BOUNDED_CURVE() B_SPLINE_CURVE(2,(#592,#593,#594,#595,#596,#597
,#598),.UNSPECIFIED.,.T.,.F.) B_SPLINE_CURVE_WITH_KNOTS((1,2,2,2,2,1),(
    -2.094395102393,0.,2.094395102393,4.188790204786,6.28318530718,
8.377580409573),.UNSPECIFIED.) CURVE() GEOMETRIC_REPRESENTATION_ITEM() 
RATIONAL_B_SPLINE_CURVE((1.,0.5,1.,0.5,1.,0.5,1.)) REPRESENTATION_ITEM(
  '') );
#592 = CARTESIAN_POINT('',(963.5,45.));
#593 = CARTESIAN_POINT('',(963.5,56.258330249198));
#594 = CARTESIAN_POINT('',(973.25,50.629165124599));
#595 = CARTESIAN_POINT('',(983.,45.));
#596 = CARTESIAN_POINT('',(973.25,39.370834875401));
#597 = CARTESIAN_POINT('',(963.5,33.741669750802));
#598 = CARTESIAN_POINT('',(963.5,45.));
#599 = ( GEOMETRIC_REPRESENTATION_CONTEXT(2) 
PARAMETRIC_REPRESENTATION_CONTEXT() REPRESENTATION_CONTEXT('2D SPACE',''
  ) );
#600 = PCURVE('',#601,#606);
#601 = CYLINDRICAL_SURFACE('',#602,6.5);
#602 = AXIS2_PLACEMENT_3D('',#603,#604,#605);
#603 = CARTESIAN_POINT('',(970.,45.,10.));
#604 = DIRECTION('',(0.,0.,-1.));
#605 = DIRECTION('',(-1.,0.,0.));
#606 = DEFINITIONAL_REPRESENTATION('',(#607),#611);
#607 = LINE('',#608,#609);
#608 = CARTESIAN_POINT('',(0.,0.));
#609 = VECTOR('',#610,1.);
#610 = DIRECTION('',(1.,0.));
#611 = ( GEOMETRIC_REPRESENTATION_CONTEXT(2) 
PARAMETRIC_REPRESENTATION_CONTEXT() REPRESENTATION_CONTEXT('2D SPACE',''
  ) );
#612 = FACE_BOUND('',#613,.T.);
#613 = EDGE_LOOP('',(#614));
#614 = ORIENTED_EDGE('',*,*,#615,.T.);
#615 = EDGE_CURVE('',#616,#616,#618,.T.);
#616 = VERTEX_POINT('',#617);
#617 = CARTESIAN_POINT('',(1.1135E+03,45.,10.));
#618 = SURFACE_CURVE('',#619,(#624,#635),.PCURVE_S1.);
#619 = CIRCLE('',#620,6.5);
#620 = AXIS2_PLACEMENT_3D('',#621,#622,#623);
#621 = CARTESIAN_POINT('',(1.12E+03,45.,10.));
#622 = DIRECTION('',(0.,0.,-1.));
#623 = DIRECTION('',(-1.,0.,0.));
#624 = PCURVE('',#126,#625);
#625 = DEFINITIONAL_REPRESENTATION('',(#626),#634);
#626 = ( BOUNDED_CURVE() B_SPLINE_CURVE(2,(#627,#628,#629,#630,#631,#632
,#633),.UNSPECIFIED.,.T.,.F.) B_SPLINE_CURVE_WITH_KNOTS((1,2,2,2,2,1),(
    -2.094395102393,0.,2.094395102393,4.188790204786,6.28318530718,
8.377580409573),.UNSPECIFIED.) CURVE() GEOMETRIC_REPRESENTATION_ITEM() 
RATIONAL_B_SPLINE_CURVE((1.,0.5,1.,0.5,1.,0.5,1.)) REPRESENTATION_ITEM(
  '') );
#627 = CARTESIAN_POINT('',(1.1135E+03,45.));
#628 = CARTESIAN_POINT('',(1.1135E+03,56.258330249198));
#629 = CARTESIAN_POINT('',(1.12325E+03,50.629165124599));
#630 = CARTESIAN_POINT('',(1.133E+03,45.));
#631 = CARTESIAN_POINT('',(1.12325E+03,39.370834875401));
#632 = CARTESIAN_POINT('',(1.1135E+03,33.741669750802));
#633 = CARTESIAN_POINT('',(1.1135E+03,45.));
#634 = ( GEOMETRIC_REPRESENTATION_CONTEXT(2) 
PARAMETRIC_REPRESENTATION_CONTEXT() REPRESENTATION_CONTEXT('2D SPACE',''
  ) );
#635 = PCURVE('',#636,#641);
#636 = CYLINDRICAL_SURFACE('',#637,6.5);
#637 = AXIS2_PLACEMENT_3D('',#638,#639,#640);
#638 = CARTESIAN_POINT('',(1.12E+03,45.,10.));
#639 = DIRECTION('',(0.,0.,-1.));
#640 = DIRECTION('',(-1.,0.,0.));
#641 = DEFINITIONAL_REPRESENTATION('',(#642),#646);
#642 = LINE('',#643,#644);
#643 = CARTESIAN_POINT('',(0.,0.));
#644 = VECTOR('',#645,1.);
#645 = DIRECTION('',(1.,0.));
#646 = ( GEOMETRIC_REPRESENTATION_CONTEXT(2) 
PARAMETRIC_REPRESENTATION_CONTEXT() REPRESENTATION_CONTEXT('2D SPACE',''
  ) );
#647 = FACE_BOUND('',#648,.T.);
#648 = EDGE_LOOP('',(#649));
#649 = ORIENTED_EDGE('',*,*,#650,.T.);
#650 = EDGE_CURVE('',#651,#651,#653,.T.);
#651 = VERTEX_POINT('',#652);
#652 = CARTESIAN_POINT('',(1.5135E+03,45.,10.));
#653 = SURFACE_CURVE('',#654,(#659,#670),.PCURVE_S1.);
#654 = CIRCLE('',#655,6.5);
#655 = AXIS2_PLACEMENT_3D('',#656,#657,#658);
#656 = CARTESIAN_POINT('',(1.52E+03,45.,10.));
#657 = DIRECTION('',(0.,0.,-1.));
#658 = DIRECTION('',(-1.,0.,0.));
#659 = PCURVE('',#126,#660);
#660 = DEFINITIONAL_REPRESENTATION('',(#661),#669);
#661 = ( BOUNDED_CURVE() B_SPLINE_CURVE(2,(#662,#663,#664,#665,#666,#667
,#668),.UNSPECIFIED.,.T.,.F.) B_SPLINE_CURVE_WITH_KNOTS((1,2,2,2,2,1),(
    -2.094395102393,0.,2.094395102393,4.188790204786,6.28318530718,
8.377580409573),.UNSPECIFIED.) CURVE() GEOMETRIC_REPRESENTATION_ITEM() 
RATIONAL_B_SPLINE_CURVE((1.,0.5,1.,0.5,1.,0.5,1.)) REPRESENTATION_ITEM(
  '') );
#662 = CARTESIAN_POINT('',(1.5135E+03,45.));
#663 = CARTESIAN_POINT('',(1.5135E+03,56.258330249198));
#664 = CARTESIAN_POINT('',(1.52325E+03,50.629165124599));
#665 = CARTESIAN_POINT('',(1.533E+03,45.));
#666 = CARTESIAN_POINT('',(1.52325E+03,39.370834875401));
#667 = CARTESIAN_POINT('',(1.5135E+03,33.741669750802));
#668 = CARTESIAN_POINT('',(1.5135E+03,45.));
#669 = ( GEOMETRIC_REPRESENTATION_CONTEXT(2) 
PARAMETRIC_REPRESENTATION_CONTEXT() REPRESENTATION_CONTEXT('2D SPACE',''
  ) );
#670 = PCURVE('',#671,#676);
#671 = CYLINDRICAL_SURFACE('',#672,6.5);
#672 = AXIS2_PLACEMENT_3D('',#673,#674,#675);
#673 = CARTESIAN_POINT('',(1.52E+03,45.,10.));
#674 = DIRECTION('',(0.,0.,-1.));
#675 = DIRECTION('',(-1.,0.,0.));
#676 = DEFINITIONAL_REPRESENTATION('',(#677),#681);
#677 = LINE('',#678,#679);
#678 = CARTESIAN_POINT('',(0.,0.));
#679 = VECTOR('',#680,1.);
#680 = DIRECTION('',(1.,0.));
#681 = ( GEOMETRIC_REPRESENTATION_CONTEXT(2) 
PARAMETRIC_REPRESENTATION_CONTEXT() REPRESENTATION_CONTEXT('2D SPACE',''
  ) );
#682 = FACE_BOUND('',#683,.T.);
#683 = EDGE_LOOP('',(#684));
#684 = ORIENTED_EDGE('',*,*,#685,.T.);
#685 = EDGE_CURVE('',#686,#686,#688,.T.);
#686 = VERTEX_POINT('',#687);
#687 = CARTESIAN_POINT('',(1.8205E+03,45.,10.));
#688 = SURFACE_CURVE('',#689,(#694,#705),.PCURVE_S1.);
#689 = CIRCLE('',#690,6.5);
#690 = AXIS2_PLACEMENT_3D('',#691,#692,#693);
#691 = CARTESIAN_POINT('',(1.827E+03,45.,10.));
#692 = DIRECTION('',(0.,0.,-1.));
#693 = DIRECTION('',(-1.,0.,0.));
#694 = PCURVE('',#126,#695);
#695 = DEFINITIONAL_REPRESENTATION('',(#696),#704);
#696 = ( BOUNDED_CURVE() B_SPLINE_CURVE(2,(#697,#698,#699,#700,#701,#702
,#703),.UNSPECIFIED.,.T.,.F.) B_SPLINE_CURVE_WITH_KNOTS((1,2,2,2,2,1),(
    -2.094395102393,0.,2.094395102393,4.188790204786,6.28318530718,
8.377580409573),.UNSPECIFIED.) CURVE() GEOMETRIC_REPRESENTATION_ITEM() 
RATIONAL_B_SPLINE_CURVE((1.,0.5,1.,0.5,1.,0.5,1.)) REPRESENTATION_ITEM(
  '') );
#697 = CARTESIAN_POINT('',(1.8205E+03,45.));
#698 = CARTESIAN_POINT('',(1.8205E+03,56.258330249198));
#699 = CARTESIAN_POINT('',(1.83025E+03,50.629165124599));
#700 = CARTESIAN_POINT('',(1.84E+03,45.));
#701 = CARTESIAN_POINT('',(1.83025E+03,39.370834875401));
#702 = CARTESIAN_POINT('',(1.8205E+03,33.741669750802));
#703 = CARTESIAN_POINT('',(1.8205E+03,45.));
#704 = ( GEOMETRIC_REPRESENTATION_CONTEXT(2) 
PARAMETRIC_REPRESENTATION_CONTEXT() REPRESENTATION_CONTEXT('2D SPACE',''
  ) );
#705 = PCURVE('',#706,#711);
#706 = CYLINDRICAL_SURFACE('',#707,6.5);
#707 = AXIS2_PLACEMENT_3D('',#708,#709,#710);
#708 = CARTESIAN_POINT('',(1.827E+03,45.,10.));
#709 = DIRECTION('',(0.,0.,-1.));
#710 = DIRECTION('',(-1.,0.,0.));
#711 = DEFINITIONAL_REPRESENTATION('',(#712),#716);
#712 = LINE('',#713,#714);
#713 = CARTESIAN_POINT('',(0.,0.));
#714 = VECTOR('',#715,1.);
#715 = DIRECTION('',(1.,0.));
#716 = ( GEOMETRIC_REPRESENTATION_CONTEXT(2) 
PARAMETRIC_REPRESENTATION_CONTEXT() REPRESENTATION_CONTEXT('2D SPACE',''
  ) );
#717 = FACE_BOUND('',#718,.T.);
#718 = EDGE_LOOP('',(#719));
#719 = ORIENTED_EDGE('',*,*,#720,.T.);
#720 = EDGE_CURVE('',#721,#721,#723,.T.);
#721 = VERTEX_POINT('',#722);
#722 = CARTESIAN_POINT('',(2.1265E+03,45.,10.));
#723 = SURFACE_CURVE('',#724,(#729,#740),.PCURVE_S1.);
#724 = CIRCLE('',#725,6.5);
#725 = AXIS2_PLACEMENT_3D('',#726,#727,#728);
#726 = CARTESIAN_POINT('',(2.133E+03,45.,10.));
#727 = DIRECTION('',(0.,0.,-1.));
#728 = DIRECTION('',(-1.,0.,0.));
#729 = PCURVE('',#126,#730);
#730 = DEFINITIONAL_REPRESENTATION('',(#731),#739);
#731 = ( BOUNDED_CURVE() B_SPLINE_CURVE(2,(#732,#733,#734,#735,#736,#737
,#738),.UNSPECIFIED.,.T.,.F.) B_SPLINE_CURVE_WITH_KNOTS((1,2,2,2,2,1),(
    -2.094395102393,0.,2.094395102393,4.188790204786,6.28318530718,
8.377580409573),.UNSPECIFIED.) CURVE() GEOMETRIC_REPRESENTATION_ITEM() 
RATIONAL_B_SPLINE_CURVE((1.,0.5,1.,0.5,1.,0.5,1.)) REPRESENTATION_ITEM(
  '') );
#732 = CARTESIAN_POINT('',(2.1265E+03,45.));
#733 = CARTESIAN_POINT('',(2.1265E+03,56.258330249198));
#734 = CARTESIAN_POINT('',(2.13625E+03,50.629165124599));
#735 = CARTESIAN_POINT('',(2.146E+03,45.));
#736 = CARTESIAN_POINT('',(2.13625E+03,39.370834875401));
#737 = CARTESIAN_POINT('',(2.1265E+03,33.741669750802));
#738 = CARTESIAN_POINT('',(2.1265E+03,45.));
#739 = ( GEOMETRIC_REPRESENTATION_CONTEXT(2) 
PARAMETRIC_REPRESENTATION_CONTEXT() REPRESENTATION_CONTEXT('2D SPACE',''
  ) );
#740 = PCURVE('',#741,#746);
#741 = CYLINDRICAL_SURFACE('',#742,6.5);
#742 = AXIS2_PLACEMENT_3D('',#743,#744,#745);
#743 = CARTESIAN_POINT('',(2.133E+03,45.,10.));
#744 = DIRECTION('',(0.,0.,-1.));
#745 = DIRECTION('',(-1.,0.,0.));
#746 = DEFINITIONAL_REPRESENTATION('',(#747),#751);
#747 = LINE('',#748,#749);
#748 = CARTESIAN_POINT('',(0.,0.));
#749 = VECTOR('',#750,1.);
#750 = DIRECTION('',(1.,0.));
#751 = ( GEOMETRIC_REPRESENTATION_CONTEXT(2) 
PARAMETRIC_REPRESENTATION_CONTEXT() REPRESENTATION_CONTEXT('2D SPACE',''
  ) );
#752 = FACE_BOUND('',#753,.T.);
#753 = EDGE_LOOP('',(#754));
#754 = ORIENTED_EDGE('',*,*,#755,.T.);
#755 = EDGE_CURVE('',#756,#756,#758,.T.);
#756 = VERTEX_POINT('',#757);
#757 = CARTESIAN_POINT('',(2.5265E+03,45.,10.));
#758 = SURFACE_CURVE('',#759,(#764,#775),.PCURVE_S1.);
#759 = CIRCLE('',#760,6.5);
#760 = AXIS2_PLACEMENT_3D('',#761,#762,#763);
#761 = CARTESIAN_POINT('',(2.533E+03,45.,10.));
#762 = DIRECTION('',(0.,0.,-1.));
#763 = DIRECTION('',(-1.,0.,0.));
#764 = PCURVE('',#126,#765);
#765 = DEFINITIONAL_REPRESENTATION('',(#766),#774);
#766 = ( BOUNDED_CURVE() B_SPLINE_CURVE(2,(#767,#768,#769,#770,#771,#772
,#773),.UNSPECIFIED.,.T.,.F.) B_SPLINE_CURVE_WITH_KNOTS((1,2,2,2,2,1),(
    -2.094395102393,0.,2.094395102393,4.188790204786,6.28318530718,
8.377580409573),.UNSPECIFIED.) CURVE() GEOMETRIC_REPRESENTATION_ITEM() 
RATIONAL_B_SPLINE_CURVE((1.,0.5,1.,0.5,1.,0.5,1.)) REPRESENTATION_ITEM(
  '') );
#767 = CARTESIAN_POINT('',(2.5265E+03,45.));
#768 = CARTESIAN_POINT('',(2.5265E+03,56.258330249198));
#769 = CARTESIAN_POINT('',(2.53625E+03,50.629165124599));
#770 = CARTESIAN_POINT('',(2.546E+03,45.));
#771 = CARTESIAN_POINT('',(2.53625E+03,39.370834875401));
#772 = CARTESIAN_POINT('',(2.5265E+03,33.741669750802));
#773 = CARTESIAN_POINT('',(2.5265E+03,45.));
#774 = ( GEOMETRIC_REPRESENTATION_CONTEXT(2) 
PARAMETRIC_REPRESENTATION_CONTEXT() REPRESENTATION_CONTEXT('2D SPACE',''
  ) );
#775 = PCURVE('',#776,#781);
#776 = CYLINDRICAL_SURFACE('',#777,6.5);
#777 = AXIS2_PLACEMENT_3D('',#778,#779,#780);
#778 = CARTESIAN_POINT('',(2.533E+03,45.,10.));
#779 = DIRECTION('',(0.,0.,-1.));
#780 = DIRECTION('',(-1.,0.,0.));
#781 = DEFINITIONAL_REPRESENTATION('',(#782),#786);
#782 = LINE('',#783,#784);
#783 = CARTESIAN_POINT('',(0.,0.));
#784 = VECTOR('',#785,1.);
#785 = DIRECTION('',(1.,0.));
#786 = ( GEOMETRIC_REPRESENTATION_CONTEXT(2) 
PARAMETRIC_REPRESENTATION_CONTEXT() REPRESENTATION_CONTEXT('2D SPACE',''
  ) );
#787 = FACE_BOUND('',#788,.T.);
#788 = EDGE_LOOP('',(#789));
#789 = ORIENTED_EDGE('',*,*,#790,.T.);
#790 = EDGE_CURVE('',#791,#791,#793,.T.);
#791 = VERTEX_POINT('',#792);
#792 = CARTESIAN_POINT('',(2.7765E+03,45.,10.));
#793 = SURFACE_CURVE('',#794,(#799,#810),.PCURVE_S1.);
#794 = CIRCLE('',#795,6.5);
#795 = AXIS2_PLACEMENT_3D('',#796,#797,#798);
#796 = CARTESIAN_POINT('',(2.783E+03,45.,10.));
#797 = DIRECTION('',(0.,0.,-1.));
#798 = DIRECTION('',(-1.,0.,0.));
#799 = PCURVE('',#126,#800);
#800 = DEFINITIONAL_REPRESENTATION('',(#801),#809);
#801 = ( BOUNDED_CURVE() B_SPLINE_CURVE(2,(#802,#803,#804,#805,#806,#807
,#808),.UNSPECIFIED.,.T.,.F.) B_SPLINE_CURVE_WITH_KNOTS((1,2,2,2,2,1),(
    -2.094395102393,0.,2.094395102393,4.188790204786,6.28318530718,
8.377580409573),.UNSPECIFIED.) CURVE() GEOMETRIC_REPRESENTATION_ITEM() 
RATIONAL_B_SPLINE_CURVE((1.,0.5,1.,0.5,1.,0.5,1.)) REPRESENTATION_ITEM(
  '') );
#802 = CARTESIAN_POINT('',(2.7765E+03,45.));
#803 = CARTESIAN_POINT('',(2.7765E+03,56.258330249198));
#804 = CARTESIAN_POINT('',(2.78625E+03,50.629165124599));
#805 = CARTESIAN_POINT('',(2.796E+03,45.));
#806 = CARTESIAN_POINT('',(2.78625E+03,39.370834875401));
#807 = CARTESIAN_POINT('',(2.7765E+03,33.741669750802));
#808 = CARTESIAN_POINT('',(2.7765E+03,45.));
#809 = ( GEOMETRIC_REPRESENTATION_CONTEXT(2) 
PARAMETRIC_REPRESENTATION_CONTEXT() REPRESENTATION_CONTEXT('2D SPACE',''
  ) );
#810 = PCURVE('',#811,#816);
#811 = CYLINDRICAL_SURFACE('',#812,6.5);
#812 = AXIS2_PLACEMENT_3D('',#813,#814,#815);
#813 = CARTESIAN_POINT('',(2.783E+03,45.,10.));
#814 = DIRECTION('',(0.,0.,-1.));
#815 = DIRECTION('',(-1.,0.,0.));
#816 = DEFINITIONAL_REPRESENTATION('',(#817),#821);
#817 = LINE('',#818,#819);
#818 = CARTESIAN_POINT('',(0.,0.));
#819 = VECTOR('',#820,1.);
#820 = DIRECTION('',(1.,0.));
#821 = ( GEOMETRIC_REPRESENTATION_CONTEXT(2) 
PARAMETRIC_REPRESENTATION_CONTEXT() REPRESENTATION_CONTEXT('2D SPACE',''
  ) );
#822 = FACE_BOUND('',#823,.T.);
#823 = EDGE_LOOP('',(#824));
#824 = ORIENTED_EDGE('',*,*,#825,.T.);
#825 = EDGE_CURVE('',#826,#826,#828,.T.);
#826 = VERTEX_POINT('',#827);
#827 = CARTESIAN_POINT('',(2.8765E+03,45.,10.));
#828 = SURFACE_CURVE('',#829,(#834,#845),.PCURVE_S1.);
#829 = CIRCLE('',#830,6.5);
#830 = AXIS2_PLACEMENT_3D('',#831,#832,#833);
#831 = CARTESIAN_POINT('',(2.883E+03,45.,10.));
#832 = DIRECTION('',(0.,0.,-1.));
#833 = DIRECTION('',(-1.,0.,0.));
#834 = PCURVE('',#126,#835);
#835 = DEFINITIONAL_REPRESENTATION('',(#836),#844);
#836 = ( BOUNDED_CURVE() B_SPLINE_CURVE(2,(#837,#838,#839,#840,#841,#842
,#843),.UNSPECIFIED.,.T.,.F.) B_SPLINE_CURVE_WITH_KNOTS((1,2,2,2,2,1),(
    -2.094395102393,0.,2.094395102393,4.188790204786,6.28318530718,
8.377580409573),.UNSPECIFIED.) CURVE() GEOMETRIC_REPRESENTATION_ITEM() 
RATIONAL_B_SPLINE_CURVE((1.,0.5,1.,0.5,1.,0.5,1.)) REPRESENTATION_ITEM(
  '') );
#837 = CARTESIAN_POINT('',(2.8765E+03,45.));
#838 = CARTESIAN_POINT('',(2.8765E+03,56.258330249198));
#839 = CARTESIAN_POINT('',(2.88625E+03,50.629165124599));
#840 = CARTESIAN_POINT('',(2.896E+03,45.));
#841 = CARTESIAN_POINT('',(2.88625E+03,39.370834875401));
#842 = CARTESIAN_POINT('',(2.8765E+03,33.741669750802));
#843 = CARTESIAN_POINT('',(2.8765E+03,45.));
#844 = ( GEOMETRIC_REPRESENTATION_CONTEXT(2) 
PARAMETRIC_REPRESENTATION_CONTEXT() REPRESENTATION_CONTEXT('2D SPACE',''
  ) );
#845 = PCURVE('',#846,#851);
#846 = CYLINDRICAL_SURFACE('',#847,6.5);
#847 = AXIS2_PLACEMENT_3D('',#848,#849,#850);
#848 = CARTESIAN_POINT('',(2.883E+03,45.,10.));
#849 = DIRECTION('',(0.,0.,-1.));
#850 = DIRECTION('',(-1.,0.,0.));
#851 = DEFINITIONAL_REPRESENTATION('',(#852),#856);
#852 = LINE('',#853,#854);
#853 = CARTESIAN_POINT('',(0.,0.));
#854 = VECTOR('',#855,1.);
#855 = DIRECTION('',(1.,0.));
#856 = ( GEOMETRIC_REPRESENTATION_CONTEXT(2) 
PARAMETRIC_REPRESENTATION_CONTEXT() REPRESENTATION_CONTEXT('2D SPACE',''
  ) );
#857 = FACE_BOUND('',#858,.T.);
#858 = EDGE_LOOP('',(#859));
#859 = ORIENTED_EDGE('',*,*,#860,.T.);
#860 = EDGE_CURVE('',#861,#861,#863,.T.);
#861 = VERTEX_POINT('',#862);
#862 = CARTESIAN_POINT('',(2.9765E+03,45.,10.));
#863 = SURFACE_CURVE('',#864,(#869,#880),.PCURVE_S1.);
#864 = CIRCLE('',#865,6.5);
#865 = AXIS2_PLACEMENT_3D('',#866,#867,#868);
#866 = CARTESIAN_POINT('',(2.983E+03,45.,10.));
#867 = DIRECTION('',(0.,0.,-1.));
#868 = DIRECTION('',(-1.,0.,0.));
#869 = PCURVE('',#126,#870);
#870 = DEFINITIONAL_REPRESENTATION('',(#871),#879);
#871 = ( BOUNDED_CURVE() B_SPLINE_CURVE(2,(#872,#873,#874,#875,#876,#877
,#878),.UNSPECIFIED.,.T.,.F.) B_SPLINE_CURVE_WITH_KNOTS((1,2,2,2,2,1),(
    -2.094395102393,0.,2.094395102393,4.188790204786,6.28318530718,
8.377580409573),.UNSPECIFIED.) CURVE() GEOMETRIC_REPRESENTATION_ITEM() 
RATIONAL_B_SPLINE_CURVE((1.,0.5,1.,0.5,1.,0.5,1.)) REPRESENTATION_ITEM(
  '') );
#872 = CARTESIAN_POINT('',(2.9765E+03,45.));
#873 = CARTESIAN_POINT('',(2.9765E+03,56.258330249198));
#874 = CARTESIAN_POINT('',(2.98625E+03,50.629165124599));
#875 = CARTESIAN_POINT('',(2.996E+03,45.));
#876 = CARTESIAN_POINT('',(2.98625E+03,39.370834875401));
#877 = CARTESIAN_POINT('',(2.9765E+03,33.741669750802));
#878 = CARTESIAN_POINT('',(2.9765E+03,45.));
#879 = ( GEOMETRIC_REPRESENTATION_CONTEXT(2) 
PARAMETRIC_REPRESENTATION_CONTEXT() REPRESENTATION_CONTEXT('2D SPACE',''
  ) );
#880 = PCURVE('',#881,#886);
#881 = CYLINDRICAL_SURFACE('',#882,6.5);
#882 = AXIS2_PLACEMENT_3D('',#883,#884,#885);
#883 = CARTESIAN_POINT('',(2.983E+03,45.,10.));
#884 = DIRECTION('',(0.,0.,-1.));
#885 = DIRECTION('',(-1.,0.,0.));
#886 = DEFINITIONAL_REPRESENTATION('',(#887),#891);
#887 = LINE('',#888,#889);
#888 = CARTESIAN_POINT('',(0.,0.));
#889 = VECTOR('',#890,1.);
#890 = DIRECTION('',(1.,0.));
#891 = ( GEOMETRIC_REPRESENTATION_CONTEXT(2) 
PARAMETRIC_REPRESENTATION_CONTEXT() REPRESENTATION_CONTEXT('2D SPACE',''
  ) );
#892 = FACE_BOUND('',#893,.T.);
#893 = EDGE_LOOP('',(#894));
#894 = ORIENTED_EDGE('',*,*,#895,.T.);
#895 = EDGE_CURVE('',#896,#896,#898,.T.);
#896 = VERTEX_POINT('',#897);
#897 = CARTESIAN_POINT('',(3.0765E+03,45.,10.));
#898 = SURFACE_CURVE('',#899,(#904,#915),.PCURVE_S1.);
#899 = CIRCLE('',#900,6.5);
#900 = AXIS2_PLACEMENT_3D('',#901,#902,#903);
#901 = CARTESIAN_POINT('',(3.083E+03,45.,10.));
#902 = DIRECTION('',(0.,0.,-1.));
#903 = DIRECTION('',(-1.,0.,0.));
#904 = PCURVE('',#126,#905);
#905 = DEFINITIONAL_REPRESENTATION('',(#906),#914);
#906 = ( BOUNDED_CURVE() B_SPLINE_CURVE(2,(#907,#908,#909,#910,#911,#912
,#913),.UNSPECIFIED.,.T.,.F.) B_SPLINE_CURVE_WITH_KNOTS((1,2,2,2,2,1),(
    -2.094395102393,0.,2.094395102393,4.188790204786,6.28318530718,
8.377580409573),.UNSPECIFIED.) CURVE() GEOMETRIC_REPRESENTATION_ITEM() 
RATIONAL_B_SPLINE_CURVE((1.,0.5,1.,0.5,1.,0.5,1.)) REPRESENTATION_ITEM(
  '') );
#907 = CARTESIAN_POINT('',(3.0765E+03,45.));
#908 = CARTESIAN_POINT('',(3.0765E+03,56.258330249198));
#909 = CARTESIAN_POINT('',(3.08625E+03,50.629165124599));
#910 = CARTESIAN_POINT('',(3.096E+03,45.));
#911 = CARTESIAN_POINT('',(3.08625E+03,39.370834875401));
#912 = CARTESIAN_POINT('',(3.0765E+03,33.741669750802));
#913 = CARTESIAN_POINT('',(3.0765E+03,45.));
#914 = ( GEOMETRIC_REPRESENTATION_CONTEXT(2) 
PARAMETRIC_REPRESENTATION_CONTEXT() REPRESENTATION_CONTEXT('2D SPACE',''
  ) );
#915 = PCURVE('',#916,#921);
#916 = CYLINDRICAL_SURFACE('',#917,6.5);
#917 = AXIS2_PLACEMENT_3D('',#918,#919,#920);
#918 = CARTESIAN_POINT('',(3.083E+03,45.,10.));
#919 = DIRECTION('',(0.,0.,-1.));
#920 = DIRECTION('',(-1.,0.,0.));
#921 = DEFINITIONAL_REPRESENTATION('',(#922),#926);
#922 = LINE('',#923,#924);
#923 = CARTESIAN_POINT('',(0.,0.));
#924 = VECTOR('',#925,1.);
#925 = DIRECTION('',(1.,0.));
#926 = ( GEOMETRIC_REPRESENTATION_CONTEXT(2) 
PARAMETRIC_REPRESENTATION_CONTEXT() REPRESENTATION_CONTEXT('2D SPACE',''
  ) );
#927 = FACE_BOUND('',#928,.T.);
#928 = EDGE_LOOP('',(#929));
#929 = ORIENTED_EDGE('',*,*,#930,.T.);
#930 = EDGE_CURVE('',#931,#931,#933,.T.);
#931 = VERTEX_POINT('',#932);
#932 = CARTESIAN_POINT('',(3.1765E+03,45.,10.));
#933 = SURFACE_CURVE('',#934,(#939,#950),.PCURVE_S1.);
#934 = CIRCLE('',#935,6.5);
#935 = AXIS2_PLACEMENT_3D('',#936,#937,#938);
#936 = CARTESIAN_POINT('',(3.183E+03,45.,10.));
#937 = DIRECTION('',(0.,0.,-1.));
#938 = DIRECTION('',(-1.,0.,0.));
#939 = PCURVE('',#126,#940);
#940 = DEFINITIONAL_REPRESENTATION('',(#941),#949);
#941 = ( BOUNDED_CURVE() B_SPLINE_CURVE(2,(#942,#943,#944,#945,#946,#947
,#948),.UNSPECIFIED.,.T.,.F.) B_SPLINE_CURVE_WITH_KNOTS((1,2,2,2,2,1),(
    -2.094395102393,0.,2.094395102393,4.188790204786,6.28318530718,
8.377580409573),.UNSPECIFIED.) CURVE() GEOMETRIC_REPRESENTATION_ITEM() 
RATIONAL_B_SPLINE_CURVE((1.,0.5,1.,0.5,1.,0.5,1.)) REPRESENTATION_ITEM(
  '') );
#942 = CARTESIAN_POINT('',(3.1765E+03,45.));
#943 = CARTESIAN_POINT('',(3.1765E+03,56.258330249198));
#944 = CARTESIAN_POINT('',(3.18625E+03,50.629165124599));
#945 = CARTESIAN_POINT('',(3.196E+03,45.));
#946 = CARTESIAN_POINT('',(3.18625E+03,39.370834875401));
#947 = CARTESIAN_POINT('',(3.1765E+03,33.741669750802));
#948 = CARTESIAN_POINT('',(3.1765E+03,45.));
#949 = ( GEOMETRIC_REPRESENTATION_CONTEXT(2) 
PARAMETRIC_REPRESENTATION_CONTEXT() REPRESENTATION_CONTEXT('2D SPACE',''
  ) );
#950 = PCURVE('',#951,#956);
#951 = CYLINDRICAL_SURFACE('',#952,6.5);
#952 = AXIS2_PLACEMENT_3D('',#953,#954,#955);
#953 = CARTESIAN_POINT('',(3.183E+03,45.,10.));
#954 = DIRECTION('',(0.,0.,-1.));
#955 = DIRECTION('',(-1.,0.,0.));
#956 = DEFINITIONAL_REPRESENTATION('',(#957),#961);
#957 = LINE('',#958,#959);
#958 = CARTESIAN_POINT('',(0.,0.));
#959 = VECTOR('',#960,1.);
#960 = DIRECTION('',(1.,0.));
#961 = ( GEOMETRIC_REPRESENTATION_CONTEXT(2) 
PARAMETRIC_REPRESENTATION_CONTEXT() REPRESENTATION_CONTEXT('2D SPACE',''
  ) );
#962 = FACE_BOUND('',#963,.T.);
#963 = EDGE_LOOP('',(#964));
#964 = ORIENTED_EDGE('',*,*,#965,.T.);
#965 = EDGE_CURVE('',#966,#966,#968,.T.);
#966 = VERTEX_POINT('',#967);
#967 = CARTESIAN_POINT('',(3.2765E+03,45.,10.));
#968 = SURFACE_CURVE('',#969,(#974,#985),.PCURVE_S1.);
#969 = CIRCLE('',#970,6.5);
#970 = AXIS2_PLACEMENT_3D('',#971,#972,#973);
#971 = CARTESIAN_POINT('',(3.283E+03,45.,10.));
#972 = DIRECTION('',(0.,0.,-1.));
#973 = DIRECTION('',(-1.,0.,0.));
#974 = PCURVE('',#126,#975);
#975 = DEFINITIONAL_REPRESENTATION('',(#976),#984);
#976 = ( BOUNDED_CURVE() B_SPLINE_CURVE(2,(#977,#978,#979,#980,#981,#982
,#983),.UNSPECIFIED.,.T.,.F.) B_SPLINE_CURVE_WITH_KNOTS((1,2,2,2,2,1),(
    -2.094395102393,0.,2.094395102393,4.188790204786,6.28318530718,
8.377580409573),.UNSPECIFIED.) CURVE() GEOMETRIC_REPRESENTATION_ITEM() 
RATIONAL_B_SPLINE_CURVE((1.,0.5,1.,0.5,1.,0.5,1.)) REPRESENTATION_ITEM(
  '') );
#977 = CARTESIAN_POINT('',(3.2765E+03,45.));
#978 = CARTESIAN_POINT('',(3.2765E+03,56.258330249198));
#979 = CARTESIAN_POINT('',(3.28625E+03,50.629165124599));
#980 = CARTESIAN_POINT('',(3.296E+03,45.));
#981 = CARTESIAN_POINT('',(3.28625E+03,39.370834875401));
#982 = CARTESIAN_POINT('',(3.2765E+03,33.741669750802));
#983 = CARTESIAN_POINT('',(3.2765E+03,45.));
#984 = ( GEOMETRIC_REPRESENTATION_CONTEXT(2) 
PARAMETRIC_REPRESENTATION_CONTEXT() REPRESENTATION_CONTEXT('2D SPACE',''
  ) );
#985 = PCURVE('',#986,#991);
#986 = CYLINDRICAL_SURFACE('',#987,6.5);
#987 = AXIS2_PLACEMENT_3D('',#988,#989,#990);
#988 = CARTESIAN_POINT('',(3.283E+03,45.,10.));
#989 = DIRECTION('',(0.,0.,-1.));
#990 = DIRECTION('',(-1.,0.,0.));
#991 = DEFINITIONAL_REPRESENTATION('',(#992),#996);
#992 = LINE('',#993,#994);
#993 = CARTESIAN_POINT('',(0.,0.));
#994 = VECTOR('',#995,1.);
#995 = DIRECTION('',(1.,0.));
#996 = ( GEOMETRIC_REPRESENTATION_CONTEXT(2) 
PARAMETRIC_REPRESENTATION_CONTEXT() REPRESENTATION_CONTEXT('2D SPACE',''
  ) );
#997 = FACE_BOUND('',#998,.T.);
#998 = EDGE_LOOP('',(#999));
#999 = ORIENTED_EDGE('',*,*,#1000,.T.);
#1000 = EDGE_CURVE('',#1001,#1001,#1003,.T.);
#1001 = VERTEX_POINT('',#1002);
#1002 = CARTESIAN_POINT('',(3.3765E+03,45.,10.));
#1003 = SURFACE_CURVE('',#1004,(#1009,#1020),.PCURVE_S1.);
#1004 = CIRCLE('',#1005,6.5);
#1005 = AXIS2_PLACEMENT_3D('',#1006,#1007,#1008);
#1006 = CARTESIAN_POINT('',(3.383E+03,45.,10.));
#1007 = DIRECTION('',(0.,0.,-1.));
#1008 = DIRECTION('',(-1.,0.,0.));
#1009 = PCURVE('',#126,#1010);
#1010 = DEFINITIONAL_REPRESENTATION('',(#1011),#1019);
#1011 = ( BOUNDED_CURVE() B_SPLINE_CURVE(2,(#1012,#1013,#1014,#1015,
#1016,#1017,#1018),.UNSPECIFIED.,.T.,.F.) B_SPLINE_CURVE_WITH_KNOTS((1,2
    ,2,2,2,1),(-2.094395102393,0.,2.094395102393,4.188790204786,
6.28318530718,8.377580409573),.UNSPECIFIED.) CURVE() 
GEOMETRIC_REPRESENTATION_ITEM() RATIONAL_B_SPLINE_CURVE((1.,0.5,1.,0.5,
1.,0.5,1.)) REPRESENTATION_ITEM('') );
#1012 = CARTESIAN_POINT('',(3.3765E+03,45.));
#1013 = CARTESIAN_POINT('',(3.3765E+03,56.258330249198));
#1014 = CARTESIAN_POINT('',(3.38625E+03,50.629165124599));
#1015 = CARTESIAN_POINT('',(3.396E+03,45.));
#1016 = CARTESIAN_POINT('',(3.38625E+03,39.370834875401));
#1017 = CARTESIAN_POINT('',(3.3765E+03,33.741669750802));
#1018 = CARTESIAN_POINT('',(3.3765E+03,45.));
#1019 = ( GEOMETRIC_REPRESENTATION_CONTEXT(2) 
PARAMETRIC_REPRESENTATION_CONTEXT() REPRESENTATION_CONTEXT('2D SPACE',''
  ) );
#1020 = PCURVE('',#1021,#1026);
#1021 = CYLINDRICAL_SURFACE('',#1022,6.5);
#1022 = AXIS2_PLACEMENT_3D('',#1023,#1024,#1025);
#1023 = CARTESIAN_POINT('',(3.383E+03,45.,10.));
#1024 = DIRECTION('',(0.,0.,-1.));
#1025 = DIRECTION('',(-1.,0.,0.));
#1026 = DEFINITIONAL_REPRESENTATION('',(#1027),#1031);
#1027 = LINE('',#1028,#1029);
#1028 = CARTESIAN_POINT('',(0.,0.));
#1029 = VECTOR('',#1030,1.);
#1030 = DIRECTION('',(1.,0.));
#1031 = ( GEOMETRIC_REPRESENTATION_CONTEXT(2) 
PARAMETRIC_REPRESENTATION_CONTEXT() REPRESENTATION_CONTEXT('2D SPACE',''
  ) );
#1032 = FACE_BOUND('',#1033,.T.);
#1033 = EDGE_LOOP('',(#1034));
#1034 = ORIENTED_EDGE('',*,*,#1035,.T.);
#1035 = EDGE_CURVE('',#1036,#1036,#1038,.T.);
#1036 = VERTEX_POINT('',#1037);
#1037 = CARTESIAN_POINT('',(3.4765E+03,45.,10.));
#1038 = SURFACE_CURVE('',#1039,(#1044,#1055),.PCURVE_S1.);
#1039 = CIRCLE('',#1040,6.5);
#1040 = AXIS2_PLACEMENT_3D('',#1041,#1042,#1043);
#1041 = CARTESIAN_POINT('',(3.483E+03,45.,10.));
#1042 = DIRECTION('',(0.,0.,-1.));
#1043 = DIRECTION('',(-1.,0.,0.));
#1044 = PCURVE('',#126,#1045);
#1045 = DEFINITIONAL_REPRESENTATION('',(#1046),#1054);
#1046 = ( BOUNDED_CURVE() B_SPLINE_CURVE(2,(#1047,#1048,#1049,#1050,
#1051,#1052,#1053),.UNSPECIFIED.,.T.,.F.) B_SPLINE_CURVE_WITH_KNOTS((1,2
    ,2,2,2,1),(-2.094395102393,0.,2.094395102393,4.188790204786,
6.28318530718,8.377580409573),.UNSPECIFIED.) CURVE() 
GEOMETRIC_REPRESENTATION_ITEM() RATIONAL_B_SPLINE_CURVE((1.,0.5,1.,0.5,
1.,0.5,1.)) REPRESENTATION_ITEM('') );
#1047 = CARTESIAN_POINT('',(3.4765E+03,45.));
#1048 = CARTESIAN_POINT('',(3.4765E+03,56.258330249198));
#1049 = CARTESIAN_POINT('',(3.48625E+03,50.629165124599));
#1050 = CARTESIAN_POINT('',(3.496E+03,45.));
#1051 = CARTESIAN_POINT('',(3.48625E+03,39.370834875401));
#1052 = CARTESIAN_POINT('',(3.4765E+03,33.741669750802));
#1053 = CARTESIAN_POINT('',(3.4765E+03,45.));
#1054 = ( GEOMETRIC_REPRESENTATION_CONTEXT(2) 
PARAMETRIC_REPRESENTATION_CONTEXT() REPRESENTATION_CONTEXT('2D SPACE',''
  ) );
#1055 = PCURVE('',#1056,#1061);
#1056 = CYLINDRICAL_SURFACE('',#1057,6.5);
#1057 = AXIS2_PLACEMENT_3D('',#1058,#1059,#1060);
#1058 = CARTESIAN_POINT('',(3.483E+03,45.,10.));
#1059 = DIRECTION('',(0.,0.,-1.));
#1060 = DIRECTION('',(-1.,0.,0.));
#1061 = DEFINITIONAL_REPRESENTATION('',(#1062),#1066);
#1062 = LINE('',#1063,#1064);
#1063 = CARTESIAN_POINT('',(0.,0.));
#1064 = VECTOR('',#1065,1.);
#1065 = DIRECTION('',(1.,0.));
#1066 = ( GEOMETRIC_REPRESENTATION_CONTEXT(2) 
PARAMETRIC_REPRESENTATION_CONTEXT() REPRESENTATION_CONTEXT('2D SPACE',''
  ) );
#1067 = FACE_BOUND('',#1068,.T.);
#1068 = EDGE_LOOP('',(#1069));
#1069 = ORIENTED_EDGE('',*,*,#1070,.T.);
#1070 = EDGE_CURVE('',#1071,#1071,#1073,.T.);
#1071 = VERTEX_POINT('',#1072);
#1072 = CARTESIAN_POINT('',(3.5765E+03,45.,10.));
#1073 = SURFACE_CURVE('',#1074,(#1079,#1090),.PCURVE_S1.);
#1074 = CIRCLE('',#1075,6.5);
#1075 = AXIS2_PLACEMENT_3D('',#1076,#1077,#1078);
#1076 = CARTESIAN_POINT('',(3.583E+03,45.,10.));
#1077 = DIRECTION('',(0.,0.,-1.));
#1078 = DIRECTION('',(-1.,0.,0.));
#1079 = PCURVE('',#126,#1080);
#1080 = DEFINITIONAL_REPRESENTATION('',(#1081),#1089);
#1081 = ( BOUNDED_CURVE() B_SPLINE_CURVE(2,(#1082,#1083,#1084,#1085,
#1086,#1087,#1088),.UNSPECIFIED.,.T.,.F.) B_SPLINE_CURVE_WITH_KNOTS((1,2
    ,2,2,2,1),(-2.094395102393,0.,2.094395102393,4.188790204786,
6.28318530718,8.377580409573),.UNSPECIFIED.) CURVE() 
GEOMETRIC_REPRESENTATION_ITEM() RATIONAL_B_SPLINE_CURVE((1.,0.5,1.,0.5,
1.,0.5,1.)) REPRESENTATION_ITEM('') );
#1082 = CARTESIAN_POINT('',(3.5765E+03,45.));
#1083 = CARTESIAN_POINT('',(3.5765E+03,56.258330249198));
#1084 = CARTESIAN_POINT('',(3.58625E+03,50.629165124599));
#1085 = CARTESIAN_POINT('',(3.596E+03,45.));
#1086 = CARTESIAN_POINT('',(3.58625E+03,39.370834875401));
#1087 = CARTESIAN_POINT('',(3.5765E+03,33.741669750802));
#1088 = CARTESIAN_POINT('',(3.5765E+03,45.));
#1089 = ( GEOMETRIC_REPRESENTATION_CONTEXT(2) 
PARAMETRIC_REPRESENTATION_CONTEXT() REPRESENTATION_CONTEXT('2D SPACE',''
  ) );
#1090 = PCURVE('',#1091,#1096);
#1091 = CYLINDRICAL_SURFACE('',#1092,6.5);
#1092 = AXIS2_PLACEMENT_3D('',#1093,#1094,#1095);
#1093 = CARTESIAN_POINT('',(3.583E+03,45.,10.));
#1094 = DIRECTION('',(0.,0.,-1.));
#1095 = DIRECTION('',(-1.,0.,0.));
#1096 = DEFINITIONAL_REPRESENTATION('',(#1097),#1101);
#1097 = LINE('',#1098,#1099);
#1098 = CARTESIAN_POINT('',(0.,0.));
#1099 = VECTOR('',#1100,1.);
#1100 = DIRECTION('',(1.,0.));
#1101 = ( GEOMETRIC_REPRESENTATION_CONTEXT(2) 
PARAMETRIC_REPRESENTATION_CONTEXT() REPRESENTATION_CONTEXT('2D SPACE',''
  ) );
#1102 = FACE_BOUND('',#1103,.T.);
#1103 = EDGE_LOOP('',(#1104));
#1104 = ORIENTED_EDGE('',*,*,#1105,.T.);
#1105 = EDGE_CURVE('',#1106,#1106,#1108,.T.);
#1106 = VERTEX_POINT('',#1107);
#1107 = CARTESIAN_POINT('',(73.5,155.,10.));
#1108 = SURFACE_CURVE('',#1109,(#1114,#1125),.PCURVE_S1.);
#1109 = CIRCLE('',#1110,6.5);
#1110 = AXIS2_PLACEMENT_3D('',#1111,#1112,#1113);
#1111 = CARTESIAN_POINT('',(80.,155.,10.));
#1112 = DIRECTION('',(0.,0.,-1.));
#1113 = DIRECTION('',(-1.,0.,0.));
#1114 = PCURVE('',#126,#1115);
#1115 = DEFINITIONAL_REPRESENTATION('',(#1116),#1124);
#1116 = ( BOUNDED_CURVE() B_SPLINE_CURVE(2,(#1117,#1118,#1119,#1120,
#1121,#1122,#1123),.UNSPECIFIED.,.T.,.F.) B_SPLINE_CURVE_WITH_KNOTS((1,2
    ,2,2,2,1),(-2.094395102393,0.,2.094395102393,4.188790204786,
6.28318530718,8.377580409573),.UNSPECIFIED.) CURVE() 
GEOMETRIC_REPRESENTATION_ITEM() RATIONAL_B_SPLINE_CURVE((1.,0.5,1.,0.5,
1.,0.5,1.)) REPRESENTATION_ITEM('') );
#1117 = CARTESIAN_POINT('',(73.5,155.));
#1118 = CARTESIAN_POINT('',(73.5,166.25833024919));
#1119 = CARTESIAN_POINT('',(83.25,160.62916512459));
#1120 = CARTESIAN_POINT('',(93.,155.));
#1121 = CARTESIAN_POINT('',(83.25,149.3708348754));
#1122 = CARTESIAN_POINT('',(73.5,143.7416697508));
#1123 = CARTESIAN_POINT('',(73.5,155.));
#1124 = ( GEOMETRIC_REPRESENTATION_CONTEXT(2) 
PARAMETRIC_REPRESENTATION_CONTEXT() REPRESENTATION_CONTEXT('2D SPACE',''
  ) );
#1125 = PCURVE('',#1126,#1131);
#1126 = CYLINDRICAL_SURFACE('',#1127,6.5);
#1127 = AXIS2_PLACEMENT_3D('',#1128,#1129,#1130);
#1128 = CARTESIAN_POINT('',(80.,155.,10.));
#1129 = DIRECTION('',(0.,0.,-1.));
#1130 = DIRECTION('',(-1.,0.,0.));
#1131 = DEFINITIONAL_REPRESENTATION('',(#1132),#1136);
#1132 = LINE('',#1133,#1134);
#1133 = CARTESIAN_POINT('',(0.,0.));
#1134 = VECTOR('',#1135,1.);
#1135 = DIRECTION('',(1.,0.));
#1136 = ( GEOMETRIC_REPRESENTATION_CONTEXT(2) 
PARAMETRIC_REPRESENTATION_CONTEXT() REPRESENTATION_CONTEXT('2D SPACE',''
  ) );
#1137 = FACE_BOUND('',#1138,.T.);
#1138 = EDGE_LOOP('',(#1139));
#1139 = ORIENTED_EDGE('',*,*,#1140,.T.);
#1140 = EDGE_CURVE('',#1141,#1141,#1143,.T.);
#1141 = VERTEX_POINT('',#1142);
#1142 = CARTESIAN_POINT('',(153.5,155.,10.));
#1143 = SURFACE_CURVE('',#1144,(#1149,#1160),.PCURVE_S1.);
#1144 = CIRCLE('',#1145,6.5);
#1145 = AXIS2_PLACEMENT_3D('',#1146,#1147,#1148);
#1146 = CARTESIAN_POINT('',(160.,155.,10.));
#1147 = DIRECTION('',(0.,0.,-1.));
#1148 = DIRECTION('',(-1.,0.,0.));
#1149 = PCURVE('',#126,#1150);
#1150 = DEFINITIONAL_REPRESENTATION('',(#1151),#1159);
#1151 = ( BOUNDED_CURVE() B_SPLINE_CURVE(2,(#1152,#1153,#1154,#1155,
#1156,#1157,#1158),.UNSPECIFIED.,.T.,.F.) B_SPLINE_CURVE_WITH_KNOTS((1,2
    ,2,2,2,1),(-2.094395102393,0.,2.094395102393,4.188790204786,
6.28318530718,8.377580409573),.UNSPECIFIED.) CURVE() 
GEOMETRIC_REPRESENTATION_ITEM() RATIONAL_B_SPLINE_CURVE((1.,0.5,1.,0.5,
1.,0.5,1.)) REPRESENTATION_ITEM('') );
#1152 = CARTESIAN_POINT('',(153.5,155.));
#1153 = CARTESIAN_POINT('',(153.5,166.25833024919));
#1154 = CARTESIAN_POINT('',(163.25,160.62916512459));
#1155 = CARTESIAN_POINT('',(173.,155.));
#1156 = CARTESIAN_POINT('',(163.25,149.3708348754));
#1157 = CARTESIAN_POINT('',(153.5,143.7416697508));
#1158 = CARTESIAN_POINT('',(153.5,155.));
#1159 = ( GEOMETRIC_REPRESENTATION_CONTEXT(2) 
PARAMETRIC_REPRESENTATION_CONTEXT() REPRESENTATION_CONTEXT('2D SPACE',''
  ) );
#1160 = PCURVE('',#1161,#1166);
#1161 = CYLINDRICAL_SURFACE('',#1162,6.5);
#1162 = AXIS2_PLACEMENT_3D('',#1163,#1164,#1165);
#1163 = CARTESIAN_POINT('',(160.,155.,10.));
#1164 = DIRECTION('',(0.,0.,-1.));
#1165 = DIRECTION('',(-1.,0.,0.));
#1166 = DEFINITIONAL_REPRESENTATION('',(#1167),#1171);
#1167 = LINE('',#1168,#1169);
#1168 = CARTESIAN_POINT('',(0.,0.));
#1169 = VECTOR('',#1170,1.);
#1170 = DIRECTION('',(1.,0.));
#1171 = ( GEOMETRIC_REPRESENTATION_CONTEXT(2) 
PARAMETRIC_REPRESENTATION_CONTEXT() REPRESENTATION_CONTEXT('2D SPACE',''
  ) );
#1172 = FACE_BOUND('',#1173,.T.);
#1173 = EDGE_LOOP('',(#1174));
#1174 = ORIENTED_EDGE('',*,*,#1175,.T.);
#1175 = EDGE_CURVE('',#1176,#1176,#1178,.T.);
#1176 = VERTEX_POINT('',#1177);
#1177 = CARTESIAN_POINT('',(233.5,155.,10.));
#1178 = SURFACE_CURVE('',#1179,(#1184,#1195),.PCURVE_S1.);
#1179 = CIRCLE('',#1180,6.5);
#1180 = AXIS2_PLACEMENT_3D('',#1181,#1182,#1183);
#1181 = CARTESIAN_POINT('',(240.,155.,10.));
#1182 = DIRECTION('',(0.,0.,-1.));
#1183 = DIRECTION('',(-1.,0.,0.));
#1184 = PCURVE('',#126,#1185);
#1185 = DEFINITIONAL_REPRESENTATION('',(#1186),#1194);
#1186 = ( BOUNDED_CURVE() B_SPLINE_CURVE(2,(#1187,#1188,#1189,#1190,
#1191,#1192,#1193),.UNSPECIFIED.,.T.,.F.) B_SPLINE_CURVE_WITH_KNOTS((1,2
    ,2,2,2,1),(-2.094395102393,0.,2.094395102393,4.188790204786,
6.28318530718,8.377580409573),.UNSPECIFIED.) CURVE() 
GEOMETRIC_REPRESENTATION_ITEM() RATIONAL_B_SPLINE_CURVE((1.,0.5,1.,0.5,
1.,0.5,1.)) REPRESENTATION_ITEM('') );
#1187 = CARTESIAN_POINT('',(233.5,155.));
#1188 = CARTESIAN_POINT('',(233.5,166.25833024919));
#1189 = CARTESIAN_POINT('',(243.25,160.62916512459));
#1190 = CARTESIAN_POINT('',(253.,155.));
#1191 = CARTESIAN_POINT('',(243.25,149.3708348754));
#1192 = CARTESIAN_POINT('',(233.5,143.7416697508));
#1193 = CARTESIAN_POINT('',(233.5,155.));
#1194 = ( GEOMETRIC_REPRESENTATION_CONTEXT(2) 
PARAMETRIC_REPRESENTATION_CONTEXT() REPRESENTATION_CONTEXT('2D SPACE',''
  ) );
#1195 = PCURVE('',#1196,#1201);
#1196 = CYLINDRICAL_SURFACE('',#1197,6.5);
#1197 = AXIS2_PLACEMENT_3D('',#1198,#1199,#1200);
#1198 = CARTESIAN_POINT('',(240.,155.,10.));
#1199 = DIRECTION('',(0.,0.,-1.));
#1200 = DIRECTION('',(-1.,0.,0.));
#1201 = DEFINITIONAL_REPRESENTATION('',(#1202),#1206);
#1202 = LINE('',#1203,#1204);
#1203 = CARTESIAN_POINT('',(0.,0.));
#1204 = VECTOR('',#1205,1.);
#1205 = DIRECTION('',(1.,0.));
#1206 = ( GEOMETRIC_REPRESENTATION_CONTEXT(2) 
PARAMETRIC_REPRESENTATION_CONTEXT() REPRESENTATION_CONTEXT('2D SPACE',''
  ) );
#1207 = FACE_BOUND('',#1208,.T.);
#1208 = EDGE_LOOP('',(#1209));
#1209 = ORIENTED_EDGE('',*,*,#1210,.T.);
#1210 = EDGE_CURVE('',#1211,#1211,#1213,.T.);
#1211 = VERTEX_POINT('',#1212);
#1212 = CARTESIAN_POINT('',(313.5,155.,10.));
#1213 = SURFACE_CURVE('',#1214,(#1219,#1230),.PCURVE_S1.);
#1214 = CIRCLE('',#1215,6.5);
#1215 = AXIS2_PLACEMENT_3D('',#1216,#1217,#1218);
#1216 = CARTESIAN_POINT('',(320.,155.,10.));
#1217 = DIRECTION('',(0.,0.,-1.));
#1218 = DIRECTION('',(-1.,0.,0.));
#1219 = PCURVE('',#126,#1220);
#1220 = DEFINITIONAL_REPRESENTATION('',(#1221),#1229);
#1221 = ( BOUNDED_CURVE() B_SPLINE_CURVE(2,(#1222,#1223,#1224,#1225,
#1226,#1227,#1228),.UNSPECIFIED.,.T.,.F.) B_SPLINE_CURVE_WITH_KNOTS((1,2
    ,2,2,2,1),(-2.094395102393,0.,2.094395102393,4.188790204786,
6.28318530718,8.377580409573),.UNSPECIFIED.) CURVE() 
GEOMETRIC_REPRESENTATION_ITEM() RATIONAL_B_SPLINE_CURVE((1.,0.5,1.,0.5,
1.,0.5,1.)) REPRESENTATION_ITEM('') );
#1222 = CARTESIAN_POINT('',(313.5,155.));
#1223 = CARTESIAN_POINT('',(313.5,166.25833024919));
#1224 = CARTESIAN_POINT('',(323.25,160.62916512459));
#1225 = CARTESIAN_POINT('',(333.,155.));
#1226 = CARTESIAN_POINT('',(323.25,149.3708348754));
#1227 = CARTESIAN_POINT('',(313.5,143.7416697508));
#1228 = CARTESIAN_POINT('',(313.5,155.));
#1229 = ( GEOMETRIC_REPRESENTATION_CONTEXT(2) 
PARAMETRIC_REPRESENTATION_CONTEXT() REPRESENTATION_CONTEXT('2D SPACE',''
  ) );
#1230 = PCURVE('',#1231,#1236);
#1231 = CYLINDRICAL_SURFACE('',#1232,6.5);
#1232 = AXIS2_PLACEMENT_3D('',#1233,#1234,#1235);
#1233 = CARTESIAN_POINT('',(320.,155.,10.));
#1234 = DIRECTION('',(0.,0.,-1.));
#1235 = DIRECTION('',(-1.,0.,0.));
#1236 = DEFINITIONAL_REPRESENTATION('',(#1237),#1241);
#1237 = LINE('',#1238,#1239);
#1238 = CARTESIAN_POINT('',(0.,0.));
#1239 = VECTOR('',#1240,1.);
#1240 = DIRECTION('',(1.,0.));
#1241 = ( GEOMETRIC_REPRESENTATION_CONTEXT(2) 
PARAMETRIC_REPRESENTATION_CONTEXT() REPRESENTATION_CONTEXT('2D SPACE',''
  ) );
#1242 = FACE_BOUND('',#1243,.T.);
#1243 = EDGE_LOOP('',(#1244));
#1244 = ORIENTED_EDGE('',*,*,#1245,.T.);
#1245 = EDGE_CURVE('',#1246,#1246,#1248,.T.);
#1246 = VERTEX_POINT('',#1247);
#1247 = CARTESIAN_POINT('',(393.5,155.,10.));
#1248 = SURFACE_CURVE('',#1249,(#1254,#1265),.PCURVE_S1.);
#1249 = CIRCLE('',#1250,6.5);
#1250 = AXIS2_PLACEMENT_3D('',#1251,#1252,#1253);
#1251 = CARTESIAN_POINT('',(400.,155.,10.));
#1252 = DIRECTION('',(0.,0.,-1.));
#1253 = DIRECTION('',(-1.,0.,0.));
#1254 = PCURVE('',#126,#1255);
#1255 = DEFINITIONAL_REPRESENTATION('',(#1256),#1264);
#1256 = ( BOUNDED_CURVE() B_SPLINE_CURVE(2,(#1257,#1258,#1259,#1260,
#1261,#1262,#1263),.UNSPECIFIED.,.T.,.F.) B_SPLINE_CURVE_WITH_KNOTS((1,2
    ,2,2,2,1),(-2.094395102393,0.,2.094395102393,4.188790204786,
6.28318530718,8.377580409573),.UNSPECIFIED.) CURVE() 
GEOMETRIC_REPRESENTATION_ITEM() RATIONAL_B_SPLINE_CURVE((1.,0.5,1.,0.5,
1.,0.5,1.)) REPRESENTATION_ITEM('') );
#1257 = CARTESIAN_POINT('',(393.5,155.));
#1258 = CARTESIAN_POINT('',(393.5,166.25833024919));
#1259 = CARTESIAN_POINT('',(403.25,160.62916512459));
#1260 = CARTESIAN_POINT('',(413.,155.));
#1261 = CARTESIAN_POINT('',(403.25,149.3708348754));
#1262 = CARTESIAN_POINT('',(393.5,143.7416697508));
#1263 = CARTESIAN_POINT('',(393.5,155.));
#1264 = ( GEOMETRIC_REPRESENTATION_CONTEXT(2) 
PARAMETRIC_REPRESENTATION_CONTEXT() REPRESENTATION_CONTEXT('2D SPACE',''
  ) );
#1265 = PCURVE('',#1266,#1271);
#1266 = CYLINDRICAL_SURFACE('',#1267,6.5);
#1267 = AXIS2_PLACEMENT_3D('',#1268,#1269,#1270);
#1268 = CARTESIAN_POINT('',(400.,155.,10.));
#1269 = DIRECTION('',(0.,0.,-1.));
#1270 = DIRECTION('',(-1.,0.,0.));
#1271 = DEFINITIONAL_REPRESENTATION('',(#1272),#1276);
#1272 = LINE('',#1273,#1274);
#1273 = CARTESIAN_POINT('',(0.,0.));
#1274 = VECTOR('',#1275,1.);
#1275 = DIRECTION('',(1.,0.));
#1276 = ( GEOMETRIC_REPRESENTATION_CONTEXT(2) 
PARAMETRIC_REPRESENTATION_CONTEXT() REPRESENTATION_CONTEXT('2D SPACE',''
  ) );
#1277 = FACE_BOUND('',#1278,.T.);
#1278 = EDGE_LOOP('',(#1279));
#1279 = ORIENTED_EDGE('',*,*,#1280,.T.);
#1280 = EDGE_CURVE('',#1281,#1281,#1283,.T.);
#1281 = VERTEX_POINT('',#1282);
#1282 = CARTESIAN_POINT('',(473.5,155.,10.));
#1283 = SURFACE_CURVE('',#1284,(#1289,#1300),.PCURVE_S1.);
#1284 = CIRCLE('',#1285,6.5);
#1285 = AXIS2_PLACEMENT_3D('',#1286,#1287,#1288);
#1286 = CARTESIAN_POINT('',(480.,155.,10.));
#1287 = DIRECTION('',(0.,0.,-1.));
#1288 = DIRECTION('',(-1.,0.,0.));
#1289 = PCURVE('',#126,#1290);
#1290 = DEFINITIONAL_REPRESENTATION('',(#1291),#1299);
#1291 = ( BOUNDED_CURVE() B_SPLINE_CURVE(2,(#1292,#1293,#1294,#1295,
#1296,#1297,#1298),.UNSPECIFIED.,.T.,.F.) B_SPLINE_CURVE_WITH_KNOTS((1,2
    ,2,2,2,1),(-2.094395102393,0.,2.094395102393,4.188790204786,
6.28318530718,8.377580409573),.UNSPECIFIED.) CURVE() 
GEOMETRIC_REPRESENTATION_ITEM() RATIONAL_B_SPLINE_CURVE((1.,0.5,1.,0.5,
1.,0.5,1.)) REPRESENTATION_ITEM('') );
#1292 = CARTESIAN_POINT('',(473.5,155.));
#1293 = CARTESIAN_POINT('',(473.5,166.25833024919));
#1294 = CARTESIAN_POINT('',(483.25,160.62916512459));
#1295 = CARTESIAN_POINT('',(493.,155.));
#1296 = CARTESIAN_POINT('',(483.25,149.3708348754));
#1297 = CARTESIAN_POINT('',(473.5,143.7416697508));
#1298 = CARTESIAN_POINT('',(473.5,155.));
#1299 = ( GEOMETRIC_REPRESENTATION_CONTEXT(2) 
PARAMETRIC_REPRESENTATION_CONTEXT() REPRESENTATION_CONTEXT('2D SPACE',''
  ) );
#1300 = PCURVE('',#1301,#1306);
#1301 = CYLINDRICAL_SURFACE('',#1302,6.5);
#1302 = AXIS2_PLACEMENT_3D('',#1303,#1304,#1305);
#1303 = CARTESIAN_POINT('',(480.,155.,10.));
#1304 = DIRECTION('',(0.,0.,-1.));
#1305 = DIRECTION('',(-1.,0.,0.));
#1306 = DEFINITIONAL_REPRESENTATION('',(#1307),#1311);
#1307 = LINE('',#1308,#1309);
#1308 = CARTESIAN_POINT('',(0.,0.));
#1309 = VECTOR('',#1310,1.);
#1310 = DIRECTION('',(1.,0.));
#1311 = ( GEOMETRIC_REPRESENTATION_CONTEXT(2) 
PARAMETRIC_REPRESENTATION_CONTEXT() REPRESENTATION_CONTEXT('2D SPACE',''
  ) );
#1312 = FACE_BOUND('',#1313,.T.);
#1313 = EDGE_LOOP('',(#1314));
#1314 = ORIENTED_EDGE('',*,*,#1315,.T.);
#1315 = EDGE_CURVE('',#1316,#1316,#1318,.T.);
#1316 = VERTEX_POINT('',#1317);
#1317 = CARTESIAN_POINT('',(588.5,155.,10.));
#1318 = SURFACE_CURVE('',#1319,(#1324,#1335),.PCURVE_S1.);
#1319 = CIRCLE('',#1320,6.5);
#1320 = AXIS2_PLACEMENT_3D('',#1321,#1322,#1323);
#1321 = CARTESIAN_POINT('',(595.,155.,10.));
#1322 = DIRECTION('',(0.,0.,-1.));
#1323 = DIRECTION('',(-1.,0.,0.));
#1324 = PCURVE('',#126,#1325);
#1325 = DEFINITIONAL_REPRESENTATION('',(#1326),#1334);
#1326 = ( BOUNDED_CURVE() B_SPLINE_CURVE(2,(#1327,#1328,#1329,#1330,
#1331,#1332,#1333),.UNSPECIFIED.,.T.,.F.) B_SPLINE_CURVE_WITH_KNOTS((1,2
    ,2,2,2,1),(-2.094395102393,0.,2.094395102393,4.188790204786,
6.28318530718,8.377580409573),.UNSPECIFIED.) CURVE() 
GEOMETRIC_REPRESENTATION_ITEM() RATIONAL_B_SPLINE_CURVE((1.,0.5,1.,0.5,
1.,0.5,1.)) REPRESENTATION_ITEM('') );
#1327 = CARTESIAN_POINT('',(588.5,155.));
#1328 = CARTESIAN_POINT('',(588.5,166.25833024919));
#1329 = CARTESIAN_POINT('',(598.25,160.62916512459));
#1330 = CARTESIAN_POINT('',(608.,155.));
#1331 = CARTESIAN_POINT('',(598.25,149.3708348754));
#1332 = CARTESIAN_POINT('',(588.5,143.7416697508));
#1333 = CARTESIAN_POINT('',(588.5,155.));
#1334 = ( GEOMETRIC_REPRESENTATION_CONTEXT(2) 
PARAMETRIC_REPRESENTATION_CONTEXT() REPRESENTATION_CONTEXT('2D SPACE',''
  ) );
#1335 = PCURVE('',#1336,#1341);
#1336 = CYLINDRICAL_SURFACE('',#1337,6.5);
#1337 = AXIS2_PLACEMENT_3D('',#1338,#1339,#1340);
#1338 = CARTESIAN_POINT('',(595.,155.,10.));
#1339 = DIRECTION('',(0.,0.,-1.));
#1340 = DIRECTION('',(-1.,0.,0.));
#1341 = DEFINITIONAL_REPRESENTATION('',(#1342),#1346);
#1342 = LINE('',#1343,#1344);
#1343 = CARTESIAN_POINT('',(0.,0.));
#1344 = VECTOR('',#1345,1.);
#1345 = DIRECTION('',(1.,0.));
#1346 = ( GEOMETRIC_REPRESENTATION_CONTEXT(2) 
PARAMETRIC_REPRESENTATION_CONTEXT() REPRESENTATION_CONTEXT('2D SPACE',''
  ) );
#1347 = FACE_BOUND('',#1348,.T.);
#1348 = EDGE_LOOP('',(#1349));
#1349 = ORIENTED_EDGE('',*,*,#1350,.T.);
#1350 = EDGE_CURVE('',#1351,#1351,#1353,.T.);
#1351 = VERTEX_POINT('',#1352);
#1352 = CARTESIAN_POINT('',(738.5,155.,10.));
#1353 = SURFACE_CURVE('',#1354,(#1359,#1370),.PCURVE_S1.);
#1354 = CIRCLE('',#1355,6.5);
#1355 = AXIS2_PLACEMENT_3D('',#1356,#1357,#1358);
#1356 = CARTESIAN_POINT('',(745.,155.,10.));
#1357 = DIRECTION('',(0.,0.,-1.));
#1358 = DIRECTION('',(-1.,0.,0.));
#1359 = PCURVE('',#126,#1360);
#1360 = DEFINITIONAL_REPRESENTATION('',(#1361),#1369);
#1361 = ( BOUNDED_CURVE() B_SPLINE_CURVE(2,(#1362,#1363,#1364,#1365,
#1366,#1367,#1368),.UNSPECIFIED.,.T.,.F.) B_SPLINE_CURVE_WITH_KNOTS((1,2
    ,2,2,2,1),(-2.094395102393,0.,2.094395102393,4.188790204786,
6.28318530718,8.377580409573),.UNSPECIFIED.) CURVE() 
GEOMETRIC_REPRESENTATION_ITEM() RATIONAL_B_SPLINE_CURVE((1.,0.5,1.,0.5,
1.,0.5,1.)) REPRESENTATION_ITEM('') );
#1362 = CARTESIAN_POINT('',(738.5,155.));
#1363 = CARTESIAN_POINT('',(738.5,166.25833024919));
#1364 = CARTESIAN_POINT('',(748.25,160.62916512459));
#1365 = CARTESIAN_POINT('',(758.,155.));
#1366 = CARTESIAN_POINT('',(748.25,149.3708348754));
#1367 = CARTESIAN_POINT('',(738.5,143.7416697508));
#1368 = CARTESIAN_POINT('',(738.5,155.));
#1369 = ( GEOMETRIC_REPRESENTATION_CONTEXT(2) 
PARAMETRIC_REPRESENTATION_CONTEXT() REPRESENTATION_CONTEXT('2D SPACE',''
  ) );
#1370 = PCURVE('',#1371,#1376);
#1371 = CYLINDRICAL_SURFACE('',#1372,6.5);
#1372 = AXIS2_PLACEMENT_3D('',#1373,#1374,#1375);
#1373 = CARTESIAN_POINT('',(745.,155.,10.));
#1374 = DIRECTION('',(0.,0.,-1.));
#1375 = DIRECTION('',(-1.,0.,0.));
#1376 = DEFINITIONAL_REPRESENTATION('',(#1377),#1381);
#1377 = LINE('',#1378,#1379);
#1378 = CARTESIAN_POINT('',(0.,0.));
#1379 = VECTOR('',#1380,1.);
#1380 = DIRECTION('',(1.,0.));
#1381 = ( GEOMETRIC_REPRESENTATION_CONTEXT(2) 
PARAMETRIC_REPRESENTATION_CONTEXT() REPRESENTATION_CONTEXT('2D SPACE',''
  ) );
#1382 = FACE_BOUND('',#1383,.T.);
#1383 = EDGE_LOOP('',(#1384));
#1384 = ORIENTED_EDGE('',*,*,#1385,.T.);
#1385 = EDGE_CURVE('',#1386,#1386,#1388,.T.);
#1386 = VERTEX_POINT('',#1387);
#1387 = CARTESIAN_POINT('',(888.5,155.,10.));
#1388 = SURFACE_CURVE('',#1389,(#1394,#1405),.PCURVE_S1.);
#1389 = CIRCLE('',#1390,6.5);
#1390 = AXIS2_PLACEMENT_3D('',#1391,#1392,#1393);
#1391 = CARTESIAN_POINT('',(895.,155.,10.));
#1392 = DIRECTION('',(0.,0.,-1.));
#1393 = DIRECTION('',(-1.,0.,0.));
#1394 = PCURVE('',#126,#1395);
#1395 = DEFINITIONAL_REPRESENTATION('',(#1396),#1404);
#1396 = ( BOUNDED_CURVE() B_SPLINE_CURVE(2,(#1397,#1398,#1399,#1400,
#1401,#1402,#1403),.UNSPECIFIED.,.T.,.F.) B_SPLINE_CURVE_WITH_KNOTS((1,2
    ,2,2,2,1),(-2.094395102393,0.,2.094395102393,4.188790204786,
6.28318530718,8.377580409573),.UNSPECIFIED.) CURVE() 
GEOMETRIC_REPRESENTATION_ITEM() RATIONAL_B_SPLINE_CURVE((1.,0.5,1.,0.5,
1.,0.5,1.)) REPRESENTATION_ITEM('') );
#1397 = CARTESIAN_POINT('',(888.5,155.));
#1398 = CARTESIAN_POINT('',(888.5,166.25833024919));
#1399 = CARTESIAN_POINT('',(898.25,160.62916512459));
#1400 = CARTESIAN_POINT('',(908.,155.));
#1401 = CARTESIAN_POINT('',(898.25,149.3708348754));
#1402 = CARTESIAN_POINT('',(888.5,143.7416697508));
#1403 = CARTESIAN_POINT('',(888.5,155.));
#1404 = ( GEOMETRIC_REPRESENTATION_CONTEXT(2) 
PARAMETRIC_REPRESENTATION_CONTEXT() REPRESENTATION_CONTEXT('2D SPACE',''
  ) );
#1405 = PCURVE('',#1406,#1411);
#1406 = CYLINDRICAL_SURFACE('',#1407,6.5);
#1407 = AXIS2_PLACEMENT_3D('',#1408,#1409,#1410);
#1408 = CARTESIAN_POINT('',(895.,155.,10.));
#1409 = DIRECTION('',(0.,0.,-1.));
#1410 = DIRECTION('',(-1.,0.,0.));
#1411 = DEFINITIONAL_REPRESENTATION('',(#1412),#1416);
#1412 = LINE('',#1413,#1414);
#1413 = CARTESIAN_POINT('',(0.,0.));
#1414 = VECTOR('',#1415,1.);
#1415 = DIRECTION('',(1.,0.));
#1416 = ( GEOMETRIC_REPRESENTATION_CONTEXT(2) 
PARAMETRIC_REPRESENTATION_CONTEXT() REPRESENTATION_CONTEXT('2D SPACE',''
  ) );
#1417 = FACE_BOUND('',#1418,.T.);
#1418 = EDGE_LOOP('',(#1419));
#1419 = ORIENTED_EDGE('',*,*,#1420,.T.);
#1420 = EDGE_CURVE('',#1421,#1421,#1423,.T.);
#1421 = VERTEX_POINT('',#1422);
#1422 = CARTESIAN_POINT('',(1.0385E+03,155.,10.));
#1423 = SURFACE_CURVE('',#1424,(#1429,#1440),.PCURVE_S1.);
#1424 = CIRCLE('',#1425,6.5);
#1425 = AXIS2_PLACEMENT_3D('',#1426,#1427,#1428);
#1426 = CARTESIAN_POINT('',(1.045E+03,155.,10.));
#1427 = DIRECTION('',(0.,0.,-1.));
#1428 = DIRECTION('',(-1.,0.,0.));
#1429 = PCURVE('',#126,#1430);
#1430 = DEFINITIONAL_REPRESENTATION('',(#1431),#1439);
#1431 = ( BOUNDED_CURVE() B_SPLINE_CURVE(2,(#1432,#1433,#1434,#1435,
#1436,#1437,#1438),.UNSPECIFIED.,.T.,.F.) B_SPLINE_CURVE_WITH_KNOTS((1,2
    ,2,2,2,1),(-2.094395102393,0.,2.094395102393,4.188790204786,
6.28318530718,8.377580409573),.UNSPECIFIED.) CURVE() 
GEOMETRIC_REPRESENTATION_ITEM() RATIONAL_B_SPLINE_CURVE((1.,0.5,1.,0.5,
1.,0.5,1.)) REPRESENTATION_ITEM('') );
#1432 = CARTESIAN_POINT('',(1.0385E+03,155.));
#1433 = CARTESIAN_POINT('',(1.0385E+03,166.25833024919));
#1434 = CARTESIAN_POINT('',(1.04825E+03,160.62916512459));
#1435 = CARTESIAN_POINT('',(1.058E+03,155.));
#1436 = CARTESIAN_POINT('',(1.04825E+03,149.3708348754));
#1437 = CARTESIAN_POINT('',(1.0385E+03,143.7416697508));
#1438 = CARTESIAN_POINT('',(1.0385E+03,155.));
#1439 = ( GEOMETRIC_REPRESENTATION_CONTEXT(2) 
PARAMETRIC_REPRESENTATION_CONTEXT() REPRESENTATION_CONTEXT('2D SPACE',''
  ) );
#1440 = PCURVE('',#1441,#1446);
#1441 = CYLINDRICAL_SURFACE('',#1442,6.5);
#1442 = AXIS2_PLACEMENT_3D('',#1443,#1444,#1445);
#1443 = CARTESIAN_POINT('',(1.045E+03,155.,10.));
#1444 = DIRECTION('',(0.,0.,-1.));
#1445 = DIRECTION('',(-1.,0.,0.));
#1446 = DEFINITIONAL_REPRESENTATION('',(#1447),#1451);
#1447 = LINE('',#1448,#1449);
#1448 = CARTESIAN_POINT('',(0.,0.));
#1449 = VECTOR('',#1450,1.);
#1450 = DIRECTION('',(1.,0.));
#1451 = ( GEOMETRIC_REPRESENTATION_CONTEXT(2) 
PARAMETRIC_REPRESENTATION_CONTEXT() REPRESENTATION_CONTEXT('2D SPACE',''
  ) );
#1452 = FACE_BOUND('',#1453,.T.);
#1453 = EDGE_LOOP('',(#1454));
#1454 = ORIENTED_EDGE('',*,*,#1455,.T.);
#1455 = EDGE_CURVE('',#1456,#1456,#1458,.T.);
#1456 = VERTEX_POINT('',#1457);
#1457 = CARTESIAN_POINT('',(1.3135E+03,155.,10.));
#1458 = SURFACE_CURVE('',#1459,(#1464,#1475),.PCURVE_S1.);
#1459 = CIRCLE('',#1460,6.5);
#1460 = AXIS2_PLACEMENT_3D('',#1461,#1462,#1463);
#1461 = CARTESIAN_POINT('',(1.32E+03,155.,10.));
#1462 = DIRECTION('',(0.,0.,-1.));
#1463 = DIRECTION('',(-1.,0.,0.));
#1464 = PCURVE('',#126,#1465);
#1465 = DEFINITIONAL_REPRESENTATION('',(#1466),#1474);
#1466 = ( BOUNDED_CURVE() B_SPLINE_CURVE(2,(#1467,#1468,#1469,#1470,
#1471,#1472,#1473),.UNSPECIFIED.,.T.,.F.) B_SPLINE_CURVE_WITH_KNOTS((1,2
    ,2,2,2,1),(-2.094395102393,0.,2.094395102393,4.188790204786,
6.28318530718,8.377580409573),.UNSPECIFIED.) CURVE() 
GEOMETRIC_REPRESENTATION_ITEM() RATIONAL_B_SPLINE_CURVE((1.,0.5,1.,0.5,
1.,0.5,1.)) REPRESENTATION_ITEM('') );
#1467 = CARTESIAN_POINT('',(1.3135E+03,155.));
#1468 = CARTESIAN_POINT('',(1.3135E+03,166.25833024919));
#1469 = CARTESIAN_POINT('',(1.32325E+03,160.62916512459));
#1470 = CARTESIAN_POINT('',(1.333E+03,155.));
#1471 = CARTESIAN_POINT('',(1.32325E+03,149.3708348754));
#1472 = CARTESIAN_POINT('',(1.3135E+03,143.7416697508));
#1473 = CARTESIAN_POINT('',(1.3135E+03,155.));
#1474 = ( GEOMETRIC_REPRESENTATION_CONTEXT(2) 
PARAMETRIC_REPRESENTATION_CONTEXT() REPRESENTATION_CONTEXT('2D SPACE',''
  ) );
#1475 = PCURVE('',#1476,#1481);
#1476 = CYLINDRICAL_SURFACE('',#1477,6.5);
#1477 = AXIS2_PLACEMENT_3D('',#1478,#1479,#1480);
#1478 = CARTESIAN_POINT('',(1.32E+03,155.,10.));
#1479 = DIRECTION('',(0.,0.,-1.));
#1480 = DIRECTION('',(-1.,0.,0.));
#1481 = DEFINITIONAL_REPRESENTATION('',(#1482),#1486);
#1482 = LINE('',#1483,#1484);
#1483 = CARTESIAN_POINT('',(0.,0.));
#1484 = VECTOR('',#1485,1.);
#1485 = DIRECTION('',(1.,0.));
#1486 = ( GEOMETRIC_REPRESENTATION_CONTEXT(2) 
PARAMETRIC_REPRESENTATION_CONTEXT() REPRESENTATION_CONTEXT('2D SPACE',''
  ) );
#1487 = FACE_BOUND('',#1488,.T.);
#1488 = EDGE_LOOP('',(#1489));
#1489 = ORIENTED_EDGE('',*,*,#1490,.T.);
#1490 = EDGE_CURVE('',#1491,#1491,#1493,.T.);
#1491 = VERTEX_POINT('',#1492);
#1492 = CARTESIAN_POINT('',(1.7135E+03,155.,10.));
#1493 = SURFACE_CURVE('',#1494,(#1499,#1510),.PCURVE_S1.);
#1494 = CIRCLE('',#1495,6.5);
#1495 = AXIS2_PLACEMENT_3D('',#1496,#1497,#1498);
#1496 = CARTESIAN_POINT('',(1.72E+03,155.,10.));
#1497 = DIRECTION('',(0.,0.,-1.));
#1498 = DIRECTION('',(-1.,0.,0.));
#1499 = PCURVE('',#126,#1500);
#1500 = DEFINITIONAL_REPRESENTATION('',(#1501),#1509);
#1501 = ( BOUNDED_CURVE() B_SPLINE_CURVE(2,(#1502,#1503,#1504,#1505,
#1506,#1507,#1508),.UNSPECIFIED.,.T.,.F.) B_SPLINE_CURVE_WITH_KNOTS((1,2
    ,2,2,2,1),(-2.094395102393,0.,2.094395102393,4.188790204786,
6.28318530718,8.377580409573),.UNSPECIFIED.) CURVE() 
GEOMETRIC_REPRESENTATION_ITEM() RATIONAL_B_SPLINE_CURVE((1.,0.5,1.,0.5,
1.,0.5,1.)) REPRESENTATION_ITEM('') );
#1502 = CARTESIAN_POINT('',(1.7135E+03,155.));
#1503 = CARTESIAN_POINT('',(1.7135E+03,166.25833024919));
#1504 = CARTESIAN_POINT('',(1.72325E+03,160.62916512459));
#1505 = CARTESIAN_POINT('',(1.733E+03,155.));
#1506 = CARTESIAN_POINT('',(1.72325E+03,149.3708348754));
#1507 = CARTESIAN_POINT('',(1.7135E+03,143.7416697508));
#1508 = CARTESIAN_POINT('',(1.7135E+03,155.));
#1509 = ( GEOMETRIC_REPRESENTATION_CONTEXT(2) 
PARAMETRIC_REPRESENTATION_CONTEXT() REPRESENTATION_CONTEXT('2D SPACE',''
  ) );
#1510 = PCURVE('',#1511,#1516);
#1511 = CYLINDRICAL_SURFACE('',#1512,6.5);
#1512 = AXIS2_PLACEMENT_3D('',#1513,#1514,#1515);
#1513 = CARTESIAN_POINT('',(1.72E+03,155.,10.));
#1514 = DIRECTION('',(0.,0.,-1.));
#1515 = DIRECTION('',(-1.,0.,0.));
#1516 = DEFINITIONAL_REPRESENTATION('',(#1517),#1521);
#1517 = LINE('',#1518,#1519);
#1518 = CARTESIAN_POINT('',(0.,0.));
#1519 = VECTOR('',#1520,1.);
#1520 = DIRECTION('',(1.,0.));
#1521 = ( GEOMETRIC_REPRESENTATION_CONTEXT(2) 
PARAMETRIC_REPRESENTATION_CONTEXT() REPRESENTATION_CONTEXT('2D SPACE',''
  ) );
#1522 = FACE_BOUND('',#1523,.T.);
#1523 = EDGE_LOOP('',(#1524));
#1524 = ORIENTED_EDGE('',*,*,#1525,.T.);
#1525 = EDGE_CURVE('',#1526,#1526,#1528,.T.);
#1526 = VERTEX_POINT('',#1527);
#1527 = CARTESIAN_POINT('',(1.9265E+03,155.,10.));
#1528 = SURFACE_CURVE('',#1529,(#1534,#1545),.PCURVE_S1.);
#1529 = CIRCLE('',#1530,6.5);
#1530 = AXIS2_PLACEMENT_3D('',#1531,#1532,#1533);
#1531 = CARTESIAN_POINT('',(1.933E+03,155.,10.));
#1532 = DIRECTION('',(0.,0.,-1.));
#1533 = DIRECTION('',(-1.,0.,0.));
#1534 = PCURVE('',#126,#1535);
#1535 = DEFINITIONAL_REPRESENTATION('',(#1536),#1544);
#1536 = ( BOUNDED_CURVE() B_SPLINE_CURVE(2,(#1537,#1538,#1539,#1540,
#1541,#1542,#1543),.UNSPECIFIED.,.T.,.F.) B_SPLINE_CURVE_WITH_KNOTS((1,2
    ,2,2,2,1),(-2.094395102393,0.,2.094395102393,4.188790204786,
6.28318530718,8.377580409573),.UNSPECIFIED.) CURVE() 
GEOMETRIC_REPRESENTATION_ITEM() RATIONAL_B_SPLINE_CURVE((1.,0.5,1.,0.5,
1.,0.5,1.)) REPRESENTATION_ITEM('') );
#1537 = CARTESIAN_POINT('',(1.9265E+03,155.));
#1538 = CARTESIAN_POINT('',(1.9265E+03,166.25833024919));
#1539 = CARTESIAN_POINT('',(1.93625E+03,160.62916512459));
#1540 = CARTESIAN_POINT('',(1.946E+03,155.));
#1541 = CARTESIAN_POINT('',(1.93625E+03,149.3708348754));
#1542 = CARTESIAN_POINT('',(1.9265E+03,143.7416697508));
#1543 = CARTESIAN_POINT('',(1.9265E+03,155.));
#1544 = ( GEOMETRIC_REPRESENTATION_CONTEXT(2) 
PARAMETRIC_REPRESENTATION_CONTEXT() REPRESENTATION_CONTEXT('2D SPACE',''
  ) );
#1545 = PCURVE('',#1546,#1551);
#1546 = CYLINDRICAL_SURFACE('',#1547,6.5);
#1547 = AXIS2_PLACEMENT_3D('',#1548,#1549,#1550);
#1548 = CARTESIAN_POINT('',(1.933E+03,155.,10.));
#1549 = DIRECTION('',(0.,0.,-1.));
#1550 = DIRECTION('',(-1.,0.,0.));
#1551 = DEFINITIONAL_REPRESENTATION('',(#1552),#1556);
#1552 = LINE('',#1553,#1554);
#1553 = CARTESIAN_POINT('',(0.,0.));
#1554 = VECTOR('',#1555,1.);
#1555 = DIRECTION('',(1.,0.));
#1556 = ( GEOMETRIC_REPRESENTATION_CONTEXT(2) 
PARAMETRIC_REPRESENTATION_CONTEXT() REPRESENTATION_CONTEXT('2D SPACE',''
  ) );
#1557 = FACE_BOUND('',#1558,.T.);
#1558 = EDGE_LOOP('',(#1559));
#1559 = ORIENTED_EDGE('',*,*,#1560,.T.);
#1560 = EDGE_CURVE('',#1561,#1561,#1563,.T.);
#1561 = VERTEX_POINT('',#1562);
#1562 = CARTESIAN_POINT('',(2.3265E+03,155.,10.));
#1563 = SURFACE_CURVE('',#1564,(#1569,#1580),.PCURVE_S1.);
#1564 = CIRCLE('',#1565,6.5);
#1565 = AXIS2_PLACEMENT_3D('',#1566,#1567,#1568);
#1566 = CARTESIAN_POINT('',(2.333E+03,155.,10.));
#1567 = DIRECTION('',(0.,0.,-1.));
#1568 = DIRECTION('',(-1.,0.,0.));
#1569 = PCURVE('',#126,#1570);
#1570 = DEFINITIONAL_REPRESENTATION('',(#1571),#1579);
#1571 = ( BOUNDED_CURVE() B_SPLINE_CURVE(2,(#1572,#1573,#1574,#1575,
#1576,#1577,#1578),.UNSPECIFIED.,.T.,.F.) B_SPLINE_CURVE_WITH_KNOTS((1,2
    ,2,2,2,1),(-2.094395102393,0.,2.094395102393,4.188790204786,
6.28318530718,8.377580409573),.UNSPECIFIED.) CURVE() 
GEOMETRIC_REPRESENTATION_ITEM() RATIONAL_B_SPLINE_CURVE((1.,0.5,1.,0.5,
1.,0.5,1.)) REPRESENTATION_ITEM('') );
#1572 = CARTESIAN_POINT('',(2.3265E+03,155.));
#1573 = CARTESIAN_POINT('',(2.3265E+03,166.25833024919));
#1574 = CARTESIAN_POINT('',(2.33625E+03,160.62916512459));
#1575 = CARTESIAN_POINT('',(2.346E+03,155.));
#1576 = CARTESIAN_POINT('',(2.33625E+03,149.3708348754));
#1577 = CARTESIAN_POINT('',(2.3265E+03,143.7416697508));
#1578 = CARTESIAN_POINT('',(2.3265E+03,155.));
#1579 = ( GEOMETRIC_REPRESENTATION_CONTEXT(2) 
PARAMETRIC_REPRESENTATION_CONTEXT() REPRESENTATION_CONTEXT('2D SPACE',''
  ) );
#1580 = PCURVE('',#1581,#1586);
#1581 = CYLINDRICAL_SURFACE('',#1582,6.5);
#1582 = AXIS2_PLACEMENT_3D('',#1583,#1584,#1585);
#1583 = CARTESIAN_POINT('',(2.333E+03,155.,10.));
#1584 = DIRECTION('',(0.,0.,-1.));
#1585 = DIRECTION('',(-1.,0.,0.));
#1586 = DEFINITIONAL_REPRESENTATION('',(#1587),#1591);
#1587 = LINE('',#1588,#1589);
#1588 = CARTESIAN_POINT('',(0.,0.));
#1589 = VECTOR('',#1590,1.);
#1590 = DIRECTION('',(1.,0.));
#1591 = ( GEOMETRIC_REPRESENTATION_CONTEXT(2) 
PARAMETRIC_REPRESENTATION_CONTEXT() REPRESENTATION_CONTEXT('2D SPACE',''
  ) );
#1592 = FACE_BOUND('',#1593,.T.);
#1593 = EDGE_LOOP('',(#1594));
#1594 = ORIENTED_EDGE('',*,*,#1595,.T.);
#1595 = EDGE_CURVE('',#1596,#1596,#1598,.T.);
#1596 = VERTEX_POINT('',#1597);
#1597 = CARTESIAN_POINT('',(2.7265E+03,155.,10.));
#1598 = SURFACE_CURVE('',#1599,(#1604,#1615),.PCURVE_S1.);
#1599 = CIRCLE('',#1600,6.5);
#1600 = AXIS2_PLACEMENT_3D('',#1601,#1602,#1603);
#1601 = CARTESIAN_POINT('',(2.733E+03,155.,10.));
#1602 = DIRECTION('',(0.,0.,-1.));
#1603 = DIRECTION('',(-1.,0.,0.));
#1604 = PCURVE('',#126,#1605);
#1605 = DEFINITIONAL_REPRESENTATION('',(#1606),#1614);
#1606 = ( BOUNDED_CURVE() B_SPLINE_CURVE(2,(#1607,#1608,#1609,#1610,
#1611,#1612,#1613),.UNSPECIFIED.,.T.,.F.) B_SPLINE_CURVE_WITH_KNOTS((1,2
    ,2,2,2,1),(-2.094395102393,0.,2.094395102393,4.188790204786,
6.28318530718,8.377580409573),.UNSPECIFIED.) CURVE() 
GEOMETRIC_REPRESENTATION_ITEM() RATIONAL_B_SPLINE_CURVE((1.,0.5,1.,0.5,
1.,0.5,1.)) REPRESENTATION_ITEM('') );
#1607 = CARTESIAN_POINT('',(2.7265E+03,155.));
#1608 = CARTESIAN_POINT('',(2.7265E+03,166.25833024919));
#1609 = CARTESIAN_POINT('',(2.73625E+03,160.62916512459));
#1610 = CARTESIAN_POINT('',(2.746E+03,155.));
#1611 = CARTESIAN_POINT('',(2.73625E+03,149.3708348754));
#1612 = CARTESIAN_POINT('',(2.7265E+03,143.7416697508));
#1613 = CARTESIAN_POINT('',(2.7265E+03,155.));
#1614 = ( GEOMETRIC_REPRESENTATION_CONTEXT(2) 
PARAMETRIC_REPRESENTATION_CONTEXT() REPRESENTATION_CONTEXT('2D SPACE',''
  ) );
#1615 = PCURVE('',#1616,#1621);
#1616 = CYLINDRICAL_SURFACE('',#1617,6.5);
#1617 = AXIS2_PLACEMENT_3D('',#1618,#1619,#1620);
#1618 = CARTESIAN_POINT('',(2.733E+03,155.,10.));
#1619 = DIRECTION('',(0.,0.,-1.));
#1620 = DIRECTION('',(-1.,0.,0.));
#1621 = DEFINITIONAL_REPRESENTATION('',(#1622),#1626);
#1622 = LINE('',#1623,#1624);
#1623 = CARTESIAN_POINT('',(0.,0.));
#1624 = VECTOR('',#1625,1.);
#1625 = DIRECTION('',(1.,0.));
#1626 = ( GEOMETRIC_REPRESENTATION_CONTEXT(2) 
PARAMETRIC_REPRESENTATION_CONTEXT() REPRESENTATION_CONTEXT('2D SPACE',''
  ) );
#1627 = FACE_BOUND('',#1628,.T.);
#1628 = EDGE_LOOP('',(#1629));
#1629 = ORIENTED_EDGE('',*,*,#1630,.T.);
#1630 = EDGE_CURVE('',#1631,#1631,#1633,.T.);
#1631 = VERTEX_POINT('',#1632);
#1632 = CARTESIAN_POINT('',(2.8265E+03,155.,10.));
#1633 = SURFACE_CURVE('',#1634,(#1639,#1650),.PCURVE_S1.);
#1634 = CIRCLE('',#1635,6.5);
#1635 = AXIS2_PLACEMENT_3D('',#1636,#1637,#1638);
#1636 = CARTESIAN_POINT('',(2.833E+03,155.,10.));
#1637 = DIRECTION('',(0.,0.,-1.));
#1638 = DIRECTION('',(-1.,0.,0.));
#1639 = PCURVE('',#126,#1640);
#1640 = DEFINITIONAL_REPRESENTATION('',(#1641),#1649);
#1641 = ( BOUNDED_CURVE() B_SPLINE_CURVE(2,(#1642,#1643,#1644,#1645,
#1646,#1647,#1648),.UNSPECIFIED.,.T.,.F.) B_SPLINE_CURVE_WITH_KNOTS((1,2
    ,2,2,2,1),(-2.094395102393,0.,2.094395102393,4.188790204786,
6.28318530718,8.377580409573),.UNSPECIFIED.) CURVE() 
GEOMETRIC_REPRESENTATION_ITEM() RATIONAL_B_SPLINE_CURVE((1.,0.5,1.,0.5,
1.,0.5,1.)) REPRESENTATION_ITEM('') );
#1642 = CARTESIAN_POINT('',(2.8265E+03,155.));
#1643 = CARTESIAN_POINT('',(2.8265E+03,166.25833024919));
#1644 = CARTESIAN_POINT('',(2.83625E+03,160.62916512459));
#1645 = CARTESIAN_POINT('',(2.846E+03,155.));
#1646 = CARTESIAN_POINT('',(2.83625E+03,149.3708348754));
#1647 = CARTESIAN_POINT('',(2.8265E+03,143.7416697508));
#1648 = CARTESIAN_POINT('',(2.8265E+03,155.));
#1649 = ( GEOMETRIC_REPRESENTATION_CONTEXT(2) 
PARAMETRIC_REPRESENTATION_CONTEXT() REPRESENTATION_CONTEXT('2D SPACE',''
  ) );
#1650 = PCURVE('',#1651,#1656);
#1651 = CYLINDRICAL_SURFACE('',#1652,6.5);
#1652 = AXIS2_PLACEMENT_3D('',#1653,#1654,#1655);
#1653 = CARTESIAN_POINT('',(2.833E+03,155.,10.));
#1654 = DIRECTION('',(0.,0.,-1.));
#1655 = DIRECTION('',(-1.,0.,0.));
#1656 = DEFINITIONAL_REPRESENTATION('',(#1657),#1661);
#1657 = LINE('',#1658,#1659);
#1658 = CARTESIAN_POINT('',(0.,0.));
#1659 = VECTOR('',#1660,1.);
#1660 = DIRECTION('',(1.,0.));
#1661 = ( GEOMETRIC_REPRESENTATION_CONTEXT(2) 
PARAMETRIC_REPRESENTATION_CONTEXT() REPRESENTATION_CONTEXT('2D SPACE',''
  ) );
#1662 = FACE_BOUND('',#1663,.T.);
#1663 = EDGE_LOOP('',(#1664));
#1664 = ORIENTED_EDGE('',*,*,#1665,.T.);
#1665 = EDGE_CURVE('',#1666,#1666,#1668,.T.);
#1666 = VERTEX_POINT('',#1667);
#1667 = CARTESIAN_POINT('',(2.9265E+03,155.,10.));
#1668 = SURFACE_CURVE('',#1669,(#1674,#1685),.PCURVE_S1.);
#1669 = CIRCLE('',#1670,6.5);
#1670 = AXIS2_PLACEMENT_3D('',#1671,#1672,#1673);
#1671 = CARTESIAN_POINT('',(2.933E+03,155.,10.));
#1672 = DIRECTION('',(0.,0.,-1.));
#1673 = DIRECTION('',(-1.,0.,0.));
#1674 = PCURVE('',#126,#1675);
#1675 = DEFINITIONAL_REPRESENTATION('',(#1676),#1684);
#1676 = ( BOUNDED_CURVE() B_SPLINE_CURVE(2,(#1677,#1678,#1679,#1680,
#1681,#1682,#1683),.UNSPECIFIED.,.T.,.F.) B_SPLINE_CURVE_WITH_KNOTS((1,2
    ,2,2,2,1),(-2.094395102393,0.,2.094395102393,4.188790204786,
6.28318530718,8.377580409573),.UNSPECIFIED.) CURVE() 
GEOMETRIC_REPRESENTATION_ITEM() RATIONAL_B_SPLINE_CURVE((1.,0.5,1.,0.5,
1.,0.5,1.)) REPRESENTATION_ITEM('') );
#1677 = CARTESIAN_POINT('',(2.9265E+03,155.));
#1678 = CARTESIAN_POINT('',(2.9265E+03,166.25833024919));
#1679 = CARTESIAN_POINT('',(2.93625E+03,160.62916512459));
#1680 = CARTESIAN_POINT('',(2.946E+03,155.));
#1681 = CARTESIAN_POINT('',(2.93625E+03,149.3708348754));
#1682 = CARTESIAN_POINT('',(2.9265E+03,143.7416697508));
#1683 = CARTESIAN_POINT('',(2.9265E+03,155.));
#1684 = ( GEOMETRIC_REPRESENTATION_CONTEXT(2) 
PARAMETRIC_REPRESENTATION_CONTEXT() REPRESENTATION_CONTEXT('2D SPACE',''
  ) );
#1685 = PCURVE('',#1686,#1691);
#1686 = CYLINDRICAL_SURFACE('',#1687,6.5);
#1687 = AXIS2_PLACEMENT_3D('',#1688,#1689,#1690);
#1688 = CARTESIAN_POINT('',(2.933E+03,155.,10.));
#1689 = DIRECTION('',(0.,0.,-1.));
#1690 = DIRECTION('',(-1.,0.,0.));
#1691 = DEFINITIONAL_REPRESENTATION('',(#1692),#1696);
#1692 = LINE('',#1693,#1694);
#1693 = CARTESIAN_POINT('',(0.,0.));
#1694 = VECTOR('',#1695,1.);
#1695 = DIRECTION('',(1.,0.));
#1696 = ( GEOMETRIC_REPRESENTATION_CONTEXT(2) 
PARAMETRIC_REPRESENTATION_CONTEXT() REPRESENTATION_CONTEXT('2D SPACE',''
  ) );
#1697 = FACE_BOUND('',#1698,.T.);
#1698 = EDGE_LOOP('',(#1699));
#1699 = ORIENTED_EDGE('',*,*,#1700,.T.);
#1700 = EDGE_CURVE('',#1701,#1701,#1703,.T.);
#1701 = VERTEX_POINT('',#1702);
#1702 = CARTESIAN_POINT('',(3.0265E+03,155.,10.));
#1703 = SURFACE_CURVE('',#1704,(#1709,#1720),.PCURVE_S1.);
#1704 = CIRCLE('',#1705,6.5);
#1705 = AXIS2_PLACEMENT_3D('',#1706,#1707,#1708);
#1706 = CARTESIAN_POINT('',(3.033E+03,155.,10.));
#1707 = DIRECTION('',(0.,0.,-1.));
#1708 = DIRECTION('',(-1.,0.,0.));
#1709 = PCURVE('',#126,#1710);
#1710 = DEFINITIONAL_REPRESENTATION('',(#1711),#1719);
#1711 = ( BOUNDED_CURVE() B_SPLINE_CURVE(2,(#1712,#1713,#1714,#1715,
#1716,#1717,#1718),.UNSPECIFIED.,.T.,.F.) B_SPLINE_CURVE_WITH_KNOTS((1,2
    ,2,2,2,1),(-2.094395102393,0.,2.094395102393,4.188790204786,
6.28318530718,8.377580409573),.UNSPECIFIED.) CURVE() 
GEOMETRIC_REPRESENTATION_ITEM() RATIONAL_B_SPLINE_CURVE((1.,0.5,1.,0.5,
1.,0.5,1.)) REPRESENTATION_ITEM('') );
#1712 = CARTESIAN_POINT('',(3.0265E+03,155.));
#1713 = CARTESIAN_POINT('',(3.0265E+03,166.25833024919));
#1714 = CARTESIAN_POINT('',(3.03625E+03,160.62916512459));
#1715 = CARTESIAN_POINT('',(3.046E+03,155.));
#1716 = CARTESIAN_POINT('',(3.03625E+03,149.3708348754));
#1717 = CARTESIAN_POINT('',(3.0265E+03,143.7416697508));
#1718 = CARTESIAN_POINT('',(3.0265E+03,155.));
#1719 = ( GEOMETRIC_REPRESENTATION_CONTEXT(2) 
PARAMETRIC_REPRESENTATION_CONTEXT() REPRESENTATION_CONTEXT('2D SPACE',''
  ) );
#1720 = PCURVE('',#1721,#1726);
#1721 = CYLINDRICAL_SURFACE('',#1722,6.5);
#1722 = AXIS2_PLACEMENT_3D('',#1723,#1724,#1725);
#1723 = CARTESIAN_POINT('',(3.033E+03,155.,10.));
#1724 = DIRECTION('',(0.,0.,-1.));
#1725 = DIRECTION('',(-1.,0.,0.));
#1726 = DEFINITIONAL_REPRESENTATION('',(#1727),#1731);
#1727 = LINE('',#1728,#1729);
#1728 = CARTESIAN_POINT('',(0.,0.));
#1729 = VECTOR('',#1730,1.);
#1730 = DIRECTION('',(1.,0.));
#1731 = ( GEOMETRIC_REPRESENTATION_CONTEXT(2) 
PARAMETRIC_REPRESENTATION_CONTEXT() REPRESENTATION_CONTEXT('2D SPACE',''
  ) );
#1732 = FACE_BOUND('',#1733,.T.);
#1733 = EDGE_LOOP('',(#1734));
#1734 = ORIENTED_EDGE('',*,*,#1735,.T.);
#1735 = EDGE_CURVE('',#1736,#1736,#1738,.T.);
#1736 = VERTEX_POINT('',#1737);
#1737 = CARTESIAN_POINT('',(3.1265E+03,155.,10.));
#1738 = SURFACE_CURVE('',#1739,(#1744,#1755),.PCURVE_S1.);
#1739 = CIRCLE('',#1740,6.5);
#1740 = AXIS2_PLACEMENT_3D('',#1741,#1742,#1743);
#1741 = CARTESIAN_POINT('',(3.133E+03,155.,10.));
#1742 = DIRECTION('',(0.,0.,-1.));
#1743 = DIRECTION('',(-1.,0.,0.));
#1744 = PCURVE('',#126,#1745);
#1745 = DEFINITIONAL_REPRESENTATION('',(#1746),#1754);
#1746 = ( BOUNDED_CURVE() B_SPLINE_CURVE(2,(#1747,#1748,#1749,#1750,
#1751,#1752,#1753),.UNSPECIFIED.,.T.,.F.) B_SPLINE_CURVE_WITH_KNOTS((1,2
    ,2,2,2,1),(-2.094395102393,0.,2.094395102393,4.188790204786,
6.28318530718,8.377580409573),.UNSPECIFIED.) CURVE() 
GEOMETRIC_REPRESENTATION_ITEM() RATIONAL_B_SPLINE_CURVE((1.,0.5,1.,0.5,
1.,0.5,1.)) REPRESENTATION_ITEM('') );
#1747 = CARTESIAN_POINT('',(3.1265E+03,155.));
#1748 = CARTESIAN_POINT('',(3.1265E+03,166.25833024919));
#1749 = CARTESIAN_POINT('',(3.13625E+03,160.62916512459));
#1750 = CARTESIAN_POINT('',(3.146E+03,155.));
#1751 = CARTESIAN_POINT('',(3.13625E+03,149.3708348754));
#1752 = CARTESIAN_POINT('',(3.1265E+03,143.7416697508));
#1753 = CARTESIAN_POINT('',(3.1265E+03,155.));
#1754 = ( GEOMETRIC_REPRESENTATION_CONTEXT(2) 
PARAMETRIC_REPRESENTATION_CONTEXT() REPRESENTATION_CONTEXT('2D SPACE',''
  ) );
#1755 = PCURVE('',#1756,#1761);
#1756 = CYLINDRICAL_SURFACE('',#1757,6.5);
#1757 = AXIS2_PLACEMENT_3D('',#1758,#1759,#1760);
#1758 = CARTESIAN_POINT('',(3.133E+03,155.,10.));
#1759 = DIRECTION('',(0.,0.,-1.));
#1760 = DIRECTION('',(-1.,0.,0.));
#1761 = DEFINITIONAL_REPRESENTATION('',(#1762),#1766);
#1762 = LINE('',#1763,#1764);
#1763 = CARTESIAN_POINT('',(0.,0.));
#1764 = VECTOR('',#1765,1.);
#1765 = DIRECTION('',(1.,0.));
#1766 = ( GEOMETRIC_REPRESENTATION_CONTEXT(2) 
PARAMETRIC_REPRESENTATION_CONTEXT() REPRESENTATION_CONTEXT('2D SPACE',''
  ) );
#1767 = FACE_BOUND('',#1768,.T.);
#1768 = EDGE_LOOP('',(#1769));
#1769 = ORIENTED_EDGE('',*,*,#1770,.T.);
#1770 = EDGE_CURVE('',#1771,#1771,#1773,.T.);
#1771 = VERTEX_POINT('',#1772);
#1772 = CARTESIAN_POINT('',(3.2265E+03,155.,10.));
#1773 = SURFACE_CURVE('',#1774,(#1779,#1790),.PCURVE_S1.);
#1774 = CIRCLE('',#1775,6.5);
#1775 = AXIS2_PLACEMENT_3D('',#1776,#1777,#1778);
#1776 = CARTESIAN_POINT('',(3.233E+03,155.,10.));
#1777 = DIRECTION('',(0.,0.,-1.));
#1778 = DIRECTION('',(-1.,0.,0.));
#1779 = PCURVE('',#126,#1780);
#1780 = DEFINITIONAL_REPRESENTATION('',(#1781),#1789);
#1781 = ( BOUNDED_CURVE() B_SPLINE_CURVE(2,(#1782,#1783,#1784,#1785,
#1786,#1787,#1788),.UNSPECIFIED.,.T.,.F.) B_SPLINE_CURVE_WITH_KNOTS((1,2
    ,2,2,2,1),(-2.094395102393,0.,2.094395102393,4.188790204786,
6.28318530718,8.377580409573),.UNSPECIFIED.) CURVE() 
GEOMETRIC_REPRESENTATION_ITEM() RATIONAL_B_SPLINE_CURVE((1.,0.5,1.,0.5,
1.,0.5,1.)) REPRESENTATION_ITEM('') );
#1782 = CARTESIAN_POINT('',(3.2265E+03,155.));
#1783 = CARTESIAN_POINT('',(3.2265E+03,166.25833024919));
#1784 = CARTESIAN_POINT('',(3.23625E+03,160.62916512459));
#1785 = CARTESIAN_POINT('',(3.246E+03,155.));
#1786 = CARTESIAN_POINT('',(3.23625E+03,149.3708348754));
#1787 = CARTESIAN_POINT('',(3.2265E+03,143.7416697508));
#1788 = CARTESIAN_POINT('',(3.2265E+03,155.));
#1789 = ( GEOMETRIC_REPRESENTATION_CONTEXT(2) 
PARAMETRIC_REPRESENTATION_CONTEXT() REPRESENTATION_CONTEXT('2D SPACE',''
  ) );
#1790 = PCURVE('',#1791,#1796);
#1791 = CYLINDRICAL_SURFACE('',#1792,6.5);
#1792 = AXIS2_PLACEMENT_3D('',#1793,#1794,#1795);
#1793 = CARTESIAN_POINT('',(3.233E+03,155.,10.));
#1794 = DIRECTION('',(0.,0.,-1.));
#1795 = DIRECTION('',(-1.,0.,0.));
#1796 = DEFINITIONAL_REPRESENTATION('',(#1797),#1801);
#1797 = LINE('',#1798,#1799);
#1798 = CARTESIAN_POINT('',(0.,0.));
#1799 = VECTOR('',#1800,1.);
#1800 = DIRECTION('',(1.,0.));
#1801 = ( GEOMETRIC_REPRESENTATION_CONTEXT(2) 
PARAMETRIC_REPRESENTATION_CONTEXT() REPRESENTATION_CONTEXT('2D SPACE',''
  ) );
#1802 = FACE_BOUND('',#1803,.T.);
#1803 = EDGE_LOOP('',(#1804));
#1804 = ORIENTED_EDGE('',*,*,#1805,.T.);
#1805 = EDGE_CURVE('',#1806,#1806,#1808,.T.);
#1806 = VERTEX_POINT('',#1807);
#1807 = CARTESIAN_POINT('',(3.3265E+03,155.,10.));
#1808 = SURFACE_CURVE('',#1809,(#1814,#1825),.PCURVE_S1.);
#1809 = CIRCLE('',#1810,6.5);
#1810 = AXIS2_PLACEMENT_3D('',#1811,#1812,#1813);
#1811 = CARTESIAN_POINT('',(3.333E+03,155.,10.));
#1812 = DIRECTION('',(0.,0.,-1.));
#1813 = DIRECTION('',(-1.,0.,0.));
#1814 = PCURVE('',#126,#1815);
#1815 = DEFINITIONAL_REPRESENTATION('',(#1816),#1824);
#1816 = ( BOUNDED_CURVE() B_SPLINE_CURVE(2,(#1817,#1818,#1819,#1820,
#1821,#1822,#1823),.UNSPECIFIED.,.T.,.F.) B_SPLINE_CURVE_WITH_KNOTS((1,2
    ,2,2,2,1),(-2.094395102393,0.,2.094395102393,4.188790204786,
6.28318530718,8.377580409573),.UNSPECIFIED.) CURVE() 
GEOMETRIC_REPRESENTATION_ITEM() RATIONAL_B_SPLINE_CURVE((1.,0.5,1.,0.5,
1.,0.5,1.)) REPRESENTATION_ITEM('') );
#1817 = CARTESIAN_POINT('',(3.3265E+03,155.));
#1818 = CARTESIAN_POINT('',(3.3265E+03,166.25833024919));
#1819 = CARTESIAN_POINT('',(3.33625E+03,160.62916512459));
#1820 = CARTESIAN_POINT('',(3.346E+03,155.));
#1821 = CARTESIAN_POINT('',(3.33625E+03,149.3708348754));
#1822 = CARTESIAN_POINT('',(3.3265E+03,143.7416697508));
#1823 = CARTESIAN_POINT('',(3.3265E+03,155.));
#1824 = ( GEOMETRIC_REPRESENTATION_CONTEXT(2) 
PARAMETRIC_REPRESENTATION_CONTEXT() REPRESENTATION_CONTEXT('2D SPACE',''
  ) );
#1825 = PCURVE('',#1826,#1831);
#1826 = CYLINDRICAL_SURFACE('',#1827,6.5);
#1827 = AXIS2_PLACEMENT_3D('',#1828,#1829,#1830);
#1828 = CARTESIAN_POINT('',(3.333E+03,155.,10.));
#1829 = DIRECTION('',(0.,0.,-1.));
#1830 = DIRECTION('',(-1.,0.,0.));
#1831 = DEFINITIONAL_REPRESENTATION('',(#1832),#1836);
#1832 = LINE('',#1833,#1834);
#1833 = CARTESIAN_POINT('',(0.,0.));
#1834 = VECTOR('',#1835,1.);
#1835 = DIRECTION('',(1.,0.));
#1836 = ( GEOMETRIC_REPRESENTATION_CONTEXT(2) 
PARAMETRIC_REPRESENTATION_CONTEXT() REPRESENTATION_CONTEXT('2D SPACE',''
  ) );
#1837 = FACE_BOUND('',#1838,.T.);
#1838 = EDGE_LOOP('',(#1839));
#1839 = ORIENTED_EDGE('',*,*,#1840,.T.);
#1840 = EDGE_CURVE('',#1841,#1841,#1843,.T.);
#1841 = VERTEX_POINT('',#1842);
#1842 = CARTESIAN_POINT('',(3.4265E+03,155.,10.));
#1843 = SURFACE_CURVE('',#1844,(#1849,#1860),.PCURVE_S1.);
#1844 = CIRCLE('',#1845,6.5);
#1845 = AXIS2_PLACEMENT_3D('',#1846,#1847,#1848);
#1846 = CARTESIAN_POINT('',(3.433E+03,155.,10.));
#1847 = DIRECTION('',(0.,0.,-1.));
#1848 = DIRECTION('',(-1.,0.,0.));
#1849 = PCURVE('',#126,#1850);
#1850 = DEFINITIONAL_REPRESENTATION('',(#1851),#1859);
#1851 = ( BOUNDED_CURVE() B_SPLINE_CURVE(2,(#1852,#1853,#1854,#1855,
#1856,#1857,#1858),.UNSPECIFIED.,.T.,.F.) B_SPLINE_CURVE_WITH_KNOTS((1,2
    ,2,2,2,1),(-2.094395102393,0.,2.094395102393,4.188790204786,
6.28318530718,8.377580409573),.UNSPECIFIED.) CURVE() 
GEOMETRIC_REPRESENTATION_ITEM() RATIONAL_B_SPLINE_CURVE((1.,0.5,1.,0.5,
1.,0.5,1.)) REPRESENTATION_ITEM('') );
#1852 = CARTESIAN_POINT('',(3.4265E+03,155.));
#1853 = CARTESIAN_POINT('',(3.4265E+03,166.25833024919));
#1854 = CARTESIAN_POINT('',(3.43625E+03,160.62916512459));
#1855 = CARTESIAN_POINT('',(3.446E+03,155.));
#1856 = CARTESIAN_POINT('',(3.43625E+03,149.3708348754));
#1857 = CARTESIAN_POINT('',(3.4265E+03,143.7416697508));
#1858 = CARTESIAN_POINT('',(3.4265E+03,155.));
#1859 = ( GEOMETRIC_REPRESENTATION_CONTEXT(2) 
PARAMETRIC_REPRESENTATION_CONTEXT() REPRESENTATION_CONTEXT('2D SPACE',''
  ) );
#1860 = PCURVE('',#1861,#1866);
#1861 = CYLINDRICAL_SURFACE('',#1862,6.5);
#1862 = AXIS2_PLACEMENT_3D('',#1863,#1864,#1865);
#1863 = CARTESIAN_POINT('',(3.433E+03,155.,10.));
#1864 = DIRECTION('',(0.,0.,-1.));
#1865 = DIRECTION('',(-1.,0.,0.));
#1866 = DEFINITIONAL_REPRESENTATION('',(#1867),#1871);
#1867 = LINE('',#1868,#1869);
#1868 = CARTESIAN_POINT('',(0.,0.));
#1869 = VECTOR('',#1870,1.);
#1870 = DIRECTION('',(1.,0.));
#1871 = ( GEOMETRIC_REPRESENTATION_CONTEXT(2) 
PARAMETRIC_REPRESENTATION_CONTEXT() REPRESENTATION_CONTEXT('2D SPACE',''
  ) );
#1872 = FACE_BOUND('',#1873,.T.);
#1873 = EDGE_LOOP('',(#1874));
#1874 = ORIENTED_EDGE('',*,*,#1875,.T.);
#1875 = EDGE_CURVE('',#1876,#1876,#1878,.T.);
#1876 = VERTEX_POINT('',#1877);
#1877 = CARTESIAN_POINT('',(3.5265E+03,155.,10.));
#1878 = SURFACE_CURVE('',#1879,(#1884,#1895),.PCURVE_S1.);
#1879 = CIRCLE('',#1880,6.5);
#1880 = AXIS2_PLACEMENT_3D('',#1881,#1882,#1883);
#1881 = CARTESIAN_POINT('',(3.533E+03,155.,10.));
#1882 = DIRECTION('',(0.,0.,-1.));
#1883 = DIRECTION('',(-1.,0.,0.));
#1884 = PCURVE('',#126,#1885);
#1885 = DEFINITIONAL_REPRESENTATION('',(#1886),#1894);
#1886 = ( BOUNDED_CURVE() B_SPLINE_CURVE(2,(#1887,#1888,#1889,#1890,
#1891,#1892,#1893),.UNSPECIFIED.,.T.,.F.) B_SPLINE_CURVE_WITH_KNOTS((1,2
    ,2,2,2,1),(-2.094395102393,0.,2.094395102393,4.188790204786,
6.28318530718,8.377580409573),.UNSPECIFIED.) CURVE() 
GEOMETRIC_REPRESENTATION_ITEM() RATIONAL_B_SPLINE_CURVE((1.,0.5,1.,0.5,
1.,0.5,1.)) REPRESENTATION_ITEM('') );
#1887 = CARTESIAN_POINT('',(3.5265E+03,155.));
#1888 = CARTESIAN_POINT('',(3.5265E+03,166.25833024919));
#1889 = CARTESIAN_POINT('',(3.53625E+03,160.62916512459));
#1890 = CARTESIAN_POINT('',(3.546E+03,155.));
#1891 = CARTESIAN_POINT('',(3.53625E+03,149.3708348754));
#1892 = CARTESIAN_POINT('',(3.5265E+03,143.7416697508));
#1893 = CARTESIAN_POINT('',(3.5265E+03,155.));
#1894 = ( GEOMETRIC_REPRESENTATION_CONTEXT(2) 
PARAMETRIC_REPRESENTATION_CONTEXT() REPRESENTATION_CONTEXT('2D SPACE',''
  ) );
#1895 = PCURVE('',#1896,#1901);
#1896 = CYLINDRICAL_SURFACE('',#1897,6.5);
#1897 = AXIS2_PLACEMENT_3D('',#1898,#1899,#1900);
#1898 = CARTESIAN_POINT('',(3.533E+03,155.,10.));
#1899 = DIRECTION('',(0.,0.,-1.));
#1900 = DIRECTION('',(-1.,0.,0.));
#1901 = DEFINITIONAL_REPRESENTATION('',(#1902),#1906);
#1902 = LINE('',#1903,#1904);
#1903 = CARTESIAN_POINT('',(0.,0.));
#1904 = VECTOR('',#1905,1.);
#1905 = DIRECTION('',(1.,0.));
#1906 = ( GEOMETRIC_REPRESENTATION_CONTEXT(2) 
PARAMETRIC_REPRESENTATION_CONTEXT() REPRESENTATION_CONTEXT('2D SPACE',''
  ) );
#1907 = FACE_BOUND('',#1908,.T.);
#1908 = EDGE_LOOP('',(#1909));
#1909 = ORIENTED_EDGE('',*,*,#1910,.T.);
#1910 = EDGE_CURVE('',#1911,#1911,#1913,.T.);
#1911 = VERTEX_POINT('',#1912);
#1912 = CARTESIAN_POINT('',(3.6265E+03,155.,10.));
#1913 = SURFACE_CURVE('',#1914,(#1919,#1930),.PCURVE_S1.);
#1914 = CIRCLE('',#1915,6.5);
#1915 = AXIS2_PLACEMENT_3D('',#1916,#1917,#1918);
#1916 = CARTESIAN_POINT('',(3.633E+03,155.,10.));
#1917 = DIRECTION('',(0.,0.,-1.));
#1918 = DIRECTION('',(-1.,0.,0.));
#1919 = PCURVE('',#126,#1920);
#1920 = DEFINITIONAL_REPRESENTATION('',(#1921),#1929);
#1921 = ( BOUNDED_CURVE() B_SPLINE_CURVE(2,(#1922,#1923,#1924,#1925,
#1926,#1927,#1928),.UNSPECIFIED.,.T.,.F.) B_SPLINE_CURVE_WITH_KNOTS((1,2
    ,2,2,2,1),(-2.094395102393,0.,2.094395102393,4.188790204786,
6.28318530718,8.377580409573),.UNSPECIFIED.) CURVE() 
GEOMETRIC_REPRESENTATION_ITEM() RATIONAL_B_SPLINE_CURVE((1.,0.5,1.,0.5,
1.,0.5,1.)) REPRESENTATION_ITEM('') );
#1922 = CARTESIAN_POINT('',(3.6265E+03,155.));
#1923 = CARTESIAN_POINT('',(3.6265E+03,166.25833024919));
#1924 = CARTESIAN_POINT('',(3.63625E+03,160.62916512459));
#1925 = CARTESIAN_POINT('',(3.646E+03,155.));
#1926 = CARTESIAN_POINT('',(3.63625E+03,149.3708348754));
#1927 = CARTESIAN_POINT('',(3.6265E+03,143.7416697508));
#1928 = CARTESIAN_POINT('',(3.6265E+03,155.));
#1929 = ( GEOMETRIC_REPRESENTATION_CONTEXT(2) 
PARAMETRIC_REPRESENTATION_CONTEXT() REPRESENTATION_CONTEXT('2D SPACE',''
  ) );
#1930 = PCURVE('',#1931,#1936);
#1931 = CYLINDRICAL_SURFACE('',#1932,6.5);
#1932 = AXIS2_PLACEMENT_3D('',#1933,#1934,#1935);
#1933 = CARTESIAN_POINT('',(3.633E+03,155.,10.));
#1934 = DIRECTION('',(0.,0.,-1.));
#1935 = DIRECTION('',(-1.,0.,0.));
#1936 = DEFINITIONAL_REPRESENTATION('',(#1937),#1941);
#1937 = LINE('',#1938,#1939);
#1938 = CARTESIAN_POINT('',(0.,0.));
#1939 = VECTOR('',#1940,1.);
#1940 = DIRECTION('',(1.,0.));
#1941 = ( GEOMETRIC_REPRESENTATION_CONTEXT(2) 
PARAMETRIC_REPRESENTATION_CONTEXT() REPRESENTATION_CONTEXT('2D SPACE',''
  ) );
#1942 = ADVANCED_FACE('',(#1943),#100,.T.);
#1943 = FACE_BOUND('',#1944,.T.);
#1944 = EDGE_LOOP('',(#1945,#1968,#1969,#1970));
#1945 = ORIENTED_EDGE('',*,*,#1946,.F.);
#1946 = EDGE_CURVE('',#57,#1947,#1949,.T.);
#1947 = VERTEX_POINT('',#1948);
#1948 = CARTESIAN_POINT('',(3.733E+03,200.,0.));
#1949 = SURFACE_CURVE('',#1950,(#1954,#1961),.PCURVE_S1.);
#1950 = LINE('',#1951,#1952);
#1951 = CARTESIAN_POINT('',(0.,200.,0.));
#1952 = VECTOR('',#1953,1.);
#1953 = DIRECTION('',(1.,0.,0.));
#1954 = PCURVE('',#100,#1955);
#1955 = DEFINITIONAL_REPRESENTATION('',(#1956),#1960);
#1956 = LINE('',#1957,#1958);
#1957 = CARTESIAN_POINT('',(0.,0.));
#1958 = VECTOR('',#1959,1.);
#1959 = DIRECTION('',(0.,1.));
#1960 = ( GEOMETRIC_REPRESENTATION_CONTEXT(2) 
PARAMETRIC_REPRESENTATION_CONTEXT() REPRESENTATION_CONTEXT('2D SPACE',''
  ) );
#1961 = PCURVE('',#72,#1962);
#1962 = DEFINITIONAL_REPRESENTATION('',(#1963),#1967);
#1963 = LINE('',#1964,#1965);
#1964 = CARTESIAN_POINT('',(0.,200.));
#1965 = VECTOR('',#1966,1.);
#1966 = DIRECTION('',(1.,0.));
#1967 = ( GEOMETRIC_REPRESENTATION_CONTEXT(2) 
PARAMETRIC_REPRESENTATION_CONTEXT() REPRESENTATION_CONTEXT('2D SPACE',''
  ) );
#1968 = ORIENTED_EDGE('',*,*,#84,.T.);
#1969 = ORIENTED_EDGE('',*,*,#242,.T.);
#1970 = ORIENTED_EDGE('',*,*,#1971,.F.);
#1971 = EDGE_CURVE('',#1947,#220,#1972,.T.);
#1972 = SURFACE_CURVE('',#1973,(#1977,#1984),.PCURVE_S1.);
#1973 = LINE('',#1974,#1975);
#1974 = CARTESIAN_POINT('',(3.733E+03,200.,0.));
#1975 = VECTOR('',#1976,1.);
#1976 = DIRECTION('',(0.,0.,1.));
#1977 = PCURVE('',#100,#1978);
#1978 = DEFINITIONAL_REPRESENTATION('',(#1979),#1983);
#1979 = LINE('',#1980,#1981);
#1980 = CARTESIAN_POINT('',(0.,3.733E+03));
#1981 = VECTOR('',#1982,1.);
#1982 = DIRECTION('',(1.,0.));
#1983 = ( GEOMETRIC_REPRESENTATION_CONTEXT(2) 
PARAMETRIC_REPRESENTATION_CONTEXT() REPRESENTATION_CONTEXT('2D SPACE',''
  ) );
#1984 = PCURVE('',#202,#1985);
#1985 = DEFINITIONAL_REPRESENTATION('',(#1986),#1990);
#1986 = LINE('',#1987,#1988);
#1987 = CARTESIAN_POINT('',(0.,-200.));
#1988 = VECTOR('',#1989,1.);
#1989 = DIRECTION('',(1.,0.));
#1990 = ( GEOMETRIC_REPRESENTATION_CONTEXT(2) 
PARAMETRIC_REPRESENTATION_CONTEXT() REPRESENTATION_CONTEXT('2D SPACE',''
  ) );
#1991 = ADVANCED_FACE('',(#1992,#2018,#2048,#2078,#2108,#2138,#2168,
    #2198,#2228,#2258,#2288,#2318,#2348,#2378,#2408,#2438,#2468,#2498,
    #2528,#2558,#2588,#2618,#2648,#2678,#2708,#2738,#2768,#2798,#2828,
    #2858,#2888,#2918,#2948,#2978,#3008,#3038,#3068,#3098,#3128,#3158,
    #3188,#3218,#3248,#3278,#3308,#3338,#3368,#3398,#3428),#72,.F.);
#1992 = FACE_BOUND('',#1993,.F.);
#1993 = EDGE_LOOP('',(#1994,#1995,#1996,#2017));
#1994 = ORIENTED_EDGE('',*,*,#56,.F.);
#1995 = ORIENTED_EDGE('',*,*,#141,.T.);
#1996 = ORIENTED_EDGE('',*,*,#1997,.T.);
#1997 = EDGE_CURVE('',#142,#1947,#1998,.T.);
#1998 = SURFACE_CURVE('',#1999,(#2003,#2010),.PCURVE_S1.);
#1999 = LINE('',#2000,#2001);
#2000 = CARTESIAN_POINT('',(3.733E+03,0.,0.));
#2001 = VECTOR('',#2002,1.);
#2002 = DIRECTION('',(0.,1.,0.));
#2003 = PCURVE('',#72,#2004);
#2004 = DEFINITIONAL_REPRESENTATION('',(#2005),#2009);
#2005 = LINE('',#2006,#2007);
#2006 = CARTESIAN_POINT('',(3.733E+03,0.));
#2007 = VECTOR('',#2008,1.);
#2008 = DIRECTION('',(0.,1.));
#2009 = ( GEOMETRIC_REPRESENTATION_CONTEXT(2) 
PARAMETRIC_REPRESENTATION_CONTEXT() REPRESENTATION_CONTEXT('2D SPACE',''
  ) );
#2010 = PCURVE('',#202,#2011);
#2011 = DEFINITIONAL_REPRESENTATION('',(#2012),#2016);
#2012 = LINE('',#2013,#2014);
#2013 = CARTESIAN_POINT('',(0.,0.));
#2014 = VECTOR('',#2015,1.);
#2015 = DIRECTION('',(0.,-1.));
#2016 = ( GEOMETRIC_REPRESENTATION_CONTEXT(2) 
PARAMETRIC_REPRESENTATION_CONTEXT() REPRESENTATION_CONTEXT('2D SPACE',''
  ) );
#2017 = ORIENTED_EDGE('',*,*,#1946,.F.);
#2018 = FACE_BOUND('',#2019,.F.);
#2019 = EDGE_LOOP('',(#2020));
#2020 = ORIENTED_EDGE('',*,*,#2021,.T.);
#2021 = EDGE_CURVE('',#2022,#2022,#2024,.T.);
#2022 = VERTEX_POINT('',#2023);
#2023 = CARTESIAN_POINT('',(33.5,45.,0.));
#2024 = SURFACE_CURVE('',#2025,(#2030,#2041),.PCURVE_S1.);
#2025 = CIRCLE('',#2026,6.5);
#2026 = AXIS2_PLACEMENT_3D('',#2027,#2028,#2029);
#2027 = CARTESIAN_POINT('',(40.,45.,0.));
#2028 = DIRECTION('',(0.,0.,-1.));
#2029 = DIRECTION('',(-1.,0.,0.));
#2030 = PCURVE('',#72,#2031);
#2031 = DEFINITIONAL_REPRESENTATION('',(#2032),#2040);
#2032 = ( BOUNDED_CURVE() B_SPLINE_CURVE(2,(#2033,#2034,#2035,#2036,
#2037,#2038,#2039),.UNSPECIFIED.,.T.,.F.) B_SPLINE_CURVE_WITH_KNOTS((1,2
    ,2,2,2,1),(-2.094395102393,0.,2.094395102393,4.188790204786,
6.28318530718,8.377580409573),.UNSPECIFIED.) CURVE() 
GEOMETRIC_REPRESENTATION_ITEM() RATIONAL_B_SPLINE_CURVE((1.,0.5,1.,0.5,
1.,0.5,1.)) REPRESENTATION_ITEM('') );
#2033 = CARTESIAN_POINT('',(33.5,45.));
#2034 = CARTESIAN_POINT('',(33.5,56.258330249198));
#2035 = CARTESIAN_POINT('',(43.25,50.629165124599));
#2036 = CARTESIAN_POINT('',(53.,45.));
#2037 = CARTESIAN_POINT('',(43.25,39.370834875401));
#2038 = CARTESIAN_POINT('',(33.5,33.741669750802));
#2039 = CARTESIAN_POINT('',(33.5,45.));
#2040 = ( GEOMETRIC_REPRESENTATION_CONTEXT(2) 
PARAMETRIC_REPRESENTATION_CONTEXT() REPRESENTATION_CONTEXT('2D SPACE',''
  ) );
#2041 = PCURVE('',#286,#2042);
#2042 = DEFINITIONAL_REPRESENTATION('',(#2043),#2047);
#2043 = LINE('',#2044,#2045);
#2044 = CARTESIAN_POINT('',(0.,10.));
#2045 = VECTOR('',#2046,1.);
#2046 = DIRECTION('',(1.,0.));
#2047 = ( GEOMETRIC_REPRESENTATION_CONTEXT(2) 
PARAMETRIC_REPRESENTATION_CONTEXT() REPRESENTATION_CONTEXT('2D SPACE',''
  ) );
#2048 = FACE_BOUND('',#2049,.F.);
#2049 = EDGE_LOOP('',(#2050));
#2050 = ORIENTED_EDGE('',*,*,#2051,.T.);
#2051 = EDGE_CURVE('',#2052,#2052,#2054,.T.);
#2052 = VERTEX_POINT('',#2053);
#2053 = CARTESIAN_POINT('',(113.5,45.,0.));
#2054 = SURFACE_CURVE('',#2055,(#2060,#2071),.PCURVE_S1.);
#2055 = CIRCLE('',#2056,6.5);
#2056 = AXIS2_PLACEMENT_3D('',#2057,#2058,#2059);
#2057 = CARTESIAN_POINT('',(120.,45.,0.));
#2058 = DIRECTION('',(0.,0.,-1.));
#2059 = DIRECTION('',(-1.,0.,0.));
#2060 = PCURVE('',#72,#2061);
#2061 = DEFINITIONAL_REPRESENTATION('',(#2062),#2070);
#2062 = ( BOUNDED_CURVE() B_SPLINE_CURVE(2,(#2063,#2064,#2065,#2066,
#2067,#2068,#2069),.UNSPECIFIED.,.T.,.F.) B_SPLINE_CURVE_WITH_KNOTS((1,2
    ,2,2,2,1),(-2.094395102393,0.,2.094395102393,4.188790204786,
6.28318530718,8.377580409573),.UNSPECIFIED.) CURVE() 
GEOMETRIC_REPRESENTATION_ITEM() RATIONAL_B_SPLINE_CURVE((1.,0.5,1.,0.5,
1.,0.5,1.)) REPRESENTATION_ITEM('') );
#2063 = CARTESIAN_POINT('',(113.5,45.));
#2064 = CARTESIAN_POINT('',(113.5,56.258330249198));
#2065 = CARTESIAN_POINT('',(123.25,50.629165124599));
#2066 = CARTESIAN_POINT('',(133.,45.));
#2067 = CARTESIAN_POINT('',(123.25,39.370834875401));
#2068 = CARTESIAN_POINT('',(113.5,33.741669750802));
#2069 = CARTESIAN_POINT('',(113.5,45.));
#2070 = ( GEOMETRIC_REPRESENTATION_CONTEXT(2) 
PARAMETRIC_REPRESENTATION_CONTEXT() REPRESENTATION_CONTEXT('2D SPACE',''
  ) );
#2071 = PCURVE('',#321,#2072);
#2072 = DEFINITIONAL_REPRESENTATION('',(#2073),#2077);
#2073 = LINE('',#2074,#2075);
#2074 = CARTESIAN_POINT('',(0.,10.));
#2075 = VECTOR('',#2076,1.);
#2076 = DIRECTION('',(1.,0.));
#2077 = ( GEOMETRIC_REPRESENTATION_CONTEXT(2) 
PARAMETRIC_REPRESENTATION_CONTEXT() REPRESENTATION_CONTEXT('2D SPACE',''
  ) );
#2078 = FACE_BOUND('',#2079,.F.);
#2079 = EDGE_LOOP('',(#2080));
#2080 = ORIENTED_EDGE('',*,*,#2081,.T.);
#2081 = EDGE_CURVE('',#2082,#2082,#2084,.T.);
#2082 = VERTEX_POINT('',#2083);
#2083 = CARTESIAN_POINT('',(193.5,45.,0.));
#2084 = SURFACE_CURVE('',#2085,(#2090,#2101),.PCURVE_S1.);
#2085 = CIRCLE('',#2086,6.5);
#2086 = AXIS2_PLACEMENT_3D('',#2087,#2088,#2089);
#2087 = CARTESIAN_POINT('',(200.,45.,0.));
#2088 = DIRECTION('',(0.,0.,-1.));
#2089 = DIRECTION('',(-1.,0.,0.));
#2090 = PCURVE('',#72,#2091);
#2091 = DEFINITIONAL_REPRESENTATION('',(#2092),#2100);
#2092 = ( BOUNDED_CURVE() B_SPLINE_CURVE(2,(#2093,#2094,#2095,#2096,
#2097,#2098,#2099),.UNSPECIFIED.,.T.,.F.) B_SPLINE_CURVE_WITH_KNOTS((1,2
    ,2,2,2,1),(-2.094395102393,0.,2.094395102393,4.188790204786,
6.28318530718,8.377580409573),.UNSPECIFIED.) CURVE() 
GEOMETRIC_REPRESENTATION_ITEM() RATIONAL_B_SPLINE_CURVE((1.,0.5,1.,0.5,
1.,0.5,1.)) REPRESENTATION_ITEM('') );
#2093 = CARTESIAN_POINT('',(193.5,45.));
#2094 = CARTESIAN_POINT('',(193.5,56.258330249198));
#2095 = CARTESIAN_POINT('',(203.25,50.629165124599));
#2096 = CARTESIAN_POINT('',(213.,45.));
#2097 = CARTESIAN_POINT('',(203.25,39.370834875401));
#2098 = CARTESIAN_POINT('',(193.5,33.741669750802));
#2099 = CARTESIAN_POINT('',(193.5,45.));
#2100 = ( GEOMETRIC_REPRESENTATION_CONTEXT(2) 
PARAMETRIC_REPRESENTATION_CONTEXT() REPRESENTATION_CONTEXT('2D SPACE',''
  ) );
#2101 = PCURVE('',#356,#2102);
#2102 = DEFINITIONAL_REPRESENTATION('',(#2103),#2107);
#2103 = LINE('',#2104,#2105);
#2104 = CARTESIAN_POINT('',(0.,10.));
#2105 = VECTOR('',#2106,1.);
#2106 = DIRECTION('',(1.,0.));
#2107 = ( GEOMETRIC_REPRESENTATION_CONTEXT(2) 
PARAMETRIC_REPRESENTATION_CONTEXT() REPRESENTATION_CONTEXT('2D SPACE',''
  ) );
#2108 = FACE_BOUND('',#2109,.F.);
#2109 = EDGE_LOOP('',(#2110));
#2110 = ORIENTED_EDGE('',*,*,#2111,.T.);
#2111 = EDGE_CURVE('',#2112,#2112,#2114,.T.);
#2112 = VERTEX_POINT('',#2113);
#2113 = CARTESIAN_POINT('',(273.5,45.,0.));
#2114 = SURFACE_CURVE('',#2115,(#2120,#2131),.PCURVE_S1.);
#2115 = CIRCLE('',#2116,6.5);
#2116 = AXIS2_PLACEMENT_3D('',#2117,#2118,#2119);
#2117 = CARTESIAN_POINT('',(280.,45.,0.));
#2118 = DIRECTION('',(0.,0.,-1.));
#2119 = DIRECTION('',(-1.,0.,0.));
#2120 = PCURVE('',#72,#2121);
#2121 = DEFINITIONAL_REPRESENTATION('',(#2122),#2130);
#2122 = ( BOUNDED_CURVE() B_SPLINE_CURVE(2,(#2123,#2124,#2125,#2126,
#2127,#2128,#2129),.UNSPECIFIED.,.T.,.F.) B_SPLINE_CURVE_WITH_KNOTS((1,2
    ,2,2,2,1),(-2.094395102393,0.,2.094395102393,4.188790204786,
6.28318530718,8.377580409573),.UNSPECIFIED.) CURVE() 
GEOMETRIC_REPRESENTATION_ITEM() RATIONAL_B_SPLINE_CURVE((1.,0.5,1.,0.5,
1.,0.5,1.)) REPRESENTATION_ITEM('') );
#2123 = CARTESIAN_POINT('',(273.5,45.));
#2124 = CARTESIAN_POINT('',(273.5,56.258330249198));
#2125 = CARTESIAN_POINT('',(283.25,50.629165124599));
#2126 = CARTESIAN_POINT('',(293.,45.));
#2127 = CARTESIAN_POINT('',(283.25,39.370834875401));
#2128 = CARTESIAN_POINT('',(273.5,33.741669750802));
#2129 = CARTESIAN_POINT('',(273.5,45.));
#2130 = ( GEOMETRIC_REPRESENTATION_CONTEXT(2) 
PARAMETRIC_REPRESENTATION_CONTEXT() REPRESENTATION_CONTEXT('2D SPACE',''
  ) );
#2131 = PCURVE('',#391,#2132);
#2132 = DEFINITIONAL_REPRESENTATION('',(#2133),#2137);
#2133 = LINE('',#2134,#2135);
#2134 = CARTESIAN_POINT('',(0.,10.));
#2135 = VECTOR('',#2136,1.);
#2136 = DIRECTION('',(1.,0.));
#2137 = ( GEOMETRIC_REPRESENTATION_CONTEXT(2) 
PARAMETRIC_REPRESENTATION_CONTEXT() REPRESENTATION_CONTEXT('2D SPACE',''
  ) );
#2138 = FACE_BOUND('',#2139,.F.);
#2139 = EDGE_LOOP('',(#2140));
#2140 = ORIENTED_EDGE('',*,*,#2141,.T.);
#2141 = EDGE_CURVE('',#2142,#2142,#2144,.T.);
#2142 = VERTEX_POINT('',#2143);
#2143 = CARTESIAN_POINT('',(353.5,45.,0.));
#2144 = SURFACE_CURVE('',#2145,(#2150,#2161),.PCURVE_S1.);
#2145 = CIRCLE('',#2146,6.5);
#2146 = AXIS2_PLACEMENT_3D('',#2147,#2148,#2149);
#2147 = CARTESIAN_POINT('',(360.,45.,0.));
#2148 = DIRECTION('',(0.,0.,-1.));
#2149 = DIRECTION('',(-1.,0.,0.));
#2150 = PCURVE('',#72,#2151);
#2151 = DEFINITIONAL_REPRESENTATION('',(#2152),#2160);
#2152 = ( BOUNDED_CURVE() B_SPLINE_CURVE(2,(#2153,#2154,#2155,#2156,
#2157,#2158,#2159),.UNSPECIFIED.,.T.,.F.) B_SPLINE_CURVE_WITH_KNOTS((1,2
    ,2,2,2,1),(-2.094395102393,0.,2.094395102393,4.188790204786,
6.28318530718,8.377580409573),.UNSPECIFIED.) CURVE() 
GEOMETRIC_REPRESENTATION_ITEM() RATIONAL_B_SPLINE_CURVE((1.,0.5,1.,0.5,
1.,0.5,1.)) REPRESENTATION_ITEM('') );
#2153 = CARTESIAN_POINT('',(353.5,45.));
#2154 = CARTESIAN_POINT('',(353.5,56.258330249198));
#2155 = CARTESIAN_POINT('',(363.25,50.629165124599));
#2156 = CARTESIAN_POINT('',(373.,45.));
#2157 = CARTESIAN_POINT('',(363.25,39.370834875401));
#2158 = CARTESIAN_POINT('',(353.5,33.741669750802));
#2159 = CARTESIAN_POINT('',(353.5,45.));
#2160 = ( GEOMETRIC_REPRESENTATION_CONTEXT(2) 
PARAMETRIC_REPRESENTATION_CONTEXT() REPRESENTATION_CONTEXT('2D SPACE',''
  ) );
#2161 = PCURVE('',#426,#2162);
#2162 = DEFINITIONAL_REPRESENTATION('',(#2163),#2167);
#2163 = LINE('',#2164,#2165);
#2164 = CARTESIAN_POINT('',(0.,10.));
#2165 = VECTOR('',#2166,1.);
#2166 = DIRECTION('',(1.,0.));
#2167 = ( GEOMETRIC_REPRESENTATION_CONTEXT(2) 
PARAMETRIC_REPRESENTATION_CONTEXT() REPRESENTATION_CONTEXT('2D SPACE',''
  ) );
#2168 = FACE_BOUND('',#2169,.F.);
#2169 = EDGE_LOOP('',(#2170));
#2170 = ORIENTED_EDGE('',*,*,#2171,.T.);
#2171 = EDGE_CURVE('',#2172,#2172,#2174,.T.);
#2172 = VERTEX_POINT('',#2173);
#2173 = CARTESIAN_POINT('',(433.5,45.,0.));
#2174 = SURFACE_CURVE('',#2175,(#2180,#2191),.PCURVE_S1.);
#2175 = CIRCLE('',#2176,6.5);
#2176 = AXIS2_PLACEMENT_3D('',#2177,#2178,#2179);
#2177 = CARTESIAN_POINT('',(440.,45.,0.));
#2178 = DIRECTION('',(0.,0.,-1.));
#2179 = DIRECTION('',(-1.,0.,0.));
#2180 = PCURVE('',#72,#2181);
#2181 = DEFINITIONAL_REPRESENTATION('',(#2182),#2190);
#2182 = ( BOUNDED_CURVE() B_SPLINE_CURVE(2,(#2183,#2184,#2185,#2186,
#2187,#2188,#2189),.UNSPECIFIED.,.T.,.F.) B_SPLINE_CURVE_WITH_KNOTS((1,2
    ,2,2,2,1),(-2.094395102393,0.,2.094395102393,4.188790204786,
6.28318530718,8.377580409573),.UNSPECIFIED.) CURVE() 
GEOMETRIC_REPRESENTATION_ITEM() RATIONAL_B_SPLINE_CURVE((1.,0.5,1.,0.5,
1.,0.5,1.)) REPRESENTATION_ITEM('') );
#2183 = CARTESIAN_POINT('',(433.5,45.));
#2184 = CARTESIAN_POINT('',(433.5,56.258330249198));
#2185 = CARTESIAN_POINT('',(443.25,50.629165124599));
#2186 = CARTESIAN_POINT('',(453.,45.));
#2187 = CARTESIAN_POINT('',(443.25,39.370834875401));
#2188 = CARTESIAN_POINT('',(433.5,33.741669750802));
#2189 = CARTESIAN_POINT('',(433.5,45.));
#2190 = ( GEOMETRIC_REPRESENTATION_CONTEXT(2) 
PARAMETRIC_REPRESENTATION_CONTEXT() REPRESENTATION_CONTEXT('2D SPACE',''
  ) );
#2191 = PCURVE('',#461,#2192);
#2192 = DEFINITIONAL_REPRESENTATION('',(#2193),#2197);
#2193 = LINE('',#2194,#2195);
#2194 = CARTESIAN_POINT('',(0.,10.));
#2195 = VECTOR('',#2196,1.);
#2196 = DIRECTION('',(1.,0.));
#2197 = ( GEOMETRIC_REPRESENTATION_CONTEXT(2) 
PARAMETRIC_REPRESENTATION_CONTEXT() REPRESENTATION_CONTEXT('2D SPACE',''
  ) );
#2198 = FACE_BOUND('',#2199,.F.);
#2199 = EDGE_LOOP('',(#2200));
#2200 = ORIENTED_EDGE('',*,*,#2201,.T.);
#2201 = EDGE_CURVE('',#2202,#2202,#2204,.T.);
#2202 = VERTEX_POINT('',#2203);
#2203 = CARTESIAN_POINT('',(513.5,45.,0.));
#2204 = SURFACE_CURVE('',#2205,(#2210,#2221),.PCURVE_S1.);
#2205 = CIRCLE('',#2206,6.5);
#2206 = AXIS2_PLACEMENT_3D('',#2207,#2208,#2209);
#2207 = CARTESIAN_POINT('',(520.,45.,0.));
#2208 = DIRECTION('',(0.,0.,-1.));
#2209 = DIRECTION('',(-1.,0.,0.));
#2210 = PCURVE('',#72,#2211);
#2211 = DEFINITIONAL_REPRESENTATION('',(#2212),#2220);
#2212 = ( BOUNDED_CURVE() B_SPLINE_CURVE(2,(#2213,#2214,#2215,#2216,
#2217,#2218,#2219),.UNSPECIFIED.,.T.,.F.) B_SPLINE_CURVE_WITH_KNOTS((1,2
    ,2,2,2,1),(-2.094395102393,0.,2.094395102393,4.188790204786,
6.28318530718,8.377580409573),.UNSPECIFIED.) CURVE() 
GEOMETRIC_REPRESENTATION_ITEM() RATIONAL_B_SPLINE_CURVE((1.,0.5,1.,0.5,
1.,0.5,1.)) REPRESENTATION_ITEM('') );
#2213 = CARTESIAN_POINT('',(513.5,45.));
#2214 = CARTESIAN_POINT('',(513.5,56.258330249198));
#2215 = CARTESIAN_POINT('',(523.25,50.629165124599));
#2216 = CARTESIAN_POINT('',(533.,45.));
#2217 = CARTESIAN_POINT('',(523.25,39.370834875401));
#2218 = CARTESIAN_POINT('',(513.5,33.741669750802));
#2219 = CARTESIAN_POINT('',(513.5,45.));
#2220 = ( GEOMETRIC_REPRESENTATION_CONTEXT(2) 
PARAMETRIC_REPRESENTATION_CONTEXT() REPRESENTATION_CONTEXT('2D SPACE',''
  ) );
#2221 = PCURVE('',#496,#2222);
#2222 = DEFINITIONAL_REPRESENTATION('',(#2223),#2227);
#2223 = LINE('',#2224,#2225);
#2224 = CARTESIAN_POINT('',(0.,10.));
#2225 = VECTOR('',#2226,1.);
#2226 = DIRECTION('',(1.,0.));
#2227 = ( GEOMETRIC_REPRESENTATION_CONTEXT(2) 
PARAMETRIC_REPRESENTATION_CONTEXT() REPRESENTATION_CONTEXT('2D SPACE',''
  ) );
#2228 = FACE_BOUND('',#2229,.F.);
#2229 = EDGE_LOOP('',(#2230));
#2230 = ORIENTED_EDGE('',*,*,#2231,.T.);
#2231 = EDGE_CURVE('',#2232,#2232,#2234,.T.);
#2232 = VERTEX_POINT('',#2233);
#2233 = CARTESIAN_POINT('',(663.5,45.,0.));
#2234 = SURFACE_CURVE('',#2235,(#2240,#2251),.PCURVE_S1.);
#2235 = CIRCLE('',#2236,6.5);
#2236 = AXIS2_PLACEMENT_3D('',#2237,#2238,#2239);
#2237 = CARTESIAN_POINT('',(670.,45.,0.));
#2238 = DIRECTION('',(0.,0.,-1.));
#2239 = DIRECTION('',(-1.,0.,0.));
#2240 = PCURVE('',#72,#2241);
#2241 = DEFINITIONAL_REPRESENTATION('',(#2242),#2250);
#2242 = ( BOUNDED_CURVE() B_SPLINE_CURVE(2,(#2243,#2244,#2245,#2246,
#2247,#2248,#2249),.UNSPECIFIED.,.T.,.F.) B_SPLINE_CURVE_WITH_KNOTS((1,2
    ,2,2,2,1),(-2.094395102393,0.,2.094395102393,4.188790204786,
6.28318530718,8.377580409573),.UNSPECIFIED.) CURVE() 
GEOMETRIC_REPRESENTATION_ITEM() RATIONAL_B_SPLINE_CURVE((1.,0.5,1.,0.5,
1.,0.5,1.)) REPRESENTATION_ITEM('') );
#2243 = CARTESIAN_POINT('',(663.5,45.));
#2244 = CARTESIAN_POINT('',(663.5,56.258330249198));
#2245 = CARTESIAN_POINT('',(673.25,50.629165124599));
#2246 = CARTESIAN_POINT('',(683.,45.));
#2247 = CARTESIAN_POINT('',(673.25,39.370834875401));
#2248 = CARTESIAN_POINT('',(663.5,33.741669750802));
#2249 = CARTESIAN_POINT('',(663.5,45.));
#2250 = ( GEOMETRIC_REPRESENTATION_CONTEXT(2) 
PARAMETRIC_REPRESENTATION_CONTEXT() REPRESENTATION_CONTEXT('2D SPACE',''
  ) );
#2251 = PCURVE('',#531,#2252);
#2252 = DEFINITIONAL_REPRESENTATION('',(#2253),#2257);
#2253 = LINE('',#2254,#2255);
#2254 = CARTESIAN_POINT('',(0.,10.));
#2255 = VECTOR('',#2256,1.);
#2256 = DIRECTION('',(1.,0.));
#2257 = ( GEOMETRIC_REPRESENTATION_CONTEXT(2) 
PARAMETRIC_REPRESENTATION_CONTEXT() REPRESENTATION_CONTEXT('2D SPACE',''
  ) );
#2258 = FACE_BOUND('',#2259,.F.);
#2259 = EDGE_LOOP('',(#2260));
#2260 = ORIENTED_EDGE('',*,*,#2261,.T.);
#2261 = EDGE_CURVE('',#2262,#2262,#2264,.T.);
#2262 = VERTEX_POINT('',#2263);
#2263 = CARTESIAN_POINT('',(813.5,45.,0.));
#2264 = SURFACE_CURVE('',#2265,(#2270,#2281),.PCURVE_S1.);
#2265 = CIRCLE('',#2266,6.5);
#2266 = AXIS2_PLACEMENT_3D('',#2267,#2268,#2269);
#2267 = CARTESIAN_POINT('',(820.,45.,0.));
#2268 = DIRECTION('',(0.,0.,-1.));
#2269 = DIRECTION('',(-1.,0.,0.));
#2270 = PCURVE('',#72,#2271);
#2271 = DEFINITIONAL_REPRESENTATION('',(#2272),#2280);
#2272 = ( BOUNDED_CURVE() B_SPLINE_CURVE(2,(#2273,#2274,#2275,#2276,
#2277,#2278,#2279),.UNSPECIFIED.,.T.,.F.) B_SPLINE_CURVE_WITH_KNOTS((1,2
    ,2,2,2,1),(-2.094395102393,0.,2.094395102393,4.188790204786,
6.28318530718,8.377580409573),.UNSPECIFIED.) CURVE() 
GEOMETRIC_REPRESENTATION_ITEM() RATIONAL_B_SPLINE_CURVE((1.,0.5,1.,0.5,
1.,0.5,1.)) REPRESENTATION_ITEM('') );
#2273 = CARTESIAN_POINT('',(813.5,45.));
#2274 = CARTESIAN_POINT('',(813.5,56.258330249198));
#2275 = CARTESIAN_POINT('',(823.25,50.629165124599));
#2276 = CARTESIAN_POINT('',(833.,45.));
#2277 = CARTESIAN_POINT('',(823.25,39.370834875401));
#2278 = CARTESIAN_POINT('',(813.5,33.741669750802));
#2279 = CARTESIAN_POINT('',(813.5,45.));
#2280 = ( GEOMETRIC_REPRESENTATION_CONTEXT(2) 
PARAMETRIC_REPRESENTATION_CONTEXT() REPRESENTATION_CONTEXT('2D SPACE',''
  ) );
#2281 = PCURVE('',#566,#2282);
#2282 = DEFINITIONAL_REPRESENTATION('',(#2283),#2287);
#2283 = LINE('',#2284,#2285);
#2284 = CARTESIAN_POINT('',(0.,10.));
#2285 = VECTOR('',#2286,1.);
#2286 = DIRECTION('',(1.,0.));
#2287 = ( GEOMETRIC_REPRESENTATION_CONTEXT(2) 
PARAMETRIC_REPRESENTATION_CONTEXT() REPRESENTATION_CONTEXT('2D SPACE',''
  ) );
#2288 = FACE_BOUND('',#2289,.F.);
#2289 = EDGE_LOOP('',(#2290));
#2290 = ORIENTED_EDGE('',*,*,#2291,.T.);
#2291 = EDGE_CURVE('',#2292,#2292,#2294,.T.);
#2292 = VERTEX_POINT('',#2293);
#2293 = CARTESIAN_POINT('',(963.5,45.,0.));
#2294 = SURFACE_CURVE('',#2295,(#2300,#2311),.PCURVE_S1.);
#2295 = CIRCLE('',#2296,6.5);
#2296 = AXIS2_PLACEMENT_3D('',#2297,#2298,#2299);
#2297 = CARTESIAN_POINT('',(970.,45.,0.));
#2298 = DIRECTION('',(0.,0.,-1.));
#2299 = DIRECTION('',(-1.,0.,0.));
#2300 = PCURVE('',#72,#2301);
#2301 = DEFINITIONAL_REPRESENTATION('',(#2302),#2310);
#2302 = ( BOUNDED_CURVE() B_SPLINE_CURVE(2,(#2303,#2304,#2305,#2306,
#2307,#2308,#2309),.UNSPECIFIED.,.T.,.F.) B_SPLINE_CURVE_WITH_KNOTS((1,2
    ,2,2,2,1),(-2.094395102393,0.,2.094395102393,4.188790204786,
6.28318530718,8.377580409573),.UNSPECIFIED.) CURVE() 
GEOMETRIC_REPRESENTATION_ITEM() RATIONAL_B_SPLINE_CURVE((1.,0.5,1.,0.5,
1.,0.5,1.)) REPRESENTATION_ITEM('') );
#2303 = CARTESIAN_POINT('',(963.5,45.));
#2304 = CARTESIAN_POINT('',(963.5,56.258330249198));
#2305 = CARTESIAN_POINT('',(973.25,50.629165124599));
#2306 = CARTESIAN_POINT('',(983.,45.));
#2307 = CARTESIAN_POINT('',(973.25,39.370834875401));
#2308 = CARTESIAN_POINT('',(963.5,33.741669750802));
#2309 = CARTESIAN_POINT('',(963.5,45.));
#2310 = ( GEOMETRIC_REPRESENTATION_CONTEXT(2) 
PARAMETRIC_REPRESENTATION_CONTEXT() REPRESENTATION_CONTEXT('2D SPACE',''
  ) );
#2311 = PCURVE('',#601,#2312);
#2312 = DEFINITIONAL_REPRESENTATION('',(#2313),#2317);
#2313 = LINE('',#2314,#2315);
#2314 = CARTESIAN_POINT('',(0.,10.));
#2315 = VECTOR('',#2316,1.);
#2316 = DIRECTION('',(1.,0.));
#2317 = ( GEOMETRIC_REPRESENTATION_CONTEXT(2) 
PARAMETRIC_REPRESENTATION_CONTEXT() REPRESENTATION_CONTEXT('2D SPACE',''
  ) );
#2318 = FACE_BOUND('',#2319,.F.);
#2319 = EDGE_LOOP('',(#2320));
#2320 = ORIENTED_EDGE('',*,*,#2321,.T.);
#2321 = EDGE_CURVE('',#2322,#2322,#2324,.T.);
#2322 = VERTEX_POINT('',#2323);
#2323 = CARTESIAN_POINT('',(1.1135E+03,45.,0.));
#2324 = SURFACE_CURVE('',#2325,(#2330,#2341),.PCURVE_S1.);
#2325 = CIRCLE('',#2326,6.5);
#2326 = AXIS2_PLACEMENT_3D('',#2327,#2328,#2329);
#2327 = CARTESIAN_POINT('',(1.12E+03,45.,0.));
#2328 = DIRECTION('',(0.,0.,-1.));
#2329 = DIRECTION('',(-1.,0.,0.));
#2330 = PCURVE('',#72,#2331);
#2331 = DEFINITIONAL_REPRESENTATION('',(#2332),#2340);
#2332 = ( BOUNDED_CURVE() B_SPLINE_CURVE(2,(#2333,#2334,#2335,#2336,
#2337,#2338,#2339),.UNSPECIFIED.,.T.,.F.) B_SPLINE_CURVE_WITH_KNOTS((1,2
    ,2,2,2,1),(-2.094395102393,0.,2.094395102393,4.188790204786,
6.28318530718,8.377580409573),.UNSPECIFIED.) CURVE() 
GEOMETRIC_REPRESENTATION_ITEM() RATIONAL_B_SPLINE_CURVE((1.,0.5,1.,0.5,
1.,0.5,1.)) REPRESENTATION_ITEM('') );
#2333 = CARTESIAN_POINT('',(1.1135E+03,45.));
#2334 = CARTESIAN_POINT('',(1.1135E+03,56.258330249198));
#2335 = CARTESIAN_POINT('',(1.12325E+03,50.629165124599));
#2336 = CARTESIAN_POINT('',(1.133E+03,45.));
#2337 = CARTESIAN_POINT('',(1.12325E+03,39.370834875401));
#2338 = CARTESIAN_POINT('',(1.1135E+03,33.741669750802));
#2339 = CARTESIAN_POINT('',(1.1135E+03,45.));
#2340 = ( GEOMETRIC_REPRESENTATION_CONTEXT(2) 
PARAMETRIC_REPRESENTATION_CONTEXT() REPRESENTATION_CONTEXT('2D SPACE',''
  ) );
#2341 = PCURVE('',#636,#2342);
#2342 = DEFINITIONAL_REPRESENTATION('',(#2343),#2347);
#2343 = LINE('',#2344,#2345);
#2344 = CARTESIAN_POINT('',(0.,10.));
#2345 = VECTOR('',#2346,1.);
#2346 = DIRECTION('',(1.,0.));
#2347 = ( GEOMETRIC_REPRESENTATION_CONTEXT(2) 
PARAMETRIC_REPRESENTATION_CONTEXT() REPRESENTATION_CONTEXT('2D SPACE',''
  ) );
#2348 = FACE_BOUND('',#2349,.F.);
#2349 = EDGE_LOOP('',(#2350));
#2350 = ORIENTED_EDGE('',*,*,#2351,.T.);
#2351 = EDGE_CURVE('',#2352,#2352,#2354,.T.);
#2352 = VERTEX_POINT('',#2353);
#2353 = CARTESIAN_POINT('',(1.5135E+03,45.,0.));
#2354 = SURFACE_CURVE('',#2355,(#2360,#2371),.PCURVE_S1.);
#2355 = CIRCLE('',#2356,6.5);
#2356 = AXIS2_PLACEMENT_3D('',#2357,#2358,#2359);
#2357 = CARTESIAN_POINT('',(1.52E+03,45.,0.));
#2358 = DIRECTION('',(0.,0.,-1.));
#2359 = DIRECTION('',(-1.,0.,0.));
#2360 = PCURVE('',#72,#2361);
#2361 = DEFINITIONAL_REPRESENTATION('',(#2362),#2370);
#2362 = ( BOUNDED_CURVE() B_SPLINE_CURVE(2,(#2363,#2364,#2365,#2366,
#2367,#2368,#2369),.UNSPECIFIED.,.T.,.F.) B_SPLINE_CURVE_WITH_KNOTS((1,2
    ,2,2,2,1),(-2.094395102393,0.,2.094395102393,4.188790204786,
6.28318530718,8.377580409573),.UNSPECIFIED.) CURVE() 
GEOMETRIC_REPRESENTATION_ITEM() RATIONAL_B_SPLINE_CURVE((1.,0.5,1.,0.5,
1.,0.5,1.)) REPRESENTATION_ITEM('') );
#2363 = CARTESIAN_POINT('',(1.5135E+03,45.));
#2364 = CARTESIAN_POINT('',(1.5135E+03,56.258330249198));
#2365 = CARTESIAN_POINT('',(1.52325E+03,50.629165124599));
#2366 = CARTESIAN_POINT('',(1.533E+03,45.));
#2367 = CARTESIAN_POINT('',(1.52325E+03,39.370834875401));
#2368 = CARTESIAN_POINT('',(1.5135E+03,33.741669750802));
#2369 = CARTESIAN_POINT('',(1.5135E+03,45.));
#2370 = ( GEOMETRIC_REPRESENTATION_CONTEXT(2) 
PARAMETRIC_REPRESENTATION_CONTEXT() REPRESENTATION_CONTEXT('2D SPACE',''
  ) );
#2371 = PCURVE('',#671,#2372);
#2372 = DEFINITIONAL_REPRESENTATION('',(#2373),#2377);
#2373 = LINE('',#2374,#2375);
#2374 = CARTESIAN_POINT('',(0.,10.));
#2375 = VECTOR('',#2376,1.);
#2376 = DIRECTION('',(1.,0.));
#2377 = ( GEOMETRIC_REPRESENTATION_CONTEXT(2) 
PARAMETRIC_REPRESENTATION_CONTEXT() REPRESENTATION_CONTEXT('2D SPACE',''
  ) );
#2378 = FACE_BOUND('',#2379,.F.);
#2379 = EDGE_LOOP('',(#2380));
#2380 = ORIENTED_EDGE('',*,*,#2381,.T.);
#2381 = EDGE_CURVE('',#2382,#2382,#2384,.T.);
#2382 = VERTEX_POINT('',#2383);
#2383 = CARTESIAN_POINT('',(1.8205E+03,45.,0.));
#2384 = SURFACE_CURVE('',#2385,(#2390,#2401),.PCURVE_S1.);
#2385 = CIRCLE('',#2386,6.5);
#2386 = AXIS2_PLACEMENT_3D('',#2387,#2388,#2389);
#2387 = CARTESIAN_POINT('',(1.827E+03,45.,0.));
#2388 = DIRECTION('',(0.,0.,-1.));
#2389 = DIRECTION('',(-1.,0.,0.));
#2390 = PCURVE('',#72,#2391);
#2391 = DEFINITIONAL_REPRESENTATION('',(#2392),#2400);
#2392 = ( BOUNDED_CURVE() B_SPLINE_CURVE(2,(#2393,#2394,#2395,#2396,
#2397,#2398,#2399),.UNSPECIFIED.,.T.,.F.) B_SPLINE_CURVE_WITH_KNOTS((1,2
    ,2,2,2,1),(-2.094395102393,0.,2.094395102393,4.188790204786,
6.28318530718,8.377580409573),.UNSPECIFIED.) CURVE() 
GEOMETRIC_REPRESENTATION_ITEM() RATIONAL_B_SPLINE_CURVE((1.,0.5,1.,0.5,
1.,0.5,1.)) REPRESENTATION_ITEM('') );
#2393 = CARTESIAN_POINT('',(1.8205E+03,45.));
#2394 = CARTESIAN_POINT('',(1.8205E+03,56.258330249198));
#2395 = CARTESIAN_POINT('',(1.83025E+03,50.629165124599));
#2396 = CARTESIAN_POINT('',(1.84E+03,45.));
#2397 = CARTESIAN_POINT('',(1.83025E+03,39.370834875401));
#2398 = CARTESIAN_POINT('',(1.8205E+03,33.741669750802));
#2399 = CARTESIAN_POINT('',(1.8205E+03,45.));
#2400 = ( GEOMETRIC_REPRESENTATION_CONTEXT(2) 
PARAMETRIC_REPRESENTATION_CONTEXT() REPRESENTATION_CONTEXT('2D SPACE',''
  ) );
#2401 = PCURVE('',#706,#2402);
#2402 = DEFINITIONAL_REPRESENTATION('',(#2403),#2407);
#2403 = LINE('',#2404,#2405);
#2404 = CARTESIAN_POINT('',(0.,10.));
#2405 = VECTOR('',#2406,1.);
#2406 = DIRECTION('',(1.,0.));
#2407 = ( GEOMETRIC_REPRESENTATION_CONTEXT(2) 
PARAMETRIC_REPRESENTATION_CONTEXT() REPRESENTATION_CONTEXT('2D SPACE',''
  ) );
#2408 = FACE_BOUND('',#2409,.F.);
#2409 = EDGE_LOOP('',(#2410));
#2410 = ORIENTED_EDGE('',*,*,#2411,.T.);
#2411 = EDGE_CURVE('',#2412,#2412,#2414,.T.);
#2412 = VERTEX_POINT('',#2413);
#2413 = CARTESIAN_POINT('',(2.1265E+03,45.,0.));
#2414 = SURFACE_CURVE('',#2415,(#2420,#2431),.PCURVE_S1.);
#2415 = CIRCLE('',#2416,6.5);
#2416 = AXIS2_PLACEMENT_3D('',#2417,#2418,#2419);
#2417 = CARTESIAN_POINT('',(2.133E+03,45.,0.));
#2418 = DIRECTION('',(0.,0.,-1.));
#2419 = DIRECTION('',(-1.,0.,0.));
#2420 = PCURVE('',#72,#2421);
#2421 = DEFINITIONAL_REPRESENTATION('',(#2422),#2430);
#2422 = ( BOUNDED_CURVE() B_SPLINE_CURVE(2,(#2423,#2424,#2425,#2426,
#2427,#2428,#2429),.UNSPECIFIED.,.T.,.F.) B_SPLINE_CURVE_WITH_KNOTS((1,2
    ,2,2,2,1),(-2.094395102393,0.,2.094395102393,4.188790204786,
6.28318530718,8.377580409573),.UNSPECIFIED.) CURVE() 
GEOMETRIC_REPRESENTATION_ITEM() RATIONAL_B_SPLINE_CURVE((1.,0.5,1.,0.5,
1.,0.5,1.)) REPRESENTATION_ITEM('') );
#2423 = CARTESIAN_POINT('',(2.1265E+03,45.));
#2424 = CARTESIAN_POINT('',(2.1265E+03,56.258330249198));
#2425 = CARTESIAN_POINT('',(2.13625E+03,50.629165124599));
#2426 = CARTESIAN_POINT('',(2.146E+03,45.));
#2427 = CARTESIAN_POINT('',(2.13625E+03,39.370834875401));
#2428 = CARTESIAN_POINT('',(2.1265E+03,33.741669750802));
#2429 = CARTESIAN_POINT('',(2.1265E+03,45.));
#2430 = ( GEOMETRIC_REPRESENTATION_CONTEXT(2) 
PARAMETRIC_REPRESENTATION_CONTEXT() REPRESENTATION_CONTEXT('2D SPACE',''
  ) );
#2431 = PCURVE('',#741,#2432);
#2432 = DEFINITIONAL_REPRESENTATION('',(#2433),#2437);
#2433 = LINE('',#2434,#2435);
#2434 = CARTESIAN_POINT('',(0.,10.));
#2435 = VECTOR('',#2436,1.);
#2436 = DIRECTION('',(1.,0.));
#2437 = ( GEOMETRIC_REPRESENTATION_CONTEXT(2) 
PARAMETRIC_REPRESENTATION_CONTEXT() REPRESENTATION_CONTEXT('2D SPACE',''
  ) );
#2438 = FACE_BOUND('',#2439,.F.);
#2439 = EDGE_LOOP('',(#2440));
#2440 = ORIENTED_EDGE('',*,*,#2441,.T.);
#2441 = EDGE_CURVE('',#2442,#2442,#2444,.T.);
#2442 = VERTEX_POINT('',#2443);
#2443 = CARTESIAN_POINT('',(2.5265E+03,45.,0.));
#2444 = SURFACE_CURVE('',#2445,(#2450,#2461),.PCURVE_S1.);
#2445 = CIRCLE('',#2446,6.5);
#2446 = AXIS2_PLACEMENT_3D('',#2447,#2448,#2449);
#2447 = CARTESIAN_POINT('',(2.533E+03,45.,0.));
#2448 = DIRECTION('',(0.,0.,-1.));
#2449 = DIRECTION('',(-1.,0.,0.));
#2450 = PCURVE('',#72,#2451);
#2451 = DEFINITIONAL_REPRESENTATION('',(#2452),#2460);
#2452 = ( BOUNDED_CURVE() B_SPLINE_CURVE(2,(#2453,#2454,#2455,#2456,
#2457,#2458,#2459),.UNSPECIFIED.,.T.,.F.) B_SPLINE_CURVE_WITH_KNOTS((1,2
    ,2,2,2,1),(-2.094395102393,0.,2.094395102393,4.188790204786,
6.28318530718,8.377580409573),.UNSPECIFIED.) CURVE() 
GEOMETRIC_REPRESENTATION_ITEM() RATIONAL_B_SPLINE_CURVE((1.,0.5,1.,0.5,
1.,0.5,1.)) REPRESENTATION_ITEM('') );
#2453 = CARTESIAN_POINT('',(2.5265E+03,45.));
#2454 = CARTESIAN_POINT('',(2.5265E+03,56.258330249198));
#2455 = CARTESIAN_POINT('',(2.53625E+03,50.629165124599));
#2456 = CARTESIAN_POINT('',(2.546E+03,45.));
#2457 = CARTESIAN_POINT('',(2.53625E+03,39.370834875401));
#2458 = CARTESIAN_POINT('',(2.5265E+03,33.741669750802));
#2459 = CARTESIAN_POINT('',(2.5265E+03,45.));
#2460 = ( GEOMETRIC_REPRESENTATION_CONTEXT(2) 
PARAMETRIC_REPRESENTATION_CONTEXT() REPRESENTATION_CONTEXT('2D SPACE',''
  ) );
#2461 = PCURVE('',#776,#2462);
#2462 = DEFINITIONAL_REPRESENTATION('',(#2463),#2467);
#2463 = LINE('',#2464,#2465);
#2464 = CARTESIAN_POINT('',(0.,10.));
#2465 = VECTOR('',#2466,1.);
#2466 = DIRECTION('',(1.,0.));
#2467 = ( GEOMETRIC_REPRESENTATION_CONTEXT(2) 
PARAMETRIC_REPRESENTATION_CONTEXT() REPRESENTATION_CONTEXT('2D SPACE',''
  ) );
#2468 = FACE_BOUND('',#2469,.F.);
#2469 = EDGE_LOOP('',(#2470));
#2470 = ORIENTED_EDGE('',*,*,#2471,.T.);
#2471 = EDGE_CURVE('',#2472,#2472,#2474,.T.);
#2472 = VERTEX_POINT('',#2473);
#2473 = CARTESIAN_POINT('',(2.7765E+03,45.,0.));
#2474 = SURFACE_CURVE('',#2475,(#2480,#2491),.PCURVE_S1.);
#2475 = CIRCLE('',#2476,6.5);
#2476 = AXIS2_PLACEMENT_3D('',#2477,#2478,#2479);
#2477 = CARTESIAN_POINT('',(2.783E+03,45.,0.));
#2478 = DIRECTION('',(0.,0.,-1.));
#2479 = DIRECTION('',(-1.,0.,0.));
#2480 = PCURVE('',#72,#2481);
#2481 = DEFINITIONAL_REPRESENTATION('',(#2482),#2490);
#2482 = ( BOUNDED_CURVE() B_SPLINE_CURVE(2,(#2483,#2484,#2485,#2486,
#2487,#2488,#2489),.UNSPECIFIED.,.T.,.F.) B_SPLINE_CURVE_WITH_KNOTS((1,2
    ,2,2,2,1),(-2.094395102393,0.,2.094395102393,4.188790204786,
6.28318530718,8.377580409573),.UNSPECIFIED.) CURVE() 
GEOMETRIC_REPRESENTATION_ITEM() RATIONAL_B_SPLINE_CURVE((1.,0.5,1.,0.5,
1.,0.5,1.)) REPRESENTATION_ITEM('') );
#2483 = CARTESIAN_POINT('',(2.7765E+03,45.));
#2484 = CARTESIAN_POINT('',(2.7765E+03,56.258330249198));
#2485 = CARTESIAN_POINT('',(2.78625E+03,50.629165124599));
#2486 = CARTESIAN_POINT('',(2.796E+03,45.));
#2487 = CARTESIAN_POINT('',(2.78625E+03,39.370834875401));
#2488 = CARTESIAN_POINT('',(2.7765E+03,33.741669750802));
#2489 = CARTESIAN_POINT('',(2.7765E+03,45.));
#2490 = ( GEOMETRIC_REPRESENTATION_CONTEXT(2) 
PARAMETRIC_REPRESENTATION_CONTEXT() REPRESENTATION_CONTEXT('2D SPACE',''
  ) );
#2491 = PCURVE('',#811,#2492);
#2492 = DEFINITIONAL_REPRESENTATION('',(#2493),#2497);
#2493 = LINE('',#2494,#2495);
#2494 = CARTESIAN_POINT('',(0.,10.));
#2495 = VECTOR('',#2496,1.);
#2496 = DIRECTION('',(1.,0.));
#2497 = ( GEOMETRIC_REPRESENTATION_CONTEXT(2) 
PARAMETRIC_REPRESENTATION_CONTEXT() REPRESENTATION_CONTEXT('2D SPACE',''
  ) );
#2498 = FACE_BOUND('',#2499,.F.);
#2499 = EDGE_LOOP('',(#2500));
#2500 = ORIENTED_EDGE('',*,*,#2501,.T.);
#2501 = EDGE_CURVE('',#2502,#2502,#2504,.T.);
#2502 = VERTEX_POINT('',#2503);
#2503 = CARTESIAN_POINT('',(2.8765E+03,45.,0.));
#2504 = SURFACE_CURVE('',#2505,(#2510,#2521),.PCURVE_S1.);
#2505 = CIRCLE('',#2506,6.5);
#2506 = AXIS2_PLACEMENT_3D('',#2507,#2508,#2509);
#2507 = CARTESIAN_POINT('',(2.883E+03,45.,0.));
#2508 = DIRECTION('',(0.,0.,-1.));
#2509 = DIRECTION('',(-1.,0.,0.));
#2510 = PCURVE('',#72,#2511);
#2511 = DEFINITIONAL_REPRESENTATION('',(#2512),#2520);
#2512 = ( BOUNDED_CURVE() B_SPLINE_CURVE(2,(#2513,#2514,#2515,#2516,
#2517,#2518,#2519),.UNSPECIFIED.,.T.,.F.) B_SPLINE_CURVE_WITH_KNOTS((1,2
    ,2,2,2,1),(-2.094395102393,0.,2.094395102393,4.188790204786,
6.28318530718,8.377580409573),.UNSPECIFIED.) CURVE() 
GEOMETRIC_REPRESENTATION_ITEM() RATIONAL_B_SPLINE_CURVE((1.,0.5,1.,0.5,
1.,0.5,1.)) REPRESENTATION_ITEM('') );
#2513 = CARTESIAN_POINT('',(2.8765E+03,45.));
#2514 = CARTESIAN_POINT('',(2.8765E+03,56.258330249198));
#2515 = CARTESIAN_POINT('',(2.88625E+03,50.629165124599));
#2516 = CARTESIAN_POINT('',(2.896E+03,45.));
#2517 = CARTESIAN_POINT('',(2.88625E+03,39.370834875401));
#2518 = CARTESIAN_POINT('',(2.8765E+03,33.741669750802));
#2519 = CARTESIAN_POINT('',(2.8765E+03,45.));
#2520 = ( GEOMETRIC_REPRESENTATION_CONTEXT(2) 
PARAMETRIC_REPRESENTATION_CONTEXT() REPRESENTATION_CONTEXT('2D SPACE',''
  ) );
#2521 = PCURVE('',#846,#2522);
#2522 = DEFINITIONAL_REPRESENTATION('',(#2523),#2527);
#2523 = LINE('',#2524,#2525);
#2524 = CARTESIAN_POINT('',(0.,10.));
#2525 = VECTOR('',#2526,1.);
#2526 = DIRECTION('',(1.,0.));
#2527 = ( GEOMETRIC_REPRESENTATION_CONTEXT(2) 
PARAMETRIC_REPRESENTATION_CONTEXT() REPRESENTATION_CONTEXT('2D SPACE',''
  ) );
#2528 = FACE_BOUND('',#2529,.F.);
#2529 = EDGE_LOOP('',(#2530));
#2530 = ORIENTED_EDGE('',*,*,#2531,.T.);
#2531 = EDGE_CURVE('',#2532,#2532,#2534,.T.);
#2532 = VERTEX_POINT('',#2533);
#2533 = CARTESIAN_POINT('',(2.9765E+03,45.,0.));
#2534 = SURFACE_CURVE('',#2535,(#2540,#2551),.PCURVE_S1.);
#2535 = CIRCLE('',#2536,6.5);
#2536 = AXIS2_PLACEMENT_3D('',#2537,#2538,#2539);
#2537 = CARTESIAN_POINT('',(2.983E+03,45.,0.));
#2538 = DIRECTION('',(0.,0.,-1.));
#2539 = DIRECTION('',(-1.,0.,0.));
#2540 = PCURVE('',#72,#2541);
#2541 = DEFINITIONAL_REPRESENTATION('',(#2542),#2550);
#2542 = ( BOUNDED_CURVE() B_SPLINE_CURVE(2,(#2543,#2544,#2545,#2546,
#2547,#2548,#2549),.UNSPECIFIED.,.T.,.F.) B_SPLINE_CURVE_WITH_KNOTS((1,2
    ,2,2,2,1),(-2.094395102393,0.,2.094395102393,4.188790204786,
6.28318530718,8.377580409573),.UNSPECIFIED.) CURVE() 
GEOMETRIC_REPRESENTATION_ITEM() RATIONAL_B_SPLINE_CURVE((1.,0.5,1.,0.5,
1.,0.5,1.)) REPRESENTATION_ITEM('') );
#2543 = CARTESIAN_POINT('',(2.9765E+03,45.));
#2544 = CARTESIAN_POINT('',(2.9765E+03,56.258330249198));
#2545 = CARTESIAN_POINT('',(2.98625E+03,50.629165124599));
#2546 = CARTESIAN_POINT('',(2.996E+03,45.));
#2547 = CARTESIAN_POINT('',(2.98625E+03,39.370834875401));
#2548 = CARTESIAN_POINT('',(2.9765E+03,33.741669750802));
#2549 = CARTESIAN_POINT('',(2.9765E+03,45.));
#2550 = ( GEOMETRIC_REPRESENTATION_CONTEXT(2) 
PARAMETRIC_REPRESENTATION_CONTEXT() REPRESENTATION_CONTEXT('2D SPACE',''
  ) );
#2551 = PCURVE('',#881,#2552);
#2552 = DEFINITIONAL_REPRESENTATION('',(#2553),#2557);
#2553 = LINE('',#2554,#2555);
#2554 = CARTESIAN_POINT('',(0.,10.));
#2555 = VECTOR('',#2556,1.);
#2556 = DIRECTION('',(1.,0.));
#2557 = ( GEOMETRIC_REPRESENTATION_CONTEXT(2) 
PARAMETRIC_REPRESENTATION_CONTEXT() REPRESENTATION_CONTEXT('2D SPACE',''
  ) );
#2558 = FACE_BOUND('',#2559,.F.);
#2559 = EDGE_LOOP('',(#2560));
#2560 = ORIENTED_EDGE('',*,*,#2561,.T.);
#2561 = EDGE_CURVE('',#2562,#2562,#2564,.T.);
#2562 = VERTEX_POINT('',#2563);
#2563 = CARTESIAN_POINT('',(3.0765E+03,45.,0.));
#2564 = SURFACE_CURVE('',#2565,(#2570,#2581),.PCURVE_S1.);
#2565 = CIRCLE('',#2566,6.5);
#2566 = AXIS2_PLACEMENT_3D('',#2567,#2568,#2569);
#2567 = CARTESIAN_POINT('',(3.083E+03,45.,0.));
#2568 = DIRECTION('',(0.,0.,-1.));
#2569 = DIRECTION('',(-1.,0.,0.));
#2570 = PCURVE('',#72,#2571);
#2571 = DEFINITIONAL_REPRESENTATION('',(#2572),#2580);
#2572 = ( BOUNDED_CURVE() B_SPLINE_CURVE(2,(#2573,#2574,#2575,#2576,
#2577,#2578,#2579),.UNSPECIFIED.,.T.,.F.) B_SPLINE_CURVE_WITH_KNOTS((1,2
    ,2,2,2,1),(-2.094395102393,0.,2.094395102393,4.188790204786,
6.28318530718,8.377580409573),.UNSPECIFIED.) CURVE() 
GEOMETRIC_REPRESENTATION_ITEM() RATIONAL_B_SPLINE_CURVE((1.,0.5,1.,0.5,
1.,0.5,1.)) REPRESENTATION_ITEM('') );
#2573 = CARTESIAN_POINT('',(3.0765E+03,45.));
#2574 = CARTESIAN_POINT('',(3.0765E+03,56.258330249198));
#2575 = CARTESIAN_POINT('',(3.08625E+03,50.629165124599));
#2576 = CARTESIAN_POINT('',(3.096E+03,45.));
#2577 = CARTESIAN_POINT('',(3.08625E+03,39.370834875401));
#2578 = CARTESIAN_POINT('',(3.0765E+03,33.741669750802));
#2579 = CARTESIAN_POINT('',(3.0765E+03,45.));
#2580 = ( GEOMETRIC_REPRESENTATION_CONTEXT(2) 
PARAMETRIC_REPRESENTATION_CONTEXT() REPRESENTATION_CONTEXT('2D SPACE',''
  ) );
#2581 = PCURVE('',#916,#2582);
#2582 = DEFINITIONAL_REPRESENTATION('',(#2583),#2587);
#2583 = LINE('',#2584,#2585);
#2584 = CARTESIAN_POINT('',(0.,10.));
#2585 = VECTOR('',#2586,1.);
#2586 = DIRECTION('',(1.,0.));
#2587 = ( GEOMETRIC_REPRESENTATION_CONTEXT(2) 
PARAMETRIC_REPRESENTATION_CONTEXT() REPRESENTATION_CONTEXT('2D SPACE',''
  ) );
#2588 = FACE_BOUND('',#2589,.F.);
#2589 = EDGE_LOOP('',(#2590));
#2590 = ORIENTED_EDGE('',*,*,#2591,.T.);
#2591 = EDGE_CURVE('',#2592,#2592,#2594,.T.);
#2592 = VERTEX_POINT('',#2593);
#2593 = CARTESIAN_POINT('',(3.1765E+03,45.,0.));
#2594 = SURFACE_CURVE('',#2595,(#2600,#2611),.PCURVE_S1.);
#2595 = CIRCLE('',#2596,6.5);
#2596 = AXIS2_PLACEMENT_3D('',#2597,#2598,#2599);
#2597 = CARTESIAN_POINT('',(3.183E+03,45.,0.));
#2598 = DIRECTION('',(0.,0.,-1.));
#2599 = DIRECTION('',(-1.,0.,0.));
#2600 = PCURVE('',#72,#2601);
#2601 = DEFINITIONAL_REPRESENTATION('',(#2602),#2610);
#2602 = ( BOUNDED_CURVE() B_SPLINE_CURVE(2,(#2603,#2604,#2605,#2606,
#2607,#2608,#2609),.UNSPECIFIED.,.T.,.F.) B_SPLINE_CURVE_WITH_KNOTS((1,2
    ,2,2,2,1),(-2.094395102393,0.,2.094395102393,4.188790204786,
6.28318530718,8.377580409573),.UNSPECIFIED.) CURVE() 
GEOMETRIC_REPRESENTATION_ITEM() RATIONAL_B_SPLINE_CURVE((1.,0.5,1.,0.5,
1.,0.5,1.)) REPRESENTATION_ITEM('') );
#2603 = CARTESIAN_POINT('',(3.1765E+03,45.));
#2604 = CARTESIAN_POINT('',(3.1765E+03,56.258330249198));
#2605 = CARTESIAN_POINT('',(3.18625E+03,50.629165124599));
#2606 = CARTESIAN_POINT('',(3.196E+03,45.));
#2607 = CARTESIAN_POINT('',(3.18625E+03,39.370834875401));
#2608 = CARTESIAN_POINT('',(3.1765E+03,33.741669750802));
#2609 = CARTESIAN_POINT('',(3.1765E+03,45.));
#2610 = ( GEOMETRIC_REPRESENTATION_CONTEXT(2) 
PARAMETRIC_REPRESENTATION_CONTEXT() REPRESENTATION_CONTEXT('2D SPACE',''
  ) );
#2611 = PCURVE('',#951,#2612);
#2612 = DEFINITIONAL_REPRESENTATION('',(#2613),#2617);
#2613 = LINE('',#2614,#2615);
#2614 = CARTESIAN_POINT('',(0.,10.));
#2615 = VECTOR('',#2616,1.);
#2616 = DIRECTION('',(1.,0.));
#2617 = ( GEOMETRIC_REPRESENTATION_CONTEXT(2) 
PARAMETRIC_REPRESENTATION_CONTEXT() REPRESENTATION_CONTEXT('2D SPACE',''
  ) );
#2618 = FACE_BOUND('',#2619,.F.);
#2619 = EDGE_LOOP('',(#2620));
#2620 = ORIENTED_EDGE('',*,*,#2621,.T.);
#2621 = EDGE_CURVE('',#2622,#2622,#2624,.T.);
#2622 = VERTEX_POINT('',#2623);
#2623 = CARTESIAN_POINT('',(3.2765E+03,45.,0.));
#2624 = SURFACE_CURVE('',#2625,(#2630,#2641),.PCURVE_S1.);
#2625 = CIRCLE('',#2626,6.5);
#2626 = AXIS2_PLACEMENT_3D('',#2627,#2628,#2629);
#2627 = CARTESIAN_POINT('',(3.283E+03,45.,0.));
#2628 = DIRECTION('',(0.,0.,-1.));
#2629 = DIRECTION('',(-1.,0.,0.));
#2630 = PCURVE('',#72,#2631);
#2631 = DEFINITIONAL_REPRESENTATION('',(#2632),#2640);
#2632 = ( BOUNDED_CURVE() B_SPLINE_CURVE(2,(#2633,#2634,#2635,#2636,
#2637,#2638,#2639),.UNSPECIFIED.,.T.,.F.) B_SPLINE_CURVE_WITH_KNOTS((1,2
    ,2,2,2,1),(-2.094395102393,0.,2.094395102393,4.188790204786,
6.28318530718,8.377580409573),.UNSPECIFIED.) CURVE() 
GEOMETRIC_REPRESENTATION_ITEM() RATIONAL_B_SPLINE_CURVE((1.,0.5,1.,0.5,
1.,0.5,1.)) REPRESENTATION_ITEM('') );
#2633 = CARTESIAN_POINT('',(3.2765E+03,45.));
#2634 = CARTESIAN_POINT('',(3.2765E+03,56.258330249198));
#2635 = CARTESIAN_POINT('',(3.28625E+03,50.629165124599));
#2636 = CARTESIAN_POINT('',(3.296E+03,45.));
#2637 = CARTESIAN_POINT('',(3.28625E+03,39.370834875401));
#2638 = CARTESIAN_POINT('',(3.2765E+03,33.741669750802));
#2639 = CARTESIAN_POINT('',(3.2765E+03,45.));
#2640 = ( GEOMETRIC_REPRESENTATION_CONTEXT(2) 
PARAMETRIC_REPRESENTATION_CONTEXT() REPRESENTATION_CONTEXT('2D SPACE',''
  ) );
#2641 = PCURVE('',#986,#2642);
#2642 = DEFINITIONAL_REPRESENTATION('',(#2643),#2647);
#2643 = LINE('',#2644,#2645);
#2644 = CARTESIAN_POINT('',(0.,10.));
#2645 = VECTOR('',#2646,1.);
#2646 = DIRECTION('',(1.,0.));
#2647 = ( GEOMETRIC_REPRESENTATION_CONTEXT(2) 
PARAMETRIC_REPRESENTATION_CONTEXT() REPRESENTATION_CONTEXT('2D SPACE',''
  ) );
#2648 = FACE_BOUND('',#2649,.F.);
#2649 = EDGE_LOOP('',(#2650));
#2650 = ORIENTED_EDGE('',*,*,#2651,.T.);
#2651 = EDGE_CURVE('',#2652,#2652,#2654,.T.);
#2652 = VERTEX_POINT('',#2653);
#2653 = CARTESIAN_POINT('',(3.3765E+03,45.,0.));
#2654 = SURFACE_CURVE('',#2655,(#2660,#2671),.PCURVE_S1.);
#2655 = CIRCLE('',#2656,6.5);
#2656 = AXIS2_PLACEMENT_3D('',#2657,#2658,#2659);
#2657 = CARTESIAN_POINT('',(3.383E+03,45.,0.));
#2658 = DIRECTION('',(0.,0.,-1.));
#2659 = DIRECTION('',(-1.,0.,0.));
#2660 = PCURVE('',#72,#2661);
#2661 = DEFINITIONAL_REPRESENTATION('',(#2662),#2670);
#2662 = ( BOUNDED_CURVE() B_SPLINE_CURVE(2,(#2663,#2664,#2665,#2666,
#2667,#2668,#2669),.UNSPECIFIED.,.T.,.F.) B_SPLINE_CURVE_WITH_KNOTS((1,2
    ,2,2,2,1),(-2.094395102393,0.,2.094395102393,4.188790204786,
6.28318530718,8.377580409573),.UNSPECIFIED.) CURVE() 
GEOMETRIC_REPRESENTATION_ITEM() RATIONAL_B_SPLINE_CURVE((1.,0.5,1.,0.5,
1.,0.5,1.)) REPRESENTATION_ITEM('') );
#2663 = CARTESIAN_POINT('',(3.3765E+03,45.));
#2664 = CARTESIAN_POINT('',(3.3765E+03,56.258330249198));
#2665 = CARTESIAN_POINT('',(3.38625E+03,50.629165124599));
#2666 = CARTESIAN_POINT('',(3.396E+03,45.));
#2667 = CARTESIAN_POINT('',(3.38625E+03,39.370834875401));
#2668 = CARTESIAN_POINT('',(3.3765E+03,33.741669750802));
#2669 = CARTESIAN_POINT('',(3.3765E+03,45.));
#2670 = ( GEOMETRIC_REPRESENTATION_CONTEXT(2) 
PARAMETRIC_REPRESENTATION_CONTEXT() REPRESENTATION_CONTEXT('2D SPACE',''
  ) );
#2671 = PCURVE('',#1021,#2672);
#2672 = DEFINITIONAL_REPRESENTATION('',(#2673),#2677);
#2673 = LINE('',#2674,#2675);
#2674 = CARTESIAN_POINT('',(0.,10.));
#2675 = VECTOR('',#2676,1.);
#2676 = DIRECTION('',(1.,0.));
#2677 = ( GEOMETRIC_REPRESENTATION_CONTEXT(2) 
PARAMETRIC_REPRESENTATION_CONTEXT() REPRESENTATION_CONTEXT('2D SPACE',''
  ) );
#2678 = FACE_BOUND('',#2679,.F.);
#2679 = EDGE_LOOP('',(#2680));
#2680 = ORIENTED_EDGE('',*,*,#2681,.T.);
#2681 = EDGE_CURVE('',#2682,#2682,#2684,.T.);
#2682 = VERTEX_POINT('',#2683);
#2683 = CARTESIAN_POINT('',(3.4765E+03,45.,0.));
#2684 = SURFACE_CURVE('',#2685,(#2690,#2701),.PCURVE_S1.);
#2685 = CIRCLE('',#2686,6.5);
#2686 = AXIS2_PLACEMENT_3D('',#2687,#2688,#2689);
#2687 = CARTESIAN_POINT('',(3.483E+03,45.,0.));
#2688 = DIRECTION('',(0.,0.,-1.));
#2689 = DIRECTION('',(-1.,0.,0.));
#2690 = PCURVE('',#72,#2691);
#2691 = DEFINITIONAL_REPRESENTATION('',(#2692),#2700);
#2692 = ( BOUNDED_CURVE() B_SPLINE_CURVE(2,(#2693,#2694,#2695,#2696,
#2697,#2698,#2699),.UNSPECIFIED.,.T.,.F.) B_SPLINE_CURVE_WITH_KNOTS((1,2
    ,2,2,2,1),(-2.094395102393,0.,2.094395102393,4.188790204786,
6.28318530718,8.377580409573),.UNSPECIFIED.) CURVE() 
GEOMETRIC_REPRESENTATION_ITEM() RATIONAL_B_SPLINE_CURVE((1.,0.5,1.,0.5,
1.,0.5,1.)) REPRESENTATION_ITEM('') );
#2693 = CARTESIAN_POINT('',(3.4765E+03,45.));
#2694 = CARTESIAN_POINT('',(3.4765E+03,56.258330249198));
#2695 = CARTESIAN_POINT('',(3.48625E+03,50.629165124599));
#2696 = CARTESIAN_POINT('',(3.496E+03,45.));
#2697 = CARTESIAN_POINT('',(3.48625E+03,39.370834875401));
#2698 = CARTESIAN_POINT('',(3.4765E+03,33.741669750802));
#2699 = CARTESIAN_POINT('',(3.4765E+03,45.));
#2700 = ( GEOMETRIC_REPRESENTATION_CONTEXT(2) 
PARAMETRIC_REPRESENTATION_CONTEXT() REPRESENTATION_CONTEXT('2D SPACE',''
  ) );
#2701 = PCURVE('',#1056,#2702);
#2702 = DEFINITIONAL_REPRESENTATION('',(#2703),#2707);
#2703 = LINE('',#2704,#2705);
#2704 = CARTESIAN_POINT('',(0.,10.));
#2705 = VECTOR('',#2706,1.);
#2706 = DIRECTION('',(1.,0.));
#2707 = ( GEOMETRIC_REPRESENTATION_CONTEXT(2) 
PARAMETRIC_REPRESENTATION_CONTEXT() REPRESENTATION_CONTEXT('2D SPACE',''
  ) );
#2708 = FACE_BOUND('',#2709,.F.);
#2709 = EDGE_LOOP('',(#2710));
#2710 = ORIENTED_EDGE('',*,*,#2711,.T.);
#2711 = EDGE_CURVE('',#2712,#2712,#2714,.T.);
#2712 = VERTEX_POINT('',#2713);
#2713 = CARTESIAN_POINT('',(3.5765E+03,45.,0.));
#2714 = SURFACE_CURVE('',#2715,(#2720,#2731),.PCURVE_S1.);
#2715 = CIRCLE('',#2716,6.5);
#2716 = AXIS2_PLACEMENT_3D('',#2717,#2718,#2719);
#2717 = CARTESIAN_POINT('',(3.583E+03,45.,0.));
#2718 = DIRECTION('',(0.,0.,-1.));
#2719 = DIRECTION('',(-1.,0.,0.));
#2720 = PCURVE('',#72,#2721);
#2721 = DEFINITIONAL_REPRESENTATION('',(#2722),#2730);
#2722 = ( BOUNDED_CURVE() B_SPLINE_CURVE(2,(#2723,#2724,#2725,#2726,
#2727,#2728,#2729),.UNSPECIFIED.,.T.,.F.) B_SPLINE_CURVE_WITH_KNOTS((1,2
    ,2,2,2,1),(-2.094395102393,0.,2.094395102393,4.188790204786,
6.28318530718,8.377580409573),.UNSPECIFIED.) CURVE() 
GEOMETRIC_REPRESENTATION_ITEM() RATIONAL_B_SPLINE_CURVE((1.,0.5,1.,0.5,
1.,0.5,1.)) REPRESENTATION_ITEM('') );
#2723 = CARTESIAN_POINT('',(3.5765E+03,45.));
#2724 = CARTESIAN_POINT('',(3.5765E+03,56.258330249198));
#2725 = CARTESIAN_POINT('',(3.58625E+03,50.629165124599));
#2726 = CARTESIAN_POINT('',(3.596E+03,45.));
#2727 = CARTESIAN_POINT('',(3.58625E+03,39.370834875401));
#2728 = CARTESIAN_POINT('',(3.5765E+03,33.741669750802));
#2729 = CARTESIAN_POINT('',(3.5765E+03,45.));
#2730 = ( GEOMETRIC_REPRESENTATION_CONTEXT(2) 
PARAMETRIC_REPRESENTATION_CONTEXT() REPRESENTATION_CONTEXT('2D SPACE',''
  ) );
#2731 = PCURVE('',#1091,#2732);
#2732 = DEFINITIONAL_REPRESENTATION('',(#2733),#2737);
#2733 = LINE('',#2734,#2735);
#2734 = CARTESIAN_POINT('',(0.,10.));
#2735 = VECTOR('',#2736,1.);
#2736 = DIRECTION('',(1.,0.));
#2737 = ( GEOMETRIC_REPRESENTATION_CONTEXT(2) 
PARAMETRIC_REPRESENTATION_CONTEXT() REPRESENTATION_CONTEXT('2D SPACE',''
  ) );
#2738 = FACE_BOUND('',#2739,.F.);
#2739 = EDGE_LOOP('',(#2740));
#2740 = ORIENTED_EDGE('',*,*,#2741,.T.);
#2741 = EDGE_CURVE('',#2742,#2742,#2744,.T.);
#2742 = VERTEX_POINT('',#2743);
#2743 = CARTESIAN_POINT('',(73.5,155.,0.));
#2744 = SURFACE_CURVE('',#2745,(#2750,#2761),.PCURVE_S1.);
#2745 = CIRCLE('',#2746,6.5);
#2746 = AXIS2_PLACEMENT_3D('',#2747,#2748,#2749);
#2747 = CARTESIAN_POINT('',(80.,155.,0.));
#2748 = DIRECTION('',(0.,0.,-1.));
#2749 = DIRECTION('',(-1.,0.,0.));
#2750 = PCURVE('',#72,#2751);
#2751 = DEFINITIONAL_REPRESENTATION('',(#2752),#2760);
#2752 = ( BOUNDED_CURVE() B_SPLINE_CURVE(2,(#2753,#2754,#2755,#2756,
#2757,#2758,#2759),.UNSPECIFIED.,.T.,.F.) B_SPLINE_CURVE_WITH_KNOTS((1,2
    ,2,2,2,1),(-2.094395102393,0.,2.094395102393,4.188790204786,
6.28318530718,8.377580409573),.UNSPECIFIED.) CURVE() 
GEOMETRIC_REPRESENTATION_ITEM() RATIONAL_B_SPLINE_CURVE((1.,0.5,1.,0.5,
1.,0.5,1.)) REPRESENTATION_ITEM('') );
#2753 = CARTESIAN_POINT('',(73.5,155.));
#2754 = CARTESIAN_POINT('',(73.5,166.25833024919));
#2755 = CARTESIAN_POINT('',(83.25,160.62916512459));
#2756 = CARTESIAN_POINT('',(93.,155.));
#2757 = CARTESIAN_POINT('',(83.25,149.3708348754));
#2758 = CARTESIAN_POINT('',(73.5,143.7416697508));
#2759 = CARTESIAN_POINT('',(73.5,155.));
#2760 = ( GEOMETRIC_REPRESENTATION_CONTEXT(2) 
PARAMETRIC_REPRESENTATION_CONTEXT() REPRESENTATION_CONTEXT('2D SPACE',''
  ) );
#2761 = PCURVE('',#1126,#2762);
#2762 = DEFINITIONAL_REPRESENTATION('',(#2763),#2767);
#2763 = LINE('',#2764,#2765);
#2764 = CARTESIAN_POINT('',(0.,10.));
#2765 = VECTOR('',#2766,1.);
#2766 = DIRECTION('',(1.,0.));
#2767 = ( GEOMETRIC_REPRESENTATION_CONTEXT(2) 
PARAMETRIC_REPRESENTATION_CONTEXT() REPRESENTATION_CONTEXT('2D SPACE',''
  ) );
#2768 = FACE_BOUND('',#2769,.F.);
#2769 = EDGE_LOOP('',(#2770));
#2770 = ORIENTED_EDGE('',*,*,#2771,.T.);
#2771 = EDGE_CURVE('',#2772,#2772,#2774,.T.);
#2772 = VERTEX_POINT('',#2773);
#2773 = CARTESIAN_POINT('',(153.5,155.,0.));
#2774 = SURFACE_CURVE('',#2775,(#2780,#2791),.PCURVE_S1.);
#2775 = CIRCLE('',#2776,6.5);
#2776 = AXIS2_PLACEMENT_3D('',#2777,#2778,#2779);
#2777 = CARTESIAN_POINT('',(160.,155.,0.));
#2778 = DIRECTION('',(0.,0.,-1.));
#2779 = DIRECTION('',(-1.,0.,0.));
#2780 = PCURVE('',#72,#2781);
#2781 = DEFINITIONAL_REPRESENTATION('',(#2782),#2790);
#2782 = ( BOUNDED_CURVE() B_SPLINE_CURVE(2,(#2783,#2784,#2785,#2786,
#2787,#2788,#2789),.UNSPECIFIED.,.T.,.F.) B_SPLINE_CURVE_WITH_KNOTS((1,2
    ,2,2,2,1),(-2.094395102393,0.,2.094395102393,4.188790204786,
6.28318530718,8.377580409573),.UNSPECIFIED.) CURVE() 
GEOMETRIC_REPRESENTATION_ITEM() RATIONAL_B_SPLINE_CURVE((1.,0.5,1.,0.5,
1.,0.5,1.)) REPRESENTATION_ITEM('') );
#2783 = CARTESIAN_POINT('',(153.5,155.));
#2784 = CARTESIAN_POINT('',(153.5,166.25833024919));
#2785 = CARTESIAN_POINT('',(163.25,160.62916512459));
#2786 = CARTESIAN_POINT('',(173.,155.));
#2787 = CARTESIAN_POINT('',(163.25,149.3708348754));
#2788 = CARTESIAN_POINT('',(153.5,143.7416697508));
#2789 = CARTESIAN_POINT('',(153.5,155.));
#2790 = ( GEOMETRIC_REPRESENTATION_CONTEXT(2) 
PARAMETRIC_REPRESENTATION_CONTEXT() REPRESENTATION_CONTEXT('2D SPACE',''
  ) );
#2791 = PCURVE('',#1161,#2792);
#2792 = DEFINITIONAL_REPRESENTATION('',(#2793),#2797);
#2793 = LINE('',#2794,#2795);
#2794 = CARTESIAN_POINT('',(0.,10.));
#2795 = VECTOR('',#2796,1.);
#2796 = DIRECTION('',(1.,0.));
#2797 = ( GEOMETRIC_REPRESENTATION_CONTEXT(2) 
PARAMETRIC_REPRESENTATION_CONTEXT() REPRESENTATION_CONTEXT('2D SPACE',''
  ) );
#2798 = FACE_BOUND('',#2799,.F.);
#2799 = EDGE_LOOP('',(#2800));
#2800 = ORIENTED_EDGE('',*,*,#2801,.T.);
#2801 = EDGE_CURVE('',#2802,#2802,#2804,.T.);
#2802 = VERTEX_POINT('',#2803);
#2803 = CARTESIAN_POINT('',(233.5,155.,0.));
#2804 = SURFACE_CURVE('',#2805,(#2810,#2821),.PCURVE_S1.);
#2805 = CIRCLE('',#2806,6.5);
#2806 = AXIS2_PLACEMENT_3D('',#2807,#2808,#2809);
#2807 = CARTESIAN_POINT('',(240.,155.,0.));
#2808 = DIRECTION('',(0.,0.,-1.));
#2809 = DIRECTION('',(-1.,0.,0.));
#2810 = PCURVE('',#72,#2811);
#2811 = DEFINITIONAL_REPRESENTATION('',(#2812),#2820);
#2812 = ( BOUNDED_CURVE() B_SPLINE_CURVE(2,(#2813,#2814,#2815,#2816,
#2817,#2818,#2819),.UNSPECIFIED.,.T.,.F.) B_SPLINE_CURVE_WITH_KNOTS((1,2
    ,2,2,2,1),(-2.094395102393,0.,2.094395102393,4.188790204786,
6.28318530718,8.377580409573),.UNSPECIFIED.) CURVE() 
GEOMETRIC_REPRESENTATION_ITEM() RATIONAL_B_SPLINE_CURVE((1.,0.5,1.,0.5,
1.,0.5,1.)) REPRESENTATION_ITEM('') );
#2813 = CARTESIAN_POINT('',(233.5,155.));
#2814 = CARTESIAN_POINT('',(233.5,166.25833024919));
#2815 = CARTESIAN_POINT('',(243.25,160.62916512459));
#2816 = CARTESIAN_POINT('',(253.,155.));
#2817 = CARTESIAN_POINT('',(243.25,149.3708348754));
#2818 = CARTESIAN_POINT('',(233.5,143.7416697508));
#2819 = CARTESIAN_POINT('',(233.5,155.));
#2820 = ( GEOMETRIC_REPRESENTATION_CONTEXT(2) 
PARAMETRIC_REPRESENTATION_CONTEXT() REPRESENTATION_CONTEXT('2D SPACE',''
  ) );
#2821 = PCURVE('',#1196,#2822);
#2822 = DEFINITIONAL_REPRESENTATION('',(#2823),#2827);
#2823 = LINE('',#2824,#2825);
#2824 = CARTESIAN_POINT('',(0.,10.));
#2825 = VECTOR('',#2826,1.);
#2826 = DIRECTION('',(1.,0.));
#2827 = ( GEOMETRIC_REPRESENTATION_CONTEXT(2) 
PARAMETRIC_REPRESENTATION_CONTEXT() REPRESENTATION_CONTEXT('2D SPACE',''
  ) );
#2828 = FACE_BOUND('',#2829,.F.);
#2829 = EDGE_LOOP('',(#2830));
#2830 = ORIENTED_EDGE('',*,*,#2831,.T.);
#2831 = EDGE_CURVE('',#2832,#2832,#2834,.T.);
#2832 = VERTEX_POINT('',#2833);
#2833 = CARTESIAN_POINT('',(313.5,155.,0.));
#2834 = SURFACE_CURVE('',#2835,(#2840,#2851),.PCURVE_S1.);
#2835 = CIRCLE('',#2836,6.5);
#2836 = AXIS2_PLACEMENT_3D('',#2837,#2838,#2839);
#2837 = CARTESIAN_POINT('',(320.,155.,0.));
#2838 = DIRECTION('',(0.,0.,-1.));
#2839 = DIRECTION('',(-1.,0.,0.));
#2840 = PCURVE('',#72,#2841);
#2841 = DEFINITIONAL_REPRESENTATION('',(#2842),#2850);
#2842 = ( BOUNDED_CURVE() B_SPLINE_CURVE(2,(#2843,#2844,#2845,#2846,
#2847,#2848,#2849),.UNSPECIFIED.,.T.,.F.) B_SPLINE_CURVE_WITH_KNOTS((1,2
    ,2,2,2,1),(-2.094395102393,0.,2.094395102393,4.188790204786,
6.28318530718,8.377580409573),.UNSPECIFIED.) CURVE() 
GEOMETRIC_REPRESENTATION_ITEM() RATIONAL_B_SPLINE_CURVE((1.,0.5,1.,0.5,
1.,0.5,1.)) REPRESENTATION_ITEM('') );
#2843 = CARTESIAN_POINT('',(313.5,155.));
#2844 = CARTESIAN_POINT('',(313.5,166.25833024919));
#2845 = CARTESIAN_POINT('',(323.25,160.62916512459));
#2846 = CARTESIAN_POINT('',(333.,155.));
#2847 = CARTESIAN_POINT('',(323.25,149.3708348754));
#2848 = CARTESIAN_POINT('',(313.5,143.7416697508));
#2849 = CARTESIAN_POINT('',(313.5,155.));
#2850 = ( GEOMETRIC_REPRESENTATION_CONTEXT(2) 
PARAMETRIC_REPRESENTATION_CONTEXT() REPRESENTATION_CONTEXT('2D SPACE',''
  ) );
#2851 = PCURVE('',#1231,#2852);
#2852 = DEFINITIONAL_REPRESENTATION('',(#2853),#2857);
#2853 = LINE('',#2854,#2855);
#2854 = CARTESIAN_POINT('',(0.,10.));
#2855 = VECTOR('',#2856,1.);
#2856 = DIRECTION('',(1.,0.));
#2857 = ( GEOMETRIC_REPRESENTATION_CONTEXT(2) 
PARAMETRIC_REPRESENTATION_CONTEXT() REPRESENTATION_CONTEXT('2D SPACE',''
  ) );
#2858 = FACE_BOUND('',#2859,.F.);
#2859 = EDGE_LOOP('',(#2860));
#2860 = ORIENTED_EDGE('',*,*,#2861,.T.);
#2861 = EDGE_CURVE('',#2862,#2862,#2864,.T.);
#2862 = VERTEX_POINT('',#2863);
#2863 = CARTESIAN_POINT('',(393.5,155.,0.));
#2864 = SURFACE_CURVE('',#2865,(#2870,#2881),.PCURVE_S1.);
#2865 = CIRCLE('',#2866,6.5);
#2866 = AXIS2_PLACEMENT_3D('',#2867,#2868,#2869);
#2867 = CARTESIAN_POINT('',(400.,155.,0.));
#2868 = DIRECTION('',(0.,0.,-1.));
#2869 = DIRECTION('',(-1.,0.,0.));
#2870 = PCURVE('',#72,#2871);
#2871 = DEFINITIONAL_REPRESENTATION('',(#2872),#2880);
#2872 = ( BOUNDED_CURVE() B_SPLINE_CURVE(2,(#2873,#2874,#2875,#2876,
#2877,#2878,#2879),.UNSPECIFIED.,.T.,.F.) B_SPLINE_CURVE_WITH_KNOTS((1,2
    ,2,2,2,1),(-2.094395102393,0.,2.094395102393,4.188790204786,
6.28318530718,8.377580409573),.UNSPECIFIED.) CURVE() 
GEOMETRIC_REPRESENTATION_ITEM() RATIONAL_B_SPLINE_CURVE((1.,0.5,1.,0.5,
1.,0.5,1.)) REPRESENTATION_ITEM('') );
#2873 = CARTESIAN_POINT('',(393.5,155.));
#2874 = CARTESIAN_POINT('',(393.5,166.25833024919));
#2875 = CARTESIAN_POINT('',(403.25,160.62916512459));
#2876 = CARTESIAN_POINT('',(413.,155.));
#2877 = CARTESIAN_POINT('',(403.25,149.3708348754));
#2878 = CARTESIAN_POINT('',(393.5,143.7416697508));
#2879 = CARTESIAN_POINT('',(393.5,155.));
#2880 = ( GEOMETRIC_REPRESENTATION_CONTEXT(2) 
PARAMETRIC_REPRESENTATION_CONTEXT() REPRESENTATION_CONTEXT('2D SPACE',''
  ) );
#2881 = PCURVE('',#1266,#2882);
#2882 = DEFINITIONAL_REPRESENTATION('',(#2883),#2887);
#2883 = LINE('',#2884,#2885);
#2884 = CARTESIAN_POINT('',(0.,10.));
#2885 = VECTOR('',#2886,1.);
#2886 = DIRECTION('',(1.,0.));
#2887 = ( GEOMETRIC_REPRESENTATION_CONTEXT(2) 
PARAMETRIC_REPRESENTATION_CONTEXT() REPRESENTATION_CONTEXT('2D SPACE',''
  ) );
#2888 = FACE_BOUND('',#2889,.F.);
#2889 = EDGE_LOOP('',(#2890));
#2890 = ORIENTED_EDGE('',*,*,#2891,.T.);
#2891 = EDGE_CURVE('',#2892,#2892,#2894,.T.);
#2892 = VERTEX_POINT('',#2893);
#2893 = CARTESIAN_POINT('',(473.5,155.,0.));
#2894 = SURFACE_CURVE('',#2895,(#2900,#2911),.PCURVE_S1.);
#2895 = CIRCLE('',#2896,6.5);
#2896 = AXIS2_PLACEMENT_3D('',#2897,#2898,#2899);
#2897 = CARTESIAN_POINT('',(480.,155.,0.));
#2898 = DIRECTION('',(0.,0.,-1.));
#2899 = DIRECTION('',(-1.,0.,0.));
#2900 = PCURVE('',#72,#2901);
#2901 = DEFINITIONAL_REPRESENTATION('',(#2902),#2910);
#2902 = ( BOUNDED_CURVE() B_SPLINE_CURVE(2,(#2903,#2904,#2905,#2906,
#2907,#2908,#2909),.UNSPECIFIED.,.T.,.F.) B_SPLINE_CURVE_WITH_KNOTS((1,2
    ,2,2,2,1),(-2.094395102393,0.,2.094395102393,4.188790204786,
6.28318530718,8.377580409573),.UNSPECIFIED.) CURVE() 
GEOMETRIC_REPRESENTATION_ITEM() RATIONAL_B_SPLINE_CURVE((1.,0.5,1.,0.5,
1.,0.5,1.)) REPRESENTATION_ITEM('') );
#2903 = CARTESIAN_POINT('',(473.5,155.));
#2904 = CARTESIAN_POINT('',(473.5,166.25833024919));
#2905 = CARTESIAN_POINT('',(483.25,160.62916512459));
#2906 = CARTESIAN_POINT('',(493.,155.));
#2907 = CARTESIAN_POINT('',(483.25,149.3708348754));
#2908 = CARTESIAN_POINT('',(473.5,143.7416697508));
#2909 = CARTESIAN_POINT('',(473.5,155.));
#2910 = ( GEOMETRIC_REPRESENTATION_CONTEXT(2) 
PARAMETRIC_REPRESENTATION_CONTEXT() REPRESENTATION_CONTEXT('2D SPACE',''
  ) );
#2911 = PCURVE('',#1301,#2912);
#2912 = DEFINITIONAL_REPRESENTATION('',(#2913),#2917);
#2913 = LINE('',#2914,#2915);
#2914 = CARTESIAN_POINT('',(0.,10.));
#2915 = VECTOR('',#2916,1.);
#2916 = DIRECTION('',(1.,0.));
#2917 = ( GEOMETRIC_REPRESENTATION_CONTEXT(2) 
PARAMETRIC_REPRESENTATION_CONTEXT() REPRESENTATION_CONTEXT('2D SPACE',''
  ) );
#2918 = FACE_BOUND('',#2919,.F.);
#2919 = EDGE_LOOP('',(#2920));
#2920 = ORIENTED_EDGE('',*,*,#2921,.T.);
#2921 = EDGE_CURVE('',#2922,#2922,#2924,.T.);
#2922 = VERTEX_POINT('',#2923);
#2923 = CARTESIAN_POINT('',(588.5,155.,0.));
#2924 = SURFACE_CURVE('',#2925,(#2930,#2941),.PCURVE_S1.);
#2925 = CIRCLE('',#2926,6.5);
#2926 = AXIS2_PLACEMENT_3D('',#2927,#2928,#2929);
#2927 = CARTESIAN_POINT('',(595.,155.,0.));
#2928 = DIRECTION('',(0.,0.,-1.));
#2929 = DIRECTION('',(-1.,0.,0.));
#2930 = PCURVE('',#72,#2931);
#2931 = DEFINITIONAL_REPRESENTATION('',(#2932),#2940);
#2932 = ( BOUNDED_CURVE() B_SPLINE_CURVE(2,(#2933,#2934,#2935,#2936,
#2937,#2938,#2939),.UNSPECIFIED.,.T.,.F.) B_SPLINE_CURVE_WITH_KNOTS((1,2
    ,2,2,2,1),(-2.094395102393,0.,2.094395102393,4.188790204786,
6.28318530718,8.377580409573),.UNSPECIFIED.) CURVE() 
GEOMETRIC_REPRESENTATION_ITEM() RATIONAL_B_SPLINE_CURVE((1.,0.5,1.,0.5,
1.,0.5,1.)) REPRESENTATION_ITEM('') );
#2933 = CARTESIAN_POINT('',(588.5,155.));
#2934 = CARTESIAN_POINT('',(588.5,166.25833024919));
#2935 = CARTESIAN_POINT('',(598.25,160.62916512459));
#2936 = CARTESIAN_POINT('',(608.,155.));
#2937 = CARTESIAN_POINT('',(598.25,149.3708348754));
#2938 = CARTESIAN_POINT('',(588.5,143.7416697508));
#2939 = CARTESIAN_POINT('',(588.5,155.));
#2940 = ( GEOMETRIC_REPRESENTATION_CONTEXT(2) 
PARAMETRIC_REPRESENTATION_CONTEXT() REPRESENTATION_CONTEXT('2D SPACE',''
  ) );
#2941 = PCURVE('',#1336,#2942);
#2942 = DEFINITIONAL_REPRESENTATION('',(#2943),#2947);
#2943 = LINE('',#2944,#2945);
#2944 = CARTESIAN_POINT('',(0.,10.));
#2945 = VECTOR('',#2946,1.);
#2946 = DIRECTION('',(1.,0.));
#2947 = ( GEOMETRIC_REPRESENTATION_CONTEXT(2) 
PARAMETRIC_REPRESENTATION_CONTEXT() REPRESENTATION_CONTEXT('2D SPACE',''
  ) );
#2948 = FACE_BOUND('',#2949,.F.);
#2949 = EDGE_LOOP('',(#2950));
#2950 = ORIENTED_EDGE('',*,*,#2951,.T.);
#2951 = EDGE_CURVE('',#2952,#2952,#2954,.T.);
#2952 = VERTEX_POINT('',#2953);
#2953 = CARTESIAN_POINT('',(738.5,155.,0.));
#2954 = SURFACE_CURVE('',#2955,(#2960,#2971),.PCURVE_S1.);
#2955 = CIRCLE('',#2956,6.5);
#2956 = AXIS2_PLACEMENT_3D('',#2957,#2958,#2959);
#2957 = CARTESIAN_POINT('',(745.,155.,0.));
#2958 = DIRECTION('',(0.,0.,-1.));
#2959 = DIRECTION('',(-1.,0.,0.));
#2960 = PCURVE('',#72,#2961);
#2961 = DEFINITIONAL_REPRESENTATION('',(#2962),#2970);
#2962 = ( BOUNDED_CURVE() B_SPLINE_CURVE(2,(#2963,#2964,#2965,#2966,
#2967,#2968,#2969),.UNSPECIFIED.,.T.,.F.) B_SPLINE_CURVE_WITH_KNOTS((1,2
    ,2,2,2,1),(-2.094395102393,0.,2.094395102393,4.188790204786,
6.28318530718,8.377580409573),.UNSPECIFIED.) CURVE() 
GEOMETRIC_REPRESENTATION_ITEM() RATIONAL_B_SPLINE_CURVE((1.,0.5,1.,0.5,
1.,0.5,1.)) REPRESENTATION_ITEM('') );
#2963 = CARTESIAN_POINT('',(738.5,155.));
#2964 = CARTESIAN_POINT('',(738.5,166.25833024919));
#2965 = CARTESIAN_POINT('',(748.25,160.62916512459));
#2966 = CARTESIAN_POINT('',(758.,155.));
#2967 = CARTESIAN_POINT('',(748.25,149.3708348754));
#2968 = CARTESIAN_POINT('',(738.5,143.7416697508));
#2969 = CARTESIAN_POINT('',(738.5,155.));
#2970 = ( GEOMETRIC_REPRESENTATION_CONTEXT(2) 
PARAMETRIC_REPRESENTATION_CONTEXT() REPRESENTATION_CONTEXT('2D SPACE',''
  ) );
#2971 = PCURVE('',#1371,#2972);
#2972 = DEFINITIONAL_REPRESENTATION('',(#2973),#2977);
#2973 = LINE('',#2974,#2975);
#2974 = CARTESIAN_POINT('',(0.,10.));
#2975 = VECTOR('',#2976,1.);
#2976 = DIRECTION('',(1.,0.));
#2977 = ( GEOMETRIC_REPRESENTATION_CONTEXT(2) 
PARAMETRIC_REPRESENTATION_CONTEXT() REPRESENTATION_CONTEXT('2D SPACE',''
  ) );
#2978 = FACE_BOUND('',#2979,.F.);
#2979 = EDGE_LOOP('',(#2980));
#2980 = ORIENTED_EDGE('',*,*,#2981,.T.);
#2981 = EDGE_CURVE('',#2982,#2982,#2984,.T.);
#2982 = VERTEX_POINT('',#2983);
#2983 = CARTESIAN_POINT('',(888.5,155.,0.));
#2984 = SURFACE_CURVE('',#2985,(#2990,#3001),.PCURVE_S1.);
#2985 = CIRCLE('',#2986,6.5);
#2986 = AXIS2_PLACEMENT_3D('',#2987,#2988,#2989);
#2987 = CARTESIAN_POINT('',(895.,155.,0.));
#2988 = DIRECTION('',(0.,0.,-1.));
#2989 = DIRECTION('',(-1.,0.,0.));
#2990 = PCURVE('',#72,#2991);
#2991 = DEFINITIONAL_REPRESENTATION('',(#2992),#3000);
#2992 = ( BOUNDED_CURVE() B_SPLINE_CURVE(2,(#2993,#2994,#2995,#2996,
#2997,#2998,#2999),.UNSPECIFIED.,.T.,.F.) B_SPLINE_CURVE_WITH_KNOTS((1,2
    ,2,2,2,1),(-2.094395102393,0.,2.094395102393,4.188790204786,
6.28318530718,8.377580409573),.UNSPECIFIED.) CURVE() 
GEOMETRIC_REPRESENTATION_ITEM() RATIONAL_B_SPLINE_CURVE((1.,0.5,1.,0.5,
1.,0.5,1.)) REPRESENTATION_ITEM('') );
#2993 = CARTESIAN_POINT('',(888.5,155.));
#2994 = CARTESIAN_POINT('',(888.5,166.25833024919));
#2995 = CARTESIAN_POINT('',(898.25,160.62916512459));
#2996 = CARTESIAN_POINT('',(908.,155.));
#2997 = CARTESIAN_POINT('',(898.25,149.3708348754));
#2998 = CARTESIAN_POINT('',(888.5,143.7416697508));
#2999 = CARTESIAN_POINT('',(888.5,155.));
#3000 = ( GEOMETRIC_REPRESENTATION_CONTEXT(2) 
PARAMETRIC_REPRESENTATION_CONTEXT() REPRESENTATION_CONTEXT('2D SPACE',''
  ) );
#3001 = PCURVE('',#1406,#3002);
#3002 = DEFINITIONAL_REPRESENTATION('',(#3003),#3007);
#3003 = LINE('',#3004,#3005);
#3004 = CARTESIAN_POINT('',(0.,10.));
#3005 = VECTOR('',#3006,1.);
#3006 = DIRECTION('',(1.,0.));
#3007 = ( GEOMETRIC_REPRESENTATION_CONTEXT(2) 
PARAMETRIC_REPRESENTATION_CONTEXT() REPRESENTATION_CONTEXT('2D SPACE',''
  ) );
#3008 = FACE_BOUND('',#3009,.F.);
#3009 = EDGE_LOOP('',(#3010));
#3010 = ORIENTED_EDGE('',*,*,#3011,.T.);
#3011 = EDGE_CURVE('',#3012,#3012,#3014,.T.);
#3012 = VERTEX_POINT('',#3013);
#3013 = CARTESIAN_POINT('',(1.0385E+03,155.,0.));
#3014 = SURFACE_CURVE('',#3015,(#3020,#3031),.PCURVE_S1.);
#3015 = CIRCLE('',#3016,6.5);
#3016 = AXIS2_PLACEMENT_3D('',#3017,#3018,#3019);
#3017 = CARTESIAN_POINT('',(1.045E+03,155.,0.));
#3018 = DIRECTION('',(0.,0.,-1.));
#3019 = DIRECTION('',(-1.,0.,0.));
#3020 = PCURVE('',#72,#3021);
#3021 = DEFINITIONAL_REPRESENTATION('',(#3022),#3030);
#3022 = ( BOUNDED_CURVE() B_SPLINE_CURVE(2,(#3023,#3024,#3025,#3026,
#3027,#3028,#3029),.UNSPECIFIED.,.T.,.F.) B_SPLINE_CURVE_WITH_KNOTS((1,2
    ,2,2,2,1),(-2.094395102393,0.,2.094395102393,4.188790204786,
6.28318530718,8.377580409573),.UNSPECIFIED.) CURVE() 
GEOMETRIC_REPRESENTATION_ITEM() RATIONAL_B_SPLINE_CURVE((1.,0.5,1.,0.5,
1.,0.5,1.)) REPRESENTATION_ITEM('') );
#3023 = CARTESIAN_POINT('',(1.0385E+03,155.));
#3024 = CARTESIAN_POINT('',(1.0385E+03,166.25833024919));
#3025 = CARTESIAN_POINT('',(1.04825E+03,160.62916512459));
#3026 = CARTESIAN_POINT('',(1.058E+03,155.));
#3027 = CARTESIAN_POINT('',(1.04825E+03,149.3708348754));
#3028 = CARTESIAN_POINT('',(1.0385E+03,143.7416697508));
#3029 = CARTESIAN_POINT('',(1.0385E+03,155.));
#3030 = ( GEOMETRIC_REPRESENTATION_CONTEXT(2) 
PARAMETRIC_REPRESENTATION_CONTEXT() REPRESENTATION_CONTEXT('2D SPACE',''
  ) );
#3031 = PCURVE('',#1441,#3032);
#3032 = DEFINITIONAL_REPRESENTATION('',(#3033),#3037);
#3033 = LINE('',#3034,#3035);
#3034 = CARTESIAN_POINT('',(0.,10.));
#3035 = VECTOR('',#3036,1.);
#3036 = DIRECTION('',(1.,0.));
#3037 = ( GEOMETRIC_REPRESENTATION_CONTEXT(2) 
PARAMETRIC_REPRESENTATION_CONTEXT() REPRESENTATION_CONTEXT('2D SPACE',''
  ) );
#3038 = FACE_BOUND('',#3039,.F.);
#3039 = EDGE_LOOP('',(#3040));
#3040 = ORIENTED_EDGE('',*,*,#3041,.T.);
#3041 = EDGE_CURVE('',#3042,#3042,#3044,.T.);
#3042 = VERTEX_POINT('',#3043);
#3043 = CARTESIAN_POINT('',(1.3135E+03,155.,0.));
#3044 = SURFACE_CURVE('',#3045,(#3050,#3061),.PCURVE_S1.);
#3045 = CIRCLE('',#3046,6.5);
#3046 = AXIS2_PLACEMENT_3D('',#3047,#3048,#3049);
#3047 = CARTESIAN_POINT('',(1.32E+03,155.,0.));
#3048 = DIRECTION('',(0.,0.,-1.));
#3049 = DIRECTION('',(-1.,0.,0.));
#3050 = PCURVE('',#72,#3051);
#3051 = DEFINITIONAL_REPRESENTATION('',(#3052),#3060);
#3052 = ( BOUNDED_CURVE() B_SPLINE_CURVE(2,(#3053,#3054,#3055,#3056,
#3057,#3058,#3059),.UNSPECIFIED.,.T.,.F.) B_SPLINE_CURVE_WITH_KNOTS((1,2
    ,2,2,2,1),(-2.094395102393,0.,2.094395102393,4.188790204786,
6.28318530718,8.377580409573),.UNSPECIFIED.) CURVE() 
GEOMETRIC_REPRESENTATION_ITEM() RATIONAL_B_SPLINE_CURVE((1.,0.5,1.,0.5,
1.,0.5,1.)) REPRESENTATION_ITEM('') );
#3053 = CARTESIAN_POINT('',(1.3135E+03,155.));
#3054 = CARTESIAN_POINT('',(1.3135E+03,166.25833024919));
#3055 = CARTESIAN_POINT('',(1.32325E+03,160.62916512459));
#3056 = CARTESIAN_POINT('',(1.333E+03,155.));
#3057 = CARTESIAN_POINT('',(1.32325E+03,149.3708348754));
#3058 = CARTESIAN_POINT('',(1.3135E+03,143.7416697508));
#3059 = CARTESIAN_POINT('',(1.3135E+03,155.));
#3060 = ( GEOMETRIC_REPRESENTATION_CONTEXT(2) 
PARAMETRIC_REPRESENTATION_CONTEXT() REPRESENTATION_CONTEXT('2D SPACE',''
  ) );
#3061 = PCURVE('',#1476,#3062);
#3062 = DEFINITIONAL_REPRESENTATION('',(#3063),#3067);
#3063 = LINE('',#3064,#3065);
#3064 = CARTESIAN_POINT('',(0.,10.));
#3065 = VECTOR('',#3066,1.);
#3066 = DIRECTION('',(1.,0.));
#3067 = ( GEOMETRIC_REPRESENTATION_CONTEXT(2) 
PARAMETRIC_REPRESENTATION_CONTEXT() REPRESENTATION_CONTEXT('2D SPACE',''
  ) );
#3068 = FACE_BOUND('',#3069,.F.);
#3069 = EDGE_LOOP('',(#3070));
#3070 = ORIENTED_EDGE('',*,*,#3071,.T.);
#3071 = EDGE_CURVE('',#3072,#3072,#3074,.T.);
#3072 = VERTEX_POINT('',#3073);
#3073 = CARTESIAN_POINT('',(1.7135E+03,155.,0.));
#3074 = SURFACE_CURVE('',#3075,(#3080,#3091),.PCURVE_S1.);
#3075 = CIRCLE('',#3076,6.5);
#3076 = AXIS2_PLACEMENT_3D('',#3077,#3078,#3079);
#3077 = CARTESIAN_POINT('',(1.72E+03,155.,0.));
#3078 = DIRECTION('',(0.,0.,-1.));
#3079 = DIRECTION('',(-1.,0.,0.));
#3080 = PCURVE('',#72,#3081);
#3081 = DEFINITIONAL_REPRESENTATION('',(#3082),#3090);
#3082 = ( BOUNDED_CURVE() B_SPLINE_CURVE(2,(#3083,#3084,#3085,#3086,
#3087,#3088,#3089),.UNSPECIFIED.,.T.,.F.) B_SPLINE_CURVE_WITH_KNOTS((1,2
    ,2,2,2,1),(-2.094395102393,0.,2.094395102393,4.188790204786,
6.28318530718,8.377580409573),.UNSPECIFIED.) CURVE() 
GEOMETRIC_REPRESENTATION_ITEM() RATIONAL_B_SPLINE_CURVE((1.,0.5,1.,0.5,
1.,0.5,1.)) REPRESENTATION_ITEM('') );
#3083 = CARTESIAN_POINT('',(1.7135E+03,155.));
#3084 = CARTESIAN_POINT('',(1.7135E+03,166.25833024919));
#3085 = CARTESIAN_POINT('',(1.72325E+03,160.62916512459));
#3086 = CARTESIAN_POINT('',(1.733E+03,155.));
#3087 = CARTESIAN_POINT('',(1.72325E+03,149.3708348754));
#3088 = CARTESIAN_POINT('',(1.7135E+03,143.7416697508));
#3089 = CARTESIAN_POINT('',(1.7135E+03,155.));
#3090 = ( GEOMETRIC_REPRESENTATION_CONTEXT(2) 
PARAMETRIC_REPRESENTATION_CONTEXT() REPRESENTATION_CONTEXT('2D SPACE',''
  ) );
#3091 = PCURVE('',#1511,#3092);
#3092 = DEFINITIONAL_REPRESENTATION('',(#3093),#3097);
#3093 = LINE('',#3094,#3095);
#3094 = CARTESIAN_POINT('',(0.,10.));
#3095 = VECTOR('',#3096,1.);
#3096 = DIRECTION('',(1.,0.));
#3097 = ( GEOMETRIC_REPRESENTATION_CONTEXT(2) 
PARAMETRIC_REPRESENTATION_CONTEXT() REPRESENTATION_CONTEXT('2D SPACE',''
  ) );
#3098 = FACE_BOUND('',#3099,.F.);
#3099 = EDGE_LOOP('',(#3100));
#3100 = ORIENTED_EDGE('',*,*,#3101,.T.);
#3101 = EDGE_CURVE('',#3102,#3102,#3104,.T.);
#3102 = VERTEX_POINT('',#3103);
#3103 = CARTESIAN_POINT('',(1.9265E+03,155.,0.));
#3104 = SURFACE_CURVE('',#3105,(#3110,#3121),.PCURVE_S1.);
#3105 = CIRCLE('',#3106,6.5);
#3106 = AXIS2_PLACEMENT_3D('',#3107,#3108,#3109);
#3107 = CARTESIAN_POINT('',(1.933E+03,155.,0.));
#3108 = DIRECTION('',(0.,0.,-1.));
#3109 = DIRECTION('',(-1.,0.,0.));
#3110 = PCURVE('',#72,#3111);
#3111 = DEFINITIONAL_REPRESENTATION('',(#3112),#3120);
#3112 = ( BOUNDED_CURVE() B_SPLINE_CURVE(2,(#3113,#3114,#3115,#3116,
#3117,#3118,#3119),.UNSPECIFIED.,.T.,.F.) B_SPLINE_CURVE_WITH_KNOTS((1,2
    ,2,2,2,1),(-2.094395102393,0.,2.094395102393,4.188790204786,
6.28318530718,8.377580409573),.UNSPECIFIED.) CURVE() 
GEOMETRIC_REPRESENTATION_ITEM() RATIONAL_B_SPLINE_CURVE((1.,0.5,1.,0.5,
1.,0.5,1.)) REPRESENTATION_ITEM('') );
#3113 = CARTESIAN_POINT('',(1.9265E+03,155.));
#3114 = CARTESIAN_POINT('',(1.9265E+03,166.25833024919));
#3115 = CARTESIAN_POINT('',(1.93625E+03,160.62916512459));
#3116 = CARTESIAN_POINT('',(1.946E+03,155.));
#3117 = CARTESIAN_POINT('',(1.93625E+03,149.3708348754));
#3118 = CARTESIAN_POINT('',(1.9265E+03,143.7416697508));
#3119 = CARTESIAN_POINT('',(1.9265E+03,155.));
#3120 = ( GEOMETRIC_REPRESENTATION_CONTEXT(2) 
PARAMETRIC_REPRESENTATION_CONTEXT() REPRESENTATION_CONTEXT('2D SPACE',''
  ) );
#3121 = PCURVE('',#1546,#3122);
#3122 = DEFINITIONAL_REPRESENTATION('',(#3123),#3127);
#3123 = LINE('',#3124,#3125);
#3124 = CARTESIAN_POINT('',(0.,10.));
#3125 = VECTOR('',#3126,1.);
#3126 = DIRECTION('',(1.,0.));
#3127 = ( GEOMETRIC_REPRESENTATION_CONTEXT(2) 
PARAMETRIC_REPRESENTATION_CONTEXT() REPRESENTATION_CONTEXT('2D SPACE',''
  ) );
#3128 = FACE_BOUND('',#3129,.F.);
#3129 = EDGE_LOOP('',(#3130));
#3130 = ORIENTED_EDGE('',*,*,#3131,.T.);
#3131 = EDGE_CURVE('',#3132,#3132,#3134,.T.);
#3132 = VERTEX_POINT('',#3133);
#3133 = CARTESIAN_POINT('',(2.3265E+03,155.,0.));
#3134 = SURFACE_CURVE('',#3135,(#3140,#3151),.PCURVE_S1.);
#3135 = CIRCLE('',#3136,6.5);
#3136 = AXIS2_PLACEMENT_3D('',#3137,#3138,#3139);
#3137 = CARTESIAN_POINT('',(2.333E+03,155.,0.));
#3138 = DIRECTION('',(0.,0.,-1.));
#3139 = DIRECTION('',(-1.,0.,0.));
#3140 = PCURVE('',#72,#3141);
#3141 = DEFINITIONAL_REPRESENTATION('',(#3142),#3150);
#3142 = ( BOUNDED_CURVE() B_SPLINE_CURVE(2,(#3143,#3144,#3145,#3146,
#3147,#3148,#3149),.UNSPECIFIED.,.T.,.F.) B_SPLINE_CURVE_WITH_KNOTS((1,2
    ,2,2,2,1),(-2.094395102393,0.,2.094395102393,4.188790204786,
6.28318530718,8.377580409573),.UNSPECIFIED.) CURVE() 
GEOMETRIC_REPRESENTATION_ITEM() RATIONAL_B_SPLINE_CURVE((1.,0.5,1.,0.5,
1.,0.5,1.)) REPRESENTATION_ITEM('') );
#3143 = CARTESIAN_POINT('',(2.3265E+03,155.));
#3144 = CARTESIAN_POINT('',(2.3265E+03,166.25833024919));
#3145 = CARTESIAN_POINT('',(2.33625E+03,160.62916512459));
#3146 = CARTESIAN_POINT('',(2.346E+03,155.));
#3147 = CARTESIAN_POINT('',(2.33625E+03,149.3708348754));
#3148 = CARTESIAN_POINT('',(2.3265E+03,143.7416697508));
#3149 = CARTESIAN_POINT('',(2.3265E+03,155.));
#3150 = ( GEOMETRIC_REPRESENTATION_CONTEXT(2) 
PARAMETRIC_REPRESENTATION_CONTEXT() REPRESENTATION_CONTEXT('2D SPACE',''
  ) );
#3151 = PCURVE('',#1581,#3152);
#3152 = DEFINITIONAL_REPRESENTATION('',(#3153),#3157);
#3153 = LINE('',#3154,#3155);
#3154 = CARTESIAN_POINT('',(0.,10.));
#3155 = VECTOR('',#3156,1.);
#3156 = DIRECTION('',(1.,0.));
#3157 = ( GEOMETRIC_REPRESENTATION_CONTEXT(2) 
PARAMETRIC_REPRESENTATION_CONTEXT() REPRESENTATION_CONTEXT('2D SPACE',''
  ) );
#3158 = FACE_BOUND('',#3159,.F.);
#3159 = EDGE_LOOP('',(#3160));
#3160 = ORIENTED_EDGE('',*,*,#3161,.T.);
#3161 = EDGE_CURVE('',#3162,#3162,#3164,.T.);
#3162 = VERTEX_POINT('',#3163);
#3163 = CARTESIAN_POINT('',(2.7265E+03,155.,0.));
#3164 = SURFACE_CURVE('',#3165,(#3170,#3181),.PCURVE_S1.);
#3165 = CIRCLE('',#3166,6.5);
#3166 = AXIS2_PLACEMENT_3D('',#3167,#3168,#3169);
#3167 = CARTESIAN_POINT('',(2.733E+03,155.,0.));
#3168 = DIRECTION('',(0.,0.,-1.));
#3169 = DIRECTION('',(-1.,0.,0.));
#3170 = PCURVE('',#72,#3171);
#3171 = DEFINITIONAL_REPRESENTATION('',(#3172),#3180);
#3172 = ( BOUNDED_CURVE() B_SPLINE_CURVE(2,(#3173,#3174,#3175,#3176,
#3177,#3178,#3179),.UNSPECIFIED.,.T.,.F.) B_SPLINE_CURVE_WITH_KNOTS((1,2
    ,2,2,2,1),(-2.094395102393,0.,2.094395102393,4.188790204786,
6.28318530718,8.377580409573),.UNSPECIFIED.) CURVE() 
GEOMETRIC_REPRESENTATION_ITEM() RATIONAL_B_SPLINE_CURVE((1.,0.5,1.,0.5,
1.,0.5,1.)) REPRESENTATION_ITEM('') );
#3173 = CARTESIAN_POINT('',(2.7265E+03,155.));
#3174 = CARTESIAN_POINT('',(2.7265E+03,166.25833024919));
#3175 = CARTESIAN_POINT('',(2.73625E+03,160.62916512459));
#3176 = CARTESIAN_POINT('',(2.746E+03,155.));
#3177 = CARTESIAN_POINT('',(2.73625E+03,149.3708348754));
#3178 = CARTESIAN_POINT('',(2.7265E+03,143.7416697508));
#3179 = CARTESIAN_POINT('',(2.7265E+03,155.));
#3180 = ( GEOMETRIC_REPRESENTATION_CONTEXT(2) 
PARAMETRIC_REPRESENTATION_CONTEXT() REPRESENTATION_CONTEXT('2D SPACE',''
  ) );
#3181 = PCURVE('',#1616,#3182);
#3182 = DEFINITIONAL_REPRESENTATION('',(#3183),#3187);
#3183 = LINE('',#3184,#3185);
#3184 = CARTESIAN_POINT('',(0.,10.));
#3185 = VECTOR('',#3186,1.);
#3186 = DIRECTION('',(1.,0.));
#3187 = ( GEOMETRIC_REPRESENTATION_CONTEXT(2) 
PARAMETRIC_REPRESENTATION_CONTEXT() REPRESENTATION_CONTEXT('2D SPACE',''
  ) );
#3188 = FACE_BOUND('',#3189,.F.);
#3189 = EDGE_LOOP('',(#3190));
#3190 = ORIENTED_EDGE('',*,*,#3191,.T.);
#3191 = EDGE_CURVE('',#3192,#3192,#3194,.T.);
#3192 = VERTEX_POINT('',#3193);
#3193 = CARTESIAN_POINT('',(2.8265E+03,155.,0.));
#3194 = SURFACE_CURVE('',#3195,(#3200,#3211),.PCURVE_S1.);
#3195 = CIRCLE('',#3196,6.5);
#3196 = AXIS2_PLACEMENT_3D('',#3197,#3198,#3199);
#3197 = CARTESIAN_POINT('',(2.833E+03,155.,0.));
#3198 = DIRECTION('',(0.,0.,-1.));
#3199 = DIRECTION('',(-1.,0.,0.));
#3200 = PCURVE('',#72,#3201);
#3201 = DEFINITIONAL_REPRESENTATION('',(#3202),#3210);
#3202 = ( BOUNDED_CURVE() B_SPLINE_CURVE(2,(#3203,#3204,#3205,#3206,
#3207,#3208,#3209),.UNSPECIFIED.,.T.,.F.) B_SPLINE_CURVE_WITH_KNOTS((1,2
    ,2,2,2,1),(-2.094395102393,0.,2.094395102393,4.188790204786,
6.28318530718,8.377580409573),.UNSPECIFIED.) CURVE() 
GEOMETRIC_REPRESENTATION_ITEM() RATIONAL_B_SPLINE_CURVE((1.,0.5,1.,0.5,
1.,0.5,1.)) REPRESENTATION_ITEM('') );
#3203 = CARTESIAN_POINT('',(2.8265E+03,155.));
#3204 = CARTESIAN_POINT('',(2.8265E+03,166.25833024919));
#3205 = CARTESIAN_POINT('',(2.83625E+03,160.62916512459));
#3206 = CARTESIAN_POINT('',(2.846E+03,155.));
#3207 = CARTESIAN_POINT('',(2.83625E+03,149.3708348754));
#3208 = CARTESIAN_POINT('',(2.8265E+03,143.7416697508));
#3209 = CARTESIAN_POINT('',(2.8265E+03,155.));
#3210 = ( GEOMETRIC_REPRESENTATION_CONTEXT(2) 
PARAMETRIC_REPRESENTATION_CONTEXT() REPRESENTATION_CONTEXT('2D SPACE',''
  ) );
#3211 = PCURVE('',#1651,#3212);
#3212 = DEFINITIONAL_REPRESENTATION('',(#3213),#3217);
#3213 = LINE('',#3214,#3215);
#3214 = CARTESIAN_POINT('',(0.,10.));
#3215 = VECTOR('',#3216,1.);
#3216 = DIRECTION('',(1.,0.));
#3217 = ( GEOMETRIC_REPRESENTATION_CONTEXT(2) 
PARAMETRIC_REPRESENTATION_CONTEXT() REPRESENTATION_CONTEXT('2D SPACE',''
  ) );
#3218 = FACE_BOUND('',#3219,.F.);
#3219 = EDGE_LOOP('',(#3220));
#3220 = ORIENTED_EDGE('',*,*,#3221,.T.);
#3221 = EDGE_CURVE('',#3222,#3222,#3224,.T.);
#3222 = VERTEX_POINT('',#3223);
#3223 = CARTESIAN_POINT('',(2.9265E+03,155.,0.));
#3224 = SURFACE_CURVE('',#3225,(#3230,#3241),.PCURVE_S1.);
#3225 = CIRCLE('',#3226,6.5);
#3226 = AXIS2_PLACEMENT_3D('',#3227,#3228,#3229);
#3227 = CARTESIAN_POINT('',(2.933E+03,155.,0.));
#3228 = DIRECTION('',(0.,0.,-1.));
#3229 = DIRECTION('',(-1.,0.,0.));
#3230 = PCURVE('',#72,#3231);
#3231 = DEFINITIONAL_REPRESENTATION('',(#3232),#3240);
#3232 = ( BOUNDED_CURVE() B_SPLINE_CURVE(2,(#3233,#3234,#3235,#3236,
#3237,#3238,#3239),.UNSPECIFIED.,.T.,.F.) B_SPLINE_CURVE_WITH_KNOTS((1,2
    ,2,2,2,1),(-2.094395102393,0.,2.094395102393,4.188790204786,
6.28318530718,8.377580409573),.UNSPECIFIED.) CURVE() 
GEOMETRIC_REPRESENTATION_ITEM() RATIONAL_B_SPLINE_CURVE((1.,0.5,1.,0.5,
1.,0.5,1.)) REPRESENTATION_ITEM('') );
#3233 = CARTESIAN_POINT('',(2.9265E+03,155.));
#3234 = CARTESIAN_POINT('',(2.9265E+03,166.25833024919));
#3235 = CARTESIAN_POINT('',(2.93625E+03,160.62916512459));
#3236 = CARTESIAN_POINT('',(2.946E+03,155.));
#3237 = CARTESIAN_POINT('',(2.93625E+03,149.3708348754));
#3238 = CARTESIAN_POINT('',(2.9265E+03,143.7416697508));
#3239 = CARTESIAN_POINT('',(2.9265E+03,155.));
#3240 = ( GEOMETRIC_REPRESENTATION_CONTEXT(2) 
PARAMETRIC_REPRESENTATION_CONTEXT() REPRESENTATION_CONTEXT('2D SPACE',''
  ) );
#3241 = PCURVE('',#1686,#3242);
#3242 = DEFINITIONAL_REPRESENTATION('',(#3243),#3247);
#3243 = LINE('',#3244,#3245);
#3244 = CARTESIAN_POINT('',(0.,10.));
#3245 = VECTOR('',#3246,1.);
#3246 = DIRECTION('',(1.,0.));
#3247 = ( GEOMETRIC_REPRESENTATION_CONTEXT(2) 
PARAMETRIC_REPRESENTATION_CONTEXT() REPRESENTATION_CONTEXT('2D SPACE',''
  ) );
#3248 = FACE_BOUND('',#3249,.F.);
#3249 = EDGE_LOOP('',(#3250));
#3250 = ORIENTED_EDGE('',*,*,#3251,.T.);
#3251 = EDGE_CURVE('',#3252,#3252,#3254,.T.);
#3252 = VERTEX_POINT('',#3253);
#3253 = CARTESIAN_POINT('',(3.0265E+03,155.,0.));
#3254 = SURFACE_CURVE('',#3255,(#3260,#3271),.PCURVE_S1.);
#3255 = CIRCLE('',#3256,6.5);
#3256 = AXIS2_PLACEMENT_3D('',#3257,#3258,#3259);
#3257 = CARTESIAN_POINT('',(3.033E+03,155.,0.));
#3258 = DIRECTION('',(0.,0.,-1.));
#3259 = DIRECTION('',(-1.,0.,0.));
#3260 = PCURVE('',#72,#3261);
#3261 = DEFINITIONAL_REPRESENTATION('',(#3262),#3270);
#3262 = ( BOUNDED_CURVE() B_SPLINE_CURVE(2,(#3263,#3264,#3265,#3266,
#3267,#3268,#3269),.UNSPECIFIED.,.T.,.F.) B_SPLINE_CURVE_WITH_KNOTS((1,2
    ,2,2,2,1),(-2.094395102393,0.,2.094395102393,4.188790204786,
6.28318530718,8.377580409573),.UNSPECIFIED.) CURVE() 
GEOMETRIC_REPRESENTATION_ITEM() RATIONAL_B_SPLINE_CURVE((1.,0.5,1.,0.5,
1.,0.5,1.)) REPRESENTATION_ITEM('') );
#3263 = CARTESIAN_POINT('',(3.0265E+03,155.));
#3264 = CARTESIAN_POINT('',(3.0265E+03,166.25833024919));
#3265 = CARTESIAN_POINT('',(3.03625E+03,160.62916512459));
#3266 = CARTESIAN_POINT('',(3.046E+03,155.));
#3267 = CARTESIAN_POINT('',(3.03625E+03,149.3708348754));
#3268 = CARTESIAN_POINT('',(3.0265E+03,143.7416697508));
#3269 = CARTESIAN_POINT('',(3.0265E+03,155.));
#3270 = ( GEOMETRIC_REPRESENTATION_CONTEXT(2) 
PARAMETRIC_REPRESENTATION_CONTEXT() REPRESENTATION_CONTEXT('2D SPACE',''
  ) );
#3271 = PCURVE('',#1721,#3272);
#3272 = DEFINITIONAL_REPRESENTATION('',(#3273),#3277);
#3273 = LINE('',#3274,#3275);
#3274 = CARTESIAN_POINT('',(0.,10.));
#3275 = VECTOR('',#3276,1.);
#3276 = DIRECTION('',(1.,0.));
#3277 = ( GEOMETRIC_REPRESENTATION_CONTEXT(2) 
PARAMETRIC_REPRESENTATION_CONTEXT() REPRESENTATION_CONTEXT('2D SPACE',''
  ) );
#3278 = FACE_BOUND('',#3279,.F.);
#3279 = EDGE_LOOP('',(#3280));
#3280 = ORIENTED_EDGE('',*,*,#3281,.T.);
#3281 = EDGE_CURVE('',#3282,#3282,#3284,.T.);
#3282 = VERTEX_POINT('',#3283);
#3283 = CARTESIAN_POINT('',(3.1265E+03,155.,0.));
#3284 = SURFACE_CURVE('',#3285,(#3290,#3301),.PCURVE_S1.);
#3285 = CIRCLE('',#3286,6.5);
#3286 = AXIS2_PLACEMENT_3D('',#3287,#3288,#3289);
#3287 = CARTESIAN_POINT('',(3.133E+03,155.,0.));
#3288 = DIRECTION('',(0.,0.,-1.));
#3289 = DIRECTION('',(-1.,0.,0.));
#3290 = PCURVE('',#72,#3291);
#3291 = DEFINITIONAL_REPRESENTATION('',(#3292),#3300);
#3292 = ( BOUNDED_CURVE() B_SPLINE_CURVE(2,(#3293,#3294,#3295,#3296,
#3297,#3298,#3299),.UNSPECIFIED.,.T.,.F.) B_SPLINE_CURVE_WITH_KNOTS((1,2
    ,2,2,2,1),(-2.094395102393,0.,2.094395102393,4.188790204786,
6.28318530718,8.377580409573),.UNSPECIFIED.) CURVE() 
GEOMETRIC_REPRESENTATION_ITEM() RATIONAL_B_SPLINE_CURVE((1.,0.5,1.,0.5,
1.,0.5,1.)) REPRESENTATION_ITEM('') );
#3293 = CARTESIAN_POINT('',(3.1265E+03,155.));
#3294 = CARTESIAN_POINT('',(3.1265E+03,166.25833024919));
#3295 = CARTESIAN_POINT('',(3.13625E+03,160.62916512459));
#3296 = CARTESIAN_POINT('',(3.146E+03,155.));
#3297 = CARTESIAN_POINT('',(3.13625E+03,149.3708348754));
#3298 = CARTESIAN_POINT('',(3.1265E+03,143.7416697508));
#3299 = CARTESIAN_POINT('',(3.1265E+03,155.));
#3300 = ( GEOMETRIC_REPRESENTATION_CONTEXT(2) 
PARAMETRIC_REPRESENTATION_CONTEXT() REPRESENTATION_CONTEXT('2D SPACE',''
  ) );
#3301 = PCURVE('',#1756,#3302);
#3302 = DEFINITIONAL_REPRESENTATION('',(#3303),#3307);
#3303 = LINE('',#3304,#3305);
#3304 = CARTESIAN_POINT('',(0.,10.));
#3305 = VECTOR('',#3306,1.);
#3306 = DIRECTION('',(1.,0.));
#3307 = ( GEOMETRIC_REPRESENTATION_CONTEXT(2) 
PARAMETRIC_REPRESENTATION_CONTEXT() REPRESENTATION_CONTEXT('2D SPACE',''
  ) );
#3308 = FACE_BOUND('',#3309,.F.);
#3309 = EDGE_LOOP('',(#3310));
#3310 = ORIENTED_EDGE('',*,*,#3311,.T.);
#3311 = EDGE_CURVE('',#3312,#3312,#3314,.T.);
#3312 = VERTEX_POINT('',#3313);
#3313 = CARTESIAN_POINT('',(3.2265E+03,155.,0.));
#3314 = SURFACE_CURVE('',#3315,(#3320,#3331),.PCURVE_S1.);
#3315 = CIRCLE('',#3316,6.5);
#3316 = AXIS2_PLACEMENT_3D('',#3317,#3318,#3319);
#3317 = CARTESIAN_POINT('',(3.233E+03,155.,0.));
#3318 = DIRECTION('',(0.,0.,-1.));
#3319 = DIRECTION('',(-1.,0.,0.));
#3320 = PCURVE('',#72,#3321);
#3321 = DEFINITIONAL_REPRESENTATION('',(#3322),#3330);
#3322 = ( BOUNDED_CURVE() B_SPLINE_CURVE(2,(#3323,#3324,#3325,#3326,
#3327,#3328,#3329),.UNSPECIFIED.,.T.,.F.) B_SPLINE_CURVE_WITH_KNOTS((1,2
    ,2,2,2,1),(-2.094395102393,0.,2.094395102393,4.188790204786,
6.28318530718,8.377580409573),.UNSPECIFIED.) CURVE() 
GEOMETRIC_REPRESENTATION_ITEM() RATIONAL_B_SPLINE_CURVE((1.,0.5,1.,0.5,
1.,0.5,1.)) REPRESENTATION_ITEM('') );
#3323 = CARTESIAN_POINT('',(3.2265E+03,155.));
#3324 = CARTESIAN_POINT('',(3.2265E+03,166.25833024919));
#3325 = CARTESIAN_POINT('',(3.23625E+03,160.62916512459));
#3326 = CARTESIAN_POINT('',(3.246E+03,155.));
#3327 = CARTESIAN_POINT('',(3.23625E+03,149.3708348754));
#3328 = CARTESIAN_POINT('',(3.2265E+03,143.7416697508));
#3329 = CARTESIAN_POINT('',(3.2265E+03,155.));
#3330 = ( GEOMETRIC_REPRESENTATION_CONTEXT(2) 
PARAMETRIC_REPRESENTATION_CONTEXT() REPRESENTATION_CONTEXT('2D SPACE',''
  ) );
#3331 = PCURVE('',#1791,#3332);
#3332 = DEFINITIONAL_REPRESENTATION('',(#3333),#3337);
#3333 = LINE('',#3334,#3335);
#3334 = CARTESIAN_POINT('',(0.,10.));
#3335 = VECTOR('',#3336,1.);
#3336 = DIRECTION('',(1.,0.));
#3337 = ( GEOMETRIC_REPRESENTATION_CONTEXT(2) 
PARAMETRIC_REPRESENTATION_CONTEXT() REPRESENTATION_CONTEXT('2D SPACE',''
  ) );
#3338 = FACE_BOUND('',#3339,.F.);
#3339 = EDGE_LOOP('',(#3340));
#3340 = ORIENTED_EDGE('',*,*,#3341,.T.);
#3341 = EDGE_CURVE('',#3342,#3342,#3344,.T.);
#3342 = VERTEX_POINT('',#3343);
#3343 = CARTESIAN_POINT('',(3.3265E+03,155.,0.));
#3344 = SURFACE_CURVE('',#3345,(#3350,#3361),.PCURVE_S1.);
#3345 = CIRCLE('',#3346,6.5);
#3346 = AXIS2_PLACEMENT_3D('',#3347,#3348,#3349);
#3347 = CARTESIAN_POINT('',(3.333E+03,155.,0.));
#3348 = DIRECTION('',(0.,0.,-1.));
#3349 = DIRECTION('',(-1.,0.,0.));
#3350 = PCURVE('',#72,#3351);
#3351 = DEFINITIONAL_REPRESENTATION('',(#3352),#3360);
#3352 = ( BOUNDED_CURVE() B_SPLINE_CURVE(2,(#3353,#3354,#3355,#3356,
#3357,#3358,#3359),.UNSPECIFIED.,.T.,.F.) B_SPLINE_CURVE_WITH_KNOTS((1,2
    ,2,2,2,1),(-2.094395102393,0.,2.094395102393,4.188790204786,
6.28318530718,8.377580409573),.UNSPECIFIED.) CURVE() 
GEOMETRIC_REPRESENTATION_ITEM() RATIONAL_B_SPLINE_CURVE((1.,0.5,1.,0.5,
1.,0.5,1.)) REPRESENTATION_ITEM('') );
#3353 = CARTESIAN_POINT('',(3.3265E+03,155.));
#3354 = CARTESIAN_POINT('',(3.3265E+03,166.25833024919));
#3355 = CARTESIAN_POINT('',(3.33625E+03,160.62916512459));
#3356 = CARTESIAN_POINT('',(3.346E+03,155.));
#3357 = CARTESIAN_POINT('',(3.33625E+03,149.3708348754));
#3358 = CARTESIAN_POINT('',(3.3265E+03,143.7416697508));
#3359 = CARTESIAN_POINT('',(3.3265E+03,155.));
#3360 = ( GEOMETRIC_REPRESENTATION_CONTEXT(2) 
PARAMETRIC_REPRESENTATION_CONTEXT() REPRESENTATION_CONTEXT('2D SPACE',''
  ) );
#3361 = PCURVE('',#1826,#3362);
#3362 = DEFINITIONAL_REPRESENTATION('',(#3363),#3367);
#3363 = LINE('',#3364,#3365);
#3364 = CARTESIAN_POINT('',(0.,10.));
#3365 = VECTOR('',#3366,1.);
#3366 = DIRECTION('',(1.,0.));
#3367 = ( GEOMETRIC_REPRESENTATION_CONTEXT(2) 
PARAMETRIC_REPRESENTATION_CONTEXT() REPRESENTATION_CONTEXT('2D SPACE',''
  ) );
#3368 = FACE_BOUND('',#3369,.F.);
#3369 = EDGE_LOOP('',(#3370));
#3370 = ORIENTED_EDGE('',*,*,#3371,.T.);
#3371 = EDGE_CURVE('',#3372,#3372,#3374,.T.);
#3372 = VERTEX_POINT('',#3373);
#3373 = CARTESIAN_POINT('',(3.4265E+03,155.,0.));
#3374 = SURFACE_CURVE('',#3375,(#3380,#3391),.PCURVE_S1.);
#3375 = CIRCLE('',#3376,6.5);
#3376 = AXIS2_PLACEMENT_3D('',#3377,#3378,#3379);
#3377 = CARTESIAN_POINT('',(3.433E+03,155.,0.));
#3378 = DIRECTION('',(0.,0.,-1.));
#3379 = DIRECTION('',(-1.,0.,0.));
#3380 = PCURVE('',#72,#3381);
#3381 = DEFINITIONAL_REPRESENTATION('',(#3382),#3390);
#3382 = ( BOUNDED_CURVE() B_SPLINE_CURVE(2,(#3383,#3384,#3385,#3386,
#3387,#3388,#3389),.UNSPECIFIED.,.T.,.F.) B_SPLINE_CURVE_WITH_KNOTS((1,2
    ,2,2,2,1),(-2.094395102393,0.,2.094395102393,4.188790204786,
6.28318530718,8.377580409573),.UNSPECIFIED.) CURVE() 
GEOMETRIC_REPRESENTATION_ITEM() RATIONAL_B_SPLINE_CURVE((1.,0.5,1.,0.5,
1.,0.5,1.)) REPRESENTATION_ITEM('') );
#3383 = CARTESIAN_POINT('',(3.4265E+03,155.));
#3384 = CARTESIAN_POINT('',(3.4265E+03,166.25833024919));
#3385 = CARTESIAN_POINT('',(3.43625E+03,160.62916512459));
#3386 = CARTESIAN_POINT('',(3.446E+03,155.));
#3387 = CARTESIAN_POINT('',(3.43625E+03,149.3708348754));
#3388 = CARTESIAN_POINT('',(3.4265E+03,143.7416697508));
#3389 = CARTESIAN_POINT('',(3.4265E+03,155.));
#3390 = ( GEOMETRIC_REPRESENTATION_CONTEXT(2) 
PARAMETRIC_REPRESENTATION_CONTEXT() REPRESENTATION_CONTEXT('2D SPACE',''
  ) );
#3391 = PCURVE('',#1861,#3392);
#3392 = DEFINITIONAL_REPRESENTATION('',(#3393),#3397);
#3393 = LINE('',#3394,#3395);
#3394 = CARTESIAN_POINT('',(0.,10.));
#3395 = VECTOR('',#3396,1.);
#3396 = DIRECTION('',(1.,0.));
#3397 = ( GEOMETRIC_REPRESENTATION_CONTEXT(2) 
PARAMETRIC_REPRESENTATION_CONTEXT() REPRESENTATION_CONTEXT('2D SPACE',''
  ) );
#3398 = FACE_BOUND('',#3399,.F.);
#3399 = EDGE_LOOP('',(#3400));
#3400 = ORIENTED_EDGE('',*,*,#3401,.T.);
#3401 = EDGE_CURVE('',#3402,#3402,#3404,.T.);
#3402 = VERTEX_POINT('',#3403);
#3403 = CARTESIAN_POINT('',(3.5265E+03,155.,0.));
#3404 = SURFACE_CURVE('',#3405,(#3410,#3421),.PCURVE_S1.);
#3405 = CIRCLE('',#3406,6.5);
#3406 = AXIS2_PLACEMENT_3D('',#3407,#3408,#3409);
#3407 = CARTESIAN_POINT('',(3.533E+03,155.,0.));
#3408 = DIRECTION('',(0.,0.,-1.));
#3409 = DIRECTION('',(-1.,0.,0.));
#3410 = PCURVE('',#72,#3411);
#3411 = DEFINITIONAL_REPRESENTATION('',(#3412),#3420);
#3412 = ( BOUNDED_CURVE() B_SPLINE_CURVE(2,(#3413,#3414,#3415,#3416,
#3417,#3418,#3419),.UNSPECIFIED.,.T.,.F.) B_SPLINE_CURVE_WITH_KNOTS((1,2
    ,2,2,2,1),(-2.094395102393,0.,2.094395102393,4.188790204786,
6.28318530718,8.377580409573),.UNSPECIFIED.) CURVE() 
GEOMETRIC_REPRESENTATION_ITEM() RATIONAL_B_SPLINE_CURVE((1.,0.5,1.,0.5,
1.,0.5,1.)) REPRESENTATION_ITEM('') );
#3413 = CARTESIAN_POINT('',(3.5265E+03,155.));
#3414 = CARTESIAN_POINT('',(3.5265E+03,166.25833024919));
#3415 = CARTESIAN_POINT('',(3.53625E+03,160.62916512459));
#3416 = CARTESIAN_POINT('',(3.546E+03,155.));
#3417 = CARTESIAN_POINT('',(3.53625E+03,149.3708348754));
#3418 = CARTESIAN_POINT('',(3.5265E+03,143.7416697508));
#3419 = CARTESIAN_POINT('',(3.5265E+03,155.));
#3420 = ( GEOMETRIC_REPRESENTATION_CONTEXT(2) 
PARAMETRIC_REPRESENTATION_CONTEXT() REPRESENTATION_CONTEXT('2D SPACE',''
  ) );
#3421 = PCURVE('',#1896,#3422);
#3422 = DEFINITIONAL_REPRESENTATION('',(#3423),#3427);
#3423 = LINE('',#3424,#3425);
#3424 = CARTESIAN_POINT('',(0.,10.));
#3425 = VECTOR('',#3426,1.);
#3426 = DIRECTION('',(1.,0.));
#3427 = ( GEOMETRIC_REPRESENTATION_CONTEXT(2) 
PARAMETRIC_REPRESENTATION_CONTEXT() REPRESENTATION_CONTEXT('2D SPACE',''
  ) );
#3428 = FACE_BOUND('',#3429,.F.);
#3429 = EDGE_LOOP('',(#3430));
#3430 = ORIENTED_EDGE('',*,*,#3431,.T.);
#3431 = EDGE_CURVE('',#3432,#3432,#3434,.T.);
#3432 = VERTEX_POINT('',#3433);
#3433 = CARTESIAN_POINT('',(3.6265E+03,155.,0.));
#3434 = SURFACE_CURVE('',#3435,(#3440,#3451),.PCURVE_S1.);
#3435 = CIRCLE('',#3436,6.5);
#3436 = AXIS2_PLACEMENT_3D('',#3437,#3438,#3439);
#3437 = CARTESIAN_POINT('',(3.633E+03,155.,0.));
#3438 = DIRECTION('',(0.,0.,-1.));
#3439 = DIRECTION('',(-1.,0.,0.));
#3440 = PCURVE('',#72,#3441);
#3441 = DEFINITIONAL_REPRESENTATION('',(#3442),#3450);
#3442 = ( BOUNDED_CURVE() B_SPLINE_CURVE(2,(#3443,#3444,#3445,#3446,
#3447,#3448,#3449),.UNSPECIFIED.,.T.,.F.) B_SPLINE_CURVE_WITH_KNOTS((1,2
    ,2,2,2,1),(-2.094395102393,0.,2.094395102393,4.188790204786,
6.28318530718,8.377580409573),.UNSPECIFIED.) CURVE() 
GEOMETRIC_REPRESENTATION_ITEM() RATIONAL_B_SPLINE_CURVE((1.,0.5,1.,0.5,
1.,0.5,1.)) REPRESENTATION_ITEM('') );
#3443 = CARTESIAN_POINT('',(3.6265E+03,155.));
#3444 = CARTESIAN_POINT('',(3.6265E+03,166.25833024919));
#3445 = CARTESIAN_POINT('',(3.63625E+03,160.62916512459));
#3446 = CARTESIAN_POINT('',(3.646E+03,155.));
#3447 = CARTESIAN_POINT('',(3.63625E+03,149.3708348754));
#3448 = CARTESIAN_POINT('',(3.6265E+03,143.7416697508));
#3449 = CARTESIAN_POINT('',(3.6265E+03,155.));
#3450 = ( GEOMETRIC_REPRESENTATION_CONTEXT(2) 
PARAMETRIC_REPRESENTATION_CONTEXT() REPRESENTATION_CONTEXT('2D SPACE',''
  ) );
#3451 = PCURVE('',#1931,#3452);
#3452 = DEFINITIONAL_REPRESENTATION('',(#3453),#3457);
#3453 = LINE('',#3454,#3455);
#3454 = CARTESIAN_POINT('',(0.,10.));
#3455 = VECTOR('',#3456,1.);
#3456 = DIRECTION('',(1.,0.));
#3457 = ( GEOMETRIC_REPRESENTATION_CONTEXT(2) 
PARAMETRIC_REPRESENTATION_CONTEXT() REPRESENTATION_CONTEXT('2D SPACE',''
  ) );
#3458 = ADVANCED_FACE('',(#3459),#202,.T.);
#3459 = FACE_BOUND('',#3460,.T.);
#3460 = EDGE_LOOP('',(#3461,#3462,#3463,#3464));
#3461 = ORIENTED_EDGE('',*,*,#188,.F.);
#3462 = ORIENTED_EDGE('',*,*,#1997,.T.);
#3463 = ORIENTED_EDGE('',*,*,#1971,.T.);
#3464 = ORIENTED_EDGE('',*,*,#219,.F.);
#3465 = ADVANCED_FACE('',(#3466),#286,.F.);
#3466 = FACE_BOUND('',#3467,.F.);
#3467 = EDGE_LOOP('',(#3468,#3469,#3490,#3491));
#3468 = ORIENTED_EDGE('',*,*,#2021,.F.);
#3469 = ORIENTED_EDGE('',*,*,#3470,.F.);
#3470 = EDGE_CURVE('',#266,#2022,#3471,.T.);
#3471 = SEAM_CURVE('',#3472,(#3476,#3483),.PCURVE_S1.);
#3472 = LINE('',#3473,#3474);
#3473 = CARTESIAN_POINT('',(33.5,45.,10.));
#3474 = VECTOR('',#3475,1.);
#3475 = DIRECTION('',(0.,0.,-1.));
#3476 = PCURVE('',#286,#3477);
#3477 = DEFINITIONAL_REPRESENTATION('',(#3478),#3482);
#3478 = LINE('',#3479,#3480);
#3479 = CARTESIAN_POINT('',(6.28318530718,-0.));
#3480 = VECTOR('',#3481,1.);
#3481 = DIRECTION('',(0.,1.));
#3482 = ( GEOMETRIC_REPRESENTATION_CONTEXT(2) 
PARAMETRIC_REPRESENTATION_CONTEXT() REPRESENTATION_CONTEXT('2D SPACE',''
  ) );
#3483 = PCURVE('',#286,#3484);
#3484 = DEFINITIONAL_REPRESENTATION('',(#3485),#3489);
#3485 = LINE('',#3486,#3487);
#3486 = CARTESIAN_POINT('',(0.,-0.));
#3487 = VECTOR('',#3488,1.);
#3488 = DIRECTION('',(0.,1.));
#3489 = ( GEOMETRIC_REPRESENTATION_CONTEXT(2) 
PARAMETRIC_REPRESENTATION_CONTEXT() REPRESENTATION_CONTEXT('2D SPACE',''
  ) );
#3490 = ORIENTED_EDGE('',*,*,#265,.T.);
#3491 = ORIENTED_EDGE('',*,*,#3470,.T.);
#3492 = ADVANCED_FACE('',(#3493),#321,.F.);
#3493 = FACE_BOUND('',#3494,.F.);
#3494 = EDGE_LOOP('',(#3495,#3496,#3517,#3518));
#3495 = ORIENTED_EDGE('',*,*,#2051,.F.);
#3496 = ORIENTED_EDGE('',*,*,#3497,.F.);
#3497 = EDGE_CURVE('',#301,#2052,#3498,.T.);
#3498 = SEAM_CURVE('',#3499,(#3503,#3510),.PCURVE_S1.);
#3499 = LINE('',#3500,#3501);
#3500 = CARTESIAN_POINT('',(113.5,45.,10.));
#3501 = VECTOR('',#3502,1.);
#3502 = DIRECTION('',(0.,0.,-1.));
#3503 = PCURVE('',#321,#3504);
#3504 = DEFINITIONAL_REPRESENTATION('',(#3505),#3509);
#3505 = LINE('',#3506,#3507);
#3506 = CARTESIAN_POINT('',(6.28318530718,-0.));
#3507 = VECTOR('',#3508,1.);
#3508 = DIRECTION('',(0.,1.));
#3509 = ( GEOMETRIC_REPRESENTATION_CONTEXT(2) 
PARAMETRIC_REPRESENTATION_CONTEXT() REPRESENTATION_CONTEXT('2D SPACE',''
  ) );
#3510 = PCURVE('',#321,#3511);
#3511 = DEFINITIONAL_REPRESENTATION('',(#3512),#3516);
#3512 = LINE('',#3513,#3514);
#3513 = CARTESIAN_POINT('',(0.,-0.));
#3514 = VECTOR('',#3515,1.);
#3515 = DIRECTION('',(0.,1.));
#3516 = ( GEOMETRIC_REPRESENTATION_CONTEXT(2) 
PARAMETRIC_REPRESENTATION_CONTEXT() REPRESENTATION_CONTEXT('2D SPACE',''
  ) );
#3517 = ORIENTED_EDGE('',*,*,#300,.T.);
#3518 = ORIENTED_EDGE('',*,*,#3497,.T.);
#3519 = ADVANCED_FACE('',(#3520),#356,.F.);
#3520 = FACE_BOUND('',#3521,.F.);
#3521 = EDGE_LOOP('',(#3522,#3523,#3544,#3545));
#3522 = ORIENTED_EDGE('',*,*,#2081,.F.);
#3523 = ORIENTED_EDGE('',*,*,#3524,.F.);
#3524 = EDGE_CURVE('',#336,#2082,#3525,.T.);
#3525 = SEAM_CURVE('',#3526,(#3530,#3537),.PCURVE_S1.);
#3526 = LINE('',#3527,#3528);
#3527 = CARTESIAN_POINT('',(193.5,45.,10.));
#3528 = VECTOR('',#3529,1.);
#3529 = DIRECTION('',(0.,0.,-1.));
#3530 = PCURVE('',#356,#3531);
#3531 = DEFINITIONAL_REPRESENTATION('',(#3532),#3536);
#3532 = LINE('',#3533,#3534);
#3533 = CARTESIAN_POINT('',(6.28318530718,-0.));
#3534 = VECTOR('',#3535,1.);
#3535 = DIRECTION('',(0.,1.));
#3536 = ( GEOMETRIC_REPRESENTATION_CONTEXT(2) 
PARAMETRIC_REPRESENTATION_CONTEXT() REPRESENTATION_CONTEXT('2D SPACE',''
  ) );
#3537 = PCURVE('',#356,#3538);
#3538 = DEFINITIONAL_REPRESENTATION('',(#3539),#3543);
#3539 = LINE('',#3540,#3541);
#3540 = CARTESIAN_POINT('',(0.,-0.));
#3541 = VECTOR('',#3542,1.);
#3542 = DIRECTION('',(0.,1.));
#3543 = ( GEOMETRIC_REPRESENTATION_CONTEXT(2) 
PARAMETRIC_REPRESENTATION_CONTEXT() REPRESENTATION_CONTEXT('2D SPACE',''
  ) );
#3544 = ORIENTED_EDGE('',*,*,#335,.T.);
#3545 = ORIENTED_EDGE('',*,*,#3524,.T.);
#3546 = ADVANCED_FACE('',(#3547),#391,.F.);
#3547 = FACE_BOUND('',#3548,.F.);
#3548 = EDGE_LOOP('',(#3549,#3550,#3571,#3572));
#3549 = ORIENTED_EDGE('',*,*,#2111,.F.);
#3550 = ORIENTED_EDGE('',*,*,#3551,.F.);
#3551 = EDGE_CURVE('',#371,#2112,#3552,.T.);
#3552 = SEAM_CURVE('',#3553,(#3557,#3564),.PCURVE_S1.);
#3553 = LINE('',#3554,#3555);
#3554 = CARTESIAN_POINT('',(273.5,45.,10.));
#3555 = VECTOR('',#3556,1.);
#3556 = DIRECTION('',(0.,0.,-1.));
#3557 = PCURVE('',#391,#3558);
#3558 = DEFINITIONAL_REPRESENTATION('',(#3559),#3563);
#3559 = LINE('',#3560,#3561);
#3560 = CARTESIAN_POINT('',(6.28318530718,-0.));
#3561 = VECTOR('',#3562,1.);
#3562 = DIRECTION('',(0.,1.));
#3563 = ( GEOMETRIC_REPRESENTATION_CONTEXT(2) 
PARAMETRIC_REPRESENTATION_CONTEXT() REPRESENTATION_CONTEXT('2D SPACE',''
  ) );
#3564 = PCURVE('',#391,#3565);
#3565 = DEFINITIONAL_REPRESENTATION('',(#3566),#3570);
#3566 = LINE('',#3567,#3568);
#3567 = CARTESIAN_POINT('',(0.,-0.));
#3568 = VECTOR('',#3569,1.);
#3569 = DIRECTION('',(0.,1.));
#3570 = ( GEOMETRIC_REPRESENTATION_CONTEXT(2) 
PARAMETRIC_REPRESENTATION_CONTEXT() REPRESENTATION_CONTEXT('2D SPACE',''
  ) );
#3571 = ORIENTED_EDGE('',*,*,#370,.T.);
#3572 = ORIENTED_EDGE('',*,*,#3551,.T.);
#3573 = ADVANCED_FACE('',(#3574),#426,.F.);
#3574 = FACE_BOUND('',#3575,.F.);
#3575 = EDGE_LOOP('',(#3576,#3577,#3598,#3599));
#3576 = ORIENTED_EDGE('',*,*,#2141,.F.);
#3577 = ORIENTED_EDGE('',*,*,#3578,.F.);
#3578 = EDGE_CURVE('',#406,#2142,#3579,.T.);
#3579 = SEAM_CURVE('',#3580,(#3584,#3591),.PCURVE_S1.);
#3580 = LINE('',#3581,#3582);
#3581 = CARTESIAN_POINT('',(353.5,45.,10.));
#3582 = VECTOR('',#3583,1.);
#3583 = DIRECTION('',(0.,0.,-1.));
#3584 = PCURVE('',#426,#3585);
#3585 = DEFINITIONAL_REPRESENTATION('',(#3586),#3590);
#3586 = LINE('',#3587,#3588);
#3587 = CARTESIAN_POINT('',(6.28318530718,-0.));
#3588 = VECTOR('',#3589,1.);
#3589 = DIRECTION('',(0.,1.));
#3590 = ( GEOMETRIC_REPRESENTATION_CONTEXT(2) 
PARAMETRIC_REPRESENTATION_CONTEXT() REPRESENTATION_CONTEXT('2D SPACE',''
  ) );
#3591 = PCURVE('',#426,#3592);
#3592 = DEFINITIONAL_REPRESENTATION('',(#3593),#3597);
#3593 = LINE('',#3594,#3595);
#3594 = CARTESIAN_POINT('',(0.,-0.));
#3595 = VECTOR('',#3596,1.);
#3596 = DIRECTION('',(0.,1.));
#3597 = ( GEOMETRIC_REPRESENTATION_CONTEXT(2) 
PARAMETRIC_REPRESENTATION_CONTEXT() REPRESENTATION_CONTEXT('2D SPACE',''
  ) );
#3598 = ORIENTED_EDGE('',*,*,#405,.T.);
#3599 = ORIENTED_EDGE('',*,*,#3578,.T.);
#3600 = ADVANCED_FACE('',(#3601),#461,.F.);
#3601 = FACE_BOUND('',#3602,.F.);
#3602 = EDGE_LOOP('',(#3603,#3604,#3625,#3626));
#3603 = ORIENTED_EDGE('',*,*,#2171,.F.);
#3604 = ORIENTED_EDGE('',*,*,#3605,.F.);
#3605 = EDGE_CURVE('',#441,#2172,#3606,.T.);
#3606 = SEAM_CURVE('',#3607,(#3611,#3618),.PCURVE_S1.);
#3607 = LINE('',#3608,#3609);
#3608 = CARTESIAN_POINT('',(433.5,45.,10.));
#3609 = VECTOR('',#3610,1.);
#3610 = DIRECTION('',(0.,0.,-1.));
#3611 = PCURVE('',#461,#3612);
#3612 = DEFINITIONAL_REPRESENTATION('',(#3613),#3617);
#3613 = LINE('',#3614,#3615);
#3614 = CARTESIAN_POINT('',(6.28318530718,-0.));
#3615 = VECTOR('',#3616,1.);
#3616 = DIRECTION('',(0.,1.));
#3617 = ( GEOMETRIC_REPRESENTATION_CONTEXT(2) 
PARAMETRIC_REPRESENTATION_CONTEXT() REPRESENTATION_CONTEXT('2D SPACE',''
  ) );
#3618 = PCURVE('',#461,#3619);
#3619 = DEFINITIONAL_REPRESENTATION('',(#3620),#3624);
#3620 = LINE('',#3621,#3622);
#3621 = CARTESIAN_POINT('',(0.,-0.));
#3622 = VECTOR('',#3623,1.);
#3623 = DIRECTION('',(0.,1.));
#3624 = ( GEOMETRIC_REPRESENTATION_CONTEXT(2) 
PARAMETRIC_REPRESENTATION_CONTEXT() REPRESENTATION_CONTEXT('2D SPACE',''
  ) );
#3625 = ORIENTED_EDGE('',*,*,#440,.T.);
#3626 = ORIENTED_EDGE('',*,*,#3605,.T.);
#3627 = ADVANCED_FACE('',(#3628),#496,.F.);
#3628 = FACE_BOUND('',#3629,.F.);
#3629 = EDGE_LOOP('',(#3630,#3631,#3652,#3653));
#3630 = ORIENTED_EDGE('',*,*,#2201,.F.);
#3631 = ORIENTED_EDGE('',*,*,#3632,.F.);
#3632 = EDGE_CURVE('',#476,#2202,#3633,.T.);
#3633 = SEAM_CURVE('',#3634,(#3638,#3645),.PCURVE_S1.);
#3634 = LINE('',#3635,#3636);
#3635 = CARTESIAN_POINT('',(513.5,45.,10.));
#3636 = VECTOR('',#3637,1.);
#3637 = DIRECTION('',(0.,0.,-1.));
#3638 = PCURVE('',#496,#3639);
#3639 = DEFINITIONAL_REPRESENTATION('',(#3640),#3644);
#3640 = LINE('',#3641,#3642);
#3641 = CARTESIAN_POINT('',(6.28318530718,-0.));
#3642 = VECTOR('',#3643,1.);
#3643 = DIRECTION('',(0.,1.));
#3644 = ( GEOMETRIC_REPRESENTATION_CONTEXT(2) 
PARAMETRIC_REPRESENTATION_CONTEXT() REPRESENTATION_CONTEXT('2D SPACE',''
  ) );
#3645 = PCURVE('',#496,#3646);
#3646 = DEFINITIONAL_REPRESENTATION('',(#3647),#3651);
#3647 = LINE('',#3648,#3649);
#3648 = CARTESIAN_POINT('',(0.,-0.));
#3649 = VECTOR('',#3650,1.);
#3650 = DIRECTION('',(0.,1.));
#3651 = ( GEOMETRIC_REPRESENTATION_CONTEXT(2) 
PARAMETRIC_REPRESENTATION_CONTEXT() REPRESENTATION_CONTEXT('2D SPACE',''
  ) );
#3652 = ORIENTED_EDGE('',*,*,#475,.T.);
#3653 = ORIENTED_EDGE('',*,*,#3632,.T.);
#3654 = ADVANCED_FACE('',(#3655),#531,.F.);
#3655 = FACE_BOUND('',#3656,.F.);
#3656 = EDGE_LOOP('',(#3657,#3658,#3679,#3680));
#3657 = ORIENTED_EDGE('',*,*,#2231,.F.);
#3658 = ORIENTED_EDGE('',*,*,#3659,.F.);
#3659 = EDGE_CURVE('',#511,#2232,#3660,.T.);
#3660 = SEAM_CURVE('',#3661,(#3665,#3672),.PCURVE_S1.);
#3661 = LINE('',#3662,#3663);
#3662 = CARTESIAN_POINT('',(663.5,45.,10.));
#3663 = VECTOR('',#3664,1.);
#3664 = DIRECTION('',(0.,0.,-1.));
#3665 = PCURVE('',#531,#3666);
#3666 = DEFINITIONAL_REPRESENTATION('',(#3667),#3671);
#3667 = LINE('',#3668,#3669);
#3668 = CARTESIAN_POINT('',(6.28318530718,-0.));
#3669 = VECTOR('',#3670,1.);
#3670 = DIRECTION('',(0.,1.));
#3671 = ( GEOMETRIC_REPRESENTATION_CONTEXT(2) 
PARAMETRIC_REPRESENTATION_CONTEXT() REPRESENTATION_CONTEXT('2D SPACE',''
  ) );
#3672 = PCURVE('',#531,#3673);
#3673 = DEFINITIONAL_REPRESENTATION('',(#3674),#3678);
#3674 = LINE('',#3675,#3676);
#3675 = CARTESIAN_POINT('',(0.,-0.));
#3676 = VECTOR('',#3677,1.);
#3677 = DIRECTION('',(0.,1.));
#3678 = ( GEOMETRIC_REPRESENTATION_CONTEXT(2) 
PARAMETRIC_REPRESENTATION_CONTEXT() REPRESENTATION_CONTEXT('2D SPACE',''
  ) );
#3679 = ORIENTED_EDGE('',*,*,#510,.T.);
#3680 = ORIENTED_EDGE('',*,*,#3659,.T.);
#3681 = ADVANCED_FACE('',(#3682),#566,.F.);
#3682 = FACE_BOUND('',#3683,.F.);
#3683 = EDGE_LOOP('',(#3684,#3685,#3706,#3707));
#3684 = ORIENTED_EDGE('',*,*,#2261,.F.);
#3685 = ORIENTED_EDGE('',*,*,#3686,.F.);
#3686 = EDGE_CURVE('',#546,#2262,#3687,.T.);
#3687 = SEAM_CURVE('',#3688,(#3692,#3699),.PCURVE_S1.);
#3688 = LINE('',#3689,#3690);
#3689 = CARTESIAN_POINT('',(813.5,45.,10.));
#3690 = VECTOR('',#3691,1.);
#3691 = DIRECTION('',(0.,0.,-1.));
#3692 = PCURVE('',#566,#3693);
#3693 = DEFINITIONAL_REPRESENTATION('',(#3694),#3698);
#3694 = LINE('',#3695,#3696);
#3695 = CARTESIAN_POINT('',(6.28318530718,-0.));
#3696 = VECTOR('',#3697,1.);
#3697 = DIRECTION('',(0.,1.));
#3698 = ( GEOMETRIC_REPRESENTATION_CONTEXT(2) 
PARAMETRIC_REPRESENTATION_CONTEXT() REPRESENTATION_CONTEXT('2D SPACE',''
  ) );
#3699 = PCURVE('',#566,#3700);
#3700 = DEFINITIONAL_REPRESENTATION('',(#3701),#3705);
#3701 = LINE('',#3702,#3703);
#3702 = CARTESIAN_POINT('',(0.,-0.));
#3703 = VECTOR('',#3704,1.);
#3704 = DIRECTION('',(0.,1.));
#3705 = ( GEOMETRIC_REPRESENTATION_CONTEXT(2) 
PARAMETRIC_REPRESENTATION_CONTEXT() REPRESENTATION_CONTEXT('2D SPACE',''
  ) );
#3706 = ORIENTED_EDGE('',*,*,#545,.T.);
#3707 = ORIENTED_EDGE('',*,*,#3686,.T.);
#3708 = ADVANCED_FACE('',(#3709),#601,.F.);
#3709 = FACE_BOUND('',#3710,.F.);
#3710 = EDGE_LOOP('',(#3711,#3712,#3733,#3734));
#3711 = ORIENTED_EDGE('',*,*,#2291,.F.);
#3712 = ORIENTED_EDGE('',*,*,#3713,.F.);
#3713 = EDGE_CURVE('',#581,#2292,#3714,.T.);
#3714 = SEAM_CURVE('',#3715,(#3719,#3726),.PCURVE_S1.);
#3715 = LINE('',#3716,#3717);
#3716 = CARTESIAN_POINT('',(963.5,45.,10.));
#3717 = VECTOR('',#3718,1.);
#3718 = DIRECTION('',(0.,0.,-1.));
#3719 = PCURVE('',#601,#3720);
#3720 = DEFINITIONAL_REPRESENTATION('',(#3721),#3725);
#3721 = LINE('',#3722,#3723);
#3722 = CARTESIAN_POINT('',(6.28318530718,-0.));
#3723 = VECTOR('',#3724,1.);
#3724 = DIRECTION('',(0.,1.));
#3725 = ( GEOMETRIC_REPRESENTATION_CONTEXT(2) 
PARAMETRIC_REPRESENTATION_CONTEXT() REPRESENTATION_CONTEXT('2D SPACE',''
  ) );
#3726 = PCURVE('',#601,#3727);
#3727 = DEFINITIONAL_REPRESENTATION('',(#3728),#3732);
#3728 = LINE('',#3729,#3730);
#3729 = CARTESIAN_POINT('',(0.,-0.));
#3730 = VECTOR('',#3731,1.);
#3731 = DIRECTION('',(0.,1.));
#3732 = ( GEOMETRIC_REPRESENTATION_CONTEXT(2) 
PARAMETRIC_REPRESENTATION_CONTEXT() REPRESENTATION_CONTEXT('2D SPACE',''
  ) );
#3733 = ORIENTED_EDGE('',*,*,#580,.T.);
#3734 = ORIENTED_EDGE('',*,*,#3713,.T.);
#3735 = ADVANCED_FACE('',(#3736),#636,.F.);
#3736 = FACE_BOUND('',#3737,.F.);
#3737 = EDGE_LOOP('',(#3738,#3739,#3760,#3761));
#3738 = ORIENTED_EDGE('',*,*,#2321,.F.);
#3739 = ORIENTED_EDGE('',*,*,#3740,.F.);
#3740 = EDGE_CURVE('',#616,#2322,#3741,.T.);
#3741 = SEAM_CURVE('',#3742,(#3746,#3753),.PCURVE_S1.);
#3742 = LINE('',#3743,#3744);
#3743 = CARTESIAN_POINT('',(1.1135E+03,45.,10.));
#3744 = VECTOR('',#3745,1.);
#3745 = DIRECTION('',(0.,0.,-1.));
#3746 = PCURVE('',#636,#3747);
#3747 = DEFINITIONAL_REPRESENTATION('',(#3748),#3752);
#3748 = LINE('',#3749,#3750);
#3749 = CARTESIAN_POINT('',(6.28318530718,-0.));
#3750 = VECTOR('',#3751,1.);
#3751 = DIRECTION('',(0.,1.));
#3752 = ( GEOMETRIC_REPRESENTATION_CONTEXT(2) 
PARAMETRIC_REPRESENTATION_CONTEXT() REPRESENTATION_CONTEXT('2D SPACE',''
  ) );
#3753 = PCURVE('',#636,#3754);
#3754 = DEFINITIONAL_REPRESENTATION('',(#3755),#3759);
#3755 = LINE('',#3756,#3757);
#3756 = CARTESIAN_POINT('',(0.,-0.));
#3757 = VECTOR('',#3758,1.);
#3758 = DIRECTION('',(0.,1.));
#3759 = ( GEOMETRIC_REPRESENTATION_CONTEXT(2) 
PARAMETRIC_REPRESENTATION_CONTEXT() REPRESENTATION_CONTEXT('2D SPACE',''
  ) );
#3760 = ORIENTED_EDGE('',*,*,#615,.T.);
#3761 = ORIENTED_EDGE('',*,*,#3740,.T.);
#3762 = ADVANCED_FACE('',(#3763),#671,.F.);
#3763 = FACE_BOUND('',#3764,.F.);
#3764 = EDGE_LOOP('',(#3765,#3766,#3787,#3788));
#3765 = ORIENTED_EDGE('',*,*,#2351,.F.);
#3766 = ORIENTED_EDGE('',*,*,#3767,.F.);
#3767 = EDGE_CURVE('',#651,#2352,#3768,.T.);
#3768 = SEAM_CURVE('',#3769,(#3773,#3780),.PCURVE_S1.);
#3769 = LINE('',#3770,#3771);
#3770 = CARTESIAN_POINT('',(1.5135E+03,45.,10.));
#3771 = VECTOR('',#3772,1.);
#3772 = DIRECTION('',(0.,0.,-1.));
#3773 = PCURVE('',#671,#3774);
#3774 = DEFINITIONAL_REPRESENTATION('',(#3775),#3779);
#3775 = LINE('',#3776,#3777);
#3776 = CARTESIAN_POINT('',(6.28318530718,-0.));
#3777 = VECTOR('',#3778,1.);
#3778 = DIRECTION('',(0.,1.));
#3779 = ( GEOMETRIC_REPRESENTATION_CONTEXT(2) 
PARAMETRIC_REPRESENTATION_CONTEXT() REPRESENTATION_CONTEXT('2D SPACE',''
  ) );
#3780 = PCURVE('',#671,#3781);
#3781 = DEFINITIONAL_REPRESENTATION('',(#3782),#3786);
#3782 = LINE('',#3783,#3784);
#3783 = CARTESIAN_POINT('',(0.,-0.));
#3784 = VECTOR('',#3785,1.);
#3785 = DIRECTION('',(0.,1.));
#3786 = ( GEOMETRIC_REPRESENTATION_CONTEXT(2) 
PARAMETRIC_REPRESENTATION_CONTEXT() REPRESENTATION_CONTEXT('2D SPACE',''
  ) );
#3787 = ORIENTED_EDGE('',*,*,#650,.T.);
#3788 = ORIENTED_EDGE('',*,*,#3767,.T.);
#3789 = ADVANCED_FACE('',(#3790),#706,.F.);
#3790 = FACE_BOUND('',#3791,.F.);
#3791 = EDGE_LOOP('',(#3792,#3793,#3814,#3815));
#3792 = ORIENTED_EDGE('',*,*,#2381,.F.);
#3793 = ORIENTED_EDGE('',*,*,#3794,.F.);
#3794 = EDGE_CURVE('',#686,#2382,#3795,.T.);
#3795 = SEAM_CURVE('',#3796,(#3800,#3807),.PCURVE_S1.);
#3796 = LINE('',#3797,#3798);
#3797 = CARTESIAN_POINT('',(1.8205E+03,45.,10.));
#3798 = VECTOR('',#3799,1.);
#3799 = DIRECTION('',(0.,0.,-1.));
#3800 = PCURVE('',#706,#3801);
#3801 = DEFINITIONAL_REPRESENTATION('',(#3802),#3806);
#3802 = LINE('',#3803,#3804);
#3803 = CARTESIAN_POINT('',(6.28318530718,-0.));
#3804 = VECTOR('',#3805,1.);
#3805 = DIRECTION('',(0.,1.));
#3806 = ( GEOMETRIC_REPRESENTATION_CONTEXT(2) 
PARAMETRIC_REPRESENTATION_CONTEXT() REPRESENTATION_CONTEXT('2D SPACE',''
  ) );
#3807 = PCURVE('',#706,#3808);
#3808 = DEFINITIONAL_REPRESENTATION('',(#3809),#3813);
#3809 = LINE('',#3810,#3811);
#3810 = CARTESIAN_POINT('',(0.,-0.));
#3811 = VECTOR('',#3812,1.);
#3812 = DIRECTION('',(0.,1.));
#3813 = ( GEOMETRIC_REPRESENTATION_CONTEXT(2) 
PARAMETRIC_REPRESENTATION_CONTEXT() REPRESENTATION_CONTEXT('2D SPACE',''
  ) );
#3814 = ORIENTED_EDGE('',*,*,#685,.T.);
#3815 = ORIENTED_EDGE('',*,*,#3794,.T.);
#3816 = ADVANCED_FACE('',(#3817),#741,.F.);
#3817 = FACE_BOUND('',#3818,.F.);
#3818 = EDGE_LOOP('',(#3819,#3820,#3841,#3842));
#3819 = ORIENTED_EDGE('',*,*,#2411,.F.);
#3820 = ORIENTED_EDGE('',*,*,#3821,.F.);
#3821 = EDGE_CURVE('',#721,#2412,#3822,.T.);
#3822 = SEAM_CURVE('',#3823,(#3827,#3834),.PCURVE_S1.);
#3823 = LINE('',#3824,#3825);
#3824 = CARTESIAN_POINT('',(2.1265E+03,45.,10.));
#3825 = VECTOR('',#3826,1.);
#3826 = DIRECTION('',(0.,0.,-1.));
#3827 = PCURVE('',#741,#3828);
#3828 = DEFINITIONAL_REPRESENTATION('',(#3829),#3833);
#3829 = LINE('',#3830,#3831);
#3830 = CARTESIAN_POINT('',(6.28318530718,-0.));
#3831 = VECTOR('',#3832,1.);
#3832 = DIRECTION('',(0.,1.));
#3833 = ( GEOMETRIC_REPRESENTATION_CONTEXT(2) 
PARAMETRIC_REPRESENTATION_CONTEXT() REPRESENTATION_CONTEXT('2D SPACE',''
  ) );
#3834 = PCURVE('',#741,#3835);
#3835 = DEFINITIONAL_REPRESENTATION('',(#3836),#3840);
#3836 = LINE('',#3837,#3838);
#3837 = CARTESIAN_POINT('',(0.,-0.));
#3838 = VECTOR('',#3839,1.);
#3839 = DIRECTION('',(0.,1.));
#3840 = ( GEOMETRIC_REPRESENTATION_CONTEXT(2) 
PARAMETRIC_REPRESENTATION_CONTEXT() REPRESENTATION_CONTEXT('2D SPACE',''
  ) );
#3841 = ORIENTED_EDGE('',*,*,#720,.T.);
#3842 = ORIENTED_EDGE('',*,*,#3821,.T.);
#3843 = ADVANCED_FACE('',(#3844),#776,.F.);
#3844 = FACE_BOUND('',#3845,.F.);
#3845 = EDGE_LOOP('',(#3846,#3847,#3868,#3869));
#3846 = ORIENTED_EDGE('',*,*,#2441,.F.);
#3847 = ORIENTED_EDGE('',*,*,#3848,.F.);
#3848 = EDGE_CURVE('',#756,#2442,#3849,.T.);
#3849 = SEAM_CURVE('',#3850,(#3854,#3861),.PCURVE_S1.);
#3850 = LINE('',#3851,#3852);
#3851 = CARTESIAN_POINT('',(2.5265E+03,45.,10.));
#3852 = VECTOR('',#3853,1.);
#3853 = DIRECTION('',(0.,0.,-1.));
#3854 = PCURVE('',#776,#3855);
#3855 = DEFINITIONAL_REPRESENTATION('',(#3856),#3860);
#3856 = LINE('',#3857,#3858);
#3857 = CARTESIAN_POINT('',(6.28318530718,-0.));
#3858 = VECTOR('',#3859,1.);
#3859 = DIRECTION('',(0.,1.));
#3860 = ( GEOMETRIC_REPRESENTATION_CONTEXT(2) 
PARAMETRIC_REPRESENTATION_CONTEXT() REPRESENTATION_CONTEXT('2D SPACE',''
  ) );
#3861 = PCURVE('',#776,#3862);
#3862 = DEFINITIONAL_REPRESENTATION('',(#3863),#3867);
#3863 = LINE('',#3864,#3865);
#3864 = CARTESIAN_POINT('',(0.,-0.));
#3865 = VECTOR('',#3866,1.);
#3866 = DIRECTION('',(0.,1.));
#3867 = ( GEOMETRIC_REPRESENTATION_CONTEXT(2) 
PARAMETRIC_REPRESENTATION_CONTEXT() REPRESENTATION_CONTEXT('2D SPACE',''
  ) );
#3868 = ORIENTED_EDGE('',*,*,#755,.T.);
#3869 = ORIENTED_EDGE('',*,*,#3848,.T.);
#3870 = ADVANCED_FACE('',(#3871),#811,.F.);
#3871 = FACE_BOUND('',#3872,.F.);
#3872 = EDGE_LOOP('',(#3873,#3874,#3895,#3896));
#3873 = ORIENTED_EDGE('',*,*,#2471,.F.);
#3874 = ORIENTED_EDGE('',*,*,#3875,.F.);
#3875 = EDGE_CURVE('',#791,#2472,#3876,.T.);
#3876 = SEAM_CURVE('',#3877,(#3881,#3888),.PCURVE_S1.);
#3877 = LINE('',#3878,#3879);
#3878 = CARTESIAN_POINT('',(2.7765E+03,45.,10.));
#3879 = VECTOR('',#3880,1.);
#3880 = DIRECTION('',(0.,0.,-1.));
#3881 = PCURVE('',#811,#3882);
#3882 = DEFINITIONAL_REPRESENTATION('',(#3883),#3887);
#3883 = LINE('',#3884,#3885);
#3884 = CARTESIAN_POINT('',(6.28318530718,-0.));
#3885 = VECTOR('',#3886,1.);
#3886 = DIRECTION('',(0.,1.));
#3887 = ( GEOMETRIC_REPRESENTATION_CONTEXT(2) 
PARAMETRIC_REPRESENTATION_CONTEXT() REPRESENTATION_CONTEXT('2D SPACE',''
  ) );
#3888 = PCURVE('',#811,#3889);
#3889 = DEFINITIONAL_REPRESENTATION('',(#3890),#3894);
#3890 = LINE('',#3891,#3892);
#3891 = CARTESIAN_POINT('',(0.,-0.));
#3892 = VECTOR('',#3893,1.);
#3893 = DIRECTION('',(0.,1.));
#3894 = ( GEOMETRIC_REPRESENTATION_CONTEXT(2) 
PARAMETRIC_REPRESENTATION_CONTEXT() REPRESENTATION_CONTEXT('2D SPACE',''
  ) );
#3895 = ORIENTED_EDGE('',*,*,#790,.T.);
#3896 = ORIENTED_EDGE('',*,*,#3875,.T.);
#3897 = ADVANCED_FACE('',(#3898),#846,.F.);
#3898 = FACE_BOUND('',#3899,.F.);
#3899 = EDGE_LOOP('',(#3900,#3901,#3922,#3923));
#3900 = ORIENTED_EDGE('',*,*,#2501,.F.);
#3901 = ORIENTED_EDGE('',*,*,#3902,.F.);
#3902 = EDGE_CURVE('',#826,#2502,#3903,.T.);
#3903 = SEAM_CURVE('',#3904,(#3908,#3915),.PCURVE_S1.);
#3904 = LINE('',#3905,#3906);
#3905 = CARTESIAN_POINT('',(2.8765E+03,45.,10.));
#3906 = VECTOR('',#3907,1.);
#3907 = DIRECTION('',(0.,0.,-1.));
#3908 = PCURVE('',#846,#3909);
#3909 = DEFINITIONAL_REPRESENTATION('',(#3910),#3914);
#3910 = LINE('',#3911,#3912);
#3911 = CARTESIAN_POINT('',(6.28318530718,-0.));
#3912 = VECTOR('',#3913,1.);
#3913 = DIRECTION('',(0.,1.));
#3914 = ( GEOMETRIC_REPRESENTATION_CONTEXT(2) 
PARAMETRIC_REPRESENTATION_CONTEXT() REPRESENTATION_CONTEXT('2D SPACE',''
  ) );
#3915 = PCURVE('',#846,#3916);
#3916 = DEFINITIONAL_REPRESENTATION('',(#3917),#3921);
#3917 = LINE('',#3918,#3919);
#3918 = CARTESIAN_POINT('',(0.,-0.));
#3919 = VECTOR('',#3920,1.);
#3920 = DIRECTION('',(0.,1.));
#3921 = ( GEOMETRIC_REPRESENTATION_CONTEXT(2) 
PARAMETRIC_REPRESENTATION_CONTEXT() REPRESENTATION_CONTEXT('2D SPACE',''
  ) );
#3922 = ORIENTED_EDGE('',*,*,#825,.T.);
#3923 = ORIENTED_EDGE('',*,*,#3902,.T.);
#3924 = ADVANCED_FACE('',(#3925),#881,.F.);
#3925 = FACE_BOUND('',#3926,.F.);
#3926 = EDGE_LOOP('',(#3927,#3928,#3949,#3950));
#3927 = ORIENTED_EDGE('',*,*,#2531,.F.);
#3928 = ORIENTED_EDGE('',*,*,#3929,.F.);
#3929 = EDGE_CURVE('',#861,#2532,#3930,.T.);
#3930 = SEAM_CURVE('',#3931,(#3935,#3942),.PCURVE_S1.);
#3931 = LINE('',#3932,#3933);
#3932 = CARTESIAN_POINT('',(2.9765E+03,45.,10.));
#3933 = VECTOR('',#3934,1.);
#3934 = DIRECTION('',(0.,0.,-1.));
#3935 = PCURVE('',#881,#3936);
#3936 = DEFINITIONAL_REPRESENTATION('',(#3937),#3941);
#3937 = LINE('',#3938,#3939);
#3938 = CARTESIAN_POINT('',(6.28318530718,-0.));
#3939 = VECTOR('',#3940,1.);
#3940 = DIRECTION('',(0.,1.));
#3941 = ( GEOMETRIC_REPRESENTATION_CONTEXT(2) 
PARAMETRIC_REPRESENTATION_CONTEXT() REPRESENTATION_CONTEXT('2D SPACE',''
  ) );
#3942 = PCURVE('',#881,#3943);
#3943 = DEFINITIONAL_REPRESENTATION('',(#3944),#3948);
#3944 = LINE('',#3945,#3946);
#3945 = CARTESIAN_POINT('',(0.,-0.));
#3946 = VECTOR('',#3947,1.);
#3947 = DIRECTION('',(0.,1.));
#3948 = ( GEOMETRIC_REPRESENTATION_CONTEXT(2) 
PARAMETRIC_REPRESENTATION_CONTEXT() REPRESENTATION_CONTEXT('2D SPACE',''
  ) );
#3949 = ORIENTED_EDGE('',*,*,#860,.T.);
#3950 = ORIENTED_EDGE('',*,*,#3929,.T.);
#3951 = ADVANCED_FACE('',(#3952),#916,.F.);
#3952 = FACE_BOUND('',#3953,.F.);
#3953 = EDGE_LOOP('',(#3954,#3955,#3976,#3977));
#3954 = ORIENTED_EDGE('',*,*,#2561,.F.);
#3955 = ORIENTED_EDGE('',*,*,#3956,.F.);
#3956 = EDGE_CURVE('',#896,#2562,#3957,.T.);
#3957 = SEAM_CURVE('',#3958,(#3962,#3969),.PCURVE_S1.);
#3958 = LINE('',#3959,#3960);
#3959 = CARTESIAN_POINT('',(3.0765E+03,45.,10.));
#3960 = VECTOR('',#3961,1.);
#3961 = DIRECTION('',(0.,0.,-1.));
#3962 = PCURVE('',#916,#3963);
#3963 = DEFINITIONAL_REPRESENTATION('',(#3964),#3968);
#3964 = LINE('',#3965,#3966);
#3965 = CARTESIAN_POINT('',(6.28318530718,-0.));
#3966 = VECTOR('',#3967,1.);
#3967 = DIRECTION('',(0.,1.));
#3968 = ( GEOMETRIC_REPRESENTATION_CONTEXT(2) 
PARAMETRIC_REPRESENTATION_CONTEXT() REPRESENTATION_CONTEXT('2D SPACE',''
  ) );
#3969 = PCURVE('',#916,#3970);
#3970 = DEFINITIONAL_REPRESENTATION('',(#3971),#3975);
#3971 = LINE('',#3972,#3973);
#3972 = CARTESIAN_POINT('',(0.,-0.));
#3973 = VECTOR('',#3974,1.);
#3974 = DIRECTION('',(0.,1.));
#3975 = ( GEOMETRIC_REPRESENTATION_CONTEXT(2) 
PARAMETRIC_REPRESENTATION_CONTEXT() REPRESENTATION_CONTEXT('2D SPACE',''
  ) );
#3976 = ORIENTED_EDGE('',*,*,#895,.T.);
#3977 = ORIENTED_EDGE('',*,*,#3956,.T.);
#3978 = ADVANCED_FACE('',(#3979),#951,.F.);
#3979 = FACE_BOUND('',#3980,.F.);
#3980 = EDGE_LOOP('',(#3981,#3982,#4003,#4004));
#3981 = ORIENTED_EDGE('',*,*,#2591,.F.);
#3982 = ORIENTED_EDGE('',*,*,#3983,.F.);
#3983 = EDGE_CURVE('',#931,#2592,#3984,.T.);
#3984 = SEAM_CURVE('',#3985,(#3989,#3996),.PCURVE_S1.);
#3985 = LINE('',#3986,#3987);
#3986 = CARTESIAN_POINT('',(3.1765E+03,45.,10.));
#3987 = VECTOR('',#3988,1.);
#3988 = DIRECTION('',(0.,0.,-1.));
#3989 = PCURVE('',#951,#3990);
#3990 = DEFINITIONAL_REPRESENTATION('',(#3991),#3995);
#3991 = LINE('',#3992,#3993);
#3992 = CARTESIAN_POINT('',(6.28318530718,-0.));
#3993 = VECTOR('',#3994,1.);
#3994 = DIRECTION('',(0.,1.));
#3995 = ( GEOMETRIC_REPRESENTATION_CONTEXT(2) 
PARAMETRIC_REPRESENTATION_CONTEXT() REPRESENTATION_CONTEXT('2D SPACE',''
  ) );
#3996 = PCURVE('',#951,#3997);
#3997 = DEFINITIONAL_REPRESENTATION('',(#3998),#4002);
#3998 = LINE('',#3999,#4000);
#3999 = CARTESIAN_POINT('',(0.,-0.));
#4000 = VECTOR('',#4001,1.);
#4001 = DIRECTION('',(0.,1.));
#4002 = ( GEOMETRIC_REPRESENTATION_CONTEXT(2) 
PARAMETRIC_REPRESENTATION_CONTEXT() REPRESENTATION_CONTEXT('2D SPACE',''
  ) );
#4003 = ORIENTED_EDGE('',*,*,#930,.T.);
#4004 = ORIENTED_EDGE('',*,*,#3983,.T.);
#4005 = ADVANCED_FACE('',(#4006),#986,.F.);
#4006 = FACE_BOUND('',#4007,.F.);
#4007 = EDGE_LOOP('',(#4008,#4009,#4030,#4031));
#4008 = ORIENTED_EDGE('',*,*,#2621,.F.);
#4009 = ORIENTED_EDGE('',*,*,#4010,.F.);
#4010 = EDGE_CURVE('',#966,#2622,#4011,.T.);
#4011 = SEAM_CURVE('',#4012,(#4016,#4023),.PCURVE_S1.);
#4012 = LINE('',#4013,#4014);
#4013 = CARTESIAN_POINT('',(3.2765E+03,45.,10.));
#4014 = VECTOR('',#4015,1.);
#4015 = DIRECTION('',(0.,0.,-1.));
#4016 = PCURVE('',#986,#4017);
#4017 = DEFINITIONAL_REPRESENTATION('',(#4018),#4022);
#4018 = LINE('',#4019,#4020);
#4019 = CARTESIAN_POINT('',(6.28318530718,-0.));
#4020 = VECTOR('',#4021,1.);
#4021 = DIRECTION('',(0.,1.));
#4022 = ( GEOMETRIC_REPRESENTATION_CONTEXT(2) 
PARAMETRIC_REPRESENTATION_CONTEXT() REPRESENTATION_CONTEXT('2D SPACE',''
  ) );
#4023 = PCURVE('',#986,#4024);
#4024 = DEFINITIONAL_REPRESENTATION('',(#4025),#4029);
#4025 = LINE('',#4026,#4027);
#4026 = CARTESIAN_POINT('',(0.,-0.));
#4027 = VECTOR('',#4028,1.);
#4028 = DIRECTION('',(0.,1.));
#4029 = ( GEOMETRIC_REPRESENTATION_CONTEXT(2) 
PARAMETRIC_REPRESENTATION_CONTEXT() REPRESENTATION_CONTEXT('2D SPACE',''
  ) );
#4030 = ORIENTED_EDGE('',*,*,#965,.T.);
#4031 = ORIENTED_EDGE('',*,*,#4010,.T.);
#4032 = ADVANCED_FACE('',(#4033),#1021,.F.);
#4033 = FACE_BOUND('',#4034,.F.);
#4034 = EDGE_LOOP('',(#4035,#4036,#4057,#4058));
#4035 = ORIENTED_EDGE('',*,*,#2651,.F.);
#4036 = ORIENTED_EDGE('',*,*,#4037,.F.);
#4037 = EDGE_CURVE('',#1001,#2652,#4038,.T.);
#4038 = SEAM_CURVE('',#4039,(#4043,#4050),.PCURVE_S1.);
#4039 = LINE('',#4040,#4041);
#4040 = CARTESIAN_POINT('',(3.3765E+03,45.,10.));
#4041 = VECTOR('',#4042,1.);
#4042 = DIRECTION('',(0.,0.,-1.));
#4043 = PCURVE('',#1021,#4044);
#4044 = DEFINITIONAL_REPRESENTATION('',(#4045),#4049);
#4045 = LINE('',#4046,#4047);
#4046 = CARTESIAN_POINT('',(6.28318530718,-0.));
#4047 = VECTOR('',#4048,1.);
#4048 = DIRECTION('',(0.,1.));
#4049 = ( GEOMETRIC_REPRESENTATION_CONTEXT(2) 
PARAMETRIC_REPRESENTATION_CONTEXT() REPRESENTATION_CONTEXT('2D SPACE',''
  ) );
#4050 = PCURVE('',#1021,#4051);
#4051 = DEFINITIONAL_REPRESENTATION('',(#4052),#4056);
#4052 = LINE('',#4053,#4054);
#4053 = CARTESIAN_POINT('',(0.,-0.));
#4054 = VECTOR('',#4055,1.);
#4055 = DIRECTION('',(0.,1.));
#4056 = ( GEOMETRIC_REPRESENTATION_CONTEXT(2) 
PARAMETRIC_REPRESENTATION_CONTEXT() REPRESENTATION_CONTEXT('2D SPACE',''
  ) );
#4057 = ORIENTED_EDGE('',*,*,#1000,.T.);
#4058 = ORIENTED_EDGE('',*,*,#4037,.T.);
#4059 = ADVANCED_FACE('',(#4060),#1056,.F.);
#4060 = FACE_BOUND('',#4061,.F.);
#4061 = EDGE_LOOP('',(#4062,#4063,#4084,#4085));
#4062 = ORIENTED_EDGE('',*,*,#2681,.F.);
#4063 = ORIENTED_EDGE('',*,*,#4064,.F.);
#4064 = EDGE_CURVE('',#1036,#2682,#4065,.T.);
#4065 = SEAM_CURVE('',#4066,(#4070,#4077),.PCURVE_S1.);
#4066 = LINE('',#4067,#4068);
#4067 = CARTESIAN_POINT('',(3.4765E+03,45.,10.));
#4068 = VECTOR('',#4069,1.);
#4069 = DIRECTION('',(0.,0.,-1.));
#4070 = PCURVE('',#1056,#4071);
#4071 = DEFINITIONAL_REPRESENTATION('',(#4072),#4076);
#4072 = LINE('',#4073,#4074);
#4073 = CARTESIAN_POINT('',(6.28318530718,-0.));
#4074 = VECTOR('',#4075,1.);
#4075 = DIRECTION('',(0.,1.));
#4076 = ( GEOMETRIC_REPRESENTATION_CONTEXT(2) 
PARAMETRIC_REPRESENTATION_CONTEXT() REPRESENTATION_CONTEXT('2D SPACE',''
  ) );
#4077 = PCURVE('',#1056,#4078);
#4078 = DEFINITIONAL_REPRESENTATION('',(#4079),#4083);
#4079 = LINE('',#4080,#4081);
#4080 = CARTESIAN_POINT('',(0.,-0.));
#4081 = VECTOR('',#4082,1.);
#4082 = DIRECTION('',(0.,1.));
#4083 = ( GEOMETRIC_REPRESENTATION_CONTEXT(2) 
PARAMETRIC_REPRESENTATION_CONTEXT() REPRESENTATION_CONTEXT('2D SPACE',''
  ) );
#4084 = ORIENTED_EDGE('',*,*,#1035,.T.);
#4085 = ORIENTED_EDGE('',*,*,#4064,.T.);
#4086 = ADVANCED_FACE('',(#4087),#1091,.F.);
#4087 = FACE_BOUND('',#4088,.F.);
#4088 = EDGE_LOOP('',(#4089,#4090,#4111,#4112));
#4089 = ORIENTED_EDGE('',*,*,#2711,.F.);
#4090 = ORIENTED_EDGE('',*,*,#4091,.F.);
#4091 = EDGE_CURVE('',#1071,#2712,#4092,.T.);
#4092 = SEAM_CURVE('',#4093,(#4097,#4104),.PCURVE_S1.);
#4093 = LINE('',#4094,#4095);
#4094 = CARTESIAN_POINT('',(3.5765E+03,45.,10.));
#4095 = VECTOR('',#4096,1.);
#4096 = DIRECTION('',(0.,0.,-1.));
#4097 = PCURVE('',#1091,#4098);
#4098 = DEFINITIONAL_REPRESENTATION('',(#4099),#4103);
#4099 = LINE('',#4100,#4101);
#4100 = CARTESIAN_POINT('',(6.28318530718,-0.));
#4101 = VECTOR('',#4102,1.);
#4102 = DIRECTION('',(0.,1.));
#4103 = ( GEOMETRIC_REPRESENTATION_CONTEXT(2) 
PARAMETRIC_REPRESENTATION_CONTEXT() REPRESENTATION_CONTEXT('2D SPACE',''
  ) );
#4104 = PCURVE('',#1091,#4105);
#4105 = DEFINITIONAL_REPRESENTATION('',(#4106),#4110);
#4106 = LINE('',#4107,#4108);
#4107 = CARTESIAN_POINT('',(0.,-0.));
#4108 = VECTOR('',#4109,1.);
#4109 = DIRECTION('',(0.,1.));
#4110 = ( GEOMETRIC_REPRESENTATION_CONTEXT(2) 
PARAMETRIC_REPRESENTATION_CONTEXT() REPRESENTATION_CONTEXT('2D SPACE',''
  ) );
#4111 = ORIENTED_EDGE('',*,*,#1070,.T.);
#4112 = ORIENTED_EDGE('',*,*,#4091,.T.);
#4113 = ADVANCED_FACE('',(#4114),#1126,.F.);
#4114 = FACE_BOUND('',#4115,.F.);
#4115 = EDGE_LOOP('',(#4116,#4117,#4138,#4139));
#4116 = ORIENTED_EDGE('',*,*,#2741,.F.);
#4117 = ORIENTED_EDGE('',*,*,#4118,.F.);
#4118 = EDGE_CURVE('',#1106,#2742,#4119,.T.);
#4119 = SEAM_CURVE('',#4120,(#4124,#4131),.PCURVE_S1.);
#4120 = LINE('',#4121,#4122);
#4121 = CARTESIAN_POINT('',(73.5,155.,10.));
#4122 = VECTOR('',#4123,1.);
#4123 = DIRECTION('',(0.,0.,-1.));
#4124 = PCURVE('',#1126,#4125);
#4125 = DEFINITIONAL_REPRESENTATION('',(#4126),#4130);
#4126 = LINE('',#4127,#4128);
#4127 = CARTESIAN_POINT('',(6.28318530718,-0.));
#4128 = VECTOR('',#4129,1.);
#4129 = DIRECTION('',(0.,1.));
#4130 = ( GEOMETRIC_REPRESENTATION_CONTEXT(2) 
PARAMETRIC_REPRESENTATION_CONTEXT() REPRESENTATION_CONTEXT('2D SPACE',''
  ) );
#4131 = PCURVE('',#1126,#4132);
#4132 = DEFINITIONAL_REPRESENTATION('',(#4133),#4137);
#4133 = LINE('',#4134,#4135);
#4134 = CARTESIAN_POINT('',(0.,-0.));
#4135 = VECTOR('',#4136,1.);
#4136 = DIRECTION('',(0.,1.));
#4137 = ( GEOMETRIC_REPRESENTATION_CONTEXT(2) 
PARAMETRIC_REPRESENTATION_CONTEXT() REPRESENTATION_CONTEXT('2D SPACE',''
  ) );
#4138 = ORIENTED_EDGE('',*,*,#1105,.T.);
#4139 = ORIENTED_EDGE('',*,*,#4118,.T.);
#4140 = ADVANCED_FACE('',(#4141),#1161,.F.);
#4141 = FACE_BOUND('',#4142,.F.);
#4142 = EDGE_LOOP('',(#4143,#4144,#4165,#4166));
#4143 = ORIENTED_EDGE('',*,*,#2771,.F.);
#4144 = ORIENTED_EDGE('',*,*,#4145,.F.);
#4145 = EDGE_CURVE('',#1141,#2772,#4146,.T.);
#4146 = SEAM_CURVE('',#4147,(#4151,#4158),.PCURVE_S1.);
#4147 = LINE('',#4148,#4149);
#4148 = CARTESIAN_POINT('',(153.5,155.,10.));
#4149 = VECTOR('',#4150,1.);
#4150 = DIRECTION('',(0.,0.,-1.));
#4151 = PCURVE('',#1161,#4152);
#4152 = DEFINITIONAL_REPRESENTATION('',(#4153),#4157);
#4153 = LINE('',#4154,#4155);
#4154 = CARTESIAN_POINT('',(6.28318530718,-0.));
#4155 = VECTOR('',#4156,1.);
#4156 = DIRECTION('',(0.,1.));
#4157 = ( GEOMETRIC_REPRESENTATION_CONTEXT(2) 
PARAMETRIC_REPRESENTATION_CONTEXT() REPRESENTATION_CONTEXT('2D SPACE',''
  ) );
#4158 = PCURVE('',#1161,#4159);
#4159 = DEFINITIONAL_REPRESENTATION('',(#4160),#4164);
#4160 = LINE('',#4161,#4162);
#4161 = CARTESIAN_POINT('',(0.,-0.));
#4162 = VECTOR('',#4163,1.);
#4163 = DIRECTION('',(0.,1.));
#4164 = ( GEOMETRIC_REPRESENTATION_CONTEXT(2) 
PARAMETRIC_REPRESENTATION_CONTEXT() REPRESENTATION_CONTEXT('2D SPACE',''
  ) );
#4165 = ORIENTED_EDGE('',*,*,#1140,.T.);
#4166 = ORIENTED_EDGE('',*,*,#4145,.T.);
#4167 = ADVANCED_FACE('',(#4168),#1196,.F.);
#4168 = FACE_BOUND('',#4169,.F.);
#4169 = EDGE_LOOP('',(#4170,#4171,#4192,#4193));
#4170 = ORIENTED_EDGE('',*,*,#2801,.F.);
#4171 = ORIENTED_EDGE('',*,*,#4172,.F.);
#4172 = EDGE_CURVE('',#1176,#2802,#4173,.T.);
#4173 = SEAM_CURVE('',#4174,(#4178,#4185),.PCURVE_S1.);
#4174 = LINE('',#4175,#4176);
#4175 = CARTESIAN_POINT('',(233.5,155.,10.));
#4176 = VECTOR('',#4177,1.);
#4177 = DIRECTION('',(0.,0.,-1.));
#4178 = PCURVE('',#1196,#4179);
#4179 = DEFINITIONAL_REPRESENTATION('',(#4180),#4184);
#4180 = LINE('',#4181,#4182);
#4181 = CARTESIAN_POINT('',(6.28318530718,-0.));
#4182 = VECTOR('',#4183,1.);
#4183 = DIRECTION('',(0.,1.));
#4184 = ( GEOMETRIC_REPRESENTATION_CONTEXT(2) 
PARAMETRIC_REPRESENTATION_CONTEXT() REPRESENTATION_CONTEXT('2D SPACE',''
  ) );
#4185 = PCURVE('',#1196,#4186);
#4186 = DEFINITIONAL_REPRESENTATION('',(#4187),#4191);
#4187 = LINE('',#4188,#4189);
#4188 = CARTESIAN_POINT('',(0.,-0.));
#4189 = VECTOR('',#4190,1.);
#4190 = DIRECTION('',(0.,1.));
#4191 = ( GEOMETRIC_REPRESENTATION_CONTEXT(2) 
PARAMETRIC_REPRESENTATION_CONTEXT() REPRESENTATION_CONTEXT('2D SPACE',''
  ) );
#4192 = ORIENTED_EDGE('',*,*,#1175,.T.);
#4193 = ORIENTED_EDGE('',*,*,#4172,.T.);
#4194 = ADVANCED_FACE('',(#4195),#1231,.F.);
#4195 = FACE_BOUND('',#4196,.F.);
#4196 = EDGE_LOOP('',(#4197,#4198,#4219,#4220));
#4197 = ORIENTED_EDGE('',*,*,#2831,.F.);
#4198 = ORIENTED_EDGE('',*,*,#4199,.F.);
#4199 = EDGE_CURVE('',#1211,#2832,#4200,.T.);
#4200 = SEAM_CURVE('',#4201,(#4205,#4212),.PCURVE_S1.);
#4201 = LINE('',#4202,#4203);
#4202 = CARTESIAN_POINT('',(313.5,155.,10.));
#4203 = VECTOR('',#4204,1.);
#4204 = DIRECTION('',(0.,0.,-1.));
#4205 = PCURVE('',#1231,#4206);
#4206 = DEFINITIONAL_REPRESENTATION('',(#4207),#4211);
#4207 = LINE('',#4208,#4209);
#4208 = CARTESIAN_POINT('',(6.28318530718,-0.));
#4209 = VECTOR('',#4210,1.);
#4210 = DIRECTION('',(0.,1.));
#4211 = ( GEOMETRIC_REPRESENTATION_CONTEXT(2) 
PARAMETRIC_REPRESENTATION_CONTEXT() REPRESENTATION_CONTEXT('2D SPACE',''
  ) );
#4212 = PCURVE('',#1231,#4213);
#4213 = DEFINITIONAL_REPRESENTATION('',(#4214),#4218);
#4214 = LINE('',#4215,#4216);
#4215 = CARTESIAN_POINT('',(0.,-0.));
#4216 = VECTOR('',#4217,1.);
#4217 = DIRECTION('',(0.,1.));
#4218 = ( GEOMETRIC_REPRESENTATION_CONTEXT(2) 
PARAMETRIC_REPRESENTATION_CONTEXT() REPRESENTATION_CONTEXT('2D SPACE',''
  ) );
#4219 = ORIENTED_EDGE('',*,*,#1210,.T.);
#4220 = ORIENTED_EDGE('',*,*,#4199,.T.);
#4221 = ADVANCED_FACE('',(#4222),#1266,.F.);
#4222 = FACE_BOUND('',#4223,.F.);
#4223 = EDGE_LOOP('',(#4224,#4225,#4246,#4247));
#4224 = ORIENTED_EDGE('',*,*,#2861,.F.);
#4225 = ORIENTED_EDGE('',*,*,#4226,.F.);
#4226 = EDGE_CURVE('',#1246,#2862,#4227,.T.);
#4227 = SEAM_CURVE('',#4228,(#4232,#4239),.PCURVE_S1.);
#4228 = LINE('',#4229,#4230);
#4229 = CARTESIAN_POINT('',(393.5,155.,10.));
#4230 = VECTOR('',#4231,1.);
#4231 = DIRECTION('',(0.,0.,-1.));
#4232 = PCURVE('',#1266,#4233);
#4233 = DEFINITIONAL_REPRESENTATION('',(#4234),#4238);
#4234 = LINE('',#4235,#4236);
#4235 = CARTESIAN_POINT('',(6.28318530718,-0.));
#4236 = VECTOR('',#4237,1.);
#4237 = DIRECTION('',(0.,1.));
#4238 = ( GEOMETRIC_REPRESENTATION_CONTEXT(2) 
PARAMETRIC_REPRESENTATION_CONTEXT() REPRESENTATION_CONTEXT('2D SPACE',''
  ) );
#4239 = PCURVE('',#1266,#4240);
#4240 = DEFINITIONAL_REPRESENTATION('',(#4241),#4245);
#4241 = LINE('',#4242,#4243);
#4242 = CARTESIAN_POINT('',(0.,-0.));
#4243 = VECTOR('',#4244,1.);
#4244 = DIRECTION('',(0.,1.));
#4245 = ( GEOMETRIC_REPRESENTATION_CONTEXT(2) 
PARAMETRIC_REPRESENTATION_CONTEXT() REPRESENTATION_CONTEXT('2D SPACE',''
  ) );
#4246 = ORIENTED_EDGE('',*,*,#1245,.T.);
#4247 = ORIENTED_EDGE('',*,*,#4226,.T.);
#4248 = ADVANCED_FACE('',(#4249),#1301,.F.);
#4249 = FACE_BOUND('',#4250,.F.);
#4250 = EDGE_LOOP('',(#4251,#4252,#4273,#4274));
#4251 = ORIENTED_EDGE('',*,*,#2891,.F.);
#4252 = ORIENTED_EDGE('',*,*,#4253,.F.);
#4253 = EDGE_CURVE('',#1281,#2892,#4254,.T.);
#4254 = SEAM_CURVE('',#4255,(#4259,#4266),.PCURVE_S1.);
#4255 = LINE('',#4256,#4257);
#4256 = CARTESIAN_POINT('',(473.5,155.,10.));
#4257 = VECTOR('',#4258,1.);
#4258 = DIRECTION('',(0.,0.,-1.));
#4259 = PCURVE('',#1301,#4260);
#4260 = DEFINITIONAL_REPRESENTATION('',(#4261),#4265);
#4261 = LINE('',#4262,#4263);
#4262 = CARTESIAN_POINT('',(6.28318530718,-0.));
#4263 = VECTOR('',#4264,1.);
#4264 = DIRECTION('',(0.,1.));
#4265 = ( GEOMETRIC_REPRESENTATION_CONTEXT(2) 
PARAMETRIC_REPRESENTATION_CONTEXT() REPRESENTATION_CONTEXT('2D SPACE',''
  ) );
#4266 = PCURVE('',#1301,#4267);
#4267 = DEFINITIONAL_REPRESENTATION('',(#4268),#4272);
#4268 = LINE('',#4269,#4270);
#4269 = CARTESIAN_POINT('',(0.,-0.));
#4270 = VECTOR('',#4271,1.);
#4271 = DIRECTION('',(0.,1.));
#4272 = ( GEOMETRIC_REPRESENTATION_CONTEXT(2) 
PARAMETRIC_REPRESENTATION_CONTEXT() REPRESENTATION_CONTEXT('2D SPACE',''
  ) );
#4273 = ORIENTED_EDGE('',*,*,#1280,.T.);
#4274 = ORIENTED_EDGE('',*,*,#4253,.T.);
#4275 = ADVANCED_FACE('',(#4276),#1336,.F.);
#4276 = FACE_BOUND('',#4277,.F.);
#4277 = EDGE_LOOP('',(#4278,#4279,#4300,#4301));
#4278 = ORIENTED_EDGE('',*,*,#2921,.F.);
#4279 = ORIENTED_EDGE('',*,*,#4280,.F.);
#4280 = EDGE_CURVE('',#1316,#2922,#4281,.T.);
#4281 = SEAM_CURVE('',#4282,(#4286,#4293),.PCURVE_S1.);
#4282 = LINE('',#4283,#4284);
#4283 = CARTESIAN_POINT('',(588.5,155.,10.));
#4284 = VECTOR('',#4285,1.);
#4285 = DIRECTION('',(0.,0.,-1.));
#4286 = PCURVE('',#1336,#4287);
#4287 = DEFINITIONAL_REPRESENTATION('',(#4288),#4292);
#4288 = LINE('',#4289,#4290);
#4289 = CARTESIAN_POINT('',(6.28318530718,-0.));
#4290 = VECTOR('',#4291,1.);
#4291 = DIRECTION('',(0.,1.));
#4292 = ( GEOMETRIC_REPRESENTATION_CONTEXT(2) 
PARAMETRIC_REPRESENTATION_CONTEXT() REPRESENTATION_CONTEXT('2D SPACE',''
  ) );
#4293 = PCURVE('',#1336,#4294);
#4294 = DEFINITIONAL_REPRESENTATION('',(#4295),#4299);
#4295 = LINE('',#4296,#4297);
#4296 = CARTESIAN_POINT('',(0.,-0.));
#4297 = VECTOR('',#4298,1.);
#4298 = DIRECTION('',(0.,1.));
#4299 = ( GEOMETRIC_REPRESENTATION_CONTEXT(2) 
PARAMETRIC_REPRESENTATION_CONTEXT() REPRESENTATION_CONTEXT('2D SPACE',''
  ) );
#4300 = ORIENTED_EDGE('',*,*,#1315,.T.);
#4301 = ORIENTED_EDGE('',*,*,#4280,.T.);
#4302 = ADVANCED_FACE('',(#4303),#1371,.F.);
#4303 = FACE_BOUND('',#4304,.F.);
#4304 = EDGE_LOOP('',(#4305,#4306,#4327,#4328));
#4305 = ORIENTED_EDGE('',*,*,#2951,.F.);
#4306 = ORIENTED_EDGE('',*,*,#4307,.F.);
#4307 = EDGE_CURVE('',#1351,#2952,#4308,.T.);
#4308 = SEAM_CURVE('',#4309,(#4313,#4320),.PCURVE_S1.);
#4309 = LINE('',#4310,#4311);
#4310 = CARTESIAN_POINT('',(738.5,155.,10.));
#4311 = VECTOR('',#4312,1.);
#4312 = DIRECTION('',(0.,0.,-1.));
#4313 = PCURVE('',#1371,#4314);
#4314 = DEFINITIONAL_REPRESENTATION('',(#4315),#4319);
#4315 = LINE('',#4316,#4317);
#4316 = CARTESIAN_POINT('',(6.28318530718,-0.));
#4317 = VECTOR('',#4318,1.);
#4318 = DIRECTION('',(0.,1.));
#4319 = ( GEOMETRIC_REPRESENTATION_CONTEXT(2) 
PARAMETRIC_REPRESENTATION_CONTEXT() REPRESENTATION_CONTEXT('2D SPACE',''
  ) );
#4320 = PCURVE('',#1371,#4321);
#4321 = DEFINITIONAL_REPRESENTATION('',(#4322),#4326);
#4322 = LINE('',#4323,#4324);
#4323 = CARTESIAN_POINT('',(0.,-0.));
#4324 = VECTOR('',#4325,1.);
#4325 = DIRECTION('',(0.,1.));
#4326 = ( GEOMETRIC_REPRESENTATION_CONTEXT(2) 
PARAMETRIC_REPRESENTATION_CONTEXT() REPRESENTATION_CONTEXT('2D SPACE',''
  ) );
#4327 = ORIENTED_EDGE('',*,*,#1350,.T.);
#4328 = ORIENTED_EDGE('',*,*,#4307,.T.);
#4329 = ADVANCED_FACE('',(#4330),#1406,.F.);
#4330 = FACE_BOUND('',#4331,.F.);
#4331 = EDGE_LOOP('',(#4332,#4333,#4354,#4355));
#4332 = ORIENTED_EDGE('',*,*,#2981,.F.);
#4333 = ORIENTED_EDGE('',*,*,#4334,.F.);
#4334 = EDGE_CURVE('',#1386,#2982,#4335,.T.);
#4335 = SEAM_CURVE('',#4336,(#4340,#4347),.PCURVE_S1.);
#4336 = LINE('',#4337,#4338);
#4337 = CARTESIAN_POINT('',(888.5,155.,10.));
#4338 = VECTOR('',#4339,1.);
#4339 = DIRECTION('',(0.,0.,-1.));
#4340 = PCURVE('',#1406,#4341);
#4341 = DEFINITIONAL_REPRESENTATION('',(#4342),#4346);
#4342 = LINE('',#4343,#4344);
#4343 = CARTESIAN_POINT('',(6.28318530718,-0.));
#4344 = VECTOR('',#4345,1.);
#4345 = DIRECTION('',(0.,1.));
#4346 = ( GEOMETRIC_REPRESENTATION_CONTEXT(2) 
PARAMETRIC_REPRESENTATION_CONTEXT() REPRESENTATION_CONTEXT('2D SPACE',''
  ) );
#4347 = PCURVE('',#1406,#4348);
#4348 = DEFINITIONAL_REPRESENTATION('',(#4349),#4353);
#4349 = LINE('',#4350,#4351);
#4350 = CARTESIAN_POINT('',(0.,-0.));
#4351 = VECTOR('',#4352,1.);
#4352 = DIRECTION('',(0.,1.));
#4353 = ( GEOMETRIC_REPRESENTATION_CONTEXT(2) 
PARAMETRIC_REPRESENTATION_CONTEXT() REPRESENTATION_CONTEXT('2D SPACE',''
  ) );
#4354 = ORIENTED_EDGE('',*,*,#1385,.T.);
#4355 = ORIENTED_EDGE('',*,*,#4334,.T.);
#4356 = ADVANCED_FACE('',(#4357),#1441,.F.);
#4357 = FACE_BOUND('',#4358,.F.);
#4358 = EDGE_LOOP('',(#4359,#4360,#4381,#4382));
#4359 = ORIENTED_EDGE('',*,*,#3011,.F.);
#4360 = ORIENTED_EDGE('',*,*,#4361,.F.);
#4361 = EDGE_CURVE('',#1421,#3012,#4362,.T.);
#4362 = SEAM_CURVE('',#4363,(#4367,#4374),.PCURVE_S1.);
#4363 = LINE('',#4364,#4365);
#4364 = CARTESIAN_POINT('',(1.0385E+03,155.,10.));
#4365 = VECTOR('',#4366,1.);
#4366 = DIRECTION('',(0.,0.,-1.));
#4367 = PCURVE('',#1441,#4368);
#4368 = DEFINITIONAL_REPRESENTATION('',(#4369),#4373);
#4369 = LINE('',#4370,#4371);
#4370 = CARTESIAN_POINT('',(6.28318530718,-0.));
#4371 = VECTOR('',#4372,1.);
#4372 = DIRECTION('',(0.,1.));
#4373 = ( GEOMETRIC_REPRESENTATION_CONTEXT(2) 
PARAMETRIC_REPRESENTATION_CONTEXT() REPRESENTATION_CONTEXT('2D SPACE',''
  ) );
#4374 = PCURVE('',#1441,#4375);
#4375 = DEFINITIONAL_REPRESENTATION('',(#4376),#4380);
#4376 = LINE('',#4377,#4378);
#4377 = CARTESIAN_POINT('',(0.,-0.));
#4378 = VECTOR('',#4379,1.);
#4379 = DIRECTION('',(0.,1.));
#4380 = ( GEOMETRIC_REPRESENTATION_CONTEXT(2) 
PARAMETRIC_REPRESENTATION_CONTEXT() REPRESENTATION_CONTEXT('2D SPACE',''
  ) );
#4381 = ORIENTED_EDGE('',*,*,#1420,.T.);
#4382 = ORIENTED_EDGE('',*,*,#4361,.T.);
#4383 = ADVANCED_FACE('',(#4384),#1476,.F.);
#4384 = FACE_BOUND('',#4385,.F.);
#4385 = EDGE_LOOP('',(#4386,#4387,#4408,#4409));
#4386 = ORIENTED_EDGE('',*,*,#3041,.F.);
#4387 = ORIENTED_EDGE('',*,*,#4388,.F.);
#4388 = EDGE_CURVE('',#1456,#3042,#4389,.T.);
#4389 = SEAM_CURVE('',#4390,(#4394,#4401),.PCURVE_S1.);
#4390 = LINE('',#4391,#4392);
#4391 = CARTESIAN_POINT('',(1.3135E+03,155.,10.));
#4392 = VECTOR('',#4393,1.);
#4393 = DIRECTION('',(0.,0.,-1.));
#4394 = PCURVE('',#1476,#4395);
#4395 = DEFINITIONAL_REPRESENTATION('',(#4396),#4400);
#4396 = LINE('',#4397,#4398);
#4397 = CARTESIAN_POINT('',(6.28318530718,-0.));
#4398 = VECTOR('',#4399,1.);
#4399 = DIRECTION('',(0.,1.));
#4400 = ( GEOMETRIC_REPRESENTATION_CONTEXT(2) 
PARAMETRIC_REPRESENTATION_CONTEXT() REPRESENTATION_CONTEXT('2D SPACE',''
  ) );
#4401 = PCURVE('',#1476,#4402);
#4402 = DEFINITIONAL_REPRESENTATION('',(#4403),#4407);
#4403 = LINE('',#4404,#4405);
#4404 = CARTESIAN_POINT('',(0.,-0.));
#4405 = VECTOR('',#4406,1.);
#4406 = DIRECTION('',(0.,1.));
#4407 = ( GEOMETRIC_REPRESENTATION_CONTEXT(2) 
PARAMETRIC_REPRESENTATION_CONTEXT() REPRESENTATION_CONTEXT('2D SPACE',''
  ) );
#4408 = ORIENTED_EDGE('',*,*,#1455,.T.);
#4409 = ORIENTED_EDGE('',*,*,#4388,.T.);
#4410 = ADVANCED_FACE('',(#4411),#1511,.F.);
#4411 = FACE_BOUND('',#4412,.F.);
#4412 = EDGE_LOOP('',(#4413,#4414,#4435,#4436));
#4413 = ORIENTED_EDGE('',*,*,#3071,.F.);
#4414 = ORIENTED_EDGE('',*,*,#4415,.F.);
#4415 = EDGE_CURVE('',#1491,#3072,#4416,.T.);
#4416 = SEAM_CURVE('',#4417,(#4421,#4428),.PCURVE_S1.);
#4417 = LINE('',#4418,#4419);
#4418 = CARTESIAN_POINT('',(1.7135E+03,155.,10.));
#4419 = VECTOR('',#4420,1.);
#4420 = DIRECTION('',(0.,0.,-1.));
#4421 = PCURVE('',#1511,#4422);
#4422 = DEFINITIONAL_REPRESENTATION('',(#4423),#4427);
#4423 = LINE('',#4424,#4425);
#4424 = CARTESIAN_POINT('',(6.28318530718,-0.));
#4425 = VECTOR('',#4426,1.);
#4426 = DIRECTION('',(0.,1.));
#4427 = ( GEOMETRIC_REPRESENTATION_CONTEXT(2) 
PARAMETRIC_REPRESENTATION_CONTEXT() REPRESENTATION_CONTEXT('2D SPACE',''
  ) );
#4428 = PCURVE('',#1511,#4429);
#4429 = DEFINITIONAL_REPRESENTATION('',(#4430),#4434);
#4430 = LINE('',#4431,#4432);
#4431 = CARTESIAN_POINT('',(0.,-0.));
#4432 = VECTOR('',#4433,1.);
#4433 = DIRECTION('',(0.,1.));
#4434 = ( GEOMETRIC_REPRESENTATION_CONTEXT(2) 
PARAMETRIC_REPRESENTATION_CONTEXT() REPRESENTATION_CONTEXT('2D SPACE',''
  ) );
#4435 = ORIENTED_EDGE('',*,*,#1490,.T.);
#4436 = ORIENTED_EDGE('',*,*,#4415,.T.);
#4437 = ADVANCED_FACE('',(#4438),#1546,.F.);
#4438 = FACE_BOUND('',#4439,.F.);
#4439 = EDGE_LOOP('',(#4440,#4441,#4462,#4463));
#4440 = ORIENTED_EDGE('',*,*,#3101,.F.);
#4441 = ORIENTED_EDGE('',*,*,#4442,.F.);
#4442 = EDGE_CURVE('',#1526,#3102,#4443,.T.);
#4443 = SEAM_CURVE('',#4444,(#4448,#4455),.PCURVE_S1.);
#4444 = LINE('',#4445,#4446);
#4445 = CARTESIAN_POINT('',(1.9265E+03,155.,10.));
#4446 = VECTOR('',#4447,1.);
#4447 = DIRECTION('',(0.,0.,-1.));
#4448 = PCURVE('',#1546,#4449);
#4449 = DEFINITIONAL_REPRESENTATION('',(#4450),#4454);
#4450 = LINE('',#4451,#4452);
#4451 = CARTESIAN_POINT('',(6.28318530718,-0.));
#4452 = VECTOR('',#4453,1.);
#4453 = DIRECTION('',(0.,1.));
#4454 = ( GEOMETRIC_REPRESENTATION_CONTEXT(2) 
PARAMETRIC_REPRESENTATION_CONTEXT() REPRESENTATION_CONTEXT('2D SPACE',''
  ) );
#4455 = PCURVE('',#1546,#4456);
#4456 = DEFINITIONAL_REPRESENTATION('',(#4457),#4461);
#4457 = LINE('',#4458,#4459);
#4458 = CARTESIAN_POINT('',(0.,-0.));
#4459 = VECTOR('',#4460,1.);
#4460 = DIRECTION('',(0.,1.));
#4461 = ( GEOMETRIC_REPRESENTATION_CONTEXT(2) 
PARAMETRIC_REPRESENTATION_CONTEXT() REPRESENTATION_CONTEXT('2D SPACE',''
  ) );
#4462 = ORIENTED_EDGE('',*,*,#1525,.T.);
#4463 = ORIENTED_EDGE('',*,*,#4442,.T.);
#4464 = ADVANCED_FACE('',(#4465),#1581,.F.);
#4465 = FACE_BOUND('',#4466,.F.);
#4466 = EDGE_LOOP('',(#4467,#4468,#4489,#4490));
#4467 = ORIENTED_EDGE('',*,*,#3131,.F.);
#4468 = ORIENTED_EDGE('',*,*,#4469,.F.);
#4469 = EDGE_CURVE('',#1561,#3132,#4470,.T.);
#4470 = SEAM_CURVE('',#4471,(#4475,#4482),.PCURVE_S1.);
#4471 = LINE('',#4472,#4473);
#4472 = CARTESIAN_POINT('',(2.3265E+03,155.,10.));
#4473 = VECTOR('',#4474,1.);
#4474 = DIRECTION('',(0.,0.,-1.));
#4475 = PCURVE('',#1581,#4476);
#4476 = DEFINITIONAL_REPRESENTATION('',(#4477),#4481);
#4477 = LINE('',#4478,#4479);
#4478 = CARTESIAN_POINT('',(6.28318530718,-0.));
#4479 = VECTOR('',#4480,1.);
#4480 = DIRECTION('',(0.,1.));
#4481 = ( GEOMETRIC_REPRESENTATION_CONTEXT(2) 
PARAMETRIC_REPRESENTATION_CONTEXT() REPRESENTATION_CONTEXT('2D SPACE',''
  ) );
#4482 = PCURVE('',#1581,#4483);
#4483 = DEFINITIONAL_REPRESENTATION('',(#4484),#4488);
#4484 = LINE('',#4485,#4486);
#4485 = CARTESIAN_POINT('',(0.,-0.));
#4486 = VECTOR('',#4487,1.);
#4487 = DIRECTION('',(0.,1.));
#4488 = ( GEOMETRIC_REPRESENTATION_CONTEXT(2) 
PARAMETRIC_REPRESENTATION_CONTEXT() REPRESENTATION_CONTEXT('2D SPACE',''
  ) );
#4489 = ORIENTED_EDGE('',*,*,#1560,.T.);
#4490 = ORIENTED_EDGE('',*,*,#4469,.T.);
#4491 = ADVANCED_FACE('',(#4492),#1616,.F.);
#4492 = FACE_BOUND('',#4493,.F.);
#4493 = EDGE_LOOP('',(#4494,#4495,#4516,#4517));
#4494 = ORIENTED_EDGE('',*,*,#3161,.F.);
#4495 = ORIENTED_EDGE('',*,*,#4496,.F.);
#4496 = EDGE_CURVE('',#1596,#3162,#4497,.T.);
#4497 = SEAM_CURVE('',#4498,(#4502,#4509),.PCURVE_S1.);
#4498 = LINE('',#4499,#4500);
#4499 = CARTESIAN_POINT('',(2.7265E+03,155.,10.));
#4500 = VECTOR('',#4501,1.);
#4501 = DIRECTION('',(0.,0.,-1.));
#4502 = PCURVE('',#1616,#4503);
#4503 = DEFINITIONAL_REPRESENTATION('',(#4504),#4508);
#4504 = LINE('',#4505,#4506);
#4505 = CARTESIAN_POINT('',(6.28318530718,-0.));
#4506 = VECTOR('',#4507,1.);
#4507 = DIRECTION('',(0.,1.));
#4508 = ( GEOMETRIC_REPRESENTATION_CONTEXT(2) 
PARAMETRIC_REPRESENTATION_CONTEXT() REPRESENTATION_CONTEXT('2D SPACE',''
  ) );
#4509 = PCURVE('',#1616,#4510);
#4510 = DEFINITIONAL_REPRESENTATION('',(#4511),#4515);
#4511 = LINE('',#4512,#4513);
#4512 = CARTESIAN_POINT('',(0.,-0.));
#4513 = VECTOR('',#4514,1.);
#4514 = DIRECTION('',(0.,1.));
#4515 = ( GEOMETRIC_REPRESENTATION_CONTEXT(2) 
PARAMETRIC_REPRESENTATION_CONTEXT() REPRESENTATION_CONTEXT('2D SPACE',''
  ) );
#4516 = ORIENTED_EDGE('',*,*,#1595,.T.);
#4517 = ORIENTED_EDGE('',*,*,#4496,.T.);
#4518 = ADVANCED_FACE('',(#4519),#1651,.F.);
#4519 = FACE_BOUND('',#4520,.F.);
#4520 = EDGE_LOOP('',(#4521,#4522,#4543,#4544));
#4521 = ORIENTED_EDGE('',*,*,#3191,.F.);
#4522 = ORIENTED_EDGE('',*,*,#4523,.F.);
#4523 = EDGE_CURVE('',#1631,#3192,#4524,.T.);
#4524 = SEAM_CURVE('',#4525,(#4529,#4536),.PCURVE_S1.);
#4525 = LINE('',#4526,#4527);
#4526 = CARTESIAN_POINT('',(2.8265E+03,155.,10.));
#4527 = VECTOR('',#4528,1.);
#4528 = DIRECTION('',(0.,0.,-1.));
#4529 = PCURVE('',#1651,#4530);
#4530 = DEFINITIONAL_REPRESENTATION('',(#4531),#4535);
#4531 = LINE('',#4532,#4533);
#4532 = CARTESIAN_POINT('',(6.28318530718,-0.));
#4533 = VECTOR('',#4534,1.);
#4534 = DIRECTION('',(0.,1.));
#4535 = ( GEOMETRIC_REPRESENTATION_CONTEXT(2) 
PARAMETRIC_REPRESENTATION_CONTEXT() REPRESENTATION_CONTEXT('2D SPACE',''
  ) );
#4536 = PCURVE('',#1651,#4537);
#4537 = DEFINITIONAL_REPRESENTATION('',(#4538),#4542);
#4538 = LINE('',#4539,#4540);
#4539 = CARTESIAN_POINT('',(0.,-0.));
#4540 = VECTOR('',#4541,1.);
#4541 = DIRECTION('',(0.,1.));
#4542 = ( GEOMETRIC_REPRESENTATION_CONTEXT(2) 
PARAMETRIC_REPRESENTATION_CONTEXT() REPRESENTATION_CONTEXT('2D SPACE',''
  ) );
#4543 = ORIENTED_EDGE('',*,*,#1630,.T.);
#4544 = ORIENTED_EDGE('',*,*,#4523,.T.);
#4545 = ADVANCED_FACE('',(#4546),#1686,.F.);
#4546 = FACE_BOUND('',#4547,.F.);
#4547 = EDGE_LOOP('',(#4548,#4549,#4570,#4571));
#4548 = ORIENTED_EDGE('',*,*,#3221,.F.);
#4549 = ORIENTED_EDGE('',*,*,#4550,.F.);
#4550 = EDGE_CURVE('',#1666,#3222,#4551,.T.);
#4551 = SEAM_CURVE('',#4552,(#4556,#4563),.PCURVE_S1.);
#4552 = LINE('',#4553,#4554);
#4553 = CARTESIAN_POINT('',(2.9265E+03,155.,10.));
#4554 = VECTOR('',#4555,1.);
#4555 = DIRECTION('',(0.,0.,-1.));
#4556 = PCURVE('',#1686,#4557);
#4557 = DEFINITIONAL_REPRESENTATION('',(#4558),#4562);
#4558 = LINE('',#4559,#4560);
#4559 = CARTESIAN_POINT('',(6.28318530718,-0.));
#4560 = VECTOR('',#4561,1.);
#4561 = DIRECTION('',(0.,1.));
#4562 = ( GEOMETRIC_REPRESENTATION_CONTEXT(2) 
PARAMETRIC_REPRESENTATION_CONTEXT() REPRESENTATION_CONTEXT('2D SPACE',''
  ) );
#4563 = PCURVE('',#1686,#4564);
#4564 = DEFINITIONAL_REPRESENTATION('',(#4565),#4569);
#4565 = LINE('',#4566,#4567);
#4566 = CARTESIAN_POINT('',(0.,-0.));
#4567 = VECTOR('',#4568,1.);
#4568 = DIRECTION('',(0.,1.));
#4569 = ( GEOMETRIC_REPRESENTATION_CONTEXT(2) 
PARAMETRIC_REPRESENTATION_CONTEXT() REPRESENTATION_CONTEXT('2D SPACE',''
  ) );
#4570 = ORIENTED_EDGE('',*,*,#1665,.T.);
#4571 = ORIENTED_EDGE('',*,*,#4550,.T.);
#4572 = ADVANCED_FACE('',(#4573),#1721,.F.);
#4573 = FACE_BOUND('',#4574,.F.);
#4574 = EDGE_LOOP('',(#4575,#4576,#4597,#4598));
#4575 = ORIENTED_EDGE('',*,*,#3251,.F.);
#4576 = ORIENTED_EDGE('',*,*,#4577,.F.);
#4577 = EDGE_CURVE('',#1701,#3252,#4578,.T.);
#4578 = SEAM_CURVE('',#4579,(#4583,#4590),.PCURVE_S1.);
#4579 = LINE('',#4580,#4581);
#4580 = CARTESIAN_POINT('',(3.0265E+03,155.,10.));
#4581 = VECTOR('',#4582,1.);
#4582 = DIRECTION('',(0.,0.,-1.));
#4583 = PCURVE('',#1721,#4584);
#4584 = DEFINITIONAL_REPRESENTATION('',(#4585),#4589);
#4585 = LINE('',#4586,#4587);
#4586 = CARTESIAN_POINT('',(6.28318530718,-0.));
#4587 = VECTOR('',#4588,1.);
#4588 = DIRECTION('',(0.,1.));
#4589 = ( GEOMETRIC_REPRESENTATION_CONTEXT(2) 
PARAMETRIC_REPRESENTATION_CONTEXT() REPRESENTATION_CONTEXT('2D SPACE',''
  ) );
#4590 = PCURVE('',#1721,#4591);
#4591 = DEFINITIONAL_REPRESENTATION('',(#4592),#4596);
#4592 = LINE('',#4593,#4594);
#4593 = CARTESIAN_POINT('',(0.,-0.));
#4594 = VECTOR('',#4595,1.);
#4595 = DIRECTION('',(0.,1.));
#4596 = ( GEOMETRIC_REPRESENTATION_CONTEXT(2) 
PARAMETRIC_REPRESENTATION_CONTEXT() REPRESENTATION_CONTEXT('2D SPACE',''
  ) );
#4597 = ORIENTED_EDGE('',*,*,#1700,.T.);
#4598 = ORIENTED_EDGE('',*,*,#4577,.T.);
#4599 = ADVANCED_FACE('',(#4600),#1756,.F.);
#4600 = FACE_BOUND('',#4601,.F.);
#4601 = EDGE_LOOP('',(#4602,#4603,#4624,#4625));
#4602 = ORIENTED_EDGE('',*,*,#3281,.F.);
#4603 = ORIENTED_EDGE('',*,*,#4604,.F.);
#4604 = EDGE_CURVE('',#1736,#3282,#4605,.T.);
#4605 = SEAM_CURVE('',#4606,(#4610,#4617),.PCURVE_S1.);
#4606 = LINE('',#4607,#4608);
#4607 = CARTESIAN_POINT('',(3.1265E+03,155.,10.));
#4608 = VECTOR('',#4609,1.);
#4609 = DIRECTION('',(0.,0.,-1.));
#4610 = PCURVE('',#1756,#4611);
#4611 = DEFINITIONAL_REPRESENTATION('',(#4612),#4616);
#4612 = LINE('',#4613,#4614);
#4613 = CARTESIAN_POINT('',(6.28318530718,-0.));
#4614 = VECTOR('',#4615,1.);
#4615 = DIRECTION('',(0.,1.));
#4616 = ( GEOMETRIC_REPRESENTATION_CONTEXT(2) 
PARAMETRIC_REPRESENTATION_CONTEXT() REPRESENTATION_CONTEXT('2D SPACE',''
  ) );
#4617 = PCURVE('',#1756,#4618);
#4618 = DEFINITIONAL_REPRESENTATION('',(#4619),#4623);
#4619 = LINE('',#4620,#4621);
#4620 = CARTESIAN_POINT('',(0.,-0.));
#4621 = VECTOR('',#4622,1.);
#4622 = DIRECTION('',(0.,1.));
#4623 = ( GEOMETRIC_REPRESENTATION_CONTEXT(2) 
PARAMETRIC_REPRESENTATION_CONTEXT() REPRESENTATION_CONTEXT('2D SPACE',''
  ) );
#4624 = ORIENTED_EDGE('',*,*,#1735,.T.);
#4625 = ORIENTED_EDGE('',*,*,#4604,.T.);
#4626 = ADVANCED_FACE('',(#4627),#1791,.F.);
#4627 = FACE_BOUND('',#4628,.F.);
#4628 = EDGE_LOOP('',(#4629,#4630,#4651,#4652));
#4629 = ORIENTED_EDGE('',*,*,#3311,.F.);
#4630 = ORIENTED_EDGE('',*,*,#4631,.F.);
#4631 = EDGE_CURVE('',#1771,#3312,#4632,.T.);
#4632 = SEAM_CURVE('',#4633,(#4637,#4644),.PCURVE_S1.);
#4633 = LINE('',#4634,#4635);
#4634 = CARTESIAN_POINT('',(3.2265E+03,155.,10.));
#4635 = VECTOR('',#4636,1.);
#4636 = DIRECTION('',(0.,0.,-1.));
#4637 = PCURVE('',#1791,#4638);
#4638 = DEFINITIONAL_REPRESENTATION('',(#4639),#4643);
#4639 = LINE('',#4640,#4641);
#4640 = CARTESIAN_POINT('',(6.28318530718,-0.));
#4641 = VECTOR('',#4642,1.);
#4642 = DIRECTION('',(0.,1.));
#4643 = ( GEOMETRIC_REPRESENTATION_CONTEXT(2) 
PARAMETRIC_REPRESENTATION_CONTEXT() REPRESENTATION_CONTEXT('2D SPACE',''
  ) );
#4644 = PCURVE('',#1791,#4645);
#4645 = DEFINITIONAL_REPRESENTATION('',(#4646),#4650);
#4646 = LINE('',#4647,#4648);
#4647 = CARTESIAN_POINT('',(0.,-0.));
#4648 = VECTOR('',#4649,1.);
#4649 = DIRECTION('',(0.,1.));
#4650 = ( GEOMETRIC_REPRESENTATION_CONTEXT(2) 
PARAMETRIC_REPRESENTATION_CONTEXT() REPRESENTATION_CONTEXT('2D SPACE',''
  ) );
#4651 = ORIENTED_EDGE('',*,*,#1770,.T.);
#4652 = ORIENTED_EDGE('',*,*,#4631,.T.);
#4653 = ADVANCED_FACE('',(#4654),#1826,.F.);
#4654 = FACE_BOUND('',#4655,.F.);
#4655 = EDGE_LOOP('',(#4656,#4657,#4678,#4679));
#4656 = ORIENTED_EDGE('',*,*,#3341,.F.);
#4657 = ORIENTED_EDGE('',*,*,#4658,.F.);
#4658 = EDGE_CURVE('',#1806,#3342,#4659,.T.);
#4659 = SEAM_CURVE('',#4660,(#4664,#4671),.PCURVE_S1.);
#4660 = LINE('',#4661,#4662);
#4661 = CARTESIAN_POINT('',(3.3265E+03,155.,10.));
#4662 = VECTOR('',#4663,1.);
#4663 = DIRECTION('',(0.,0.,-1.));
#4664 = PCURVE('',#1826,#4665);
#4665 = DEFINITIONAL_REPRESENTATION('',(#4666),#4670);
#4666 = LINE('',#4667,#4668);
#4667 = CARTESIAN_POINT('',(6.28318530718,-0.));
#4668 = VECTOR('',#4669,1.);
#4669 = DIRECTION('',(0.,1.));
#4670 = ( GEOMETRIC_REPRESENTATION_CONTEXT(2) 
PARAMETRIC_REPRESENTATION_CONTEXT() REPRESENTATION_CONTEXT('2D SPACE',''
  ) );
#4671 = PCURVE('',#1826,#4672);
#4672 = DEFINITIONAL_REPRESENTATION('',(#4673),#4677);
#4673 = LINE('',#4674,#4675);
#4674 = CARTESIAN_POINT('',(0.,-0.));
#4675 = VECTOR('',#4676,1.);
#4676 = DIRECTION('',(0.,1.));
#4677 = ( GEOMETRIC_REPRESENTATION_CONTEXT(2) 
PARAMETRIC_REPRESENTATION_CONTEXT() REPRESENTATION_CONTEXT('2D SPACE',''
  ) );
#4678 = ORIENTED_EDGE('',*,*,#1805,.T.);
#4679 = ORIENTED_EDGE('',*,*,#4658,.T.);
#4680 = ADVANCED_FACE('',(#4681),#1861,.F.);
#4681 = FACE_BOUND('',#4682,.F.);
#4682 = EDGE_LOOP('',(#4683,#4684,#4705,#4706));
#4683 = ORIENTED_EDGE('',*,*,#3371,.F.);
#4684 = ORIENTED_EDGE('',*,*,#4685,.F.);
#4685 = EDGE_CURVE('',#1841,#3372,#4686,.T.);
#4686 = SEAM_CURVE('',#4687,(#4691,#4698),.PCURVE_S1.);
#4687 = LINE('',#4688,#4689);
#4688 = CARTESIAN_POINT('',(3.4265E+03,155.,10.));
#4689 = VECTOR('',#4690,1.);
#4690 = DIRECTION('',(0.,0.,-1.));
#4691 = PCURVE('',#1861,#4692);
#4692 = DEFINITIONAL_REPRESENTATION('',(#4693),#4697);
#4693 = LINE('',#4694,#4695);
#4694 = CARTESIAN_POINT('',(6.28318530718,-0.));
#4695 = VECTOR('',#4696,1.);
#4696 = DIRECTION('',(0.,1.));
#4697 = ( GEOMETRIC_REPRESENTATION_CONTEXT(2) 
PARAMETRIC_REPRESENTATION_CONTEXT() REPRESENTATION_CONTEXT('2D SPACE',''
  ) );
#4698 = PCURVE('',#1861,#4699);
#4699 = DEFINITIONAL_REPRESENTATION('',(#4700),#4704);
#4700 = LINE('',#4701,#4702);
#4701 = CARTESIAN_POINT('',(0.,-0.));
#4702 = VECTOR('',#4703,1.);
#4703 = DIRECTION('',(0.,1.));
#4704 = ( GEOMETRIC_REPRESENTATION_CONTEXT(2) 
PARAMETRIC_REPRESENTATION_CONTEXT() REPRESENTATION_CONTEXT('2D SPACE',''
  ) );
#4705 = ORIENTED_EDGE('',*,*,#1840,.T.);
#4706 = ORIENTED_EDGE('',*,*,#4685,.T.);
#4707 = ADVANCED_FACE('',(#4708),#1896,.F.);
#4708 = FACE_BOUND('',#4709,.F.);
#4709 = EDGE_LOOP('',(#4710,#4711,#4732,#4733));
#4710 = ORIENTED_EDGE('',*,*,#3401,.F.);
#4711 = ORIENTED_EDGE('',*,*,#4712,.F.);
#4712 = EDGE_CURVE('',#1876,#3402,#4713,.T.);
#4713 = SEAM_CURVE('',#4714,(#4718,#4725),.PCURVE_S1.);
#4714 = LINE('',#4715,#4716);
#4715 = CARTESIAN_POINT('',(3.5265E+03,155.,10.));
#4716 = VECTOR('',#4717,1.);
#4717 = DIRECTION('',(0.,0.,-1.));
#4718 = PCURVE('',#1896,#4719);
#4719 = DEFINITIONAL_REPRESENTATION('',(#4720),#4724);
#4720 = LINE('',#4721,#4722);
#4721 = CARTESIAN_POINT('',(6.28318530718,-0.));
#4722 = VECTOR('',#4723,1.);
#4723 = DIRECTION('',(0.,1.));
#4724 = ( GEOMETRIC_REPRESENTATION_CONTEXT(2) 
PARAMETRIC_REPRESENTATION_CONTEXT() REPRESENTATION_CONTEXT('2D SPACE',''
  ) );
#4725 = PCURVE('',#1896,#4726);
#4726 = DEFINITIONAL_REPRESENTATION('',(#4727),#4731);
#4727 = LINE('',#4728,#4729);
#4728 = CARTESIAN_POINT('',(0.,-0.));
#4729 = VECTOR('',#4730,1.);
#4730 = DIRECTION('',(0.,1.));
#4731 = ( GEOMETRIC_REPRESENTATION_CONTEXT(2) 
PARAMETRIC_REPRESENTATION_CONTEXT() REPRESENTATION_CONTEXT('2D SPACE',''
  ) );
#4732 = ORIENTED_EDGE('',*,*,#1875,.T.);
#4733 = ORIENTED_EDGE('',*,*,#4712,.T.);
#4734 = ADVANCED_FACE('',(#4735),#1931,.F.);
#4735 = FACE_BOUND('',#4736,.F.);
#4736 = EDGE_LOOP('',(#4737,#4738,#4759,#4760));
#4737 = ORIENTED_EDGE('',*,*,#3431,.F.);
#4738 = ORIENTED_EDGE('',*,*,#4739,.F.);
#4739 = EDGE_CURVE('',#1911,#3432,#4740,.T.);
#4740 = SEAM_CURVE('',#4741,(#4745,#4752),.PCURVE_S1.);
#4741 = LINE('',#4742,#4743);
#4742 = CARTESIAN_POINT('',(3.6265E+03,155.,10.));
#4743 = VECTOR('',#4744,1.);
#4744 = DIRECTION('',(0.,0.,-1.));
#4745 = PCURVE('',#1931,#4746);
#4746 = DEFINITIONAL_REPRESENTATION('',(#4747),#4751);
#4747 = LINE('',#4748,#4749);
#4748 = CARTESIAN_POINT('',(6.28318530718,-0.));
#4749 = VECTOR('',#4750,1.);
#4750 = DIRECTION('',(0.,1.));
#4751 = ( GEOMETRIC_REPRESENTATION_CONTEXT(2) 
PARAMETRIC_REPRESENTATION_CONTEXT() REPRESENTATION_CONTEXT('2D SPACE',''
  ) );
#4752 = PCURVE('',#1931,#4753);
#4753 = DEFINITIONAL_REPRESENTATION('',(#4754),#4758);
#4754 = LINE('',#4755,#4756);
#4755 = CARTESIAN_POINT('',(0.,-0.));
#4756 = VECTOR('',#4757,1.);
#4757 = DIRECTION('',(0.,1.));
#4758 = ( GEOMETRIC_REPRESENTATION_CONTEXT(2) 
PARAMETRIC_REPRESENTATION_CONTEXT() REPRESENTATION_CONTEXT('2D SPACE',''
  ) );
#4759 = ORIENTED_EDGE('',*,*,#1910,.T.);
#4760 = ORIENTED_EDGE('',*,*,#4739,.T.);
#4761 = ( GEOMETRIC_REPRESENTATION_CONTEXT(3) 
GLOBAL_UNCERTAINTY_ASSIGNED_CONTEXT((#4765)) 
GLOBAL_UNIT_ASSIGNED_CONTEXT((#4762,#4763,#4764)) REPRESENTATION_CONTEXT
('Context #1','3D Context with UNIT and UNCERTAINTY') );
#4762 = ( LENGTH_UNIT() NAMED_UNIT(*) SI_UNIT(.MILLI.,.METRE.) );
#4763 = ( NAMED_UNIT(*) PLANE_ANGLE_UNIT() SI_UNIT($,.RADIAN.) );
#4764 = ( NAMED_UNIT(*) SI_UNIT($,.STERADIAN.) SOLID_ANGLE_UNIT() );
#4765 = UNCERTAINTY_MEASURE_WITH_UNIT(LENGTH_MEASURE(1.E-07),#4762,
  'distance_accuracy_value','confusion accuracy');
#4766 = PRODUCT_RELATED_PRODUCT_CATEGORY('part',$,(#7));
ENDSEC;
END-ISO-10303-21;
