ISO-10303-21;
HEADER;
FILE_DESCRIPTION(('Open CASCADE Model'),'2;1');
FILE_NAME('Open CASCADE Shape Model','2026-10-09T23:35:59',('Author'),(
    'Open CASCADE'),'Open CASCADE STEP processor 7.9','Open CASCADE 7.9'
  ,'Unknown');
FILE_SCHEMA(('AUTOMOTIVE_DESIGN { 1 0 10303 214 1 1 1 1 }'));
ENDSEC;
DATA;
#1 = APPLICATION_PROTOCOL_DEFINITION('international standard',
  'automotive_design',2000,#2);
#2 = APPLICATION_CONTEXT(
  'core data for automotive mechanical design processes');
#3 = SHAPE_DEFINITION_REPRESENTATION(#4,#10);
#4 = PRODUCT_DEFINITION_SHAPE('','',#5);
#5 = PRODUCT_DEFINITION('design','',#6,#9);
#6 = PRODUCT_DEFINITION_FORMATION('','',#7);
#7 = PRODUCT('DB4-1-U','DB4-1-U','',(#8));
#8 = PRODUCT_CONTEXT('',#2,'mechanical');
#9 = PRODUCT_DEFINITION_CONTEXT('part definition',#2,'design');
#10 = ADVANCED_BREP_SHAPE_REPRESENTATION('',(#11,#15),#9361);
#11 = AXIS2_PLACEMENT_3D('',#12,#13,#14);
#12 = CARTESIAN_POINT('',(0.,0.,0.));
#13 = DIRECTION('',(0.,0.,1.));
#14 = DIRECTION('',(1.,0.,-0.));
#15 = MANIFOLD_SOLID_BREP('',#16);
#16 = CLOSED_SHELL('',(#17,#137,#213,#3692,#3741,#6708,#6715,#6742,#6769
    ,#6796,#6823,#6850,#6877,#6904,#6931,#6958,#6985,#7012,#7039,#7066,
    #7093,#7120,#7147,#7174,#7201,#7228,#7255,#7282,#7309,#7336,#7363,
    #7390,#7417,#7444,#7471,#7498,#7525,#7552,#7579,#7606,#7633,#7660,
    #7687,#7714,#7741,#7768,#7795,#7822,#7849,#7876,#7903,#7930,#7957,
    #7984,#8011,#8038,#8065,#8092,#8119,#8146,#8173,#8200,#8227,#8254,
    #8281,#8308,#8335,#8362,#8389,#8416,#8443,#8470,#8497,#8524,#8551,
    #8578,#8605,#8632,#8659,#8686,#8713,#8740,#8767,#8794,#8821,#8848,
    #8875,#8902,#8929,#8956,#8983,#9010,#9037,#9064,#9091,#9118,#9145,
    #9172,#9199,#9226,#9253,#9280,#9307,#9334));
#17 = ADVANCED_FACE('',(#18),#32,.F.);
#18 = FACE_BOUND('',#19,.F.);
#19 = EDGE_LOOP('',(#20,#55,#83,#111));
#20 = ORIENTED_EDGE('',*,*,#21,.F.);
#21 = EDGE_CURVE('',#22,#24,#26,.T.);
#22 = VERTEX_POINT('',#23);
#23 = CARTESIAN_POINT('',(0.,0.,0.));
#24 = VERTEX_POINT('',#25);
#25 = CARTESIAN_POINT('',(0.,0.,10.));
#26 = SURFACE_CURVE('',#27,(#31,#43),.PCURVE_S1.);
#27 = LINE('',#28,#29);
#28 = CARTESIAN_POINT('',(0.,0.,0.));
#29 = VECTOR('',#30,1.);
#30 = DIRECTION('',(0.,0.,1.));
#31 = PCURVE('',#32,#37);
#32 = PLANE('',#33);
#33 = AXIS2_PLACEMENT_3D('',#34,#35,#36);
#34 = CARTESIAN_POINT('',(0.,0.,0.));
#35 = DIRECTION('',(1.,0.,0.));
#36 = DIRECTION('',(0.,0.,1.));
#37 = DEFINITIONAL_REPRESENTATION('',(#38),#42);
#38 = LINE('',#39,#40);
#39 = CARTESIAN_POINT('',(0.,0.));
#40 = VECTOR('',#41,1.);
#41 = DIRECTION('',(1.,0.));
#42 = ( GEOMETRIC_REPRESENTATION_CONTEXT(2) 
PARAMETRIC_REPRESENTATION_CONTEXT() REPRESENTATION_CONTEXT('2D SPACE',''
  ) );
#43 = PCURVE('',#44,#49);
#44 = PLANE('',#45);
#45 = AXIS2_PLACEMENT_3D('',#46,#47,#48);
#46 = CARTESIAN_POINT('',(0.,0.,0.));
#47 = DIRECTION('',(0.,1.,0.));
#48 = DIRECTION('',(0.,0.,1.));
#49 = DEFINITIONAL_REPRESENTATION('',(#50),#54);
#50 = LINE('',#51,#52);
#51 = CARTESIAN_POINT('',(0.,0.));
#52 = VECTOR('',#53,1.);
#53 = DIRECTION('',(1.,0.));
#54 = ( GEOMETRIC_REPRESENTATION_CONTEXT(2) 
PARAMETRIC_REPRESENTATION_CONTEXT() REPRESENTATION_CONTEXT('2D SPACE',''
  ) );
#55 = ORIENTED_EDGE('',*,*,#56,.T.);
#56 = EDGE_CURVE('',#22,#57,#59,.T.);
#57 = VERTEX_POINT('',#58);
#58 = CARTESIAN_POINT('',(0.,200.,0.));
#59 = SURFACE_CURVE('',#60,(#64,#71),.PCURVE_S1.);
#60 = LINE('',#61,#62);
#61 = CARTESIAN_POINT('',(0.,0.,0.));
#62 = VECTOR('',#63,1.);
#63 = DIRECTION('',(0.,1.,0.));
#64 = PCURVE('',#32,#65);
#65 = DEFINITIONAL_REPRESENTATION('',(#66),#70);
#66 = LINE('',#67,#68);
#67 = CARTESIAN_POINT('',(0.,0.));
#68 = VECTOR('',#69,1.);
#69 = DIRECTION('',(0.,-1.));
#70 = ( GEOMETRIC_REPRESENTATION_CONTEXT(2) 
PARAMETRIC_REPRESENTATION_CONTEXT() REPRESENTATION_CONTEXT('2D SPACE',''
  ) );
#71 = PCURVE('',#72,#77);
#72 = PLANE('',#73);
#73 = AXIS2_PLACEMENT_3D('',#74,#75,#76);
#74 = CARTESIAN_POINT('',(0.,0.,0.));
#75 = DIRECTION('',(0.,0.,1.));
#76 = DIRECTION('',(1.,0.,0.));
#77 = DEFINITIONAL_REPRESENTATION('',(#78),#82);
#78 = LINE('',#79,#80);
#79 = CARTESIAN_POINT('',(0.,0.));
#80 = VECTOR('',#81,1.);
#81 = DIRECTION('',(0.,1.));
#82 = ( GEOMETRIC_REPRESENTATION_CONTEXT(2) 
PARAMETRIC_REPRESENTATION_CONTEXT() REPRESENTATION_CONTEXT('2D SPACE',''
  ) );
#83 = ORIENTED_EDGE('',*,*,#84,.T.);
#84 = EDGE_CURVE('',#57,#85,#87,.T.);
#85 = VERTEX_POINT('',#86);
#86 = CARTESIAN_POINT('',(0.,200.,10.));
#87 = SURFACE_CURVE('',#88,(#92,#99),.PCURVE_S1.);
#88 = LINE('',#89,#90);
#89 = CARTESIAN_POINT('',(0.,200.,0.));
#90 = VECTOR('',#91,1.);
#91 = DIRECTION('',(0.,0.,1.));
#92 = PCURVE('',#32,#93);
#93 = DEFINITIONAL_REPRESENTATION('',(#94),#98);
#94 = LINE('',#95,#96);
#95 = CARTESIAN_POINT('',(0.,-200.));
#96 = VECTOR('',#97,1.);
#97 = DIRECTION('',(1.,0.));
#98 = ( GEOMETRIC_REPRESENTATION_CONTEXT(2) 
PARAMETRIC_REPRESENTATION_CONTEXT() REPRESENTATION_CONTEXT('2D SPACE',''
  ) );
#99 = PCURVE('',#100,#105);
#100 = PLANE('',#101);
#101 = AXIS2_PLACEMENT_3D('',#102,#103,#104);
#102 = CARTESIAN_POINT('',(0.,200.,0.));
#103 = DIRECTION('',(0.,1.,0.));
#104 = DIRECTION('',(0.,0.,1.));
#105 = DEFINITIONAL_REPRESENTATION('',(#106),#110);
#106 = LINE('',#107,#108);
#107 = CARTESIAN_POINT('',(0.,0.));
#108 = VECTOR('',#109,1.);
#109 = DIRECTION('',(1.,0.));
#110 = ( GEOMETRIC_REPRESENTATION_CONTEXT(2) 
PARAMETRIC_REPRESENTATION_CONTEXT() REPRESENTATION_CONTEXT('2D SPACE',''
  ) );
#111 = ORIENTED_EDGE('',*,*,#112,.F.);
#112 = EDGE_CURVE('',#24,#85,#113,.T.);
#113 = SURFACE_CURVE('',#114,(#118,#125),.PCURVE_S1.);
#114 = LINE('',#115,#116);
#115 = CARTESIAN_POINT('',(0.,0.,10.));
#116 = VECTOR('',#117,1.);
#117 = DIRECTION('',(0.,1.,0.));
#118 = PCURVE('',#32,#119);
#119 = DEFINITIONAL_REPRESENTATION('',(#120),#124);
#120 = LINE('',#121,#122);
#121 = CARTESIAN_POINT('',(10.,0.));
#122 = VECTOR('',#123,1.);
#123 = DIRECTION('',(0.,-1.));
#124 = ( GEOMETRIC_REPRESENTATION_CONTEXT(2) 
PARAMETRIC_REPRESENTATION_CONTEXT() REPRESENTATION_CONTEXT('2D SPACE',''
  ) );
#125 = PCURVE('',#126,#131);
#126 = PLANE('',#127);
#127 = AXIS2_PLACEMENT_3D('',#128,#129,#130);
#128 = CARTESIAN_POINT('',(0.,0.,10.));
#129 = DIRECTION('',(0.,0.,1.));
#130 = DIRECTION('',(1.,0.,0.));
#131 = DEFINITIONAL_REPRESENTATION('',(#132),#136);
#132 = LINE('',#133,#134);
#133 = CARTESIAN_POINT('',(0.,0.));
#134 = VECTOR('',#135,1.);
#135 = DIRECTION('',(0.,1.));
#136 = ( GEOMETRIC_REPRESENTATION_CONTEXT(2) 
PARAMETRIC_REPRESENTATION_CONTEXT() REPRESENTATION_CONTEXT('2D SPACE',''
  ) );
#137 = ADVANCED_FACE('',(#138),#44,.F.);
#138 = FACE_BOUND('',#139,.F.);
#139 = EDGE_LOOP('',(#140,#163,#164,#187));
#140 = ORIENTED_EDGE('',*,*,#141,.F.);
#141 = EDGE_CURVE('',#22,#142,#144,.T.);
#142 = VERTEX_POINT('',#143);
#143 = CARTESIAN_POINT('',(5.54E+03,0.,0.));
#144 = SURFACE_CURVE('',#145,(#149,#156),.PCURVE_S1.);
#145 = LINE('',#146,#147);
#146 = CARTESIAN_POINT('',(0.,0.,0.));
#147 = VECTOR('',#148,1.);
#148 = DIRECTION('',(1.,0.,0.));
#149 = PCURVE('',#44,#150);
#150 = DEFINITIONAL_REPRESENTATION('',(#151),#155);
#151 = LINE('',#152,#153);
#152 = CARTESIAN_POINT('',(0.,0.));
#153 = VECTOR('',#154,1.);
#154 = DIRECTION('',(0.,1.));
#155 = ( GEOMETRIC_REPRESENTATION_CONTEXT(2) 
PARAMETRIC_REPRESENTATION_CONTEXT() REPRESENTATION_CONTEXT('2D SPACE',''
  ) );
#156 = PCURVE('',#72,#157);
#157 = DEFINITIONAL_REPRESENTATION('',(#158),#162);
#158 = LINE('',#159,#160);
#159 = CARTESIAN_POINT('',(0.,0.));
#160 = VECTOR('',#161,1.);
#161 = DIRECTION('',(1.,0.));
#162 = ( GEOMETRIC_REPRESENTATION_CONTEXT(2) 
PARAMETRIC_REPRESENTATION_CONTEXT() REPRESENTATION_CONTEXT('2D SPACE',''
  ) );
#163 = ORIENTED_EDGE('',*,*,#21,.T.);
#164 = ORIENTED_EDGE('',*,*,#165,.T.);
#165 = EDGE_CURVE('',#24,#166,#168,.T.);
#166 = VERTEX_POINT('',#167);
#167 = CARTESIAN_POINT('',(5.54E+03,0.,10.));
#168 = SURFACE_CURVE('',#169,(#173,#180),.PCURVE_S1.);
#169 = LINE('',#170,#171);
#170 = CARTESIAN_POINT('',(0.,0.,10.));
#171 = VECTOR('',#172,1.);
#172 = DIRECTION('',(1.,0.,0.));
#173 = PCURVE('',#44,#174);
#174 = DEFINITIONAL_REPRESENTATION('',(#175),#179);
#175 = LINE('',#176,#177);
#176 = CARTESIAN_POINT('',(10.,0.));
#177 = VECTOR('',#178,1.);
#178 = DIRECTION('',(0.,1.));
#179 = ( GEOMETRIC_REPRESENTATION_CONTEXT(2) 
PARAMETRIC_REPRESENTATION_CONTEXT() REPRESENTATION_CONTEXT('2D SPACE',''
  ) );
#180 = PCURVE('',#126,#181);
#181 = DEFINITIONAL_REPRESENTATION('',(#182),#186);
#182 = LINE('',#183,#184);
#183 = CARTESIAN_POINT('',(0.,0.));
#184 = VECTOR('',#185,1.);
#185 = DIRECTION('',(1.,0.));
#186 = ( GEOMETRIC_REPRESENTATION_CONTEXT(2) 
PARAMETRIC_REPRESENTATION_CONTEXT() REPRESENTATION_CONTEXT('2D SPACE',''
  ) );
#187 = ORIENTED_EDGE('',*,*,#188,.F.);
#188 = EDGE_CURVE('',#142,#166,#189,.T.);
#189 = SURFACE_CURVE('',#190,(#194,#201),.PCURVE_S1.);
#190 = LINE('',#191,#192);
#191 = CARTESIAN_POINT('',(5.54E+03,0.,0.));
#192 = VECTOR('',#193,1.);
#193 = DIRECTION('',(0.,0.,1.));
#194 = PCURVE('',#44,#195);
#195 = DEFINITIONAL_REPRESENTATION('',(#196),#200);
#196 = LINE('',#197,#198);
#197 = CARTESIAN_POINT('',(0.,5.54E+03));
#198 = VECTOR('',#199,1.);
#199 = DIRECTION('',(1.,0.));
#200 = ( GEOMETRIC_REPRESENTATION_CONTEXT(2) 
PARAMETRIC_REPRESENTATION_CONTEXT() REPRESENTATION_CONTEXT('2D SPACE',''
  ) );
#201 = PCURVE('',#202,#207);
#202 = PLANE('',#203);
#203 = AXIS2_PLACEMENT_3D('',#204,#205,#206);
#204 = CARTESIAN_POINT('',(5.54E+03,0.,0.));
#205 = DIRECTION('',(1.,0.,0.));
#206 = DIRECTION('',(0.,0.,1.));
#207 = DEFINITIONAL_REPRESENTATION('',(#208),#212);
#208 = LINE('',#209,#210);
#209 = CARTESIAN_POINT('',(0.,0.));
#210 = VECTOR('',#211,1.);
#211 = DIRECTION('',(1.,0.));
#212 = ( GEOMETRIC_REPRESENTATION_CONTEXT(2) 
PARAMETRIC_REPRESENTATION_CONTEXT() REPRESENTATION_CONTEXT('2D SPACE',''
  ) );
#213 = ADVANCED_FACE('',(#214,#262,#297,#332,#367,#402,#437,#472,#507,
    #542,#577,#612,#647,#682,#717,#752,#787,#822,#857,#892,#927,#962,
    #997,#1032,#1067,#1102,#1137,#1172,#1207,#1242,#1277,#1312,#1347,
    #1382,#1417,#1452,#1487,#1522,#1557,#1592,#1627,#1662,#1697,#1732,
    #1767,#1802,#1837,#1872,#1907,#1942,#1977,#2012,#2047,#2082,#2117,
    #2152,#2187,#2222,#2257,#2292,#2327,#2362,#2397,#2432,#2467,#2502,
    #2537,#2572,#2607,#2642,#2677,#2712,#2747,#2782,#2817,#2852,#2887,
    #2922,#2957,#2992,#3027,#3062,#3097,#3132,#3167,#3202,#3237,#3272,
    #3307,#3342,#3377,#3412,#3447,#3482,#3517,#3552,#3587,#3622,#3657),
  #126,.T.);
#214 = FACE_BOUND('',#215,.T.);
#215 = EDGE_LOOP('',(#216,#217,#218,#241));
#216 = ORIENTED_EDGE('',*,*,#112,.F.);
#217 = ORIENTED_EDGE('',*,*,#165,.T.);
#218 = ORIENTED_EDGE('',*,*,#219,.T.);
#219 = EDGE_CURVE('',#166,#220,#222,.T.);
#220 = VERTEX_POINT('',#221);
#221 = CARTESIAN_POINT('',(5.54E+03,200.,10.));
#222 = SURFACE_CURVE('',#223,(#227,#234),.PCURVE_S1.);
#223 = LINE('',#224,#225);
#224 = CARTESIAN_POINT('',(5.54E+03,0.,10.));
#225 = VECTOR('',#226,1.);
#226 = DIRECTION('',(0.,1.,0.));
#227 = PCURVE('',#126,#228);
#228 = DEFINITIONAL_REPRESENTATION('',(#229),#233);
#229 = LINE('',#230,#231);
#230 = CARTESIAN_POINT('',(5.54E+03,0.));
#231 = VECTOR('',#232,1.);
#232 = DIRECTION('',(0.,1.));
#233 = ( GEOMETRIC_REPRESENTATION_CONTEXT(2) 
PARAMETRIC_REPRESENTATION_CONTEXT() REPRESENTATION_CONTEXT('2D SPACE',''
  ) );
#234 = PCURVE('',#202,#235);
#235 = DEFINITIONAL_REPRESENTATION('',(#236),#240);
#236 = LINE('',#237,#238);
#237 = CARTESIAN_POINT('',(10.,0.));
#238 = VECTOR('',#239,1.);
#239 = DIRECTION('',(0.,-1.));
#240 = ( GEOMETRIC_REPRESENTATION_CONTEXT(2) 
PARAMETRIC_REPRESENTATION_CONTEXT() REPRESENTATION_CONTEXT('2D SPACE',''
  ) );
#241 = ORIENTED_EDGE('',*,*,#242,.F.);
#242 = EDGE_CURVE('',#85,#220,#243,.T.);
#243 = SURFACE_CURVE('',#244,(#248,#255),.PCURVE_S1.);
#244 = LINE('',#245,#246);
#245 = CARTESIAN_POINT('',(0.,200.,10.));
#246 = VECTOR('',#247,1.);
#247 = DIRECTION('',(1.,0.,0.));
#248 = PCURVE('',#126,#249);
#249 = DEFINITIONAL_REPRESENTATION('',(#250),#254);
#250 = LINE('',#251,#252);
#251 = CARTESIAN_POINT('',(0.,200.));
#252 = VECTOR('',#253,1.);
#253 = DIRECTION('',(1.,0.));
#254 = ( GEOMETRIC_REPRESENTATION_CONTEXT(2) 
PARAMETRIC_REPRESENTATION_CONTEXT() REPRESENTATION_CONTEXT('2D SPACE',''
  ) );
#255 = PCURVE('',#100,#256);
#256 = DEFINITIONAL_REPRESENTATION('',(#257),#261);
#257 = LINE('',#258,#259);
#258 = CARTESIAN_POINT('',(10.,0.));
#259 = VECTOR('',#260,1.);
#260 = DIRECTION('',(0.,1.));
#261 = ( GEOMETRIC_REPRESENTATION_CONTEXT(2) 
PARAMETRIC_REPRESENTATION_CONTEXT() REPRESENTATION_CONTEXT('2D SPACE',''
  ) );
#262 = FACE_BOUND('',#263,.T.);
#263 = EDGE_LOOP('',(#264));
#264 = ORIENTED_EDGE('',*,*,#265,.T.);
#265 = EDGE_CURVE('',#266,#266,#268,.T.);
#266 = VERTEX_POINT('',#267);
#267 = CARTESIAN_POINT('',(93.5,45.,10.));
#268 = SURFACE_CURVE('',#269,(#274,#285),.PCURVE_S1.);
#269 = CIRCLE('',#270,6.5);
#270 = AXIS2_PLACEMENT_3D('',#271,#272,#273);
#271 = CARTESIAN_POINT('',(100.,45.,10.));
#272 = DIRECTION('',(0.,0.,-1.));
#273 = DIRECTION('',(-1.,0.,0.));
#274 = PCURVE('',#126,#275);
#275 = DEFINITIONAL_REPRESENTATION('',(#276),#284);
#276 = ( BOUNDED_CURVE() B_SPLINE_CURVE(2,(#277,#278,#279,#280,#281,#282
,#283),.UNSPECIFIED.,.T.,.F.) B_SPLINE_CURVE_WITH_KNOTS((1,2,2,2,2,1),(
    -2.094395102393,0.,2.094395102393,4.188790204786,6.28318530718,
8.377580409573),.UNSPECIFIED.) CURVE() GEOMETRIC_REPRESENTATION_ITEM() 
RATIONAL_B_SPLINE_CURVE((1.,0.5,1.,0.5,1.,0.5,1.)) REPRESENTATION_ITEM(
  '') );
#277 = CARTESIAN_POINT('',(93.5,45.));
#278 = CARTESIAN_POINT('',(93.5,56.258330249198));
#279 = CARTESIAN_POINT('',(103.25,50.629165124599));
#280 = CARTESIAN_POINT('',(113.,45.));
#281 = CARTESIAN_POINT('',(103.25,39.370834875401));
#282 = CARTESIAN_POINT('',(93.5,33.741669750802));
#283 = CARTESIAN_POINT('',(93.5,45.));
#284 = ( GEOMETRIC_REPRESENTATION_CONTEXT(2) 
PARAMETRIC_REPRESENTATION_CONTEXT() REPRESENTATION_CONTEXT('2D SPACE',''
  ) );
#285 = PCURVE('',#286,#291);
#286 = CYLINDRICAL_SURFACE('',#287,6.5);
#287 = AXIS2_PLACEMENT_3D('',#288,#289,#290);
#288 = CARTESIAN_POINT('',(100.,45.,10.));
#289 = DIRECTION('',(0.,0.,-1.));
#290 = DIRECTION('',(-1.,0.,0.));
#291 = DEFINITIONAL_REPRESENTATION('',(#292),#296);
#292 = LINE('',#293,#294);
#293 = CARTESIAN_POINT('',(0.,0.));
#294 = VECTOR('',#295,1.);
#295 = DIRECTION('',(1.,0.));
#296 = ( GEOMETRIC_REPRESENTATION_CONTEXT(2) 
PARAMETRIC_REPRESENTATION_CONTEXT() REPRESENTATION_CONTEXT('2D SPACE',''
  ) );
#297 = FACE_BOUND('',#298,.T.);
#298 = EDGE_LOOP('',(#299));
#299 = ORIENTED_EDGE('',*,*,#300,.T.);
#300 = EDGE_CURVE('',#301,#301,#303,.T.);
#301 = VERTEX_POINT('',#302);
#302 = CARTESIAN_POINT('',(183.5,45.,10.));
#303 = SURFACE_CURVE('',#304,(#309,#320),.PCURVE_S1.);
#304 = CIRCLE('',#305,6.5);
#305 = AXIS2_PLACEMENT_3D('',#306,#307,#308);
#306 = CARTESIAN_POINT('',(190.,45.,10.));
#307 = DIRECTION('',(0.,0.,-1.));
#308 = DIRECTION('',(-1.,0.,0.));
#309 = PCURVE('',#126,#310);
#310 = DEFINITIONAL_REPRESENTATION('',(#311),#319);
#311 = ( BOUNDED_CURVE() B_SPLINE_CURVE(2,(#312,#313,#314,#315,#316,#317
,#318),.UNSPECIFIED.,.T.,.F.) B_SPLINE_CURVE_WITH_KNOTS((1,2,2,2,2,1),(
    -2.094395102393,0.,2.094395102393,4.188790204786,6.28318530718,
8.377580409573),.UNSPECIFIED.) CURVE() GEOMETRIC_REPRESENTATION_ITEM() 
RATIONAL_B_SPLINE_CURVE((1.,0.5,1.,0.5,1.,0.5,1.)) REPRESENTATION_ITEM(
  '') );
#312 = CARTESIAN_POINT('',(183.5,45.));
#313 = CARTESIAN_POINT('',(183.5,56.258330249198));
#314 = CARTESIAN_POINT('',(193.25,50.629165124599));
#315 = CARTESIAN_POINT('',(203.,45.));
#316 = CARTESIAN_POINT('',(193.25,39.370834875401));
#317 = CARTESIAN_POINT('',(183.5,33.741669750802));
#318 = CARTESIAN_POINT('',(183.5,45.));
#319 = ( GEOMETRIC_REPRESENTATION_CONTEXT(2) 
PARAMETRIC_REPRESENTATION_CONTEXT() REPRESENTATION_CONTEXT('2D SPACE',''
  ) );
#320 = PCURVE('',#321,#326);
#321 = CYLINDRICAL_SURFACE('',#322,6.5);
#322 = AXIS2_PLACEMENT_3D('',#323,#324,#325);
#323 = CARTESIAN_POINT('',(190.,45.,10.));
#324 = DIRECTION('',(0.,0.,-1.));
#325 = DIRECTION('',(-1.,0.,0.));
#326 = DEFINITIONAL_REPRESENTATION('',(#327),#331);
#327 = LINE('',#328,#329);
#328 = CARTESIAN_POINT('',(0.,0.));
#329 = VECTOR('',#330,1.);
#330 = DIRECTION('',(1.,0.));
#331 = ( GEOMETRIC_REPRESENTATION_CONTEXT(2) 
PARAMETRIC_REPRESENTATION_CONTEXT() REPRESENTATION_CONTEXT('2D SPACE',''
  ) );
#332 = FACE_BOUND('',#333,.T.);
#333 = EDGE_LOOP('',(#334));
#334 = ORIENTED_EDGE('',*,*,#335,.T.);
#335 = EDGE_CURVE('',#336,#336,#338,.T.);
#336 = VERTEX_POINT('',#337);
#337 = CARTESIAN_POINT('',(273.5,45.,10.));
#338 = SURFACE_CURVE('',#339,(#344,#355),.PCURVE_S1.);
#339 = CIRCLE('',#340,6.5);
#340 = AXIS2_PLACEMENT_3D('',#341,#342,#343);
#341 = CARTESIAN_POINT('',(280.,45.,10.));
#342 = DIRECTION('',(0.,0.,-1.));
#343 = DIRECTION('',(-1.,0.,0.));
#344 = PCURVE('',#126,#345);
#345 = DEFINITIONAL_REPRESENTATION('',(#346),#354);
#346 = ( BOUNDED_CURVE() B_SPLINE_CURVE(2,(#347,#348,#349,#350,#351,#352
,#353),.UNSPECIFIED.,.T.,.F.) B_SPLINE_CURVE_WITH_KNOTS((1,2,2,2,2,1),(
    -2.094395102393,0.,2.094395102393,4.188790204786,6.28318530718,
8.377580409573),.UNSPECIFIED.) CURVE() GEOMETRIC_REPRESENTATION_ITEM() 
RATIONAL_B_SPLINE_CURVE((1.,0.5,1.,0.5,1.,0.5,1.)) REPRESENTATION_ITEM(
  '') );
#347 = CARTESIAN_POINT('',(273.5,45.));
#348 = CARTESIAN_POINT('',(273.5,56.258330249198));
#349 = CARTESIAN_POINT('',(283.25,50.629165124599));
#350 = CARTESIAN_POINT('',(293.,45.));
#351 = CARTESIAN_POINT('',(283.25,39.370834875401));
#352 = CARTESIAN_POINT('',(273.5,33.741669750802));
#353 = CARTESIAN_POINT('',(273.5,45.));
#354 = ( GEOMETRIC_REPRESENTATION_CONTEXT(2) 
PARAMETRIC_REPRESENTATION_CONTEXT() REPRESENTATION_CONTEXT('2D SPACE',''
  ) );
#355 = PCURVE('',#356,#361);
#356 = CYLINDRICAL_SURFACE('',#357,6.5);
#357 = AXIS2_PLACEMENT_3D('',#358,#359,#360);
#358 = CARTESIAN_POINT('',(280.,45.,10.));
#359 = DIRECTION('',(0.,0.,-1.));
#360 = DIRECTION('',(-1.,0.,0.));
#361 = DEFINITIONAL_REPRESENTATION('',(#362),#366);
#362 = LINE('',#363,#364);
#363 = CARTESIAN_POINT('',(0.,0.));
#364 = VECTOR('',#365,1.);
#365 = DIRECTION('',(1.,0.));
#366 = ( GEOMETRIC_REPRESENTATION_CONTEXT(2) 
PARAMETRIC_REPRESENTATION_CONTEXT() REPRESENTATION_CONTEXT('2D SPACE',''
  ) );
#367 = FACE_BOUND('',#368,.T.);
#368 = EDGE_LOOP('',(#369));
#369 = ORIENTED_EDGE('',*,*,#370,.T.);
#370 = EDGE_CURVE('',#371,#371,#373,.T.);
#371 = VERTEX_POINT('',#372);
#372 = CARTESIAN_POINT('',(363.5,45.,10.));
#373 = SURFACE_CURVE('',#374,(#379,#390),.PCURVE_S1.);
#374 = CIRCLE('',#375,6.5);
#375 = AXIS2_PLACEMENT_3D('',#376,#377,#378);
#376 = CARTESIAN_POINT('',(370.,45.,10.));
#377 = DIRECTION('',(0.,0.,-1.));
#378 = DIRECTION('',(-1.,0.,0.));
#379 = PCURVE('',#126,#380);
#380 = DEFINITIONAL_REPRESENTATION('',(#381),#389);
#381 = ( BOUNDED_CURVE() B_SPLINE_CURVE(2,(#382,#383,#384,#385,#386,#387
,#388),.UNSPECIFIED.,.T.,.F.) B_SPLINE_CURVE_WITH_KNOTS((1,2,2,2,2,1),(
    -2.094395102393,0.,2.094395102393,4.188790204786,6.28318530718,
8.377580409573),.UNSPECIFIED.) CURVE() GEOMETRIC_REPRESENTATION_ITEM() 
RATIONAL_B_SPLINE_CURVE((1.,0.5,1.,0.5,1.,0.5,1.)) REPRESENTATION_ITEM(
  '') );
#382 = CARTESIAN_POINT('',(363.5,45.));
#383 = CARTESIAN_POINT('',(363.5,56.258330249198));
#384 = CARTESIAN_POINT('',(373.25,50.629165124599));
#385 = CARTESIAN_POINT('',(383.,45.));
#386 = CARTESIAN_POINT('',(373.25,39.370834875401));
#387 = CARTESIAN_POINT('',(363.5,33.741669750802));
#388 = CARTESIAN_POINT('',(363.5,45.));
#389 = ( GEOMETRIC_REPRESENTATION_CONTEXT(2) 
PARAMETRIC_REPRESENTATION_CONTEXT() REPRESENTATION_CONTEXT('2D SPACE',''
  ) );
#390 = PCURVE('',#391,#396);
#391 = CYLINDRICAL_SURFACE('',#392,6.5);
#392 = AXIS2_PLACEMENT_3D('',#393,#394,#395);
#393 = CARTESIAN_POINT('',(370.,45.,10.));
#394 = DIRECTION('',(0.,0.,-1.));
#395 = DIRECTION('',(-1.,0.,0.));
#396 = DEFINITIONAL_REPRESENTATION('',(#397),#401);
#397 = LINE('',#398,#399);
#398 = CARTESIAN_POINT('',(0.,0.));
#399 = VECTOR('',#400,1.);
#400 = DIRECTION('',(1.,0.));
#401 = ( GEOMETRIC_REPRESENTATION_CONTEXT(2) 
PARAMETRIC_REPRESENTATION_CONTEXT() REPRESENTATION_CONTEXT('2D SPACE',''
  ) );
#402 = FACE_BOUND('',#403,.T.);
#403 = EDGE_LOOP('',(#404));
#404 = ORIENTED_EDGE('',*,*,#405,.T.);
#405 = EDGE_CURVE('',#406,#406,#408,.T.);
#406 = VERTEX_POINT('',#407);
#407 = CARTESIAN_POINT('',(453.5,45.,10.));
#408 = SURFACE_CURVE('',#409,(#414,#425),.PCURVE_S1.);
#409 = CIRCLE('',#410,6.5);
#410 = AXIS2_PLACEMENT_3D('',#411,#412,#413);
#411 = CARTESIAN_POINT('',(460.,45.,10.));
#412 = DIRECTION('',(0.,0.,-1.));
#413 = DIRECTION('',(-1.,0.,0.));
#414 = PCURVE('',#126,#415);
#415 = DEFINITIONAL_REPRESENTATION('',(#416),#424);
#416 = ( BOUNDED_CURVE() B_SPLINE_CURVE(2,(#417,#418,#419,#420,#421,#422
,#423),.UNSPECIFIED.,.T.,.F.) B_SPLINE_CURVE_WITH_KNOTS((1,2,2,2,2,1),(
    -2.094395102393,0.,2.094395102393,4.188790204786,6.28318530718,
8.377580409573),.UNSPECIFIED.) CURVE() GEOMETRIC_REPRESENTATION_ITEM() 
RATIONAL_B_SPLINE_CURVE((1.,0.5,1.,0.5,1.,0.5,1.)) REPRESENTATION_ITEM(
  '') );
#417 = CARTESIAN_POINT('',(453.5,45.));
#418 = CARTESIAN_POINT('',(453.5,56.258330249198));
#419 = CARTESIAN_POINT('',(463.25,50.629165124599));
#420 = CARTESIAN_POINT('',(473.,45.));
#421 = CARTESIAN_POINT('',(463.25,39.370834875401));
#422 = CARTESIAN_POINT('',(453.5,33.741669750802));
#423 = CARTESIAN_POINT('',(453.5,45.));
#424 = ( GEOMETRIC_REPRESENTATION_CONTEXT(2) 
PARAMETRIC_REPRESENTATION_CONTEXT() REPRESENTATION_CONTEXT('2D SPACE',''
  ) );
#425 = PCURVE('',#426,#431);
#426 = CYLINDRICAL_SURFACE('',#427,6.5);
#427 = AXIS2_PLACEMENT_3D('',#428,#429,#430);
#428 = CARTESIAN_POINT('',(460.,45.,10.));
#429 = DIRECTION('',(0.,0.,-1.));
#430 = DIRECTION('',(-1.,0.,0.));
#431 = DEFINITIONAL_REPRESENTATION('',(#432),#436);
#432 = LINE('',#433,#434);
#433 = CARTESIAN_POINT('',(0.,0.));
#434 = VECTOR('',#435,1.);
#435 = DIRECTION('',(1.,0.));
#436 = ( GEOMETRIC_REPRESENTATION_CONTEXT(2) 
PARAMETRIC_REPRESENTATION_CONTEXT() REPRESENTATION_CONTEXT('2D SPACE',''
  ) );
#437 = FACE_BOUND('',#438,.T.);
#438 = EDGE_LOOP('',(#439));
#439 = ORIENTED_EDGE('',*,*,#440,.T.);
#440 = EDGE_CURVE('',#441,#441,#443,.T.);
#441 = VERTEX_POINT('',#442);
#442 = CARTESIAN_POINT('',(543.5,45.,10.));
#443 = SURFACE_CURVE('',#444,(#449,#460),.PCURVE_S1.);
#444 = CIRCLE('',#445,6.5);
#445 = AXIS2_PLACEMENT_3D('',#446,#447,#448);
#446 = CARTESIAN_POINT('',(550.,45.,10.));
#447 = DIRECTION('',(0.,0.,-1.));
#448 = DIRECTION('',(-1.,0.,0.));
#449 = PCURVE('',#126,#450);
#450 = DEFINITIONAL_REPRESENTATION('',(#451),#459);
#451 = ( BOUNDED_CURVE() B_SPLINE_CURVE(2,(#452,#453,#454,#455,#456,#457
,#458),.UNSPECIFIED.,.T.,.F.) B_SPLINE_CURVE_WITH_KNOTS((1,2,2,2,2,1),(
    -2.094395102393,0.,2.094395102393,4.188790204786,6.28318530718,
8.377580409573),.UNSPECIFIED.) CURVE() GEOMETRIC_REPRESENTATION_ITEM() 
RATIONAL_B_SPLINE_CURVE((1.,0.5,1.,0.5,1.,0.5,1.)) REPRESENTATION_ITEM(
  '') );
#452 = CARTESIAN_POINT('',(543.5,45.));
#453 = CARTESIAN_POINT('',(543.5,56.258330249198));
#454 = CARTESIAN_POINT('',(553.25,50.629165124599));
#455 = CARTESIAN_POINT('',(563.,45.));
#456 = CARTESIAN_POINT('',(553.25,39.370834875401));
#457 = CARTESIAN_POINT('',(543.5,33.741669750802));
#458 = CARTESIAN_POINT('',(543.5,45.));
#459 = ( GEOMETRIC_REPRESENTATION_CONTEXT(2) 
PARAMETRIC_REPRESENTATION_CONTEXT() REPRESENTATION_CONTEXT('2D SPACE',''
  ) );
#460 = PCURVE('',#461,#466);
#461 = CYLINDRICAL_SURFACE('',#462,6.5);
#462 = AXIS2_PLACEMENT_3D('',#463,#464,#465);
#463 = CARTESIAN_POINT('',(550.,45.,10.));
#464 = DIRECTION('',(0.,0.,-1.));
#465 = DIRECTION('',(-1.,0.,0.));
#466 = DEFINITIONAL_REPRESENTATION('',(#467),#471);
#467 = LINE('',#468,#469);
#468 = CARTESIAN_POINT('',(0.,0.));
#469 = VECTOR('',#470,1.);
#470 = DIRECTION('',(1.,0.));
#471 = ( GEOMETRIC_REPRESENTATION_CONTEXT(2) 
PARAMETRIC_REPRESENTATION_CONTEXT() REPRESENTATION_CONTEXT('2D SPACE',''
  ) );
#472 = FACE_BOUND('',#473,.T.);
#473 = EDGE_LOOP('',(#474));
#474 = ORIENTED_EDGE('',*,*,#475,.T.);
#475 = EDGE_CURVE('',#476,#476,#478,.T.);
#476 = VERTEX_POINT('',#477);
#477 = CARTESIAN_POINT('',(633.5,45.,10.));
#478 = SURFACE_CURVE('',#479,(#484,#495),.PCURVE_S1.);
#479 = CIRCLE('',#480,6.5);
#480 = AXIS2_PLACEMENT_3D('',#481,#482,#483);
#481 = CARTESIAN_POINT('',(640.,45.,10.));
#482 = DIRECTION('',(0.,0.,-1.));
#483 = DIRECTION('',(-1.,0.,0.));
#484 = PCURVE('',#126,#485);
#485 = DEFINITIONAL_REPRESENTATION('',(#486),#494);
#486 = ( BOUNDED_CURVE() B_SPLINE_CURVE(2,(#487,#488,#489,#490,#491,#492
,#493),.UNSPECIFIED.,.T.,.F.) B_SPLINE_CURVE_WITH_KNOTS((1,2,2,2,2,1),(
    -2.094395102393,0.,2.094395102393,4.188790204786,6.28318530718,
8.377580409573),.UNSPECIFIED.) CURVE() GEOMETRIC_REPRESENTATION_ITEM() 
RATIONAL_B_SPLINE_CURVE((1.,0.5,1.,0.5,1.,0.5,1.)) REPRESENTATION_ITEM(
  '') );
#487 = CARTESIAN_POINT('',(633.5,45.));
#488 = CARTESIAN_POINT('',(633.5,56.258330249198));
#489 = CARTESIAN_POINT('',(643.25,50.629165124599));
#490 = CARTESIAN_POINT('',(653.,45.));
#491 = CARTESIAN_POINT('',(643.25,39.370834875401));
#492 = CARTESIAN_POINT('',(633.5,33.741669750802));
#493 = CARTESIAN_POINT('',(633.5,45.));
#494 = ( GEOMETRIC_REPRESENTATION_CONTEXT(2) 
PARAMETRIC_REPRESENTATION_CONTEXT() REPRESENTATION_CONTEXT('2D SPACE',''
  ) );
#495 = PCURVE('',#496,#501);
#496 = CYLINDRICAL_SURFACE('',#497,6.5);
#497 = AXIS2_PLACEMENT_3D('',#498,#499,#500);
#498 = CARTESIAN_POINT('',(640.,45.,10.));
#499 = DIRECTION('',(0.,0.,-1.));
#500 = DIRECTION('',(-1.,0.,0.));
#501 = DEFINITIONAL_REPRESENTATION('',(#502),#506);
#502 = LINE('',#503,#504);
#503 = CARTESIAN_POINT('',(0.,0.));
#504 = VECTOR('',#505,1.);
#505 = DIRECTION('',(1.,0.));
#506 = ( GEOMETRIC_REPRESENTATION_CONTEXT(2) 
PARAMETRIC_REPRESENTATION_CONTEXT() REPRESENTATION_CONTEXT('2D SPACE',''
  ) );
#507 = FACE_BOUND('',#508,.T.);
#508 = EDGE_LOOP('',(#509));
#509 = ORIENTED_EDGE('',*,*,#510,.T.);
#510 = EDGE_CURVE('',#511,#511,#513,.T.);
#511 = VERTEX_POINT('',#512);
#512 = CARTESIAN_POINT('',(723.5,45.,10.));
#513 = SURFACE_CURVE('',#514,(#519,#530),.PCURVE_S1.);
#514 = CIRCLE('',#515,6.5);
#515 = AXIS2_PLACEMENT_3D('',#516,#517,#518);
#516 = CARTESIAN_POINT('',(730.,45.,10.));
#517 = DIRECTION('',(0.,0.,-1.));
#518 = DIRECTION('',(-1.,0.,0.));
#519 = PCURVE('',#126,#520);
#520 = DEFINITIONAL_REPRESENTATION('',(#521),#529);
#521 = ( BOUNDED_CURVE() B_SPLINE_CURVE(2,(#522,#523,#524,#525,#526,#527
,#528),.UNSPECIFIED.,.T.,.F.) B_SPLINE_CURVE_WITH_KNOTS((1,2,2,2,2,1),(
    -2.094395102393,0.,2.094395102393,4.188790204786,6.28318530718,
8.377580409573),.UNSPECIFIED.) CURVE() GEOMETRIC_REPRESENTATION_ITEM() 
RATIONAL_B_SPLINE_CURVE((1.,0.5,1.,0.5,1.,0.5,1.)) REPRESENTATION_ITEM(
  '') );
#522 = CARTESIAN_POINT('',(723.5,45.));
#523 = CARTESIAN_POINT('',(723.5,56.258330249198));
#524 = CARTESIAN_POINT('',(733.25,50.629165124599));
#525 = CARTESIAN_POINT('',(743.,45.));
#526 = CARTESIAN_POINT('',(733.25,39.370834875401));
#527 = CARTESIAN_POINT('',(723.5,33.741669750802));
#528 = CARTESIAN_POINT('',(723.5,45.));
#529 = ( GEOMETRIC_REPRESENTATION_CONTEXT(2) 
PARAMETRIC_REPRESENTATION_CONTEXT() REPRESENTATION_CONTEXT('2D SPACE',''
  ) );
#530 = PCURVE('',#531,#536);
#531 = CYLINDRICAL_SURFACE('',#532,6.5);
#532 = AXIS2_PLACEMENT_3D('',#533,#534,#535);
#533 = CARTESIAN_POINT('',(730.,45.,10.));
#534 = DIRECTION('',(0.,0.,-1.));
#535 = DIRECTION('',(-1.,0.,0.));
#536 = DEFINITIONAL_REPRESENTATION('',(#537),#541);
#537 = LINE('',#538,#539);
#538 = CARTESIAN_POINT('',(0.,0.));
#539 = VECTOR('',#540,1.);
#540 = DIRECTION('',(1.,0.));
#541 = ( GEOMETRIC_REPRESENTATION_CONTEXT(2) 
PARAMETRIC_REPRESENTATION_CONTEXT() REPRESENTATION_CONTEXT('2D SPACE',''
  ) );
#542 = FACE_BOUND('',#543,.T.);
#543 = EDGE_LOOP('',(#544));
#544 = ORIENTED_EDGE('',*,*,#545,.T.);
#545 = EDGE_CURVE('',#546,#546,#548,.T.);
#546 = VERTEX_POINT('',#547);
#547 = CARTESIAN_POINT('',(813.5,45.,10.));
#548 = SURFACE_CURVE('',#549,(#554,#565),.PCURVE_S1.);
#549 = CIRCLE('',#550,6.5);
#550 = AXIS2_PLACEMENT_3D('',#551,#552,#553);
#551 = CARTESIAN_POINT('',(820.,45.,10.));
#552 = DIRECTION('',(0.,0.,-1.));
#553 = DIRECTION('',(-1.,0.,0.));
#554 = PCURVE('',#126,#555);
#555 = DEFINITIONAL_REPRESENTATION('',(#556),#564);
#556 = ( BOUNDED_CURVE() B_SPLINE_CURVE(2,(#557,#558,#559,#560,#561,#562
,#563),.UNSPECIFIED.,.T.,.F.) B_SPLINE_CURVE_WITH_KNOTS((1,2,2,2,2,1),(
    -2.094395102393,0.,2.094395102393,4.188790204786,6.28318530718,
8.377580409573),.UNSPECIFIED.) CURVE() GEOMETRIC_REPRESENTATION_ITEM() 
RATIONAL_B_SPLINE_CURVE((1.,0.5,1.,0.5,1.,0.5,1.)) REPRESENTATION_ITEM(
  '') );
#557 = CARTESIAN_POINT('',(813.5,45.));
#558 = CARTESIAN_POINT('',(813.5,56.258330249198));
#559 = CARTESIAN_POINT('',(823.25,50.629165124599));
#560 = CARTESIAN_POINT('',(833.,45.));
#561 = CARTESIAN_POINT('',(823.25,39.370834875401));
#562 = CARTESIAN_POINT('',(813.5,33.741669750802));
#563 = CARTESIAN_POINT('',(813.5,45.));
#564 = ( GEOMETRIC_REPRESENTATION_CONTEXT(2) 
PARAMETRIC_REPRESENTATION_CONTEXT() REPRESENTATION_CONTEXT('2D SPACE',''
  ) );
#565 = PCURVE('',#566,#571);
#566 = CYLINDRICAL_SURFACE('',#567,6.5);
#567 = AXIS2_PLACEMENT_3D('',#568,#569,#570);
#568 = CARTESIAN_POINT('',(820.,45.,10.));
#569 = DIRECTION('',(0.,0.,-1.));
#570 = DIRECTION('',(-1.,0.,0.));
#571 = DEFINITIONAL_REPRESENTATION('',(#572),#576);
#572 = LINE('',#573,#574);
#573 = CARTESIAN_POINT('',(0.,0.));
#574 = VECTOR('',#575,1.);
#575 = DIRECTION('',(1.,0.));
#576 = ( GEOMETRIC_REPRESENTATION_CONTEXT(2) 
PARAMETRIC_REPRESENTATION_CONTEXT() REPRESENTATION_CONTEXT('2D SPACE',''
  ) );
#577 = FACE_BOUND('',#578,.T.);
#578 = EDGE_LOOP('',(#579));
#579 = ORIENTED_EDGE('',*,*,#580,.T.);
#580 = EDGE_CURVE('',#581,#581,#583,.T.);
#581 = VERTEX_POINT('',#582);
#582 = CARTESIAN_POINT('',(913.5,45.,10.));
#583 = SURFACE_CURVE('',#584,(#589,#600),.PCURVE_S1.);
#584 = CIRCLE('',#585,6.5);
#585 = AXIS2_PLACEMENT_3D('',#586,#587,#588);
#586 = CARTESIAN_POINT('',(920.,45.,10.));
#587 = DIRECTION('',(0.,0.,-1.));
#588 = DIRECTION('',(-1.,0.,0.));
#589 = PCURVE('',#126,#590);
#590 = DEFINITIONAL_REPRESENTATION('',(#591),#599);
#591 = ( BOUNDED_CURVE() B_SPLINE_CURVE(2,(#592,#593,#594,#595,#596,#597
,#598),.UNSPECIFIED.,.T.,.F.) B_SPLINE_CURVE_WITH_KNOTS((1,2,2,2,2,1),(
    -2.094395102393,0.,2.094395102393,4.188790204786,6.28318530718,
8.377580409573),.UNSPECIFIED.) CURVE() GEOMETRIC_REPRESENTATION_ITEM() 
RATIONAL_B_SPLINE_CURVE((1.,0.5,1.,0.5,1.,0.5,1.)) REPRESENTATION_ITEM(
  '') );
#592 = CARTESIAN_POINT('',(913.5,45.));
#593 = CARTESIAN_POINT('',(913.5,56.258330249198));
#594 = CARTESIAN_POINT('',(923.25,50.629165124599));
#595 = CARTESIAN_POINT('',(933.,45.));
#596 = CARTESIAN_POINT('',(923.25,39.370834875401));
#597 = CARTESIAN_POINT('',(913.5,33.741669750802));
#598 = CARTESIAN_POINT('',(913.5,45.));
#599 = ( GEOMETRIC_REPRESENTATION_CONTEXT(2) 
PARAMETRIC_REPRESENTATION_CONTEXT() REPRESENTATION_CONTEXT('2D SPACE',''
  ) );
#600 = PCURVE('',#601,#606);
#601 = CYLINDRICAL_SURFACE('',#602,6.5);
#602 = AXIS2_PLACEMENT_3D('',#603,#604,#605);
#603 = CARTESIAN_POINT('',(920.,45.,10.));
#604 = DIRECTION('',(0.,0.,-1.));
#605 = DIRECTION('',(-1.,0.,0.));
#606 = DEFINITIONAL_REPRESENTATION('',(#607),#611);
#607 = LINE('',#608,#609);
#608 = CARTESIAN_POINT('',(0.,0.));
#609 = VECTOR('',#610,1.);
#610 = DIRECTION('',(1.,0.));
#611 = ( GEOMETRIC_REPRESENTATION_CONTEXT(2) 
PARAMETRIC_REPRESENTATION_CONTEXT() REPRESENTATION_CONTEXT('2D SPACE',''
  ) );
#612 = FACE_BOUND('',#613,.T.);
#613 = EDGE_LOOP('',(#614));
#614 = ORIENTED_EDGE('',*,*,#615,.T.);
#615 = EDGE_CURVE('',#616,#616,#618,.T.);
#616 = VERTEX_POINT('',#617);
#617 = CARTESIAN_POINT('',(993.5,45.,10.));
#618 = SURFACE_CURVE('',#619,(#624,#635),.PCURVE_S1.);
#619 = CIRCLE('',#620,6.5);
#620 = AXIS2_PLACEMENT_3D('',#621,#622,#623);
#621 = CARTESIAN_POINT('',(1.E+03,45.,10.));
#622 = DIRECTION('',(0.,0.,-1.));
#623 = DIRECTION('',(-1.,0.,0.));
#624 = PCURVE('',#126,#625);
#625 = DEFINITIONAL_REPRESENTATION('',(#626),#634);
#626 = ( BOUNDED_CURVE() B_SPLINE_CURVE(2,(#627,#628,#629,#630,#631,#632
,#633),.UNSPECIFIED.,.T.,.F.) B_SPLINE_CURVE_WITH_KNOTS((1,2,2,2,2,1),(
    -2.094395102393,0.,2.094395102393,4.188790204786,6.28318530718,
8.377580409573),.UNSPECIFIED.) CURVE() GEOMETRIC_REPRESENTATION_ITEM() 
RATIONAL_B_SPLINE_CURVE((1.,0.5,1.,0.5,1.,0.5,1.)) REPRESENTATION_ITEM(
  '') );
#627 = CARTESIAN_POINT('',(993.5,45.));
#628 = CARTESIAN_POINT('',(993.5,56.258330249198));
#629 = CARTESIAN_POINT('',(1.00325E+03,50.629165124599));
#630 = CARTESIAN_POINT('',(1.013E+03,45.));
#631 = CARTESIAN_POINT('',(1.00325E+03,39.370834875401));
#632 = CARTESIAN_POINT('',(993.5,33.741669750802));
#633 = CARTESIAN_POINT('',(993.5,45.));
#634 = ( GEOMETRIC_REPRESENTATION_CONTEXT(2) 
PARAMETRIC_REPRESENTATION_CONTEXT() REPRESENTATION_CONTEXT('2D SPACE',''
  ) );
#635 = PCURVE('',#636,#641);
#636 = CYLINDRICAL_SURFACE('',#637,6.5);
#637 = AXIS2_PLACEMENT_3D('',#638,#639,#640);
#638 = CARTESIAN_POINT('',(1.E+03,45.,10.));
#639 = DIRECTION('',(0.,0.,-1.));
#640 = DIRECTION('',(-1.,0.,0.));
#641 = DEFINITIONAL_REPRESENTATION('',(#642),#646);
#642 = LINE('',#643,#644);
#643 = CARTESIAN_POINT('',(0.,0.));
#644 = VECTOR('',#645,1.);
#645 = DIRECTION('',(1.,0.));
#646 = ( GEOMETRIC_REPRESENTATION_CONTEXT(2) 
PARAMETRIC_REPRESENTATION_CONTEXT() REPRESENTATION_CONTEXT('2D SPACE',''
  ) );
#647 = FACE_BOUND('',#648,.T.);
#648 = EDGE_LOOP('',(#649));
#649 = ORIENTED_EDGE('',*,*,#650,.T.);
#650 = EDGE_CURVE('',#651,#651,#653,.T.);
#651 = VERTEX_POINT('',#652);
#652 = CARTESIAN_POINT('',(1.0735E+03,45.,10.));
#653 = SURFACE_CURVE('',#654,(#659,#670),.PCURVE_S1.);
#654 = CIRCLE('',#655,6.5);
#655 = AXIS2_PLACEMENT_3D('',#656,#657,#658);
#656 = CARTESIAN_POINT('',(1.08E+03,45.,10.));
#657 = DIRECTION('',(0.,0.,-1.));
#658 = DIRECTION('',(-1.,0.,0.));
#659 = PCURVE('',#126,#660);
#660 = DEFINITIONAL_REPRESENTATION('',(#661),#669);
#661 = ( BOUNDED_CURVE() B_SPLINE_CURVE(2,(#662,#663,#664,#665,#666,#667
,#668),.UNSPECIFIED.,.T.,.F.) B_SPLINE_CURVE_WITH_KNOTS((1,2,2,2,2,1),(
    -2.094395102393,0.,2.094395102393,4.188790204786,6.28318530718,
8.377580409573),.UNSPECIFIED.) CURVE() GEOMETRIC_REPRESENTATION_ITEM() 
RATIONAL_B_SPLINE_CURVE((1.,0.5,1.,0.5,1.,0.5,1.)) REPRESENTATION_ITEM(
  '') );
#662 = CARTESIAN_POINT('',(1.0735E+03,45.));
#663 = CARTESIAN_POINT('',(1.0735E+03,56.258330249198));
#664 = CARTESIAN_POINT('',(1.08325E+03,50.629165124599));
#665 = CARTESIAN_POINT('',(1.093E+03,45.));
#666 = CARTESIAN_POINT('',(1.08325E+03,39.370834875401));
#667 = CARTESIAN_POINT('',(1.0735E+03,33.741669750802));
#668 = CARTESIAN_POINT('',(1.0735E+03,45.));
#669 = ( GEOMETRIC_REPRESENTATION_CONTEXT(2) 
PARAMETRIC_REPRESENTATION_CONTEXT() REPRESENTATION_CONTEXT('2D SPACE',''
  ) );
#670 = PCURVE('',#671,#676);
#671 = CYLINDRICAL_SURFACE('',#672,6.5);
#672 = AXIS2_PLACEMENT_3D('',#673,#674,#675);
#673 = CARTESIAN_POINT('',(1.08E+03,45.,10.));
#674 = DIRECTION('',(0.,0.,-1.));
#675 = DIRECTION('',(-1.,0.,0.));
#676 = DEFINITIONAL_REPRESENTATION('',(#677),#681);
#677 = LINE('',#678,#679);
#678 = CARTESIAN_POINT('',(0.,0.));
#679 = VECTOR('',#680,1.);
#680 = DIRECTION('',(1.,0.));
#681 = ( GEOMETRIC_REPRESENTATION_CONTEXT(2) 
PARAMETRIC_REPRESENTATION_CONTEXT() REPRESENTATION_CONTEXT('2D SPACE',''
  ) );
#682 = FACE_BOUND('',#683,.T.);
#683 = EDGE_LOOP('',(#684));
#684 = ORIENTED_EDGE('',*,*,#685,.T.);
#685 = EDGE_CURVE('',#686,#686,#688,.T.);
#686 = VERTEX_POINT('',#687);
#687 = CARTESIAN_POINT('',(1.1535E+03,45.,10.));
#688 = SURFACE_CURVE('',#689,(#694,#705),.PCURVE_S1.);
#689 = CIRCLE('',#690,6.5);
#690 = AXIS2_PLACEMENT_3D('',#691,#692,#693);
#691 = CARTESIAN_POINT('',(1.16E+03,45.,10.));
#692 = DIRECTION('',(0.,0.,-1.));
#693 = DIRECTION('',(-1.,0.,0.));
#694 = PCURVE('',#126,#695);
#695 = DEFINITIONAL_REPRESENTATION('',(#696),#704);
#696 = ( BOUNDED_CURVE() B_SPLINE_CURVE(2,(#697,#698,#699,#700,#701,#702
,#703),.UNSPECIFIED.,.T.,.F.) B_SPLINE_CURVE_WITH_KNOTS((1,2,2,2,2,1),(
    -2.094395102393,0.,2.094395102393,4.188790204786,6.28318530718,
8.377580409573),.UNSPECIFIED.) CURVE() GEOMETRIC_REPRESENTATION_ITEM() 
RATIONAL_B_SPLINE_CURVE((1.,0.5,1.,0.5,1.,0.5,1.)) REPRESENTATION_ITEM(
  '') );
#697 = CARTESIAN_POINT('',(1.1535E+03,45.));
#698 = CARTESIAN_POINT('',(1.1535E+03,56.258330249198));
#699 = CARTESIAN_POINT('',(1.16325E+03,50.629165124599));
#700 = CARTESIAN_POINT('',(1.173E+03,45.));
#701 = CARTESIAN_POINT('',(1.16325E+03,39.370834875401));
#702 = CARTESIAN_POINT('',(1.1535E+03,33.741669750802));
#703 = CARTESIAN_POINT('',(1.1535E+03,45.));
#704 = ( GEOMETRIC_REPRESENTATION_CONTEXT(2) 
PARAMETRIC_REPRESENTATION_CONTEXT() REPRESENTATION_CONTEXT('2D SPACE',''
  ) );
#705 = PCURVE('',#706,#711);
#706 = CYLINDRICAL_SURFACE('',#707,6.5);
#707 = AXIS2_PLACEMENT_3D('',#708,#709,#710);
#708 = CARTESIAN_POINT('',(1.16E+03,45.,10.));
#709 = DIRECTION('',(0.,0.,-1.));
#710 = DIRECTION('',(-1.,0.,0.));
#711 = DEFINITIONAL_REPRESENTATION('',(#712),#716);
#712 = LINE('',#713,#714);
#713 = CARTESIAN_POINT('',(0.,0.));
#714 = VECTOR('',#715,1.);
#715 = DIRECTION('',(1.,0.));
#716 = ( GEOMETRIC_REPRESENTATION_CONTEXT(2) 
PARAMETRIC_REPRESENTATION_CONTEXT() REPRESENTATION_CONTEXT('2D SPACE',''
  ) );
#717 = FACE_BOUND('',#718,.T.);
#718 = EDGE_LOOP('',(#719));
#719 = ORIENTED_EDGE('',*,*,#720,.T.);
#720 = EDGE_CURVE('',#721,#721,#723,.T.);
#721 = VERTEX_POINT('',#722);
#722 = CARTESIAN_POINT('',(1.2335E+03,45.,10.));
#723 = SURFACE_CURVE('',#724,(#729,#740),.PCURVE_S1.);
#724 = CIRCLE('',#725,6.5);
#725 = AXIS2_PLACEMENT_3D('',#726,#727,#728);
#726 = CARTESIAN_POINT('',(1.24E+03,45.,10.));
#727 = DIRECTION('',(0.,0.,-1.));
#728 = DIRECTION('',(-1.,0.,0.));
#729 = PCURVE('',#126,#730);
#730 = DEFINITIONAL_REPRESENTATION('',(#731),#739);
#731 = ( BOUNDED_CURVE() B_SPLINE_CURVE(2,(#732,#733,#734,#735,#736,#737
,#738),.UNSPECIFIED.,.T.,.F.) B_SPLINE_CURVE_WITH_KNOTS((1,2,2,2,2,1),(
    -2.094395102393,0.,2.094395102393,4.188790204786,6.28318530718,
8.377580409573),.UNSPECIFIED.) CURVE() GEOMETRIC_REPRESENTATION_ITEM() 
RATIONAL_B_SPLINE_CURVE((1.,0.5,1.,0.5,1.,0.5,1.)) REPRESENTATION_ITEM(
  '') );
#732 = CARTESIAN_POINT('',(1.2335E+03,45.));
#733 = CARTESIAN_POINT('',(1.2335E+03,56.258330249198));
#734 = CARTESIAN_POINT('',(1.24325E+03,50.629165124599));
#735 = CARTESIAN_POINT('',(1.253E+03,45.));
#736 = CARTESIAN_POINT('',(1.24325E+03,39.370834875401));
#737 = CARTESIAN_POINT('',(1.2335E+03,33.741669750802));
#738 = CARTESIAN_POINT('',(1.2335E+03,45.));
#739 = ( GEOMETRIC_REPRESENTATION_CONTEXT(2) 
PARAMETRIC_REPRESENTATION_CONTEXT() REPRESENTATION_CONTEXT('2D SPACE',''
  ) );
#740 = PCURVE('',#741,#746);
#741 = CYLINDRICAL_SURFACE('',#742,6.5);
#742 = AXIS2_PLACEMENT_3D('',#743,#744,#745);
#743 = CARTESIAN_POINT('',(1.24E+03,45.,10.));
#744 = DIRECTION('',(0.,0.,-1.));
#745 = DIRECTION('',(-1.,0.,0.));
#746 = DEFINITIONAL_REPRESENTATION('',(#747),#751);
#747 = LINE('',#748,#749);
#748 = CARTESIAN_POINT('',(0.,0.));
#749 = VECTOR('',#750,1.);
#750 = DIRECTION('',(1.,0.));
#751 = ( GEOMETRIC_REPRESENTATION_CONTEXT(2) 
PARAMETRIC_REPRESENTATION_CONTEXT() REPRESENTATION_CONTEXT('2D SPACE',''
  ) );
#752 = FACE_BOUND('',#753,.T.);
#753 = EDGE_LOOP('',(#754));
#754 = ORIENTED_EDGE('',*,*,#755,.T.);
#755 = EDGE_CURVE('',#756,#756,#758,.T.);
#756 = VERTEX_POINT('',#757);
#757 = CARTESIAN_POINT('',(1.3135E+03,45.,10.));
#758 = SURFACE_CURVE('',#759,(#764,#775),.PCURVE_S1.);
#759 = CIRCLE('',#760,6.5);
#760 = AXIS2_PLACEMENT_3D('',#761,#762,#763);
#761 = CARTESIAN_POINT('',(1.32E+03,45.,10.));
#762 = DIRECTION('',(0.,0.,-1.));
#763 = DIRECTION('',(-1.,0.,0.));
#764 = PCURVE('',#126,#765);
#765 = DEFINITIONAL_REPRESENTATION('',(#766),#774);
#766 = ( BOUNDED_CURVE() B_SPLINE_CURVE(2,(#767,#768,#769,#770,#771,#772
,#773),.UNSPECIFIED.,.T.,.F.) B_SPLINE_CURVE_WITH_KNOTS((1,2,2,2,2,1),(
    -2.094395102393,0.,2.094395102393,4.188790204786,6.28318530718,
8.377580409573),.UNSPECIFIED.) CURVE() GEOMETRIC_REPRESENTATION_ITEM() 
RATIONAL_B_SPLINE_CURVE((1.,0.5,1.,0.5,1.,0.5,1.)) REPRESENTATION_ITEM(
  '') );
#767 = CARTESIAN_POINT('',(1.3135E+03,45.));
#768 = CARTESIAN_POINT('',(1.3135E+03,56.258330249198));
#769 = CARTESIAN_POINT('',(1.32325E+03,50.629165124599));
#770 = CARTESIAN_POINT('',(1.333E+03,45.));
#771 = CARTESIAN_POINT('',(1.32325E+03,39.370834875401));
#772 = CARTESIAN_POINT('',(1.3135E+03,33.741669750802));
#773 = CARTESIAN_POINT('',(1.3135E+03,45.));
#774 = ( GEOMETRIC_REPRESENTATION_CONTEXT(2) 
PARAMETRIC_REPRESENTATION_CONTEXT() REPRESENTATION_CONTEXT('2D SPACE',''
  ) );
#775 = PCURVE('',#776,#781);
#776 = CYLINDRICAL_SURFACE('',#777,6.5);
#777 = AXIS2_PLACEMENT_3D('',#778,#779,#780);
#778 = CARTESIAN_POINT('',(1.32E+03,45.,10.));
#779 = DIRECTION('',(0.,0.,-1.));
#780 = DIRECTION('',(-1.,0.,0.));
#781 = DEFINITIONAL_REPRESENTATION('',(#782),#786);
#782 = LINE('',#783,#784);
#783 = CARTESIAN_POINT('',(0.,0.));
#784 = VECTOR('',#785,1.);
#785 = DIRECTION('',(1.,0.));
#786 = ( GEOMETRIC_REPRESENTATION_CONTEXT(2) 
PARAMETRIC_REPRESENTATION_CONTEXT() REPRESENTATION_CONTEXT('2D SPACE',''
  ) );
#787 = FACE_BOUND('',#788,.T.);
#788 = EDGE_LOOP('',(#789));
#789 = ORIENTED_EDGE('',*,*,#790,.T.);
#790 = EDGE_CURVE('',#791,#791,#793,.T.);
#791 = VERTEX_POINT('',#792);
#792 = CARTESIAN_POINT('',(1.3935E+03,45.,10.));
#793 = SURFACE_CURVE('',#794,(#799,#810),.PCURVE_S1.);
#794 = CIRCLE('',#795,6.5);
#795 = AXIS2_PLACEMENT_3D('',#796,#797,#798);
#796 = CARTESIAN_POINT('',(1.4E+03,45.,10.));
#797 = DIRECTION('',(0.,0.,-1.));
#798 = DIRECTION('',(-1.,0.,0.));
#799 = PCURVE('',#126,#800);
#800 = DEFINITIONAL_REPRESENTATION('',(#801),#809);
#801 = ( BOUNDED_CURVE() B_SPLINE_CURVE(2,(#802,#803,#804,#805,#806,#807
,#808),.UNSPECIFIED.,.T.,.F.) B_SPLINE_CURVE_WITH_KNOTS((1,2,2,2,2,1),(
    -2.094395102393,0.,2.094395102393,4.188790204786,6.28318530718,
8.377580409573),.UNSPECIFIED.) CURVE() GEOMETRIC_REPRESENTATION_ITEM() 
RATIONAL_B_SPLINE_CURVE((1.,0.5,1.,0.5,1.,0.5,1.)) REPRESENTATION_ITEM(
  '') );
#802 = CARTESIAN_POINT('',(1.3935E+03,45.));
#803 = CARTESIAN_POINT('',(1.3935E+03,56.258330249198));
#804 = CARTESIAN_POINT('',(1.40325E+03,50.629165124599));
#805 = CARTESIAN_POINT('',(1.413E+03,45.));
#806 = CARTESIAN_POINT('',(1.40325E+03,39.370834875401));
#807 = CARTESIAN_POINT('',(1.3935E+03,33.741669750802));
#808 = CARTESIAN_POINT('',(1.3935E+03,45.));
#809 = ( GEOMETRIC_REPRESENTATION_CONTEXT(2) 
PARAMETRIC_REPRESENTATION_CONTEXT() REPRESENTATION_CONTEXT('2D SPACE',''
  ) );
#810 = PCURVE('',#811,#816);
#811 = CYLINDRICAL_SURFACE('',#812,6.5);
#812 = AXIS2_PLACEMENT_3D('',#813,#814,#815);
#813 = CARTESIAN_POINT('',(1.4E+03,45.,10.));
#814 = DIRECTION('',(0.,0.,-1.));
#815 = DIRECTION('',(-1.,0.,0.));
#816 = DEFINITIONAL_REPRESENTATION('',(#817),#821);
#817 = LINE('',#818,#819);
#818 = CARTESIAN_POINT('',(0.,0.));
#819 = VECTOR('',#820,1.);
#820 = DIRECTION('',(1.,0.));
#821 = ( GEOMETRIC_REPRESENTATION_CONTEXT(2) 
PARAMETRIC_REPRESENTATION_CONTEXT() REPRESENTATION_CONTEXT('2D SPACE',''
  ) );
#822 = FACE_BOUND('',#823,.T.);
#823 = EDGE_LOOP('',(#824));
#824 = ORIENTED_EDGE('',*,*,#825,.T.);
#825 = EDGE_CURVE('',#826,#826,#828,.T.);
#826 = VERTEX_POINT('',#827);
#827 = CARTESIAN_POINT('',(1.5335E+03,45.,10.));
#828 = SURFACE_CURVE('',#829,(#834,#845),.PCURVE_S1.);
#829 = CIRCLE('',#830,6.5);
#830 = AXIS2_PLACEMENT_3D('',#831,#832,#833);
#831 = CARTESIAN_POINT('',(1.54E+03,45.,10.));
#832 = DIRECTION('',(0.,0.,-1.));
#833 = DIRECTION('',(-1.,0.,0.));
#834 = PCURVE('',#126,#835);
#835 = DEFINITIONAL_REPRESENTATION('',(#836),#844);
#836 = ( BOUNDED_CURVE() B_SPLINE_CURVE(2,(#837,#838,#839,#840,#841,#842
,#843),.UNSPECIFIED.,.T.,.F.) B_SPLINE_CURVE_WITH_KNOTS((1,2,2,2,2,1),(
    -2.094395102393,0.,2.094395102393,4.188790204786,6.28318530718,
8.377580409573),.UNSPECIFIED.) CURVE() GEOMETRIC_REPRESENTATION_ITEM() 
RATIONAL_B_SPLINE_CURVE((1.,0.5,1.,0.5,1.,0.5,1.)) REPRESENTATION_ITEM(
  '') );
#837 = CARTESIAN_POINT('',(1.5335E+03,45.));
#838 = CARTESIAN_POINT('',(1.5335E+03,56.258330249198));
#839 = CARTESIAN_POINT('',(1.54325E+03,50.629165124599));
#840 = CARTESIAN_POINT('',(1.553E+03,45.));
#841 = CARTESIAN_POINT('',(1.54325E+03,39.370834875401));
#842 = CARTESIAN_POINT('',(1.5335E+03,33.741669750802));
#843 = CARTESIAN_POINT('',(1.5335E+03,45.));
#844 = ( GEOMETRIC_REPRESENTATION_CONTEXT(2) 
PARAMETRIC_REPRESENTATION_CONTEXT() REPRESENTATION_CONTEXT('2D SPACE',''
  ) );
#845 = PCURVE('',#846,#851);
#846 = CYLINDRICAL_SURFACE('',#847,6.5);
#847 = AXIS2_PLACEMENT_3D('',#848,#849,#850);
#848 = CARTESIAN_POINT('',(1.54E+03,45.,10.));
#849 = DIRECTION('',(0.,0.,-1.));
#850 = DIRECTION('',(-1.,0.,0.));
#851 = DEFINITIONAL_REPRESENTATION('',(#852),#856);
#852 = LINE('',#853,#854);
#853 = CARTESIAN_POINT('',(0.,0.));
#854 = VECTOR('',#855,1.);
#855 = DIRECTION('',(1.,0.));
#856 = ( GEOMETRIC_REPRESENTATION_CONTEXT(2) 
PARAMETRIC_REPRESENTATION_CONTEXT() REPRESENTATION_CONTEXT('2D SPACE',''
  ) );
#857 = FACE_BOUND('',#858,.T.);
#858 = EDGE_LOOP('',(#859));
#859 = ORIENTED_EDGE('',*,*,#860,.T.);
#860 = EDGE_CURVE('',#861,#861,#863,.T.);
#861 = VERTEX_POINT('',#862);
#862 = CARTESIAN_POINT('',(1.7335E+03,45.,10.));
#863 = SURFACE_CURVE('',#864,(#869,#880),.PCURVE_S1.);
#864 = CIRCLE('',#865,6.5);
#865 = AXIS2_PLACEMENT_3D('',#866,#867,#868);
#866 = CARTESIAN_POINT('',(1.74E+03,45.,10.));
#867 = DIRECTION('',(0.,0.,-1.));
#868 = DIRECTION('',(-1.,0.,0.));
#869 = PCURVE('',#126,#870);
#870 = DEFINITIONAL_REPRESENTATION('',(#871),#879);
#871 = ( BOUNDED_CURVE() B_SPLINE_CURVE(2,(#872,#873,#874,#875,#876,#877
,#878),.UNSPECIFIED.,.T.,.F.) B_SPLINE_CURVE_WITH_KNOTS((1,2,2,2,2,1),(
    -2.094395102393,0.,2.094395102393,4.188790204786,6.28318530718,
8.377580409573),.UNSPECIFIED.) CURVE() GEOMETRIC_REPRESENTATION_ITEM() 
RATIONAL_B_SPLINE_CURVE((1.,0.5,1.,0.5,1.,0.5,1.)) REPRESENTATION_ITEM(
  '') );
#872 = CARTESIAN_POINT('',(1.7335E+03,45.));
#873 = CARTESIAN_POINT('',(1.7335E+03,56.258330249198));
#874 = CARTESIAN_POINT('',(1.74325E+03,50.629165124599));
#875 = CARTESIAN_POINT('',(1.753E+03,45.));
#876 = CARTESIAN_POINT('',(1.74325E+03,39.370834875401));
#877 = CARTESIAN_POINT('',(1.7335E+03,33.741669750802));
#878 = CARTESIAN_POINT('',(1.7335E+03,45.));
#879 = ( GEOMETRIC_REPRESENTATION_CONTEXT(2) 
PARAMETRIC_REPRESENTATION_CONTEXT() REPRESENTATION_CONTEXT('2D SPACE',''
  ) );
#880 = PCURVE('',#881,#886);
#881 = CYLINDRICAL_SURFACE('',#882,6.5);
#882 = AXIS2_PLACEMENT_3D('',#883,#884,#885);
#883 = CARTESIAN_POINT('',(1.74E+03,45.,10.));
#884 = DIRECTION('',(0.,0.,-1.));
#885 = DIRECTION('',(-1.,0.,0.));
#886 = DEFINITIONAL_REPRESENTATION('',(#887),#891);
#887 = LINE('',#888,#889);
#888 = CARTESIAN_POINT('',(0.,0.));
#889 = VECTOR('',#890,1.);
#890 = DIRECTION('',(1.,0.));
#891 = ( GEOMETRIC_REPRESENTATION_CONTEXT(2) 
PARAMETRIC_REPRESENTATION_CONTEXT() REPRESENTATION_CONTEXT('2D SPACE',''
  ) );
#892 = FACE_BOUND('',#893,.T.);
#893 = EDGE_LOOP('',(#894));
#894 = ORIENTED_EDGE('',*,*,#895,.T.);
#895 = EDGE_CURVE('',#896,#896,#898,.T.);
#896 = VERTEX_POINT('',#897);
#897 = CARTESIAN_POINT('',(1.9335E+03,45.,10.));
#898 = SURFACE_CURVE('',#899,(#904,#915),.PCURVE_S1.);
#899 = CIRCLE('',#900,6.5);
#900 = AXIS2_PLACEMENT_3D('',#901,#902,#903);
#901 = CARTESIAN_POINT('',(1.94E+03,45.,10.));
#902 = DIRECTION('',(0.,0.,-1.));
#903 = DIRECTION('',(-1.,0.,0.));
#904 = PCURVE('',#126,#905);
#905 = DEFINITIONAL_REPRESENTATION('',(#906),#914);
#906 = ( BOUNDED_CURVE() B_SPLINE_CURVE(2,(#907,#908,#909,#910,#911,#912
,#913),.UNSPECIFIED.,.T.,.F.) B_SPLINE_CURVE_WITH_KNOTS((1,2,2,2,2,1),(
    -2.094395102393,0.,2.094395102393,4.188790204786,6.28318530718,
8.377580409573),.UNSPECIFIED.) CURVE() GEOMETRIC_REPRESENTATION_ITEM() 
RATIONAL_B_SPLINE_CURVE((1.,0.5,1.,0.5,1.,0.5,1.)) REPRESENTATION_ITEM(
  '') );
#907 = CARTESIAN_POINT('',(1.9335E+03,45.));
#908 = CARTESIAN_POINT('',(1.9335E+03,56.258330249198));
#909 = CARTESIAN_POINT('',(1.94325E+03,50.629165124599));
#910 = CARTESIAN_POINT('',(1.953E+03,45.));
#911 = CARTESIAN_POINT('',(1.94325E+03,39.370834875401));
#912 = CARTESIAN_POINT('',(1.9335E+03,33.741669750802));
#913 = CARTESIAN_POINT('',(1.9335E+03,45.));
#914 = ( GEOMETRIC_REPRESENTATION_CONTEXT(2) 
PARAMETRIC_REPRESENTATION_CONTEXT() REPRESENTATION_CONTEXT('2D SPACE',''
  ) );
#915 = PCURVE('',#916,#921);
#916 = CYLINDRICAL_SURFACE('',#917,6.5);
#917 = AXIS2_PLACEMENT_3D('',#918,#919,#920);
#918 = CARTESIAN_POINT('',(1.94E+03,45.,10.));
#919 = DIRECTION('',(0.,0.,-1.));
#920 = DIRECTION('',(-1.,0.,0.));
#921 = DEFINITIONAL_REPRESENTATION('',(#922),#926);
#922 = LINE('',#923,#924);
#923 = CARTESIAN_POINT('',(0.,0.));
#924 = VECTOR('',#925,1.);
#925 = DIRECTION('',(1.,0.));
#926 = ( GEOMETRIC_REPRESENTATION_CONTEXT(2) 
PARAMETRIC_REPRESENTATION_CONTEXT() REPRESENTATION_CONTEXT('2D SPACE',''
  ) );
#927 = FACE_BOUND('',#928,.T.);
#928 = EDGE_LOOP('',(#929));
#929 = ORIENTED_EDGE('',*,*,#930,.T.);
#930 = EDGE_CURVE('',#931,#931,#933,.T.);
#931 = VERTEX_POINT('',#932);
#932 = CARTESIAN_POINT('',(2.1335E+03,45.,10.));
#933 = SURFACE_CURVE('',#934,(#939,#950),.PCURVE_S1.);
#934 = CIRCLE('',#935,6.5);
#935 = AXIS2_PLACEMENT_3D('',#936,#937,#938);
#936 = CARTESIAN_POINT('',(2.14E+03,45.,10.));
#937 = DIRECTION('',(0.,0.,-1.));
#938 = DIRECTION('',(-1.,0.,0.));
#939 = PCURVE('',#126,#940);
#940 = DEFINITIONAL_REPRESENTATION('',(#941),#949);
#941 = ( BOUNDED_CURVE() B_SPLINE_CURVE(2,(#942,#943,#944,#945,#946,#947
,#948),.UNSPECIFIED.,.T.,.F.) B_SPLINE_CURVE_WITH_KNOTS((1,2,2,2,2,1),(
    -2.094395102393,0.,2.094395102393,4.188790204786,6.28318530718,
8.377580409573),.UNSPECIFIED.) CURVE() GEOMETRIC_REPRESENTATION_ITEM() 
RATIONAL_B_SPLINE_CURVE((1.,0.5,1.,0.5,1.,0.5,1.)) REPRESENTATION_ITEM(
  '') );
#942 = CARTESIAN_POINT('',(2.1335E+03,45.));
#943 = CARTESIAN_POINT('',(2.1335E+03,56.258330249198));
#944 = CARTESIAN_POINT('',(2.14325E+03,50.629165124599));
#945 = CARTESIAN_POINT('',(2.153E+03,45.));
#946 = CARTESIAN_POINT('',(2.14325E+03,39.370834875401));
#947 = CARTESIAN_POINT('',(2.1335E+03,33.741669750802));
#948 = CARTESIAN_POINT('',(2.1335E+03,45.));
#949 = ( GEOMETRIC_REPRESENTATION_CONTEXT(2) 
PARAMETRIC_REPRESENTATION_CONTEXT() REPRESENTATION_CONTEXT('2D SPACE',''
  ) );
#950 = PCURVE('',#951,#956);
#951 = CYLINDRICAL_SURFACE('',#952,6.5);
#952 = AXIS2_PLACEMENT_3D('',#953,#954,#955);
#953 = CARTESIAN_POINT('',(2.14E+03,45.,10.));
#954 = DIRECTION('',(0.,0.,-1.));
#955 = DIRECTION('',(-1.,0.,0.));
#956 = DEFINITIONAL_REPRESENTATION('',(#957),#961);
#957 = LINE('',#958,#959);
#958 = CARTESIAN_POINT('',(0.,0.));
#959 = VECTOR('',#960,1.);
#960 = DIRECTION('',(1.,0.));
#961 = ( GEOMETRIC_REPRESENTATION_CONTEXT(2) 
PARAMETRIC_REPRESENTATION_CONTEXT() REPRESENTATION_CONTEXT('2D SPACE',''
  ) );
#962 = FACE_BOUND('',#963,.T.);
#963 = EDGE_LOOP('',(#964));
#964 = ORIENTED_EDGE('',*,*,#965,.T.);
#965 = EDGE_CURVE('',#966,#966,#968,.T.);
#966 = VERTEX_POINT('',#967);
#967 = CARTESIAN_POINT('',(2.4085E+03,45.,10.));
#968 = SURFACE_CURVE('',#969,(#974,#985),.PCURVE_S1.);
#969 = CIRCLE('',#970,6.5);
#970 = AXIS2_PLACEMENT_3D('',#971,#972,#973);
#971 = CARTESIAN_POINT('',(2.415E+03,45.,10.));
#972 = DIRECTION('',(0.,0.,-1.));
#973 = DIRECTION('',(-1.,0.,0.));
#974 = PCURVE('',#126,#975);
#975 = DEFINITIONAL_REPRESENTATION('',(#976),#984);
#976 = ( BOUNDED_CURVE() B_SPLINE_CURVE(2,(#977,#978,#979,#980,#981,#982
,#983),.UNSPECIFIED.,.T.,.F.) B_SPLINE_CURVE_WITH_KNOTS((1,2,2,2,2,1),(
    -2.094395102393,0.,2.094395102393,4.188790204786,6.28318530718,
8.377580409573),.UNSPECIFIED.) CURVE() GEOMETRIC_REPRESENTATION_ITEM() 
RATIONAL_B_SPLINE_CURVE((1.,0.5,1.,0.5,1.,0.5,1.)) REPRESENTATION_ITEM(
  '') );
#977 = CARTESIAN_POINT('',(2.4085E+03,45.));
#978 = CARTESIAN_POINT('',(2.4085E+03,56.258330249198));
#979 = CARTESIAN_POINT('',(2.41825E+03,50.629165124599));
#980 = CARTESIAN_POINT('',(2.428E+03,45.));
#981 = CARTESIAN_POINT('',(2.41825E+03,39.370834875401));
#982 = CARTESIAN_POINT('',(2.4085E+03,33.741669750802));
#983 = CARTESIAN_POINT('',(2.4085E+03,45.));
#984 = ( GEOMETRIC_REPRESENTATION_CONTEXT(2) 
PARAMETRIC_REPRESENTATION_CONTEXT() REPRESENTATION_CONTEXT('2D SPACE',''
  ) );
#985 = PCURVE('',#986,#991);
#986 = CYLINDRICAL_SURFACE('',#987,6.5);
#987 = AXIS2_PLACEMENT_3D('',#988,#989,#990);
#988 = CARTESIAN_POINT('',(2.415E+03,45.,10.));
#989 = DIRECTION('',(0.,0.,-1.));
#990 = DIRECTION('',(-1.,0.,0.));
#991 = DEFINITIONAL_REPRESENTATION('',(#992),#996);
#992 = LINE('',#993,#994);
#993 = CARTESIAN_POINT('',(0.,0.));
#994 = VECTOR('',#995,1.);
#995 = DIRECTION('',(1.,0.));
#996 = ( GEOMETRIC_REPRESENTATION_CONTEXT(2) 
PARAMETRIC_REPRESENTATION_CONTEXT() REPRESENTATION_CONTEXT('2D SPACE',''
  ) );
#997 = FACE_BOUND('',#998,.T.);
#998 = EDGE_LOOP('',(#999));
#999 = ORIENTED_EDGE('',*,*,#1000,.T.);
#1000 = EDGE_CURVE('',#1001,#1001,#1003,.T.);
#1001 = VERTEX_POINT('',#1002);
#1002 = CARTESIAN_POINT('',(2.7585E+03,45.,10.));
#1003 = SURFACE_CURVE('',#1004,(#1009,#1020),.PCURVE_S1.);
#1004 = CIRCLE('',#1005,6.5);
#1005 = AXIS2_PLACEMENT_3D('',#1006,#1007,#1008);
#1006 = CARTESIAN_POINT('',(2.765E+03,45.,10.));
#1007 = DIRECTION('',(0.,0.,-1.));
#1008 = DIRECTION('',(-1.,0.,0.));
#1009 = PCURVE('',#126,#1010);
#1010 = DEFINITIONAL_REPRESENTATION('',(#1011),#1019);
#1011 = ( BOUNDED_CURVE() B_SPLINE_CURVE(2,(#1012,#1013,#1014,#1015,
#1016,#1017,#1018),.UNSPECIFIED.,.T.,.F.) B_SPLINE_CURVE_WITH_KNOTS((1,2
    ,2,2,2,1),(-2.094395102393,0.,2.094395102393,4.188790204786,
6.28318530718,8.377580409573),.UNSPECIFIED.) CURVE() 
GEOMETRIC_REPRESENTATION_ITEM() RATIONAL_B_SPLINE_CURVE((1.,0.5,1.,0.5,
1.,0.5,1.)) REPRESENTATION_ITEM('') );
#1012 = CARTESIAN_POINT('',(2.7585E+03,45.));
#1013 = CARTESIAN_POINT('',(2.7585E+03,56.258330249198));
#1014 = CARTESIAN_POINT('',(2.76825E+03,50.629165124599));
#1015 = CARTESIAN_POINT('',(2.778E+03,45.));
#1016 = CARTESIAN_POINT('',(2.76825E+03,39.370834875401));
#1017 = CARTESIAN_POINT('',(2.7585E+03,33.741669750802));
#1018 = CARTESIAN_POINT('',(2.7585E+03,45.));
#1019 = ( GEOMETRIC_REPRESENTATION_CONTEXT(2) 
PARAMETRIC_REPRESENTATION_CONTEXT() REPRESENTATION_CONTEXT('2D SPACE',''
  ) );
#1020 = PCURVE('',#1021,#1026);
#1021 = CYLINDRICAL_SURFACE('',#1022,6.5);
#1022 = AXIS2_PLACEMENT_3D('',#1023,#1024,#1025);
#1023 = CARTESIAN_POINT('',(2.765E+03,45.,10.));
#1024 = DIRECTION('',(0.,0.,-1.));
#1025 = DIRECTION('',(-1.,0.,0.));
#1026 = DEFINITIONAL_REPRESENTATION('',(#1027),#1031);
#1027 = LINE('',#1028,#1029);
#1028 = CARTESIAN_POINT('',(0.,0.));
#1029 = VECTOR('',#1030,1.);
#1030 = DIRECTION('',(1.,0.));
#1031 = ( GEOMETRIC_REPRESENTATION_CONTEXT(2) 
PARAMETRIC_REPRESENTATION_CONTEXT() REPRESENTATION_CONTEXT('2D SPACE',''
  ) );
#1032 = FACE_BOUND('',#1033,.T.);
#1033 = EDGE_LOOP('',(#1034));
#1034 = ORIENTED_EDGE('',*,*,#1035,.T.);
#1035 = EDGE_CURVE('',#1036,#1036,#1038,.T.);
#1036 = VERTEX_POINT('',#1037);
#1037 = CARTESIAN_POINT('',(3.1085E+03,45.,10.));
#1038 = SURFACE_CURVE('',#1039,(#1044,#1055),.PCURVE_S1.);
#1039 = CIRCLE('',#1040,6.5);
#1040 = AXIS2_PLACEMENT_3D('',#1041,#1042,#1043);
#1041 = CARTESIAN_POINT('',(3.115E+03,45.,10.));
#1042 = DIRECTION('',(0.,0.,-1.));
#1043 = DIRECTION('',(-1.,0.,0.));
#1044 = PCURVE('',#126,#1045);
#1045 = DEFINITIONAL_REPRESENTATION('',(#1046),#1054);
#1046 = ( BOUNDED_CURVE() B_SPLINE_CURVE(2,(#1047,#1048,#1049,#1050,
#1051,#1052,#1053),.UNSPECIFIED.,.T.,.F.) B_SPLINE_CURVE_WITH_KNOTS((1,2
    ,2,2,2,1),(-2.094395102393,0.,2.094395102393,4.188790204786,
6.28318530718,8.377580409573),.UNSPECIFIED.) CURVE() 
GEOMETRIC_REPRESENTATION_ITEM() RATIONAL_B_SPLINE_CURVE((1.,0.5,1.,0.5,
1.,0.5,1.)) REPRESENTATION_ITEM('') );
#1047 = CARTESIAN_POINT('',(3.1085E+03,45.));
#1048 = CARTESIAN_POINT('',(3.1085E+03,56.258330249198));
#1049 = CARTESIAN_POINT('',(3.11825E+03,50.629165124599));
#1050 = CARTESIAN_POINT('',(3.128E+03,45.));
#1051 = CARTESIAN_POINT('',(3.11825E+03,39.370834875401));
#1052 = CARTESIAN_POINT('',(3.1085E+03,33.741669750802));
#1053 = CARTESIAN_POINT('',(3.1085E+03,45.));
#1054 = ( GEOMETRIC_REPRESENTATION_CONTEXT(2) 
PARAMETRIC_REPRESENTATION_CONTEXT() REPRESENTATION_CONTEXT('2D SPACE',''
  ) );
#1055 = PCURVE('',#1056,#1061);
#1056 = CYLINDRICAL_SURFACE('',#1057,6.5);
#1057 = AXIS2_PLACEMENT_3D('',#1058,#1059,#1060);
#1058 = CARTESIAN_POINT('',(3.115E+03,45.,10.));
#1059 = DIRECTION('',(0.,0.,-1.));
#1060 = DIRECTION('',(-1.,0.,0.));
#1061 = DEFINITIONAL_REPRESENTATION('',(#1062),#1066);
#1062 = LINE('',#1063,#1064);
#1063 = CARTESIAN_POINT('',(0.,0.));
#1064 = VECTOR('',#1065,1.);
#1065 = DIRECTION('',(1.,0.));
#1066 = ( GEOMETRIC_REPRESENTATION_CONTEXT(2) 
PARAMETRIC_REPRESENTATION_CONTEXT() REPRESENTATION_CONTEXT('2D SPACE',''
  ) );
#1067 = FACE_BOUND('',#1068,.T.);
#1068 = EDGE_LOOP('',(#1069));
#1069 = ORIENTED_EDGE('',*,*,#1070,.T.);
#1070 = EDGE_CURVE('',#1071,#1071,#1073,.T.);
#1071 = VERTEX_POINT('',#1072);
#1072 = CARTESIAN_POINT('',(3.4385E+03,45.,10.));
#1073 = SURFACE_CURVE('',#1074,(#1079,#1090),.PCURVE_S1.);
#1074 = CIRCLE('',#1075,6.5);
#1075 = AXIS2_PLACEMENT_3D('',#1076,#1077,#1078);
#1076 = CARTESIAN_POINT('',(3.445E+03,45.,10.));
#1077 = DIRECTION('',(0.,0.,-1.));
#1078 = DIRECTION('',(-1.,0.,0.));
#1079 = PCURVE('',#126,#1080);
#1080 = DEFINITIONAL_REPRESENTATION('',(#1081),#1089);
#1081 = ( BOUNDED_CURVE() B_SPLINE_CURVE(2,(#1082,#1083,#1084,#1085,
#1086,#1087,#1088),.UNSPECIFIED.,.T.,.F.) B_SPLINE_CURVE_WITH_KNOTS((1,2
    ,2,2,2,1),(-2.094395102393,0.,2.094395102393,4.188790204786,
6.28318530718,8.377580409573),.UNSPECIFIED.) CURVE() 
GEOMETRIC_REPRESENTATION_ITEM() RATIONAL_B_SPLINE_CURVE((1.,0.5,1.,0.5,
1.,0.5,1.)) REPRESENTATION_ITEM('') );
#1082 = CARTESIAN_POINT('',(3.4385E+03,45.));
#1083 = CARTESIAN_POINT('',(3.4385E+03,56.258330249198));
#1084 = CARTESIAN_POINT('',(3.44825E+03,50.629165124599));
#1085 = CARTESIAN_POINT('',(3.458E+03,45.));
#1086 = CARTESIAN_POINT('',(3.44825E+03,39.370834875401));
#1087 = CARTESIAN_POINT('',(3.4385E+03,33.741669750802));
#1088 = CARTESIAN_POINT('',(3.4385E+03,45.));
#1089 = ( GEOMETRIC_REPRESENTATION_CONTEXT(2) 
PARAMETRIC_REPRESENTATION_CONTEXT() REPRESENTATION_CONTEXT('2D SPACE',''
  ) );
#1090 = PCURVE('',#1091,#1096);
#1091 = CYLINDRICAL_SURFACE('',#1092,6.5);
#1092 = AXIS2_PLACEMENT_3D('',#1093,#1094,#1095);
#1093 = CARTESIAN_POINT('',(3.445E+03,45.,10.));
#1094 = DIRECTION('',(0.,0.,-1.));
#1095 = DIRECTION('',(-1.,0.,0.));
#1096 = DEFINITIONAL_REPRESENTATION('',(#1097),#1101);
#1097 = LINE('',#1098,#1099);
#1098 = CARTESIAN_POINT('',(0.,0.));
#1099 = VECTOR('',#1100,1.);
#1100 = DIRECTION('',(1.,0.));
#1101 = ( GEOMETRIC_REPRESENTATION_CONTEXT(2) 
PARAMETRIC_REPRESENTATION_CONTEXT() REPRESENTATION_CONTEXT('2D SPACE',''
  ) );
#1102 = FACE_BOUND('',#1103,.T.);
#1103 = EDGE_LOOP('',(#1104));
#1104 = ORIENTED_EDGE('',*,*,#1105,.T.);
#1105 = EDGE_CURVE('',#1106,#1106,#1108,.T.);
#1106 = VERTEX_POINT('',#1107);
#1107 = CARTESIAN_POINT('',(3.7885E+03,45.,10.));
#1108 = SURFACE_CURVE('',#1109,(#1114,#1125),.PCURVE_S1.);
#1109 = CIRCLE('',#1110,6.5);
#1110 = AXIS2_PLACEMENT_3D('',#1111,#1112,#1113);
#1111 = CARTESIAN_POINT('',(3.795E+03,45.,10.));
#1112 = DIRECTION('',(0.,0.,-1.));
#1113 = DIRECTION('',(-1.,0.,0.));
#1114 = PCURVE('',#126,#1115);
#1115 = DEFINITIONAL_REPRESENTATION('',(#1116),#1124);
#1116 = ( BOUNDED_CURVE() B_SPLINE_CURVE(2,(#1117,#1118,#1119,#1120,
#1121,#1122,#1123),.UNSPECIFIED.,.T.,.F.) B_SPLINE_CURVE_WITH_KNOTS((1,2
    ,2,2,2,1),(-2.094395102393,0.,2.094395102393,4.188790204786,
6.28318530718,8.377580409573),.UNSPECIFIED.) CURVE() 
GEOMETRIC_REPRESENTATION_ITEM() RATIONAL_B_SPLINE_CURVE((1.,0.5,1.,0.5,
1.,0.5,1.)) REPRESENTATION_ITEM('') );
#1117 = CARTESIAN_POINT('',(3.7885E+03,45.));
#1118 = CARTESIAN_POINT('',(3.7885E+03,56.258330249198));
#1119 = CARTESIAN_POINT('',(3.79825E+03,50.629165124599));
#1120 = CARTESIAN_POINT('',(3.808E+03,45.));
#1121 = CARTESIAN_POINT('',(3.79825E+03,39.370834875401));
#1122 = CARTESIAN_POINT('',(3.7885E+03,33.741669750802));
#1123 = CARTESIAN_POINT('',(3.7885E+03,45.));
#1124 = ( GEOMETRIC_REPRESENTATION_CONTEXT(2) 
PARAMETRIC_REPRESENTATION_CONTEXT() REPRESENTATION_CONTEXT('2D SPACE',''
  ) );
#1125 = PCURVE('',#1126,#1131);
#1126 = CYLINDRICAL_SURFACE('',#1127,6.5);
#1127 = AXIS2_PLACEMENT_3D('',#1128,#1129,#1130);
#1128 = CARTESIAN_POINT('',(3.795E+03,45.,10.));
#1129 = DIRECTION('',(0.,0.,-1.));
#1130 = DIRECTION('',(-1.,0.,0.));
#1131 = DEFINITIONAL_REPRESENTATION('',(#1132),#1136);
#1132 = LINE('',#1133,#1134);
#1133 = CARTESIAN_POINT('',(0.,0.));
#1134 = VECTOR('',#1135,1.);
#1135 = DIRECTION('',(1.,0.));
#1136 = ( GEOMETRIC_REPRESENTATION_CONTEXT(2) 
PARAMETRIC_REPRESENTATION_CONTEXT() REPRESENTATION_CONTEXT('2D SPACE',''
  ) );
#1137 = FACE_BOUND('',#1138,.T.);
#1138 = EDGE_LOOP('',(#1139));
#1139 = ORIENTED_EDGE('',*,*,#1140,.T.);
#1140 = EDGE_CURVE('',#1141,#1141,#1143,.T.);
#1141 = VERTEX_POINT('',#1142);
#1142 = CARTESIAN_POINT('',(4.0385E+03,45.,10.));
#1143 = SURFACE_CURVE('',#1144,(#1149,#1160),.PCURVE_S1.);
#1144 = CIRCLE('',#1145,6.5);
#1145 = AXIS2_PLACEMENT_3D('',#1146,#1147,#1148);
#1146 = CARTESIAN_POINT('',(4.045E+03,45.,10.));
#1147 = DIRECTION('',(0.,0.,-1.));
#1148 = DIRECTION('',(-1.,0.,0.));
#1149 = PCURVE('',#126,#1150);
#1150 = DEFINITIONAL_REPRESENTATION('',(#1151),#1159);
#1151 = ( BOUNDED_CURVE() B_SPLINE_CURVE(2,(#1152,#1153,#1154,#1155,
#1156,#1157,#1158),.UNSPECIFIED.,.T.,.F.) B_SPLINE_CURVE_WITH_KNOTS((1,2
    ,2,2,2,1),(-2.094395102393,0.,2.094395102393,4.188790204786,
6.28318530718,8.377580409573),.UNSPECIFIED.) CURVE() 
GEOMETRIC_REPRESENTATION_ITEM() RATIONAL_B_SPLINE_CURVE((1.,0.5,1.,0.5,
1.,0.5,1.)) REPRESENTATION_ITEM('') );
#1152 = CARTESIAN_POINT('',(4.0385E+03,45.));
#1153 = CARTESIAN_POINT('',(4.0385E+03,56.258330249198));
#1154 = CARTESIAN_POINT('',(4.04825E+03,50.629165124599));
#1155 = CARTESIAN_POINT('',(4.058E+03,45.));
#1156 = CARTESIAN_POINT('',(4.04825E+03,39.370834875401));
#1157 = CARTESIAN_POINT('',(4.0385E+03,33.741669750802));
#1158 = CARTESIAN_POINT('',(4.0385E+03,45.));
#1159 = ( GEOMETRIC_REPRESENTATION_CONTEXT(2) 
PARAMETRIC_REPRESENTATION_CONTEXT() REPRESENTATION_CONTEXT('2D SPACE',''
  ) );
#1160 = PCURVE('',#1161,#1166);
#1161 = CYLINDRICAL_SURFACE('',#1162,6.5);
#1162 = AXIS2_PLACEMENT_3D('',#1163,#1164,#1165);
#1163 = CARTESIAN_POINT('',(4.045E+03,45.,10.));
#1164 = DIRECTION('',(0.,0.,-1.));
#1165 = DIRECTION('',(-1.,0.,0.));
#1166 = DEFINITIONAL_REPRESENTATION('',(#1167),#1171);
#1167 = LINE('',#1168,#1169);
#1168 = CARTESIAN_POINT('',(0.,0.));
#1169 = VECTOR('',#1170,1.);
#1170 = DIRECTION('',(1.,0.));
#1171 = ( GEOMETRIC_REPRESENTATION_CONTEXT(2) 
PARAMETRIC_REPRESENTATION_CONTEXT() REPRESENTATION_CONTEXT('2D SPACE',''
  ) );
#1172 = FACE_BOUND('',#1173,.T.);
#1173 = EDGE_LOOP('',(#1174));
#1174 = ORIENTED_EDGE('',*,*,#1175,.T.);
#1175 = EDGE_CURVE('',#1176,#1176,#1178,.T.);
#1176 = VERTEX_POINT('',#1177);
#1177 = CARTESIAN_POINT('',(4.1885E+03,45.,10.));
#1178 = SURFACE_CURVE('',#1179,(#1184,#1195),.PCURVE_S1.);
#1179 = CIRCLE('',#1180,6.5);
#1180 = AXIS2_PLACEMENT_3D('',#1181,#1182,#1183);
#1181 = CARTESIAN_POINT('',(4.195E+03,45.,10.));
#1182 = DIRECTION('',(0.,0.,-1.));
#1183 = DIRECTION('',(-1.,0.,0.));
#1184 = PCURVE('',#126,#1185);
#1185 = DEFINITIONAL_REPRESENTATION('',(#1186),#1194);
#1186 = ( BOUNDED_CURVE() B_SPLINE_CURVE(2,(#1187,#1188,#1189,#1190,
#1191,#1192,#1193),.UNSPECIFIED.,.T.,.F.) B_SPLINE_CURVE_WITH_KNOTS((1,2
    ,2,2,2,1),(-2.094395102393,0.,2.094395102393,4.188790204786,
6.28318530718,8.377580409573),.UNSPECIFIED.) CURVE() 
GEOMETRIC_REPRESENTATION_ITEM() RATIONAL_B_SPLINE_CURVE((1.,0.5,1.,0.5,
1.,0.5,1.)) REPRESENTATION_ITEM('') );
#1187 = CARTESIAN_POINT('',(4.1885E+03,45.));
#1188 = CARTESIAN_POINT('',(4.1885E+03,56.258330249198));
#1189 = CARTESIAN_POINT('',(4.19825E+03,50.629165124599));
#1190 = CARTESIAN_POINT('',(4.208E+03,45.));
#1191 = CARTESIAN_POINT('',(4.19825E+03,39.370834875401));
#1192 = CARTESIAN_POINT('',(4.1885E+03,33.741669750802));
#1193 = CARTESIAN_POINT('',(4.1885E+03,45.));
#1194 = ( GEOMETRIC_REPRESENTATION_CONTEXT(2) 
PARAMETRIC_REPRESENTATION_CONTEXT() REPRESENTATION_CONTEXT('2D SPACE',''
  ) );
#1195 = PCURVE('',#1196,#1201);
#1196 = CYLINDRICAL_SURFACE('',#1197,6.5);
#1197 = AXIS2_PLACEMENT_3D('',#1198,#1199,#1200);
#1198 = CARTESIAN_POINT('',(4.195E+03,45.,10.));
#1199 = DIRECTION('',(0.,0.,-1.));
#1200 = DIRECTION('',(-1.,0.,0.));
#1201 = DEFINITIONAL_REPRESENTATION('',(#1202),#1206);
#1202 = LINE('',#1203,#1204);
#1203 = CARTESIAN_POINT('',(0.,0.));
#1204 = VECTOR('',#1205,1.);
#1205 = DIRECTION('',(1.,0.));
#1206 = ( GEOMETRIC_REPRESENTATION_CONTEXT(2) 
PARAMETRIC_REPRESENTATION_CONTEXT() REPRESENTATION_CONTEXT('2D SPACE',''
  ) );
#1207 = FACE_BOUND('',#1208,.T.);
#1208 = EDGE_LOOP('',(#1209));
#1209 = ORIENTED_EDGE('',*,*,#1210,.T.);
#1210 = EDGE_CURVE('',#1211,#1211,#1213,.T.);
#1211 = VERTEX_POINT('',#1212);
#1212 = CARTESIAN_POINT('',(4.3385E+03,45.,10.));
#1213 = SURFACE_CURVE('',#1214,(#1219,#1230),.PCURVE_S1.);
#1214 = CIRCLE('',#1215,6.5);
#1215 = AXIS2_PLACEMENT_3D('',#1216,#1217,#1218);
#1216 = CARTESIAN_POINT('',(4.345E+03,45.,10.));
#1217 = DIRECTION('',(0.,0.,-1.));
#1218 = DIRECTION('',(-1.,0.,0.));
#1219 = PCURVE('',#126,#1220);
#1220 = DEFINITIONAL_REPRESENTATION('',(#1221),#1229);
#1221 = ( BOUNDED_CURVE() B_SPLINE_CURVE(2,(#1222,#1223,#1224,#1225,
#1226,#1227,#1228),.UNSPECIFIED.,.T.,.F.) B_SPLINE_CURVE_WITH_KNOTS((1,2
    ,2,2,2,1),(-2.094395102393,0.,2.094395102393,4.188790204786,
6.28318530718,8.377580409573),.UNSPECIFIED.) CURVE() 
GEOMETRIC_REPRESENTATION_ITEM() RATIONAL_B_SPLINE_CURVE((1.,0.5,1.,0.5,
1.,0.5,1.)) REPRESENTATION_ITEM('') );
#1222 = CARTESIAN_POINT('',(4.3385E+03,45.));
#1223 = CARTESIAN_POINT('',(4.3385E+03,56.258330249198));
#1224 = CARTESIAN_POINT('',(4.34825E+03,50.629165124599));
#1225 = CARTESIAN_POINT('',(4.358E+03,45.));
#1226 = CARTESIAN_POINT('',(4.34825E+03,39.370834875401));
#1227 = CARTESIAN_POINT('',(4.3385E+03,33.741669750802));
#1228 = CARTESIAN_POINT('',(4.3385E+03,45.));
#1229 = ( GEOMETRIC_REPRESENTATION_CONTEXT(2) 
PARAMETRIC_REPRESENTATION_CONTEXT() REPRESENTATION_CONTEXT('2D SPACE',''
  ) );
#1230 = PCURVE('',#1231,#1236);
#1231 = CYLINDRICAL_SURFACE('',#1232,6.5);
#1232 = AXIS2_PLACEMENT_3D('',#1233,#1234,#1235);
#1233 = CARTESIAN_POINT('',(4.345E+03,45.,10.));
#1234 = DIRECTION('',(0.,0.,-1.));
#1235 = DIRECTION('',(-1.,0.,0.));
#1236 = DEFINITIONAL_REPRESENTATION('',(#1237),#1241);
#1237 = LINE('',#1238,#1239);
#1238 = CARTESIAN_POINT('',(0.,0.));
#1239 = VECTOR('',#1240,1.);
#1240 = DIRECTION('',(1.,0.));
#1241 = ( GEOMETRIC_REPRESENTATION_CONTEXT(2) 
PARAMETRIC_REPRESENTATION_CONTEXT() REPRESENTATION_CONTEXT('2D SPACE',''
  ) );
#1242 = FACE_BOUND('',#1243,.T.);
#1243 = EDGE_LOOP('',(#1244));
#1244 = ORIENTED_EDGE('',*,*,#1245,.T.);
#1245 = EDGE_CURVE('',#1246,#1246,#1248,.T.);
#1246 = VERTEX_POINT('',#1247);
#1247 = CARTESIAN_POINT('',(4.4885E+03,45.,10.));
#1248 = SURFACE_CURVE('',#1249,(#1254,#1265),.PCURVE_S1.);
#1249 = CIRCLE('',#1250,6.5);
#1250 = AXIS2_PLACEMENT_3D('',#1251,#1252,#1253);
#1251 = CARTESIAN_POINT('',(4.495E+03,45.,10.));
#1252 = DIRECTION('',(0.,0.,-1.));
#1253 = DIRECTION('',(-1.,0.,0.));
#1254 = PCURVE('',#126,#1255);
#1255 = DEFINITIONAL_REPRESENTATION('',(#1256),#1264);
#1256 = ( BOUNDED_CURVE() B_SPLINE_CURVE(2,(#1257,#1258,#1259,#1260,
#1261,#1262,#1263),.UNSPECIFIED.,.T.,.F.) B_SPLINE_CURVE_WITH_KNOTS((1,2
    ,2,2,2,1),(-2.094395102393,0.,2.094395102393,4.188790204786,
6.28318530718,8.377580409573),.UNSPECIFIED.) CURVE() 
GEOMETRIC_REPRESENTATION_ITEM() RATIONAL_B_SPLINE_CURVE((1.,0.5,1.,0.5,
1.,0.5,1.)) REPRESENTATION_ITEM('') );
#1257 = CARTESIAN_POINT('',(4.4885E+03,45.));
#1258 = CARTESIAN_POINT('',(4.4885E+03,56.258330249198));
#1259 = CARTESIAN_POINT('',(4.49825E+03,50.629165124599));
#1260 = CARTESIAN_POINT('',(4.508E+03,45.));
#1261 = CARTESIAN_POINT('',(4.49825E+03,39.370834875401));
#1262 = CARTESIAN_POINT('',(4.4885E+03,33.741669750802));
#1263 = CARTESIAN_POINT('',(4.4885E+03,45.));
#1264 = ( GEOMETRIC_REPRESENTATION_CONTEXT(2) 
PARAMETRIC_REPRESENTATION_CONTEXT() REPRESENTATION_CONTEXT('2D SPACE',''
  ) );
#1265 = PCURVE('',#1266,#1271);
#1266 = CYLINDRICAL_SURFACE('',#1267,6.5);
#1267 = AXIS2_PLACEMENT_3D('',#1268,#1269,#1270);
#1268 = CARTESIAN_POINT('',(4.495E+03,45.,10.));
#1269 = DIRECTION('',(0.,0.,-1.));
#1270 = DIRECTION('',(-1.,0.,0.));
#1271 = DEFINITIONAL_REPRESENTATION('',(#1272),#1276);
#1272 = LINE('',#1273,#1274);
#1273 = CARTESIAN_POINT('',(0.,0.));
#1274 = VECTOR('',#1275,1.);
#1275 = DIRECTION('',(1.,0.));
#1276 = ( GEOMETRIC_REPRESENTATION_CONTEXT(2) 
PARAMETRIC_REPRESENTATION_CONTEXT() REPRESENTATION_CONTEXT('2D SPACE',''
  ) );
#1277 = FACE_BOUND('',#1278,.T.);
#1278 = EDGE_LOOP('',(#1279));
#1279 = ORIENTED_EDGE('',*,*,#1280,.T.);
#1280 = EDGE_CURVE('',#1281,#1281,#1283,.T.);
#1281 = VERTEX_POINT('',#1282);
#1282 = CARTESIAN_POINT('',(4.6235E+03,45.,10.));
#1283 = SURFACE_CURVE('',#1284,(#1289,#1300),.PCURVE_S1.);
#1284 = CIRCLE('',#1285,6.5);
#1285 = AXIS2_PLACEMENT_3D('',#1286,#1287,#1288);
#1286 = CARTESIAN_POINT('',(4.63E+03,45.,10.));
#1287 = DIRECTION('',(0.,0.,-1.));
#1288 = DIRECTION('',(-1.,0.,0.));
#1289 = PCURVE('',#126,#1290);
#1290 = DEFINITIONAL_REPRESENTATION('',(#1291),#1299);
#1291 = ( BOUNDED_CURVE() B_SPLINE_CURVE(2,(#1292,#1293,#1294,#1295,
#1296,#1297,#1298),.UNSPECIFIED.,.T.,.F.) B_SPLINE_CURVE_WITH_KNOTS((1,2
    ,2,2,2,1),(-2.094395102393,0.,2.094395102393,4.188790204786,
6.28318530718,8.377580409573),.UNSPECIFIED.) CURVE() 
GEOMETRIC_REPRESENTATION_ITEM() RATIONAL_B_SPLINE_CURVE((1.,0.5,1.,0.5,
1.,0.5,1.)) REPRESENTATION_ITEM('') );
#1292 = CARTESIAN_POINT('',(4.6235E+03,45.));
#1293 = CARTESIAN_POINT('',(4.6235E+03,56.258330249198));
#1294 = CARTESIAN_POINT('',(4.63325E+03,50.629165124599));
#1295 = CARTESIAN_POINT('',(4.643E+03,45.));
#1296 = CARTESIAN_POINT('',(4.63325E+03,39.370834875401));
#1297 = CARTESIAN_POINT('',(4.6235E+03,33.741669750802));
#1298 = CARTESIAN_POINT('',(4.6235E+03,45.));
#1299 = ( GEOMETRIC_REPRESENTATION_CONTEXT(2) 
PARAMETRIC_REPRESENTATION_CONTEXT() REPRESENTATION_CONTEXT('2D SPACE',''
  ) );
#1300 = PCURVE('',#1301,#1306);
#1301 = CYLINDRICAL_SURFACE('',#1302,6.5);
#1302 = AXIS2_PLACEMENT_3D('',#1303,#1304,#1305);
#1303 = CARTESIAN_POINT('',(4.63E+03,45.,10.));
#1304 = DIRECTION('',(0.,0.,-1.));
#1305 = DIRECTION('',(-1.,0.,0.));
#1306 = DEFINITIONAL_REPRESENTATION('',(#1307),#1311);
#1307 = LINE('',#1308,#1309);
#1308 = CARTESIAN_POINT('',(0.,0.));
#1309 = VECTOR('',#1310,1.);
#1310 = DIRECTION('',(1.,0.));
#1311 = ( GEOMETRIC_REPRESENTATION_CONTEXT(2) 
PARAMETRIC_REPRESENTATION_CONTEXT() REPRESENTATION_CONTEXT('2D SPACE',''
  ) );
#1312 = FACE_BOUND('',#1313,.T.);
#1313 = EDGE_LOOP('',(#1314));
#1314 = ORIENTED_EDGE('',*,*,#1315,.T.);
#1315 = EDGE_CURVE('',#1316,#1316,#1318,.T.);
#1316 = VERTEX_POINT('',#1317);
#1317 = CARTESIAN_POINT('',(4.7135E+03,45.,10.));
#1318 = SURFACE_CURVE('',#1319,(#1324,#1335),.PCURVE_S1.);
#1319 = CIRCLE('',#1320,6.5);
#1320 = AXIS2_PLACEMENT_3D('',#1321,#1322,#1323);
#1321 = CARTESIAN_POINT('',(4.72E+03,45.,10.));
#1322 = DIRECTION('',(0.,0.,-1.));
#1323 = DIRECTION('',(-1.,0.,0.));
#1324 = PCURVE('',#126,#1325);
#1325 = DEFINITIONAL_REPRESENTATION('',(#1326),#1334);
#1326 = ( BOUNDED_CURVE() B_SPLINE_CURVE(2,(#1327,#1328,#1329,#1330,
#1331,#1332,#1333),.UNSPECIFIED.,.T.,.F.) B_SPLINE_CURVE_WITH_KNOTS((1,2
    ,2,2,2,1),(-2.094395102393,0.,2.094395102393,4.188790204786,
6.28318530718,8.377580409573),.UNSPECIFIED.) CURVE() 
GEOMETRIC_REPRESENTATION_ITEM() RATIONAL_B_SPLINE_CURVE((1.,0.5,1.,0.5,
1.,0.5,1.)) REPRESENTATION_ITEM('') );
#1327 = CARTESIAN_POINT('',(4.7135E+03,45.));
#1328 = CARTESIAN_POINT('',(4.7135E+03,56.258330249198));
#1329 = CARTESIAN_POINT('',(4.72325E+03,50.629165124599));
#1330 = CARTESIAN_POINT('',(4.733E+03,45.));
#1331 = CARTESIAN_POINT('',(4.72325E+03,39.370834875401));
#1332 = CARTESIAN_POINT('',(4.7135E+03,33.741669750802));
#1333 = CARTESIAN_POINT('',(4.7135E+03,45.));
#1334 = ( GEOMETRIC_REPRESENTATION_CONTEXT(2) 
PARAMETRIC_REPRESENTATION_CONTEXT() REPRESENTATION_CONTEXT('2D SPACE',''
  ) );
#1335 = PCURVE('',#1336,#1341);
#1336 = CYLINDRICAL_SURFACE('',#1337,6.5);
#1337 = AXIS2_PLACEMENT_3D('',#1338,#1339,#1340);
#1338 = CARTESIAN_POINT('',(4.72E+03,45.,10.));
#1339 = DIRECTION('',(0.,0.,-1.));
#1340 = DIRECTION('',(-1.,0.,0.));
#1341 = DEFINITIONAL_REPRESENTATION('',(#1342),#1346);
#1342 = LINE('',#1343,#1344);
#1343 = CARTESIAN_POINT('',(0.,0.));
#1344 = VECTOR('',#1345,1.);
#1345 = DIRECTION('',(1.,0.));
#1346 = ( GEOMETRIC_REPRESENTATION_CONTEXT(2) 
PARAMETRIC_REPRESENTATION_CONTEXT() REPRESENTATION_CONTEXT('2D SPACE',''
  ) );
#1347 = FACE_BOUND('',#1348,.T.);
#1348 = EDGE_LOOP('',(#1349));
#1349 = ORIENTED_EDGE('',*,*,#1350,.T.);
#1350 = EDGE_CURVE('',#1351,#1351,#1353,.T.);
#1351 = VERTEX_POINT('',#1352);
#1352 = CARTESIAN_POINT('',(4.8035E+03,45.,10.));
#1353 = SURFACE_CURVE('',#1354,(#1359,#1370),.PCURVE_S1.);
#1354 = CIRCLE('',#1355,6.5);
#1355 = AXIS2_PLACEMENT_3D('',#1356,#1357,#1358);
#1356 = CARTESIAN_POINT('',(4.81E+03,45.,10.));
#1357 = DIRECTION('',(0.,0.,-1.));
#1358 = DIRECTION('',(-1.,0.,0.));
#1359 = PCURVE('',#126,#1360);
#1360 = DEFINITIONAL_REPRESENTATION('',(#1361),#1369);
#1361 = ( BOUNDED_CURVE() B_SPLINE_CURVE(2,(#1362,#1363,#1364,#1365,
#1366,#1367,#1368),.UNSPECIFIED.,.T.,.F.) B_SPLINE_CURVE_WITH_KNOTS((1,2
    ,2,2,2,1),(-2.094395102393,0.,2.094395102393,4.188790204786,
6.28318530718,8.377580409573),.UNSPECIFIED.) CURVE() 
GEOMETRIC_REPRESENTATION_ITEM() RATIONAL_B_SPLINE_CURVE((1.,0.5,1.,0.5,
1.,0.5,1.)) REPRESENTATION_ITEM('') );
#1362 = CARTESIAN_POINT('',(4.8035E+03,45.));
#1363 = CARTESIAN_POINT('',(4.8035E+03,56.258330249198));
#1364 = CARTESIAN_POINT('',(4.81325E+03,50.629165124599));
#1365 = CARTESIAN_POINT('',(4.823E+03,45.));
#1366 = CARTESIAN_POINT('',(4.81325E+03,39.370834875401));
#1367 = CARTESIAN_POINT('',(4.8035E+03,33.741669750802));
#1368 = CARTESIAN_POINT('',(4.8035E+03,45.));
#1369 = ( GEOMETRIC_REPRESENTATION_CONTEXT(2) 
PARAMETRIC_REPRESENTATION_CONTEXT() REPRESENTATION_CONTEXT('2D SPACE',''
  ) );
#1370 = PCURVE('',#1371,#1376);
#1371 = CYLINDRICAL_SURFACE('',#1372,6.5);
#1372 = AXIS2_PLACEMENT_3D('',#1373,#1374,#1375);
#1373 = CARTESIAN_POINT('',(4.81E+03,45.,10.));
#1374 = DIRECTION('',(0.,0.,-1.));
#1375 = DIRECTION('',(-1.,0.,0.));
#1376 = DEFINITIONAL_REPRESENTATION('',(#1377),#1381);
#1377 = LINE('',#1378,#1379);
#1378 = CARTESIAN_POINT('',(0.,0.));
#1379 = VECTOR('',#1380,1.);
#1380 = DIRECTION('',(1.,0.));
#1381 = ( GEOMETRIC_REPRESENTATION_CONTEXT(2) 
PARAMETRIC_REPRESENTATION_CONTEXT() REPRESENTATION_CONTEXT('2D SPACE',''
  ) );
#1382 = FACE_BOUND('',#1383,.T.);
#1383 = EDGE_LOOP('',(#1384));
#1384 = ORIENTED_EDGE('',*,*,#1385,.T.);
#1385 = EDGE_CURVE('',#1386,#1386,#1388,.T.);
#1386 = VERTEX_POINT('',#1387);
#1387 = CARTESIAN_POINT('',(4.8935E+03,45.,10.));
#1388 = SURFACE_CURVE('',#1389,(#1394,#1405),.PCURVE_S1.);
#1389 = CIRCLE('',#1390,6.5);
#1390 = AXIS2_PLACEMENT_3D('',#1391,#1392,#1393);
#1391 = CARTESIAN_POINT('',(4.9E+03,45.,10.));
#1392 = DIRECTION('',(0.,0.,-1.));
#1393 = DIRECTION('',(-1.,0.,0.));
#1394 = PCURVE('',#126,#1395);
#1395 = DEFINITIONAL_REPRESENTATION('',(#1396),#1404);
#1396 = ( BOUNDED_CURVE() B_SPLINE_CURVE(2,(#1397,#1398,#1399,#1400,
#1401,#1402,#1403),.UNSPECIFIED.,.T.,.F.) B_SPLINE_CURVE_WITH_KNOTS((1,2
    ,2,2,2,1),(-2.094395102393,0.,2.094395102393,4.188790204786,
6.28318530718,8.377580409573),.UNSPECIFIED.) CURVE() 
GEOMETRIC_REPRESENTATION_ITEM() RATIONAL_B_SPLINE_CURVE((1.,0.5,1.,0.5,
1.,0.5,1.)) REPRESENTATION_ITEM('') );
#1397 = CARTESIAN_POINT('',(4.8935E+03,45.));
#1398 = CARTESIAN_POINT('',(4.8935E+03,56.258330249198));
#1399 = CARTESIAN_POINT('',(4.90325E+03,50.629165124599));
#1400 = CARTESIAN_POINT('',(4.913E+03,45.));
#1401 = CARTESIAN_POINT('',(4.90325E+03,39.370834875401));
#1402 = CARTESIAN_POINT('',(4.8935E+03,33.741669750802));
#1403 = CARTESIAN_POINT('',(4.8935E+03,45.));
#1404 = ( GEOMETRIC_REPRESENTATION_CONTEXT(2) 
PARAMETRIC_REPRESENTATION_CONTEXT() REPRESENTATION_CONTEXT('2D SPACE',''
  ) );
#1405 = PCURVE('',#1406,#1411);
#1406 = CYLINDRICAL_SURFACE('',#1407,6.5);
#1407 = AXIS2_PLACEMENT_3D('',#1408,#1409,#1410);
#1408 = CARTESIAN_POINT('',(4.9E+03,45.,10.));
#1409 = DIRECTION('',(0.,0.,-1.));
#1410 = DIRECTION('',(-1.,0.,0.));
#1411 = DEFINITIONAL_REPRESENTATION('',(#1412),#1416);
#1412 = LINE('',#1413,#1414);
#1413 = CARTESIAN_POINT('',(0.,0.));
#1414 = VECTOR('',#1415,1.);
#1415 = DIRECTION('',(1.,0.));
#1416 = ( GEOMETRIC_REPRESENTATION_CONTEXT(2) 
PARAMETRIC_REPRESENTATION_CONTEXT() REPRESENTATION_CONTEXT('2D SPACE',''
  ) );
#1417 = FACE_BOUND('',#1418,.T.);
#1418 = EDGE_LOOP('',(#1419));
#1419 = ORIENTED_EDGE('',*,*,#1420,.T.);
#1420 = EDGE_CURVE('',#1421,#1421,#1423,.T.);
#1421 = VERTEX_POINT('',#1422);
#1422 = CARTESIAN_POINT('',(4.9835E+03,45.,10.));
#1423 = SURFACE_CURVE('',#1424,(#1429,#1440),.PCURVE_S1.);
#1424 = CIRCLE('',#1425,6.5);
#1425 = AXIS2_PLACEMENT_3D('',#1426,#1427,#1428);
#1426 = CARTESIAN_POINT('',(4.99E+03,45.,10.));
#1427 = DIRECTION('',(0.,0.,-1.));
#1428 = DIRECTION('',(-1.,0.,0.));
#1429 = PCURVE('',#126,#1430);
#1430 = DEFINITIONAL_REPRESENTATION('',(#1431),#1439);
#1431 = ( BOUNDED_CURVE() B_SPLINE_CURVE(2,(#1432,#1433,#1434,#1435,
#1436,#1437,#1438),.UNSPECIFIED.,.T.,.F.) B_SPLINE_CURVE_WITH_KNOTS((1,2
    ,2,2,2,1),(-2.094395102393,0.,2.094395102393,4.188790204786,
6.28318530718,8.377580409573),.UNSPECIFIED.) CURVE() 
GEOMETRIC_REPRESENTATION_ITEM() RATIONAL_B_SPLINE_CURVE((1.,0.5,1.,0.5,
1.,0.5,1.)) REPRESENTATION_ITEM('') );
#1432 = CARTESIAN_POINT('',(4.9835E+03,45.));
#1433 = CARTESIAN_POINT('',(4.9835E+03,56.258330249198));
#1434 = CARTESIAN_POINT('',(4.99325E+03,50.629165124599));
#1435 = CARTESIAN_POINT('',(5.003E+03,45.));
#1436 = CARTESIAN_POINT('',(4.99325E+03,39.370834875401));
#1437 = CARTESIAN_POINT('',(4.9835E+03,33.741669750802));
#1438 = CARTESIAN_POINT('',(4.9835E+03,45.));
#1439 = ( GEOMETRIC_REPRESENTATION_CONTEXT(2) 
PARAMETRIC_REPRESENTATION_CONTEXT() REPRESENTATION_CONTEXT('2D SPACE',''
  ) );
#1440 = PCURVE('',#1441,#1446);
#1441 = CYLINDRICAL_SURFACE('',#1442,6.5);
#1442 = AXIS2_PLACEMENT_3D('',#1443,#1444,#1445);
#1443 = CARTESIAN_POINT('',(4.99E+03,45.,10.));
#1444 = DIRECTION('',(0.,0.,-1.));
#1445 = DIRECTION('',(-1.,0.,0.));
#1446 = DEFINITIONAL_REPRESENTATION('',(#1447),#1451);
#1447 = LINE('',#1448,#1449);
#1448 = CARTESIAN_POINT('',(0.,0.));
#1449 = VECTOR('',#1450,1.);
#1450 = DIRECTION('',(1.,0.));
#1451 = ( GEOMETRIC_REPRESENTATION_CONTEXT(2) 
PARAMETRIC_REPRESENTATION_CONTEXT() REPRESENTATION_CONTEXT('2D SPACE',''
  ) );
#1452 = FACE_BOUND('',#1453,.T.);
#1453 = EDGE_LOOP('',(#1454));
#1454 = ORIENTED_EDGE('',*,*,#1455,.T.);
#1455 = EDGE_CURVE('',#1456,#1456,#1458,.T.);
#1456 = VERTEX_POINT('',#1457);
#1457 = CARTESIAN_POINT('',(5.0735E+03,45.,10.));
#1458 = SURFACE_CURVE('',#1459,(#1464,#1475),.PCURVE_S1.);
#1459 = CIRCLE('',#1460,6.5);
#1460 = AXIS2_PLACEMENT_3D('',#1461,#1462,#1463);
#1461 = CARTESIAN_POINT('',(5.08E+03,45.,10.));
#1462 = DIRECTION('',(0.,0.,-1.));
#1463 = DIRECTION('',(-1.,0.,0.));
#1464 = PCURVE('',#126,#1465);
#1465 = DEFINITIONAL_REPRESENTATION('',(#1466),#1474);
#1466 = ( BOUNDED_CURVE() B_SPLINE_CURVE(2,(#1467,#1468,#1469,#1470,
#1471,#1472,#1473),.UNSPECIFIED.,.T.,.F.) B_SPLINE_CURVE_WITH_KNOTS((1,2
    ,2,2,2,1),(-2.094395102393,0.,2.094395102393,4.188790204786,
6.28318530718,8.377580409573),.UNSPECIFIED.) CURVE() 
GEOMETRIC_REPRESENTATION_ITEM() RATIONAL_B_SPLINE_CURVE((1.,0.5,1.,0.5,
1.,0.5,1.)) REPRESENTATION_ITEM('') );
#1467 = CARTESIAN_POINT('',(5.0735E+03,45.));
#1468 = CARTESIAN_POINT('',(5.0735E+03,56.258330249198));
#1469 = CARTESIAN_POINT('',(5.08325E+03,50.629165124599));
#1470 = CARTESIAN_POINT('',(5.093E+03,45.));
#1471 = CARTESIAN_POINT('',(5.08325E+03,39.370834875401));
#1472 = CARTESIAN_POINT('',(5.0735E+03,33.741669750802));
#1473 = CARTESIAN_POINT('',(5.0735E+03,45.));
#1474 = ( GEOMETRIC_REPRESENTATION_CONTEXT(2) 
PARAMETRIC_REPRESENTATION_CONTEXT() REPRESENTATION_CONTEXT('2D SPACE',''
  ) );
#1475 = PCURVE('',#1476,#1481);
#1476 = CYLINDRICAL_SURFACE('',#1477,6.5);
#1477 = AXIS2_PLACEMENT_3D('',#1478,#1479,#1480);
#1478 = CARTESIAN_POINT('',(5.08E+03,45.,10.));
#1479 = DIRECTION('',(0.,0.,-1.));
#1480 = DIRECTION('',(-1.,0.,0.));
#1481 = DEFINITIONAL_REPRESENTATION('',(#1482),#1486);
#1482 = LINE('',#1483,#1484);
#1483 = CARTESIAN_POINT('',(0.,0.));
#1484 = VECTOR('',#1485,1.);
#1485 = DIRECTION('',(1.,0.));
#1486 = ( GEOMETRIC_REPRESENTATION_CONTEXT(2) 
PARAMETRIC_REPRESENTATION_CONTEXT() REPRESENTATION_CONTEXT('2D SPACE',''
  ) );
#1487 = FACE_BOUND('',#1488,.T.);
#1488 = EDGE_LOOP('',(#1489));
#1489 = ORIENTED_EDGE('',*,*,#1490,.T.);
#1490 = EDGE_CURVE('',#1491,#1491,#1493,.T.);
#1491 = VERTEX_POINT('',#1492);
#1492 = CARTESIAN_POINT('',(5.1635E+03,45.,10.));
#1493 = SURFACE_CURVE('',#1494,(#1499,#1510),.PCURVE_S1.);
#1494 = CIRCLE('',#1495,6.5);
#1495 = AXIS2_PLACEMENT_3D('',#1496,#1497,#1498);
#1496 = CARTESIAN_POINT('',(5.17E+03,45.,10.));
#1497 = DIRECTION('',(0.,0.,-1.));
#1498 = DIRECTION('',(-1.,0.,0.));
#1499 = PCURVE('',#126,#1500);
#1500 = DEFINITIONAL_REPRESENTATION('',(#1501),#1509);
#1501 = ( BOUNDED_CURVE() B_SPLINE_CURVE(2,(#1502,#1503,#1504,#1505,
#1506,#1507,#1508),.UNSPECIFIED.,.T.,.F.) B_SPLINE_CURVE_WITH_KNOTS((1,2
    ,2,2,2,1),(-2.094395102393,0.,2.094395102393,4.188790204786,
6.28318530718,8.377580409573),.UNSPECIFIED.) CURVE() 
GEOMETRIC_REPRESENTATION_ITEM() RATIONAL_B_SPLINE_CURVE((1.,0.5,1.,0.5,
1.,0.5,1.)) REPRESENTATION_ITEM('') );
#1502 = CARTESIAN_POINT('',(5.1635E+03,45.));
#1503 = CARTESIAN_POINT('',(5.1635E+03,56.258330249198));
#1504 = CARTESIAN_POINT('',(5.17325E+03,50.629165124599));
#1505 = CARTESIAN_POINT('',(5.183E+03,45.));
#1506 = CARTESIAN_POINT('',(5.17325E+03,39.370834875401));
#1507 = CARTESIAN_POINT('',(5.1635E+03,33.741669750802));
#1508 = CARTESIAN_POINT('',(5.1635E+03,45.));
#1509 = ( GEOMETRIC_REPRESENTATION_CONTEXT(2) 
PARAMETRIC_REPRESENTATION_CONTEXT() REPRESENTATION_CONTEXT('2D SPACE',''
  ) );
#1510 = PCURVE('',#1511,#1516);
#1511 = CYLINDRICAL_SURFACE('',#1512,6.5);
#1512 = AXIS2_PLACEMENT_3D('',#1513,#1514,#1515);
#1513 = CARTESIAN_POINT('',(5.17E+03,45.,10.));
#1514 = DIRECTION('',(0.,0.,-1.));
#1515 = DIRECTION('',(-1.,0.,0.));
#1516 = DEFINITIONAL_REPRESENTATION('',(#1517),#1521);
#1517 = LINE('',#1518,#1519);
#1518 = CARTESIAN_POINT('',(0.,0.));
#1519 = VECTOR('',#1520,1.);
#1520 = DIRECTION('',(1.,0.));
#1521 = ( GEOMETRIC_REPRESENTATION_CONTEXT(2) 
PARAMETRIC_REPRESENTATION_CONTEXT() REPRESENTATION_CONTEXT('2D SPACE',''
  ) );
#1522 = FACE_BOUND('',#1523,.T.);
#1523 = EDGE_LOOP('',(#1524));
#1524 = ORIENTED_EDGE('',*,*,#1525,.T.);
#1525 = EDGE_CURVE('',#1526,#1526,#1528,.T.);
#1526 = VERTEX_POINT('',#1527);
#1527 = CARTESIAN_POINT('',(5.2535E+03,45.,10.));
#1528 = SURFACE_CURVE('',#1529,(#1534,#1545),.PCURVE_S1.);
#1529 = CIRCLE('',#1530,6.5);
#1530 = AXIS2_PLACEMENT_3D('',#1531,#1532,#1533);
#1531 = CARTESIAN_POINT('',(5.26E+03,45.,10.));
#1532 = DIRECTION('',(0.,0.,-1.));
#1533 = DIRECTION('',(-1.,0.,0.));
#1534 = PCURVE('',#126,#1535);
#1535 = DEFINITIONAL_REPRESENTATION('',(#1536),#1544);
#1536 = ( BOUNDED_CURVE() B_SPLINE_CURVE(2,(#1537,#1538,#1539,#1540,
#1541,#1542,#1543),.UNSPECIFIED.,.T.,.F.) B_SPLINE_CURVE_WITH_KNOTS((1,2
    ,2,2,2,1),(-2.094395102393,0.,2.094395102393,4.188790204786,
6.28318530718,8.377580409573),.UNSPECIFIED.) CURVE() 
GEOMETRIC_REPRESENTATION_ITEM() RATIONAL_B_SPLINE_CURVE((1.,0.5,1.,0.5,
1.,0.5,1.)) REPRESENTATION_ITEM('') );
#1537 = CARTESIAN_POINT('',(5.2535E+03,45.));
#1538 = CARTESIAN_POINT('',(5.2535E+03,56.258330249198));
#1539 = CARTESIAN_POINT('',(5.26325E+03,50.629165124599));
#1540 = CARTESIAN_POINT('',(5.273E+03,45.));
#1541 = CARTESIAN_POINT('',(5.26325E+03,39.370834875401));
#1542 = CARTESIAN_POINT('',(5.2535E+03,33.741669750802));
#1543 = CARTESIAN_POINT('',(5.2535E+03,45.));
#1544 = ( GEOMETRIC_REPRESENTATION_CONTEXT(2) 
PARAMETRIC_REPRESENTATION_CONTEXT() REPRESENTATION_CONTEXT('2D SPACE',''
  ) );
#1545 = PCURVE('',#1546,#1551);
#1546 = CYLINDRICAL_SURFACE('',#1547,6.5);
#1547 = AXIS2_PLACEMENT_3D('',#1548,#1549,#1550);
#1548 = CARTESIAN_POINT('',(5.26E+03,45.,10.));
#1549 = DIRECTION('',(0.,0.,-1.));
#1550 = DIRECTION('',(-1.,0.,0.));
#1551 = DEFINITIONAL_REPRESENTATION('',(#1552),#1556);
#1552 = LINE('',#1553,#1554);
#1553 = CARTESIAN_POINT('',(0.,0.));
#1554 = VECTOR('',#1555,1.);
#1555 = DIRECTION('',(1.,0.));
#1556 = ( GEOMETRIC_REPRESENTATION_CONTEXT(2) 
PARAMETRIC_REPRESENTATION_CONTEXT() REPRESENTATION_CONTEXT('2D SPACE',''
  ) );
#1557 = FACE_BOUND('',#1558,.T.);
#1558 = EDGE_LOOP('',(#1559));
#1559 = ORIENTED_EDGE('',*,*,#1560,.T.);
#1560 = EDGE_CURVE('',#1561,#1561,#1563,.T.);
#1561 = VERTEX_POINT('',#1562);
#1562 = CARTESIAN_POINT('',(5.3435E+03,45.,10.));
#1563 = SURFACE_CURVE('',#1564,(#1569,#1580),.PCURVE_S1.);
#1564 = CIRCLE('',#1565,6.5);
#1565 = AXIS2_PLACEMENT_3D('',#1566,#1567,#1568);
#1566 = CARTESIAN_POINT('',(5.35E+03,45.,10.));
#1567 = DIRECTION('',(0.,0.,-1.));
#1568 = DIRECTION('',(-1.,0.,0.));
#1569 = PCURVE('',#126,#1570);
#1570 = DEFINITIONAL_REPRESENTATION('',(#1571),#1579);
#1571 = ( BOUNDED_CURVE() B_SPLINE_CURVE(2,(#1572,#1573,#1574,#1575,
#1576,#1577,#1578),.UNSPECIFIED.,.T.,.F.) B_SPLINE_CURVE_WITH_KNOTS((1,2
    ,2,2,2,1),(-2.094395102393,0.,2.094395102393,4.188790204786,
6.28318530718,8.377580409573),.UNSPECIFIED.) CURVE() 
GEOMETRIC_REPRESENTATION_ITEM() RATIONAL_B_SPLINE_CURVE((1.,0.5,1.,0.5,
1.,0.5,1.)) REPRESENTATION_ITEM('') );
#1572 = CARTESIAN_POINT('',(5.3435E+03,45.));
#1573 = CARTESIAN_POINT('',(5.3435E+03,56.258330249198));
#1574 = CARTESIAN_POINT('',(5.35325E+03,50.629165124599));
#1575 = CARTESIAN_POINT('',(5.363E+03,45.));
#1576 = CARTESIAN_POINT('',(5.35325E+03,39.370834875401));
#1577 = CARTESIAN_POINT('',(5.3435E+03,33.741669750802));
#1578 = CARTESIAN_POINT('',(5.3435E+03,45.));
#1579 = ( GEOMETRIC_REPRESENTATION_CONTEXT(2) 
PARAMETRIC_REPRESENTATION_CONTEXT() REPRESENTATION_CONTEXT('2D SPACE',''
  ) );
#1580 = PCURVE('',#1581,#1586);
#1581 = CYLINDRICAL_SURFACE('',#1582,6.5);
#1582 = AXIS2_PLACEMENT_3D('',#1583,#1584,#1585);
#1583 = CARTESIAN_POINT('',(5.35E+03,45.,10.));
#1584 = DIRECTION('',(0.,0.,-1.));
#1585 = DIRECTION('',(-1.,0.,0.));
#1586 = DEFINITIONAL_REPRESENTATION('',(#1587),#1591);
#1587 = LINE('',#1588,#1589);
#1588 = CARTESIAN_POINT('',(0.,0.));
#1589 = VECTOR('',#1590,1.);
#1590 = DIRECTION('',(1.,0.));
#1591 = ( GEOMETRIC_REPRESENTATION_CONTEXT(2) 
PARAMETRIC_REPRESENTATION_CONTEXT() REPRESENTATION_CONTEXT('2D SPACE',''
  ) );
#1592 = FACE_BOUND('',#1593,.T.);
#1593 = EDGE_LOOP('',(#1594));
#1594 = ORIENTED_EDGE('',*,*,#1595,.T.);
#1595 = EDGE_CURVE('',#1596,#1596,#1598,.T.);
#1596 = VERTEX_POINT('',#1597);
#1597 = CARTESIAN_POINT('',(5.4335E+03,45.,10.));
#1598 = SURFACE_CURVE('',#1599,(#1604,#1615),.PCURVE_S1.);
#1599 = CIRCLE('',#1600,6.5);
#1600 = AXIS2_PLACEMENT_3D('',#1601,#1602,#1603);
#1601 = CARTESIAN_POINT('',(5.44E+03,45.,10.));
#1602 = DIRECTION('',(0.,0.,-1.));
#1603 = DIRECTION('',(-1.,0.,0.));
#1604 = PCURVE('',#126,#1605);
#1605 = DEFINITIONAL_REPRESENTATION('',(#1606),#1614);
#1606 = ( BOUNDED_CURVE() B_SPLINE_CURVE(2,(#1607,#1608,#1609,#1610,
#1611,#1612,#1613),.UNSPECIFIED.,.T.,.F.) B_SPLINE_CURVE_WITH_KNOTS((1,2
    ,2,2,2,1),(-2.094395102393,0.,2.094395102393,4.188790204786,
6.28318530718,8.377580409573),.UNSPECIFIED.) CURVE() 
GEOMETRIC_REPRESENTATION_ITEM() RATIONAL_B_SPLINE_CURVE((1.,0.5,1.,0.5,
1.,0.5,1.)) REPRESENTATION_ITEM('') );
#1607 = CARTESIAN_POINT('',(5.4335E+03,45.));
#1608 = CARTESIAN_POINT('',(5.4335E+03,56.258330249198));
#1609 = CARTESIAN_POINT('',(5.44325E+03,50.629165124599));
#1610 = CARTESIAN_POINT('',(5.453E+03,45.));
#1611 = CARTESIAN_POINT('',(5.44325E+03,39.370834875401));
#1612 = CARTESIAN_POINT('',(5.4335E+03,33.741669750802));
#1613 = CARTESIAN_POINT('',(5.4335E+03,45.));
#1614 = ( GEOMETRIC_REPRESENTATION_CONTEXT(2) 
PARAMETRIC_REPRESENTATION_CONTEXT() REPRESENTATION_CONTEXT('2D SPACE',''
  ) );
#1615 = PCURVE('',#1616,#1621);
#1616 = CYLINDRICAL_SURFACE('',#1617,6.5);
#1617 = AXIS2_PLACEMENT_3D('',#1618,#1619,#1620);
#1618 = CARTESIAN_POINT('',(5.44E+03,45.,10.));
#1619 = DIRECTION('',(0.,0.,-1.));
#1620 = DIRECTION('',(-1.,0.,0.));
#1621 = DEFINITIONAL_REPRESENTATION('',(#1622),#1626);
#1622 = LINE('',#1623,#1624);
#1623 = CARTESIAN_POINT('',(0.,0.));
#1624 = VECTOR('',#1625,1.);
#1625 = DIRECTION('',(1.,0.));
#1626 = ( GEOMETRIC_REPRESENTATION_CONTEXT(2) 
PARAMETRIC_REPRESENTATION_CONTEXT() REPRESENTATION_CONTEXT('2D SPACE',''
  ) );
#1627 = FACE_BOUND('',#1628,.T.);
#1628 = EDGE_LOOP('',(#1629));
#1629 = ORIENTED_EDGE('',*,*,#1630,.T.);
#1630 = EDGE_CURVE('',#1631,#1631,#1633,.T.);
#1631 = VERTEX_POINT('',#1632);
#1632 = CARTESIAN_POINT('',(63.5,100.,10.));
#1633 = SURFACE_CURVE('',#1634,(#1639,#1650),.PCURVE_S1.);
#1634 = CIRCLE('',#1635,6.5);
#1635 = AXIS2_PLACEMENT_3D('',#1636,#1637,#1638);
#1636 = CARTESIAN_POINT('',(70.,100.,10.));
#1637 = DIRECTION('',(0.,0.,-1.));
#1638 = DIRECTION('',(-1.,0.,0.));
#1639 = PCURVE('',#126,#1640);
#1640 = DEFINITIONAL_REPRESENTATION('',(#1641),#1649);
#1641 = ( BOUNDED_CURVE() B_SPLINE_CURVE(2,(#1642,#1643,#1644,#1645,
#1646,#1647,#1648),.UNSPECIFIED.,.T.,.F.) B_SPLINE_CURVE_WITH_KNOTS((1,2
    ,2,2,2,1),(-2.094395102393,0.,2.094395102393,4.188790204786,
6.28318530718,8.377580409573),.UNSPECIFIED.) CURVE() 
GEOMETRIC_REPRESENTATION_ITEM() RATIONAL_B_SPLINE_CURVE((1.,0.5,1.,0.5,
1.,0.5,1.)) REPRESENTATION_ITEM('') );
#1642 = CARTESIAN_POINT('',(63.5,100.));
#1643 = CARTESIAN_POINT('',(63.5,111.25833024919));
#1644 = CARTESIAN_POINT('',(73.25,105.62916512459));
#1645 = CARTESIAN_POINT('',(83.,100.));
#1646 = CARTESIAN_POINT('',(73.25,94.370834875401));
#1647 = CARTESIAN_POINT('',(63.5,88.741669750802));
#1648 = CARTESIAN_POINT('',(63.5,100.));
#1649 = ( GEOMETRIC_REPRESENTATION_CONTEXT(2) 
PARAMETRIC_REPRESENTATION_CONTEXT() REPRESENTATION_CONTEXT('2D SPACE',''
  ) );
#1650 = PCURVE('',#1651,#1656);
#1651 = CYLINDRICAL_SURFACE('',#1652,6.5);
#1652 = AXIS2_PLACEMENT_3D('',#1653,#1654,#1655);
#1653 = CARTESIAN_POINT('',(70.,100.,10.));
#1654 = DIRECTION('',(0.,0.,-1.));
#1655 = DIRECTION('',(-1.,0.,0.));
#1656 = DEFINITIONAL_REPRESENTATION('',(#1657),#1661);
#1657 = LINE('',#1658,#1659);
#1658 = CARTESIAN_POINT('',(0.,0.));
#1659 = VECTOR('',#1660,1.);
#1660 = DIRECTION('',(1.,0.));
#1661 = ( GEOMETRIC_REPRESENTATION_CONTEXT(2) 
PARAMETRIC_REPRESENTATION_CONTEXT() REPRESENTATION_CONTEXT('2D SPACE',''
  ) );
#1662 = FACE_BOUND('',#1663,.T.);
#1663 = EDGE_LOOP('',(#1664));
#1664 = ORIENTED_EDGE('',*,*,#1665,.T.);
#1665 = EDGE_CURVE('',#1666,#1666,#1668,.T.);
#1666 = VERTEX_POINT('',#1667);
#1667 = CARTESIAN_POINT('',(153.5,100.,10.));
#1668 = SURFACE_CURVE('',#1669,(#1674,#1685),.PCURVE_S1.);
#1669 = CIRCLE('',#1670,6.5);
#1670 = AXIS2_PLACEMENT_3D('',#1671,#1672,#1673);
#1671 = CARTESIAN_POINT('',(160.,100.,10.));
#1672 = DIRECTION('',(0.,0.,-1.));
#1673 = DIRECTION('',(-1.,0.,0.));
#1674 = PCURVE('',#126,#1675);
#1675 = DEFINITIONAL_REPRESENTATION('',(#1676),#1684);
#1676 = ( BOUNDED_CURVE() B_SPLINE_CURVE(2,(#1677,#1678,#1679,#1680,
#1681,#1682,#1683),.UNSPECIFIED.,.T.,.F.) B_SPLINE_CURVE_WITH_KNOTS((1,2
    ,2,2,2,1),(-2.094395102393,0.,2.094395102393,4.188790204786,
6.28318530718,8.377580409573),.UNSPECIFIED.) CURVE() 
GEOMETRIC_REPRESENTATION_ITEM() RATIONAL_B_SPLINE_CURVE((1.,0.5,1.,0.5,
1.,0.5,1.)) REPRESENTATION_ITEM('') );
#1677 = CARTESIAN_POINT('',(153.5,100.));
#1678 = CARTESIAN_POINT('',(153.5,111.25833024919));
#1679 = CARTESIAN_POINT('',(163.25,105.62916512459));
#1680 = CARTESIAN_POINT('',(173.,100.));
#1681 = CARTESIAN_POINT('',(163.25,94.370834875401));
#1682 = CARTESIAN_POINT('',(153.5,88.741669750802));
#1683 = CARTESIAN_POINT('',(153.5,100.));
#1684 = ( GEOMETRIC_REPRESENTATION_CONTEXT(2) 
PARAMETRIC_REPRESENTATION_CONTEXT() REPRESENTATION_CONTEXT('2D SPACE',''
  ) );
#1685 = PCURVE('',#1686,#1691);
#1686 = CYLINDRICAL_SURFACE('',#1687,6.5);
#1687 = AXIS2_PLACEMENT_3D('',#1688,#1689,#1690);
#1688 = CARTESIAN_POINT('',(160.,100.,10.));
#1689 = DIRECTION('',(0.,0.,-1.));
#1690 = DIRECTION('',(-1.,0.,0.));
#1691 = DEFINITIONAL_REPRESENTATION('',(#1692),#1696);
#1692 = LINE('',#1693,#1694);
#1693 = CARTESIAN_POINT('',(0.,0.));
#1694 = VECTOR('',#1695,1.);
#1695 = DIRECTION('',(1.,0.));
#1696 = ( GEOMETRIC_REPRESENTATION_CONTEXT(2) 
PARAMETRIC_REPRESENTATION_CONTEXT() REPRESENTATION_CONTEXT('2D SPACE',''
  ) );
#1697 = FACE_BOUND('',#1698,.T.);
#1698 = EDGE_LOOP('',(#1699));
#1699 = ORIENTED_EDGE('',*,*,#1700,.T.);
#1700 = EDGE_CURVE('',#1701,#1701,#1703,.T.);
#1701 = VERTEX_POINT('',#1702);
#1702 = CARTESIAN_POINT('',(243.5,100.,10.));
#1703 = SURFACE_CURVE('',#1704,(#1709,#1720),.PCURVE_S1.);
#1704 = CIRCLE('',#1705,6.5);
#1705 = AXIS2_PLACEMENT_3D('',#1706,#1707,#1708);
#1706 = CARTESIAN_POINT('',(250.,100.,10.));
#1707 = DIRECTION('',(0.,0.,-1.));
#1708 = DIRECTION('',(-1.,0.,0.));
#1709 = PCURVE('',#126,#1710);
#1710 = DEFINITIONAL_REPRESENTATION('',(#1711),#1719);
#1711 = ( BOUNDED_CURVE() B_SPLINE_CURVE(2,(#1712,#1713,#1714,#1715,
#1716,#1717,#1718),.UNSPECIFIED.,.T.,.F.) B_SPLINE_CURVE_WITH_KNOTS((1,2
    ,2,2,2,1),(-2.094395102393,0.,2.094395102393,4.188790204786,
6.28318530718,8.377580409573),.UNSPECIFIED.) CURVE() 
GEOMETRIC_REPRESENTATION_ITEM() RATIONAL_B_SPLINE_CURVE((1.,0.5,1.,0.5,
1.,0.5,1.)) REPRESENTATION_ITEM('') );
#1712 = CARTESIAN_POINT('',(243.5,100.));
#1713 = CARTESIAN_POINT('',(243.5,111.25833024919));
#1714 = CARTESIAN_POINT('',(253.25,105.62916512459));
#1715 = CARTESIAN_POINT('',(263.,100.));
#1716 = CARTESIAN_POINT('',(253.25,94.370834875401));
#1717 = CARTESIAN_POINT('',(243.5,88.741669750802));
#1718 = CARTESIAN_POINT('',(243.5,100.));
#1719 = ( GEOMETRIC_REPRESENTATION_CONTEXT(2) 
PARAMETRIC_REPRESENTATION_CONTEXT() REPRESENTATION_CONTEXT('2D SPACE',''
  ) );
#1720 = PCURVE('',#1721,#1726);
#1721 = CYLINDRICAL_SURFACE('',#1722,6.5);
#1722 = AXIS2_PLACEMENT_3D('',#1723,#1724,#1725);
#1723 = CARTESIAN_POINT('',(250.,100.,10.));
#1724 = DIRECTION('',(0.,0.,-1.));
#1725 = DIRECTION('',(-1.,0.,0.));
#1726 = DEFINITIONAL_REPRESENTATION('',(#1727),#1731);
#1727 = LINE('',#1728,#1729);
#1728 = CARTESIAN_POINT('',(0.,0.));
#1729 = VECTOR('',#1730,1.);
#1730 = DIRECTION('',(1.,0.));
#1731 = ( GEOMETRIC_REPRESENTATION_CONTEXT(2) 
PARAMETRIC_REPRESENTATION_CONTEXT() REPRESENTATION_CONTEXT('2D SPACE',''
  ) );
#1732 = FACE_BOUND('',#1733,.T.);
#1733 = EDGE_LOOP('',(#1734));
#1734 = ORIENTED_EDGE('',*,*,#1735,.T.);
#1735 = EDGE_CURVE('',#1736,#1736,#1738,.T.);
#1736 = VERTEX_POINT('',#1737);
#1737 = CARTESIAN_POINT('',(333.5,100.,10.));
#1738 = SURFACE_CURVE('',#1739,(#1744,#1755),.PCURVE_S1.);
#1739 = CIRCLE('',#1740,6.5);
#1740 = AXIS2_PLACEMENT_3D('',#1741,#1742,#1743);
#1741 = CARTESIAN_POINT('',(340.,100.,10.));
#1742 = DIRECTION('',(0.,0.,-1.));
#1743 = DIRECTION('',(-1.,0.,0.));
#1744 = PCURVE('',#126,#1745);
#1745 = DEFINITIONAL_REPRESENTATION('',(#1746),#1754);
#1746 = ( BOUNDED_CURVE() B_SPLINE_CURVE(2,(#1747,#1748,#1749,#1750,
#1751,#1752,#1753),.UNSPECIFIED.,.T.,.F.) B_SPLINE_CURVE_WITH_KNOTS((1,2
    ,2,2,2,1),(-2.094395102393,0.,2.094395102393,4.188790204786,
6.28318530718,8.377580409573),.UNSPECIFIED.) CURVE() 
GEOMETRIC_REPRESENTATION_ITEM() RATIONAL_B_SPLINE_CURVE((1.,0.5,1.,0.5,
1.,0.5,1.)) REPRESENTATION_ITEM('') );
#1747 = CARTESIAN_POINT('',(333.5,100.));
#1748 = CARTESIAN_POINT('',(333.5,111.25833024919));
#1749 = CARTESIAN_POINT('',(343.25,105.62916512459));
#1750 = CARTESIAN_POINT('',(353.,100.));
#1751 = CARTESIAN_POINT('',(343.25,94.370834875401));
#1752 = CARTESIAN_POINT('',(333.5,88.741669750802));
#1753 = CARTESIAN_POINT('',(333.5,100.));
#1754 = ( GEOMETRIC_REPRESENTATION_CONTEXT(2) 
PARAMETRIC_REPRESENTATION_CONTEXT() REPRESENTATION_CONTEXT('2D SPACE',''
  ) );
#1755 = PCURVE('',#1756,#1761);
#1756 = CYLINDRICAL_SURFACE('',#1757,6.5);
#1757 = AXIS2_PLACEMENT_3D('',#1758,#1759,#1760);
#1758 = CARTESIAN_POINT('',(340.,100.,10.));
#1759 = DIRECTION('',(0.,0.,-1.));
#1760 = DIRECTION('',(-1.,0.,0.));
#1761 = DEFINITIONAL_REPRESENTATION('',(#1762),#1766);
#1762 = LINE('',#1763,#1764);
#1763 = CARTESIAN_POINT('',(0.,0.));
#1764 = VECTOR('',#1765,1.);
#1765 = DIRECTION('',(1.,0.));
#1766 = ( GEOMETRIC_REPRESENTATION_CONTEXT(2) 
PARAMETRIC_REPRESENTATION_CONTEXT() REPRESENTATION_CONTEXT('2D SPACE',''
  ) );
#1767 = FACE_BOUND('',#1768,.T.);
#1768 = EDGE_LOOP('',(#1769));
#1769 = ORIENTED_EDGE('',*,*,#1770,.T.);
#1770 = EDGE_CURVE('',#1771,#1771,#1773,.T.);
#1771 = VERTEX_POINT('',#1772);
#1772 = CARTESIAN_POINT('',(423.5,100.,10.));
#1773 = SURFACE_CURVE('',#1774,(#1779,#1790),.PCURVE_S1.);
#1774 = CIRCLE('',#1775,6.5);
#1775 = AXIS2_PLACEMENT_3D('',#1776,#1777,#1778);
#1776 = CARTESIAN_POINT('',(430.,100.,10.));
#1777 = DIRECTION('',(0.,0.,-1.));
#1778 = DIRECTION('',(-1.,0.,0.));
#1779 = PCURVE('',#126,#1780);
#1780 = DEFINITIONAL_REPRESENTATION('',(#1781),#1789);
#1781 = ( BOUNDED_CURVE() B_SPLINE_CURVE(2,(#1782,#1783,#1784,#1785,
#1786,#1787,#1788),.UNSPECIFIED.,.T.,.F.) B_SPLINE_CURVE_WITH_KNOTS((1,2
    ,2,2,2,1),(-2.094395102393,0.,2.094395102393,4.188790204786,
6.28318530718,8.377580409573),.UNSPECIFIED.) CURVE() 
GEOMETRIC_REPRESENTATION_ITEM() RATIONAL_B_SPLINE_CURVE((1.,0.5,1.,0.5,
1.,0.5,1.)) REPRESENTATION_ITEM('') );
#1782 = CARTESIAN_POINT('',(423.5,100.));
#1783 = CARTESIAN_POINT('',(423.5,111.25833024919));
#1784 = CARTESIAN_POINT('',(433.25,105.62916512459));
#1785 = CARTESIAN_POINT('',(443.,100.));
#1786 = CARTESIAN_POINT('',(433.25,94.370834875401));
#1787 = CARTESIAN_POINT('',(423.5,88.741669750802));
#1788 = CARTESIAN_POINT('',(423.5,100.));
#1789 = ( GEOMETRIC_REPRESENTATION_CONTEXT(2) 
PARAMETRIC_REPRESENTATION_CONTEXT() REPRESENTATION_CONTEXT('2D SPACE',''
  ) );
#1790 = PCURVE('',#1791,#1796);
#1791 = CYLINDRICAL_SURFACE('',#1792,6.5);
#1792 = AXIS2_PLACEMENT_3D('',#1793,#1794,#1795);
#1793 = CARTESIAN_POINT('',(430.,100.,10.));
#1794 = DIRECTION('',(0.,0.,-1.));
#1795 = DIRECTION('',(-1.,0.,0.));
#1796 = DEFINITIONAL_REPRESENTATION('',(#1797),#1801);
#1797 = LINE('',#1798,#1799);
#1798 = CARTESIAN_POINT('',(0.,0.));
#1799 = VECTOR('',#1800,1.);
#1800 = DIRECTION('',(1.,0.));
#1801 = ( GEOMETRIC_REPRESENTATION_CONTEXT(2) 
PARAMETRIC_REPRESENTATION_CONTEXT() REPRESENTATION_CONTEXT('2D SPACE',''
  ) );
#1802 = FACE_BOUND('',#1803,.T.);
#1803 = EDGE_LOOP('',(#1804));
#1804 = ORIENTED_EDGE('',*,*,#1805,.T.);
#1805 = EDGE_CURVE('',#1806,#1806,#1808,.T.);
#1806 = VERTEX_POINT('',#1807);
#1807 = CARTESIAN_POINT('',(513.5,100.,10.));
#1808 = SURFACE_CURVE('',#1809,(#1814,#1825),.PCURVE_S1.);
#1809 = CIRCLE('',#1810,6.5);
#1810 = AXIS2_PLACEMENT_3D('',#1811,#1812,#1813);
#1811 = CARTESIAN_POINT('',(520.,100.,10.));
#1812 = DIRECTION('',(0.,0.,-1.));
#1813 = DIRECTION('',(-1.,0.,0.));
#1814 = PCURVE('',#126,#1815);
#1815 = DEFINITIONAL_REPRESENTATION('',(#1816),#1824);
#1816 = ( BOUNDED_CURVE() B_SPLINE_CURVE(2,(#1817,#1818,#1819,#1820,
#1821,#1822,#1823),.UNSPECIFIED.,.T.,.F.) B_SPLINE_CURVE_WITH_KNOTS((1,2
    ,2,2,2,1),(-2.094395102393,0.,2.094395102393,4.188790204786,
6.28318530718,8.377580409573),.UNSPECIFIED.) CURVE() 
GEOMETRIC_REPRESENTATION_ITEM() RATIONAL_B_SPLINE_CURVE((1.,0.5,1.,0.5,
1.,0.5,1.)) REPRESENTATION_ITEM('') );
#1817 = CARTESIAN_POINT('',(513.5,100.));
#1818 = CARTESIAN_POINT('',(513.5,111.25833024919));
#1819 = CARTESIAN_POINT('',(523.25,105.62916512459));
#1820 = CARTESIAN_POINT('',(533.,100.));
#1821 = CARTESIAN_POINT('',(523.25,94.370834875401));
#1822 = CARTESIAN_POINT('',(513.5,88.741669750802));
#1823 = CARTESIAN_POINT('',(513.5,100.));
#1824 = ( GEOMETRIC_REPRESENTATION_CONTEXT(2) 
PARAMETRIC_REPRESENTATION_CONTEXT() REPRESENTATION_CONTEXT('2D SPACE',''
  ) );
#1825 = PCURVE('',#1826,#1831);
#1826 = CYLINDRICAL_SURFACE('',#1827,6.5);
#1827 = AXIS2_PLACEMENT_3D('',#1828,#1829,#1830);
#1828 = CARTESIAN_POINT('',(520.,100.,10.));
#1829 = DIRECTION('',(0.,0.,-1.));
#1830 = DIRECTION('',(-1.,0.,0.));
#1831 = DEFINITIONAL_REPRESENTATION('',(#1832),#1836);
#1832 = LINE('',#1833,#1834);
#1833 = CARTESIAN_POINT('',(0.,0.));
#1834 = VECTOR('',#1835,1.);
#1835 = DIRECTION('',(1.,0.));
#1836 = ( GEOMETRIC_REPRESENTATION_CONTEXT(2) 
PARAMETRIC_REPRESENTATION_CONTEXT() REPRESENTATION_CONTEXT('2D SPACE',''
  ) );
#1837 = FACE_BOUND('',#1838,.T.);
#1838 = EDGE_LOOP('',(#1839));
#1839 = ORIENTED_EDGE('',*,*,#1840,.T.);
#1840 = EDGE_CURVE('',#1841,#1841,#1843,.T.);
#1841 = VERTEX_POINT('',#1842);
#1842 = CARTESIAN_POINT('',(603.5,100.,10.));
#1843 = SURFACE_CURVE('',#1844,(#1849,#1860),.PCURVE_S1.);
#1844 = CIRCLE('',#1845,6.5);
#1845 = AXIS2_PLACEMENT_3D('',#1846,#1847,#1848);
#1846 = CARTESIAN_POINT('',(610.,100.,10.));
#1847 = DIRECTION('',(0.,0.,-1.));
#1848 = DIRECTION('',(-1.,0.,0.));
#1849 = PCURVE('',#126,#1850);
#1850 = DEFINITIONAL_REPRESENTATION('',(#1851),#1859);
#1851 = ( BOUNDED_CURVE() B_SPLINE_CURVE(2,(#1852,#1853,#1854,#1855,
#1856,#1857,#1858),.UNSPECIFIED.,.T.,.F.) B_SPLINE_CURVE_WITH_KNOTS((1,2
    ,2,2,2,1),(-2.094395102393,0.,2.094395102393,4.188790204786,
6.28318530718,8.377580409573),.UNSPECIFIED.) CURVE() 
GEOMETRIC_REPRESENTATION_ITEM() RATIONAL_B_SPLINE_CURVE((1.,0.5,1.,0.5,
1.,0.5,1.)) REPRESENTATION_ITEM('') );
#1852 = CARTESIAN_POINT('',(603.5,100.));
#1853 = CARTESIAN_POINT('',(603.5,111.25833024919));
#1854 = CARTESIAN_POINT('',(613.25,105.62916512459));
#1855 = CARTESIAN_POINT('',(623.,100.));
#1856 = CARTESIAN_POINT('',(613.25,94.370834875401));
#1857 = CARTESIAN_POINT('',(603.5,88.741669750802));
#1858 = CARTESIAN_POINT('',(603.5,100.));
#1859 = ( GEOMETRIC_REPRESENTATION_CONTEXT(2) 
PARAMETRIC_REPRESENTATION_CONTEXT() REPRESENTATION_CONTEXT('2D SPACE',''
  ) );
#1860 = PCURVE('',#1861,#1866);
#1861 = CYLINDRICAL_SURFACE('',#1862,6.5);
#1862 = AXIS2_PLACEMENT_3D('',#1863,#1864,#1865);
#1863 = CARTESIAN_POINT('',(610.,100.,10.));
#1864 = DIRECTION('',(0.,0.,-1.));
#1865 = DIRECTION('',(-1.,0.,0.));
#1866 = DEFINITIONAL_REPRESENTATION('',(#1867),#1871);
#1867 = LINE('',#1868,#1869);
#1868 = CARTESIAN_POINT('',(0.,0.));
#1869 = VECTOR('',#1870,1.);
#1870 = DIRECTION('',(1.,0.));
#1871 = ( GEOMETRIC_REPRESENTATION_CONTEXT(2) 
PARAMETRIC_REPRESENTATION_CONTEXT() REPRESENTATION_CONTEXT('2D SPACE',''
  ) );
#1872 = FACE_BOUND('',#1873,.T.);
#1873 = EDGE_LOOP('',(#1874));
#1874 = ORIENTED_EDGE('',*,*,#1875,.T.);
#1875 = EDGE_CURVE('',#1876,#1876,#1878,.T.);
#1876 = VERTEX_POINT('',#1877);
#1877 = CARTESIAN_POINT('',(693.5,100.,10.));
#1878 = SURFACE_CURVE('',#1879,(#1884,#1895),.PCURVE_S1.);
#1879 = CIRCLE('',#1880,6.5);
#1880 = AXIS2_PLACEMENT_3D('',#1881,#1882,#1883);
#1881 = CARTESIAN_POINT('',(700.,100.,10.));
#1882 = DIRECTION('',(0.,0.,-1.));
#1883 = DIRECTION('',(-1.,0.,0.));
#1884 = PCURVE('',#126,#1885);
#1885 = DEFINITIONAL_REPRESENTATION('',(#1886),#1894);
#1886 = ( BOUNDED_CURVE() B_SPLINE_CURVE(2,(#1887,#1888,#1889,#1890,
#1891,#1892,#1893),.UNSPECIFIED.,.T.,.F.) B_SPLINE_CURVE_WITH_KNOTS((1,2
    ,2,2,2,1),(-2.094395102393,0.,2.094395102393,4.188790204786,
6.28318530718,8.377580409573),.UNSPECIFIED.) CURVE() 
GEOMETRIC_REPRESENTATION_ITEM() RATIONAL_B_SPLINE_CURVE((1.,0.5,1.,0.5,
1.,0.5,1.)) REPRESENTATION_ITEM('') );
#1887 = CARTESIAN_POINT('',(693.5,100.));
#1888 = CARTESIAN_POINT('',(693.5,111.25833024919));
#1889 = CARTESIAN_POINT('',(703.25,105.62916512459));
#1890 = CARTESIAN_POINT('',(713.,100.));
#1891 = CARTESIAN_POINT('',(703.25,94.370834875401));
#1892 = CARTESIAN_POINT('',(693.5,88.741669750802));
#1893 = CARTESIAN_POINT('',(693.5,100.));
#1894 = ( GEOMETRIC_REPRESENTATION_CONTEXT(2) 
PARAMETRIC_REPRESENTATION_CONTEXT() REPRESENTATION_CONTEXT('2D SPACE',''
  ) );
#1895 = PCURVE('',#1896,#1901);
#1896 = CYLINDRICAL_SURFACE('',#1897,6.5);
#1897 = AXIS2_PLACEMENT_3D('',#1898,#1899,#1900);
#1898 = CARTESIAN_POINT('',(700.,100.,10.));
#1899 = DIRECTION('',(0.,0.,-1.));
#1900 = DIRECTION('',(-1.,0.,0.));
#1901 = DEFINITIONAL_REPRESENTATION('',(#1902),#1906);
#1902 = LINE('',#1903,#1904);
#1903 = CARTESIAN_POINT('',(0.,0.));
#1904 = VECTOR('',#1905,1.);
#1905 = DIRECTION('',(1.,0.));
#1906 = ( GEOMETRIC_REPRESENTATION_CONTEXT(2) 
PARAMETRIC_REPRESENTATION_CONTEXT() REPRESENTATION_CONTEXT('2D SPACE',''
  ) );
#1907 = FACE_BOUND('',#1908,.T.);
#1908 = EDGE_LOOP('',(#1909));
#1909 = ORIENTED_EDGE('',*,*,#1910,.T.);
#1910 = EDGE_CURVE('',#1911,#1911,#1913,.T.);
#1911 = VERTEX_POINT('',#1912);
#1912 = CARTESIAN_POINT('',(783.5,100.,10.));
#1913 = SURFACE_CURVE('',#1914,(#1919,#1930),.PCURVE_S1.);
#1914 = CIRCLE('',#1915,6.5);
#1915 = AXIS2_PLACEMENT_3D('',#1916,#1917,#1918);
#1916 = CARTESIAN_POINT('',(790.,100.,10.));
#1917 = DIRECTION('',(0.,0.,-1.));
#1918 = DIRECTION('',(-1.,0.,0.));
#1919 = PCURVE('',#126,#1920);
#1920 = DEFINITIONAL_REPRESENTATION('',(#1921),#1929);
#1921 = ( BOUNDED_CURVE() B_SPLINE_CURVE(2,(#1922,#1923,#1924,#1925,
#1926,#1927,#1928),.UNSPECIFIED.,.T.,.F.) B_SPLINE_CURVE_WITH_KNOTS((1,2
    ,2,2,2,1),(-2.094395102393,0.,2.094395102393,4.188790204786,
6.28318530718,8.377580409573),.UNSPECIFIED.) CURVE() 
GEOMETRIC_REPRESENTATION_ITEM() RATIONAL_B_SPLINE_CURVE((1.,0.5,1.,0.5,
1.,0.5,1.)) REPRESENTATION_ITEM('') );
#1922 = CARTESIAN_POINT('',(783.5,100.));
#1923 = CARTESIAN_POINT('',(783.5,111.25833024919));
#1924 = CARTESIAN_POINT('',(793.25,105.62916512459));
#1925 = CARTESIAN_POINT('',(803.,100.));
#1926 = CARTESIAN_POINT('',(793.25,94.370834875401));
#1927 = CARTESIAN_POINT('',(783.5,88.741669750802));
#1928 = CARTESIAN_POINT('',(783.5,100.));
#1929 = ( GEOMETRIC_REPRESENTATION_CONTEXT(2) 
PARAMETRIC_REPRESENTATION_CONTEXT() REPRESENTATION_CONTEXT('2D SPACE',''
  ) );
#1930 = PCURVE('',#1931,#1936);
#1931 = CYLINDRICAL_SURFACE('',#1932,6.5);
#1932 = AXIS2_PLACEMENT_3D('',#1933,#1934,#1935);
#1933 = CARTESIAN_POINT('',(790.,100.,10.));
#1934 = DIRECTION('',(0.,0.,-1.));
#1935 = DIRECTION('',(-1.,0.,0.));
#1936 = DEFINITIONAL_REPRESENTATION('',(#1937),#1941);
#1937 = LINE('',#1938,#1939);
#1938 = CARTESIAN_POINT('',(0.,0.));
#1939 = VECTOR('',#1940,1.);
#1940 = DIRECTION('',(1.,0.));
#1941 = ( GEOMETRIC_REPRESENTATION_CONTEXT(2) 
PARAMETRIC_REPRESENTATION_CONTEXT() REPRESENTATION_CONTEXT('2D SPACE',''
  ) );
#1942 = FACE_BOUND('',#1943,.T.);
#1943 = EDGE_LOOP('',(#1944));
#1944 = ORIENTED_EDGE('',*,*,#1945,.T.);
#1945 = EDGE_CURVE('',#1946,#1946,#1948,.T.);
#1946 = VERTEX_POINT('',#1947);
#1947 = CARTESIAN_POINT('',(873.5,100.,10.));
#1948 = SURFACE_CURVE('',#1949,(#1954,#1965),.PCURVE_S1.);
#1949 = CIRCLE('',#1950,6.5);
#1950 = AXIS2_PLACEMENT_3D('',#1951,#1952,#1953);
#1951 = CARTESIAN_POINT('',(880.,100.,10.));
#1952 = DIRECTION('',(0.,0.,-1.));
#1953 = DIRECTION('',(-1.,0.,0.));
#1954 = PCURVE('',#126,#1955);
#1955 = DEFINITIONAL_REPRESENTATION('',(#1956),#1964);
#1956 = ( BOUNDED_CURVE() B_SPLINE_CURVE(2,(#1957,#1958,#1959,#1960,
#1961,#1962,#1963),.UNSPECIFIED.,.T.,.F.) B_SPLINE_CURVE_WITH_KNOTS((1,2
    ,2,2,2,1),(-2.094395102393,0.,2.094395102393,4.188790204786,
6.28318530718,8.377580409573),.UNSPECIFIED.) CURVE() 
GEOMETRIC_REPRESENTATION_ITEM() RATIONAL_B_SPLINE_CURVE((1.,0.5,1.,0.5,
1.,0.5,1.)) REPRESENTATION_ITEM('') );
#1957 = CARTESIAN_POINT('',(873.5,100.));
#1958 = CARTESIAN_POINT('',(873.5,111.25833024919));
#1959 = CARTESIAN_POINT('',(883.25,105.62916512459));
#1960 = CARTESIAN_POINT('',(893.,100.));
#1961 = CARTESIAN_POINT('',(883.25,94.370834875401));
#1962 = CARTESIAN_POINT('',(873.5,88.741669750802));
#1963 = CARTESIAN_POINT('',(873.5,100.));
#1964 = ( GEOMETRIC_REPRESENTATION_CONTEXT(2) 
PARAMETRIC_REPRESENTATION_CONTEXT() REPRESENTATION_CONTEXT('2D SPACE',''
  ) );
#1965 = PCURVE('',#1966,#1971);
#1966 = CYLINDRICAL_SURFACE('',#1967,6.5);
#1967 = AXIS2_PLACEMENT_3D('',#1968,#1969,#1970);
#1968 = CARTESIAN_POINT('',(880.,100.,10.));
#1969 = DIRECTION('',(0.,0.,-1.));
#1970 = DIRECTION('',(-1.,0.,0.));
#1971 = DEFINITIONAL_REPRESENTATION('',(#1972),#1976);
#1972 = LINE('',#1973,#1974);
#1973 = CARTESIAN_POINT('',(0.,0.));
#1974 = VECTOR('',#1975,1.);
#1975 = DIRECTION('',(1.,0.));
#1976 = ( GEOMETRIC_REPRESENTATION_CONTEXT(2) 
PARAMETRIC_REPRESENTATION_CONTEXT() REPRESENTATION_CONTEXT('2D SPACE',''
  ) );
#1977 = FACE_BOUND('',#1978,.T.);
#1978 = EDGE_LOOP('',(#1979));
#1979 = ORIENTED_EDGE('',*,*,#1980,.T.);
#1980 = EDGE_CURVE('',#1981,#1981,#1983,.T.);
#1981 = VERTEX_POINT('',#1982);
#1982 = CARTESIAN_POINT('',(33.5,155.,10.));
#1983 = SURFACE_CURVE('',#1984,(#1989,#2000),.PCURVE_S1.);
#1984 = CIRCLE('',#1985,6.5);
#1985 = AXIS2_PLACEMENT_3D('',#1986,#1987,#1988);
#1986 = CARTESIAN_POINT('',(40.,155.,10.));
#1987 = DIRECTION('',(0.,0.,-1.));
#1988 = DIRECTION('',(-1.,0.,0.));
#1989 = PCURVE('',#126,#1990);
#1990 = DEFINITIONAL_REPRESENTATION('',(#1991),#1999);
#1991 = ( BOUNDED_CURVE() B_SPLINE_CURVE(2,(#1992,#1993,#1994,#1995,
#1996,#1997,#1998),.UNSPECIFIED.,.T.,.F.) B_SPLINE_CURVE_WITH_KNOTS((1,2
    ,2,2,2,1),(-2.094395102393,0.,2.094395102393,4.188790204786,
6.28318530718,8.377580409573),.UNSPECIFIED.) CURVE() 
GEOMETRIC_REPRESENTATION_ITEM() RATIONAL_B_SPLINE_CURVE((1.,0.5,1.,0.5,
1.,0.5,1.)) REPRESENTATION_ITEM('') );
#1992 = CARTESIAN_POINT('',(33.5,155.));
#1993 = CARTESIAN_POINT('',(33.5,166.25833024919));
#1994 = CARTESIAN_POINT('',(43.25,160.62916512459));
#1995 = CARTESIAN_POINT('',(53.,155.));
#1996 = CARTESIAN_POINT('',(43.25,149.3708348754));
#1997 = CARTESIAN_POINT('',(33.5,143.7416697508));
#1998 = CARTESIAN_POINT('',(33.5,155.));
#1999 = ( GEOMETRIC_REPRESENTATION_CONTEXT(2) 
PARAMETRIC_REPRESENTATION_CONTEXT() REPRESENTATION_CONTEXT('2D SPACE',''
  ) );
#2000 = PCURVE('',#2001,#2006);
#2001 = CYLINDRICAL_SURFACE('',#2002,6.5);
#2002 = AXIS2_PLACEMENT_3D('',#2003,#2004,#2005);
#2003 = CARTESIAN_POINT('',(40.,155.,10.));
#2004 = DIRECTION('',(0.,0.,-1.));
#2005 = DIRECTION('',(-1.,0.,0.));
#2006 = DEFINITIONAL_REPRESENTATION('',(#2007),#2011);
#2007 = LINE('',#2008,#2009);
#2008 = CARTESIAN_POINT('',(0.,0.));
#2009 = VECTOR('',#2010,1.);
#2010 = DIRECTION('',(1.,0.));
#2011 = ( GEOMETRIC_REPRESENTATION_CONTEXT(2) 
PARAMETRIC_REPRESENTATION_CONTEXT() REPRESENTATION_CONTEXT('2D SPACE',''
  ) );
#2012 = FACE_BOUND('',#2013,.T.);
#2013 = EDGE_LOOP('',(#2014));
#2014 = ORIENTED_EDGE('',*,*,#2015,.T.);
#2015 = EDGE_CURVE('',#2016,#2016,#2018,.T.);
#2016 = VERTEX_POINT('',#2017);
#2017 = CARTESIAN_POINT('',(123.5,155.,10.));
#2018 = SURFACE_CURVE('',#2019,(#2024,#2035),.PCURVE_S1.);
#2019 = CIRCLE('',#2020,6.5);
#2020 = AXIS2_PLACEMENT_3D('',#2021,#2022,#2023);
#2021 = CARTESIAN_POINT('',(130.,155.,10.));
#2022 = DIRECTION('',(0.,0.,-1.));
#2023 = DIRECTION('',(-1.,0.,0.));
#2024 = PCURVE('',#126,#2025);
#2025 = DEFINITIONAL_REPRESENTATION('',(#2026),#2034);
#2026 = ( BOUNDED_CURVE() B_SPLINE_CURVE(2,(#2027,#2028,#2029,#2030,
#2031,#2032,#2033),.UNSPECIFIED.,.T.,.F.) B_SPLINE_CURVE_WITH_KNOTS((1,2
    ,2,2,2,1),(-2.094395102393,0.,2.094395102393,4.188790204786,
6.28318530718,8.377580409573),.UNSPECIFIED.) CURVE() 
GEOMETRIC_REPRESENTATION_ITEM() RATIONAL_B_SPLINE_CURVE((1.,0.5,1.,0.5,
1.,0.5,1.)) REPRESENTATION_ITEM('') );
#2027 = CARTESIAN_POINT('',(123.5,155.));
#2028 = CARTESIAN_POINT('',(123.5,166.25833024919));
#2029 = CARTESIAN_POINT('',(133.25,160.62916512459));
#2030 = CARTESIAN_POINT('',(143.,155.));
#2031 = CARTESIAN_POINT('',(133.25,149.3708348754));
#2032 = CARTESIAN_POINT('',(123.5,143.7416697508));
#2033 = CARTESIAN_POINT('',(123.5,155.));
#2034 = ( GEOMETRIC_REPRESENTATION_CONTEXT(2) 
PARAMETRIC_REPRESENTATION_CONTEXT() REPRESENTATION_CONTEXT('2D SPACE',''
  ) );
#2035 = PCURVE('',#2036,#2041);
#2036 = CYLINDRICAL_SURFACE('',#2037,6.5);
#2037 = AXIS2_PLACEMENT_3D('',#2038,#2039,#2040);
#2038 = CARTESIAN_POINT('',(130.,155.,10.));
#2039 = DIRECTION('',(0.,0.,-1.));
#2040 = DIRECTION('',(-1.,0.,0.));
#2041 = DEFINITIONAL_REPRESENTATION('',(#2042),#2046);
#2042 = LINE('',#2043,#2044);
#2043 = CARTESIAN_POINT('',(0.,0.));
#2044 = VECTOR('',#2045,1.);
#2045 = DIRECTION('',(1.,0.));
#2046 = ( GEOMETRIC_REPRESENTATION_CONTEXT(2) 
PARAMETRIC_REPRESENTATION_CONTEXT() REPRESENTATION_CONTEXT('2D SPACE',''
  ) );
#2047 = FACE_BOUND('',#2048,.T.);
#2048 = EDGE_LOOP('',(#2049));
#2049 = ORIENTED_EDGE('',*,*,#2050,.T.);
#2050 = EDGE_CURVE('',#2051,#2051,#2053,.T.);
#2051 = VERTEX_POINT('',#2052);
#2052 = CARTESIAN_POINT('',(213.5,155.,10.));
#2053 = SURFACE_CURVE('',#2054,(#2059,#2070),.PCURVE_S1.);
#2054 = CIRCLE('',#2055,6.5);
#2055 = AXIS2_PLACEMENT_3D('',#2056,#2057,#2058);
#2056 = CARTESIAN_POINT('',(220.,155.,10.));
#2057 = DIRECTION('',(0.,0.,-1.));
#2058 = DIRECTION('',(-1.,0.,0.));
#2059 = PCURVE('',#126,#2060);
#2060 = DEFINITIONAL_REPRESENTATION('',(#2061),#2069);
#2061 = ( BOUNDED_CURVE() B_SPLINE_CURVE(2,(#2062,#2063,#2064,#2065,
#2066,#2067,#2068),.UNSPECIFIED.,.T.,.F.) B_SPLINE_CURVE_WITH_KNOTS((1,2
    ,2,2,2,1),(-2.094395102393,0.,2.094395102393,4.188790204786,
6.28318530718,8.377580409573),.UNSPECIFIED.) CURVE() 
GEOMETRIC_REPRESENTATION_ITEM() RATIONAL_B_SPLINE_CURVE((1.,0.5,1.,0.5,
1.,0.5,1.)) REPRESENTATION_ITEM('') );
#2062 = CARTESIAN_POINT('',(213.5,155.));
#2063 = CARTESIAN_POINT('',(213.5,166.25833024919));
#2064 = CARTESIAN_POINT('',(223.25,160.62916512459));
#2065 = CARTESIAN_POINT('',(233.,155.));
#2066 = CARTESIAN_POINT('',(223.25,149.3708348754));
#2067 = CARTESIAN_POINT('',(213.5,143.7416697508));
#2068 = CARTESIAN_POINT('',(213.5,155.));
#2069 = ( GEOMETRIC_REPRESENTATION_CONTEXT(2) 
PARAMETRIC_REPRESENTATION_CONTEXT() REPRESENTATION_CONTEXT('2D SPACE',''
  ) );
#2070 = PCURVE('',#2071,#2076);
#2071 = CYLINDRICAL_SURFACE('',#2072,6.5);
#2072 = AXIS2_PLACEMENT_3D('',#2073,#2074,#2075);
#2073 = CARTESIAN_POINT('',(220.,155.,10.));
#2074 = DIRECTION('',(0.,0.,-1.));
#2075 = DIRECTION('',(-1.,0.,0.));
#2076 = DEFINITIONAL_REPRESENTATION('',(#2077),#2081);
#2077 = LINE('',#2078,#2079);
#2078 = CARTESIAN_POINT('',(0.,0.));
#2079 = VECTOR('',#2080,1.);
#2080 = DIRECTION('',(1.,0.));
#2081 = ( GEOMETRIC_REPRESENTATION_CONTEXT(2) 
PARAMETRIC_REPRESENTATION_CONTEXT() REPRESENTATION_CONTEXT('2D SPACE',''
  ) );
#2082 = FACE_BOUND('',#2083,.T.);
#2083 = EDGE_LOOP('',(#2084));
#2084 = ORIENTED_EDGE('',*,*,#2085,.T.);
#2085 = EDGE_CURVE('',#2086,#2086,#2088,.T.);
#2086 = VERTEX_POINT('',#2087);
#2087 = CARTESIAN_POINT('',(303.5,155.,10.));
#2088 = SURFACE_CURVE('',#2089,(#2094,#2105),.PCURVE_S1.);
#2089 = CIRCLE('',#2090,6.5);
#2090 = AXIS2_PLACEMENT_3D('',#2091,#2092,#2093);
#2091 = CARTESIAN_POINT('',(310.,155.,10.));
#2092 = DIRECTION('',(0.,0.,-1.));
#2093 = DIRECTION('',(-1.,0.,0.));
#2094 = PCURVE('',#126,#2095);
#2095 = DEFINITIONAL_REPRESENTATION('',(#2096),#2104);
#2096 = ( BOUNDED_CURVE() B_SPLINE_CURVE(2,(#2097,#2098,#2099,#2100,
#2101,#2102,#2103),.UNSPECIFIED.,.T.,.F.) B_SPLINE_CURVE_WITH_KNOTS((1,2
    ,2,2,2,1),(-2.094395102393,0.,2.094395102393,4.188790204786,
6.28318530718,8.377580409573),.UNSPECIFIED.) CURVE() 
GEOMETRIC_REPRESENTATION_ITEM() RATIONAL_B_SPLINE_CURVE((1.,0.5,1.,0.5,
1.,0.5,1.)) REPRESENTATION_ITEM('') );
#2097 = CARTESIAN_POINT('',(303.5,155.));
#2098 = CARTESIAN_POINT('',(303.5,166.25833024919));
#2099 = CARTESIAN_POINT('',(313.25,160.62916512459));
#2100 = CARTESIAN_POINT('',(323.,155.));
#2101 = CARTESIAN_POINT('',(313.25,149.3708348754));
#2102 = CARTESIAN_POINT('',(303.5,143.7416697508));
#2103 = CARTESIAN_POINT('',(303.5,155.));
#2104 = ( GEOMETRIC_REPRESENTATION_CONTEXT(2) 
PARAMETRIC_REPRESENTATION_CONTEXT() REPRESENTATION_CONTEXT('2D SPACE',''
  ) );
#2105 = PCURVE('',#2106,#2111);
#2106 = CYLINDRICAL_SURFACE('',#2107,6.5);
#2107 = AXIS2_PLACEMENT_3D('',#2108,#2109,#2110);
#2108 = CARTESIAN_POINT('',(310.,155.,10.));
#2109 = DIRECTION('',(0.,0.,-1.));
#2110 = DIRECTION('',(-1.,0.,0.));
#2111 = DEFINITIONAL_REPRESENTATION('',(#2112),#2116);
#2112 = LINE('',#2113,#2114);
#2113 = CARTESIAN_POINT('',(0.,0.));
#2114 = VECTOR('',#2115,1.);
#2115 = DIRECTION('',(1.,0.));
#2116 = ( GEOMETRIC_REPRESENTATION_CONTEXT(2) 
PARAMETRIC_REPRESENTATION_CONTEXT() REPRESENTATION_CONTEXT('2D SPACE',''
  ) );
#2117 = FACE_BOUND('',#2118,.T.);
#2118 = EDGE_LOOP('',(#2119));
#2119 = ORIENTED_EDGE('',*,*,#2120,.T.);
#2120 = EDGE_CURVE('',#2121,#2121,#2123,.T.);
#2121 = VERTEX_POINT('',#2122);
#2122 = CARTESIAN_POINT('',(393.5,155.,10.));
#2123 = SURFACE_CURVE('',#2124,(#2129,#2140),.PCURVE_S1.);
#2124 = CIRCLE('',#2125,6.5);
#2125 = AXIS2_PLACEMENT_3D('',#2126,#2127,#2128);
#2126 = CARTESIAN_POINT('',(400.,155.,10.));
#2127 = DIRECTION('',(0.,0.,-1.));
#2128 = DIRECTION('',(-1.,0.,0.));
#2129 = PCURVE('',#126,#2130);
#2130 = DEFINITIONAL_REPRESENTATION('',(#2131),#2139);
#2131 = ( BOUNDED_CURVE() B_SPLINE_CURVE(2,(#2132,#2133,#2134,#2135,
#2136,#2137,#2138),.UNSPECIFIED.,.T.,.F.) B_SPLINE_CURVE_WITH_KNOTS((1,2
    ,2,2,2,1),(-2.094395102393,0.,2.094395102393,4.188790204786,
6.28318530718,8.377580409573),.UNSPECIFIED.) CURVE() 
GEOMETRIC_REPRESENTATION_ITEM() RATIONAL_B_SPLINE_CURVE((1.,0.5,1.,0.5,
1.,0.5,1.)) REPRESENTATION_ITEM('') );
#2132 = CARTESIAN_POINT('',(393.5,155.));
#2133 = CARTESIAN_POINT('',(393.5,166.25833024919));
#2134 = CARTESIAN_POINT('',(403.25,160.62916512459));
#2135 = CARTESIAN_POINT('',(413.,155.));
#2136 = CARTESIAN_POINT('',(403.25,149.3708348754));
#2137 = CARTESIAN_POINT('',(393.5,143.7416697508));
#2138 = CARTESIAN_POINT('',(393.5,155.));
#2139 = ( GEOMETRIC_REPRESENTATION_CONTEXT(2) 
PARAMETRIC_REPRESENTATION_CONTEXT() REPRESENTATION_CONTEXT('2D SPACE',''
  ) );
#2140 = PCURVE('',#2141,#2146);
#2141 = CYLINDRICAL_SURFACE('',#2142,6.5);
#2142 = AXIS2_PLACEMENT_3D('',#2143,#2144,#2145);
#2143 = CARTESIAN_POINT('',(400.,155.,10.));
#2144 = DIRECTION('',(0.,0.,-1.));
#2145 = DIRECTION('',(-1.,0.,0.));
#2146 = DEFINITIONAL_REPRESENTATION('',(#2147),#2151);
#2147 = LINE('',#2148,#2149);
#2148 = CARTESIAN_POINT('',(0.,0.));
#2149 = VECTOR('',#2150,1.);
#2150 = DIRECTION('',(1.,0.));
#2151 = ( GEOMETRIC_REPRESENTATION_CONTEXT(2) 
PARAMETRIC_REPRESENTATION_CONTEXT() REPRESENTATION_CONTEXT('2D SPACE',''
  ) );
#2152 = FACE_BOUND('',#2153,.T.);
#2153 = EDGE_LOOP('',(#2154));
#2154 = ORIENTED_EDGE('',*,*,#2155,.T.);
#2155 = EDGE_CURVE('',#2156,#2156,#2158,.T.);
#2156 = VERTEX_POINT('',#2157);
#2157 = CARTESIAN_POINT('',(483.5,155.,10.));
#2158 = SURFACE_CURVE('',#2159,(#2164,#2175),.PCURVE_S1.);
#2159 = CIRCLE('',#2160,6.5);
#2160 = AXIS2_PLACEMENT_3D('',#2161,#2162,#2163);
#2161 = CARTESIAN_POINT('',(490.,155.,10.));
#2162 = DIRECTION('',(0.,0.,-1.));
#2163 = DIRECTION('',(-1.,0.,0.));
#2164 = PCURVE('',#126,#2165);
#2165 = DEFINITIONAL_REPRESENTATION('',(#2166),#2174);
#2166 = ( BOUNDED_CURVE() B_SPLINE_CURVE(2,(#2167,#2168,#2169,#2170,
#2171,#2172,#2173),.UNSPECIFIED.,.T.,.F.) B_SPLINE_CURVE_WITH_KNOTS((1,2
    ,2,2,2,1),(-2.094395102393,0.,2.094395102393,4.188790204786,
6.28318530718,8.377580409573),.UNSPECIFIED.) CURVE() 
GEOMETRIC_REPRESENTATION_ITEM() RATIONAL_B_SPLINE_CURVE((1.,0.5,1.,0.5,
1.,0.5,1.)) REPRESENTATION_ITEM('') );
#2167 = CARTESIAN_POINT('',(483.5,155.));
#2168 = CARTESIAN_POINT('',(483.5,166.25833024919));
#2169 = CARTESIAN_POINT('',(493.25,160.62916512459));
#2170 = CARTESIAN_POINT('',(503.,155.));
#2171 = CARTESIAN_POINT('',(493.25,149.3708348754));
#2172 = CARTESIAN_POINT('',(483.5,143.7416697508));
#2173 = CARTESIAN_POINT('',(483.5,155.));
#2174 = ( GEOMETRIC_REPRESENTATION_CONTEXT(2) 
PARAMETRIC_REPRESENTATION_CONTEXT() REPRESENTATION_CONTEXT('2D SPACE',''
  ) );
#2175 = PCURVE('',#2176,#2181);
#2176 = CYLINDRICAL_SURFACE('',#2177,6.5);
#2177 = AXIS2_PLACEMENT_3D('',#2178,#2179,#2180);
#2178 = CARTESIAN_POINT('',(490.,155.,10.));
#2179 = DIRECTION('',(0.,0.,-1.));
#2180 = DIRECTION('',(-1.,0.,0.));
#2181 = DEFINITIONAL_REPRESENTATION('',(#2182),#2186);
#2182 = LINE('',#2183,#2184);
#2183 = CARTESIAN_POINT('',(0.,0.));
#2184 = VECTOR('',#2185,1.);
#2185 = DIRECTION('',(1.,0.));
#2186 = ( GEOMETRIC_REPRESENTATION_CONTEXT(2) 
PARAMETRIC_REPRESENTATION_CONTEXT() REPRESENTATION_CONTEXT('2D SPACE',''
  ) );
#2187 = FACE_BOUND('',#2188,.T.);
#2188 = EDGE_LOOP('',(#2189));
#2189 = ORIENTED_EDGE('',*,*,#2190,.T.);
#2190 = EDGE_CURVE('',#2191,#2191,#2193,.T.);
#2191 = VERTEX_POINT('',#2192);
#2192 = CARTESIAN_POINT('',(573.5,155.,10.));
#2193 = SURFACE_CURVE('',#2194,(#2199,#2210),.PCURVE_S1.);
#2194 = CIRCLE('',#2195,6.5);
#2195 = AXIS2_PLACEMENT_3D('',#2196,#2197,#2198);
#2196 = CARTESIAN_POINT('',(580.,155.,10.));
#2197 = DIRECTION('',(0.,0.,-1.));
#2198 = DIRECTION('',(-1.,0.,0.));
#2199 = PCURVE('',#126,#2200);
#2200 = DEFINITIONAL_REPRESENTATION('',(#2201),#2209);
#2201 = ( BOUNDED_CURVE() B_SPLINE_CURVE(2,(#2202,#2203,#2204,#2205,
#2206,#2207,#2208),.UNSPECIFIED.,.T.,.F.) B_SPLINE_CURVE_WITH_KNOTS((1,2
    ,2,2,2,1),(-2.094395102393,0.,2.094395102393,4.188790204786,
6.28318530718,8.377580409573),.UNSPECIFIED.) CURVE() 
GEOMETRIC_REPRESENTATION_ITEM() RATIONAL_B_SPLINE_CURVE((1.,0.5,1.,0.5,
1.,0.5,1.)) REPRESENTATION_ITEM('') );
#2202 = CARTESIAN_POINT('',(573.5,155.));
#2203 = CARTESIAN_POINT('',(573.5,166.25833024919));
#2204 = CARTESIAN_POINT('',(583.25,160.62916512459));
#2205 = CARTESIAN_POINT('',(593.,155.));
#2206 = CARTESIAN_POINT('',(583.25,149.3708348754));
#2207 = CARTESIAN_POINT('',(573.5,143.7416697508));
#2208 = CARTESIAN_POINT('',(573.5,155.));
#2209 = ( GEOMETRIC_REPRESENTATION_CONTEXT(2) 
PARAMETRIC_REPRESENTATION_CONTEXT() REPRESENTATION_CONTEXT('2D SPACE',''
  ) );
#2210 = PCURVE('',#2211,#2216);
#2211 = CYLINDRICAL_SURFACE('',#2212,6.5);
#2212 = AXIS2_PLACEMENT_3D('',#2213,#2214,#2215);
#2213 = CARTESIAN_POINT('',(580.,155.,10.));
#2214 = DIRECTION('',(0.,0.,-1.));
#2215 = DIRECTION('',(-1.,0.,0.));
#2216 = DEFINITIONAL_REPRESENTATION('',(#2217),#2221);
#2217 = LINE('',#2218,#2219);
#2218 = CARTESIAN_POINT('',(0.,0.));
#2219 = VECTOR('',#2220,1.);
#2220 = DIRECTION('',(1.,0.));
#2221 = ( GEOMETRIC_REPRESENTATION_CONTEXT(2) 
PARAMETRIC_REPRESENTATION_CONTEXT() REPRESENTATION_CONTEXT('2D SPACE',''
  ) );
#2222 = FACE_BOUND('',#2223,.T.);
#2223 = EDGE_LOOP('',(#2224));
#2224 = ORIENTED_EDGE('',*,*,#2225,.T.);
#2225 = EDGE_CURVE('',#2226,#2226,#2228,.T.);
#2226 = VERTEX_POINT('',#2227);
#2227 = CARTESIAN_POINT('',(663.5,155.,10.));
#2228 = SURFACE_CURVE('',#2229,(#2234,#2245),.PCURVE_S1.);
#2229 = CIRCLE('',#2230,6.5);
#2230 = AXIS2_PLACEMENT_3D('',#2231,#2232,#2233);
#2231 = CARTESIAN_POINT('',(670.,155.,10.));
#2232 = DIRECTION('',(0.,0.,-1.));
#2233 = DIRECTION('',(-1.,0.,0.));
#2234 = PCURVE('',#126,#2235);
#2235 = DEFINITIONAL_REPRESENTATION('',(#2236),#2244);
#2236 = ( BOUNDED_CURVE() B_SPLINE_CURVE(2,(#2237,#2238,#2239,#2240,
#2241,#2242,#2243),.UNSPECIFIED.,.T.,.F.) B_SPLINE_CURVE_WITH_KNOTS((1,2
    ,2,2,2,1),(-2.094395102393,0.,2.094395102393,4.188790204786,
6.28318530718,8.377580409573),.UNSPECIFIED.) CURVE() 
GEOMETRIC_REPRESENTATION_ITEM() RATIONAL_B_SPLINE_CURVE((1.,0.5,1.,0.5,
1.,0.5,1.)) REPRESENTATION_ITEM('') );
#2237 = CARTESIAN_POINT('',(663.5,155.));
#2238 = CARTESIAN_POINT('',(663.5,166.25833024919));
#2239 = CARTESIAN_POINT('',(673.25,160.62916512459));
#2240 = CARTESIAN_POINT('',(683.,155.));
#2241 = CARTESIAN_POINT('',(673.25,149.3708348754));
#2242 = CARTESIAN_POINT('',(663.5,143.7416697508));
#2243 = CARTESIAN_POINT('',(663.5,155.));
#2244 = ( GEOMETRIC_REPRESENTATION_CONTEXT(2) 
PARAMETRIC_REPRESENTATION_CONTEXT() REPRESENTATION_CONTEXT('2D SPACE',''
  ) );
#2245 = PCURVE('',#2246,#2251);
#2246 = CYLINDRICAL_SURFACE('',#2247,6.5);
#2247 = AXIS2_PLACEMENT_3D('',#2248,#2249,#2250);
#2248 = CARTESIAN_POINT('',(670.,155.,10.));
#2249 = DIRECTION('',(0.,0.,-1.));
#2250 = DIRECTION('',(-1.,0.,0.));
#2251 = DEFINITIONAL_REPRESENTATION('',(#2252),#2256);
#2252 = LINE('',#2253,#2254);
#2253 = CARTESIAN_POINT('',(0.,0.));
#2254 = VECTOR('',#2255,1.);
#2255 = DIRECTION('',(1.,0.));
#2256 = ( GEOMETRIC_REPRESENTATION_CONTEXT(2) 
PARAMETRIC_REPRESENTATION_CONTEXT() REPRESENTATION_CONTEXT('2D SPACE',''
  ) );
#2257 = FACE_BOUND('',#2258,.T.);
#2258 = EDGE_LOOP('',(#2259));
#2259 = ORIENTED_EDGE('',*,*,#2260,.T.);
#2260 = EDGE_CURVE('',#2261,#2261,#2263,.T.);
#2261 = VERTEX_POINT('',#2262);
#2262 = CARTESIAN_POINT('',(753.5,155.,10.));
#2263 = SURFACE_CURVE('',#2264,(#2269,#2280),.PCURVE_S1.);
#2264 = CIRCLE('',#2265,6.5);
#2265 = AXIS2_PLACEMENT_3D('',#2266,#2267,#2268);
#2266 = CARTESIAN_POINT('',(760.,155.,10.));
#2267 = DIRECTION('',(0.,0.,-1.));
#2268 = DIRECTION('',(-1.,0.,0.));
#2269 = PCURVE('',#126,#2270);
#2270 = DEFINITIONAL_REPRESENTATION('',(#2271),#2279);
#2271 = ( BOUNDED_CURVE() B_SPLINE_CURVE(2,(#2272,#2273,#2274,#2275,
#2276,#2277,#2278),.UNSPECIFIED.,.T.,.F.) B_SPLINE_CURVE_WITH_KNOTS((1,2
    ,2,2,2,1),(-2.094395102393,0.,2.094395102393,4.188790204786,
6.28318530718,8.377580409573),.UNSPECIFIED.) CURVE() 
GEOMETRIC_REPRESENTATION_ITEM() RATIONAL_B_SPLINE_CURVE((1.,0.5,1.,0.5,
1.,0.5,1.)) REPRESENTATION_ITEM('') );
#2272 = CARTESIAN_POINT('',(753.5,155.));
#2273 = CARTESIAN_POINT('',(753.5,166.25833024919));
#2274 = CARTESIAN_POINT('',(763.25,160.62916512459));
#2275 = CARTESIAN_POINT('',(773.,155.));
#2276 = CARTESIAN_POINT('',(763.25,149.3708348754));
#2277 = CARTESIAN_POINT('',(753.5,143.7416697508));
#2278 = CARTESIAN_POINT('',(753.5,155.));
#2279 = ( GEOMETRIC_REPRESENTATION_CONTEXT(2) 
PARAMETRIC_REPRESENTATION_CONTEXT() REPRESENTATION_CONTEXT('2D SPACE',''
  ) );
#2280 = PCURVE('',#2281,#2286);
#2281 = CYLINDRICAL_SURFACE('',#2282,6.5);
#2282 = AXIS2_PLACEMENT_3D('',#2283,#2284,#2285);
#2283 = CARTESIAN_POINT('',(760.,155.,10.));
#2284 = DIRECTION('',(0.,0.,-1.));
#2285 = DIRECTION('',(-1.,0.,0.));
#2286 = DEFINITIONAL_REPRESENTATION('',(#2287),#2291);
#2287 = LINE('',#2288,#2289);
#2288 = CARTESIAN_POINT('',(0.,0.));
#2289 = VECTOR('',#2290,1.);
#2290 = DIRECTION('',(1.,0.));
#2291 = ( GEOMETRIC_REPRESENTATION_CONTEXT(2) 
PARAMETRIC_REPRESENTATION_CONTEXT() REPRESENTATION_CONTEXT('2D SPACE',''
  ) );
#2292 = FACE_BOUND('',#2293,.T.);
#2293 = EDGE_LOOP('',(#2294));
#2294 = ORIENTED_EDGE('',*,*,#2295,.T.);
#2295 = EDGE_CURVE('',#2296,#2296,#2298,.T.);
#2296 = VERTEX_POINT('',#2297);
#2297 = CARTESIAN_POINT('',(843.5,155.,10.));
#2298 = SURFACE_CURVE('',#2299,(#2304,#2315),.PCURVE_S1.);
#2299 = CIRCLE('',#2300,6.5);
#2300 = AXIS2_PLACEMENT_3D('',#2301,#2302,#2303);
#2301 = CARTESIAN_POINT('',(850.,155.,10.));
#2302 = DIRECTION('',(0.,0.,-1.));
#2303 = DIRECTION('',(-1.,0.,0.));
#2304 = PCURVE('',#126,#2305);
#2305 = DEFINITIONAL_REPRESENTATION('',(#2306),#2314);
#2306 = ( BOUNDED_CURVE() B_SPLINE_CURVE(2,(#2307,#2308,#2309,#2310,
#2311,#2312,#2313),.UNSPECIFIED.,.T.,.F.) B_SPLINE_CURVE_WITH_KNOTS((1,2
    ,2,2,2,1),(-2.094395102393,0.,2.094395102393,4.188790204786,
6.28318530718,8.377580409573),.UNSPECIFIED.) CURVE() 
GEOMETRIC_REPRESENTATION_ITEM() RATIONAL_B_SPLINE_CURVE((1.,0.5,1.,0.5,
1.,0.5,1.)) REPRESENTATION_ITEM('') );
#2307 = CARTESIAN_POINT('',(843.5,155.));
#2308 = CARTESIAN_POINT('',(843.5,166.25833024919));
#2309 = CARTESIAN_POINT('',(853.25,160.62916512459));
#2310 = CARTESIAN_POINT('',(863.,155.));
#2311 = CARTESIAN_POINT('',(853.25,149.3708348754));
#2312 = CARTESIAN_POINT('',(843.5,143.7416697508));
#2313 = CARTESIAN_POINT('',(843.5,155.));
#2314 = ( GEOMETRIC_REPRESENTATION_CONTEXT(2) 
PARAMETRIC_REPRESENTATION_CONTEXT() REPRESENTATION_CONTEXT('2D SPACE',''
  ) );
#2315 = PCURVE('',#2316,#2321);
#2316 = CYLINDRICAL_SURFACE('',#2317,6.5);
#2317 = AXIS2_PLACEMENT_3D('',#2318,#2319,#2320);
#2318 = CARTESIAN_POINT('',(850.,155.,10.));
#2319 = DIRECTION('',(0.,0.,-1.));
#2320 = DIRECTION('',(-1.,0.,0.));
#2321 = DEFINITIONAL_REPRESENTATION('',(#2322),#2326);
#2322 = LINE('',#2323,#2324);
#2323 = CARTESIAN_POINT('',(0.,0.));
#2324 = VECTOR('',#2325,1.);
#2325 = DIRECTION('',(1.,0.));
#2326 = ( GEOMETRIC_REPRESENTATION_CONTEXT(2) 
PARAMETRIC_REPRESENTATION_CONTEXT() REPRESENTATION_CONTEXT('2D SPACE',''
  ) );
#2327 = FACE_BOUND('',#2328,.T.);
#2328 = EDGE_LOOP('',(#2329));
#2329 = ORIENTED_EDGE('',*,*,#2330,.T.);
#2330 = EDGE_CURVE('',#2331,#2331,#2333,.T.);
#2331 = VERTEX_POINT('',#2332);
#2332 = CARTESIAN_POINT('',(953.5,155.,10.));
#2333 = SURFACE_CURVE('',#2334,(#2339,#2350),.PCURVE_S1.);
#2334 = CIRCLE('',#2335,6.5);
#2335 = AXIS2_PLACEMENT_3D('',#2336,#2337,#2338);
#2336 = CARTESIAN_POINT('',(960.,155.,10.));
#2337 = DIRECTION('',(0.,0.,-1.));
#2338 = DIRECTION('',(-1.,0.,0.));
#2339 = PCURVE('',#126,#2340);
#2340 = DEFINITIONAL_REPRESENTATION('',(#2341),#2349);
#2341 = ( BOUNDED_CURVE() B_SPLINE_CURVE(2,(#2342,#2343,#2344,#2345,
#2346,#2347,#2348),.UNSPECIFIED.,.T.,.F.) B_SPLINE_CURVE_WITH_KNOTS((1,2
    ,2,2,2,1),(-2.094395102393,0.,2.094395102393,4.188790204786,
6.28318530718,8.377580409573),.UNSPECIFIED.) CURVE() 
GEOMETRIC_REPRESENTATION_ITEM() RATIONAL_B_SPLINE_CURVE((1.,0.5,1.,0.5,
1.,0.5,1.)) REPRESENTATION_ITEM('') );
#2342 = CARTESIAN_POINT('',(953.5,155.));
#2343 = CARTESIAN_POINT('',(953.5,166.25833024919));
#2344 = CARTESIAN_POINT('',(963.25,160.62916512459));
#2345 = CARTESIAN_POINT('',(973.,155.));
#2346 = CARTESIAN_POINT('',(963.25,149.3708348754));
#2347 = CARTESIAN_POINT('',(953.5,143.7416697508));
#2348 = CARTESIAN_POINT('',(953.5,155.));
#2349 = ( GEOMETRIC_REPRESENTATION_CONTEXT(2) 
PARAMETRIC_REPRESENTATION_CONTEXT() REPRESENTATION_CONTEXT('2D SPACE',''
  ) );
#2350 = PCURVE('',#2351,#2356);
#2351 = CYLINDRICAL_SURFACE('',#2352,6.5);
#2352 = AXIS2_PLACEMENT_3D('',#2353,#2354,#2355);
#2353 = CARTESIAN_POINT('',(960.,155.,10.));
#2354 = DIRECTION('',(0.,0.,-1.));
#2355 = DIRECTION('',(-1.,0.,0.));
#2356 = DEFINITIONAL_REPRESENTATION('',(#2357),#2361);
#2357 = LINE('',#2358,#2359);
#2358 = CARTESIAN_POINT('',(0.,0.));
#2359 = VECTOR('',#2360,1.);
#2360 = DIRECTION('',(1.,0.));
#2361 = ( GEOMETRIC_REPRESENTATION_CONTEXT(2) 
PARAMETRIC_REPRESENTATION_CONTEXT() REPRESENTATION_CONTEXT('2D SPACE',''
  ) );
#2362 = FACE_BOUND('',#2363,.T.);
#2363 = EDGE_LOOP('',(#2364));
#2364 = ORIENTED_EDGE('',*,*,#2365,.T.);
#2365 = EDGE_CURVE('',#2366,#2366,#2368,.T.);
#2366 = VERTEX_POINT('',#2367);
#2367 = CARTESIAN_POINT('',(1.0335E+03,155.,10.));
#2368 = SURFACE_CURVE('',#2369,(#2374,#2385),.PCURVE_S1.);
#2369 = CIRCLE('',#2370,6.5);
#2370 = AXIS2_PLACEMENT_3D('',#2371,#2372,#2373);
#2371 = CARTESIAN_POINT('',(1.04E+03,155.,10.));
#2372 = DIRECTION('',(0.,0.,-1.));
#2373 = DIRECTION('',(-1.,0.,0.));
#2374 = PCURVE('',#126,#2375);
#2375 = DEFINITIONAL_REPRESENTATION('',(#2376),#2384);
#2376 = ( BOUNDED_CURVE() B_SPLINE_CURVE(2,(#2377,#2378,#2379,#2380,
#2381,#2382,#2383),.UNSPECIFIED.,.T.,.F.) B_SPLINE_CURVE_WITH_KNOTS((1,2
    ,2,2,2,1),(-2.094395102393,0.,2.094395102393,4.188790204786,
6.28318530718,8.377580409573),.UNSPECIFIED.) CURVE() 
GEOMETRIC_REPRESENTATION_ITEM() RATIONAL_B_SPLINE_CURVE((1.,0.5,1.,0.5,
1.,0.5,1.)) REPRESENTATION_ITEM('') );
#2377 = CARTESIAN_POINT('',(1.0335E+03,155.));
#2378 = CARTESIAN_POINT('',(1.0335E+03,166.25833024919));
#2379 = CARTESIAN_POINT('',(1.04325E+03,160.62916512459));
#2380 = CARTESIAN_POINT('',(1.053E+03,155.));
#2381 = CARTESIAN_POINT('',(1.04325E+03,149.3708348754));
#2382 = CARTESIAN_POINT('',(1.0335E+03,143.7416697508));
#2383 = CARTESIAN_POINT('',(1.0335E+03,155.));
#2384 = ( GEOMETRIC_REPRESENTATION_CONTEXT(2) 
PARAMETRIC_REPRESENTATION_CONTEXT() REPRESENTATION_CONTEXT('2D SPACE',''
  ) );
#2385 = PCURVE('',#2386,#2391);
#2386 = CYLINDRICAL_SURFACE('',#2387,6.5);
#2387 = AXIS2_PLACEMENT_3D('',#2388,#2389,#2390);
#2388 = CARTESIAN_POINT('',(1.04E+03,155.,10.));
#2389 = DIRECTION('',(0.,0.,-1.));
#2390 = DIRECTION('',(-1.,0.,0.));
#2391 = DEFINITIONAL_REPRESENTATION('',(#2392),#2396);
#2392 = LINE('',#2393,#2394);
#2393 = CARTESIAN_POINT('',(0.,0.));
#2394 = VECTOR('',#2395,1.);
#2395 = DIRECTION('',(1.,0.));
#2396 = ( GEOMETRIC_REPRESENTATION_CONTEXT(2) 
PARAMETRIC_REPRESENTATION_CONTEXT() REPRESENTATION_CONTEXT('2D SPACE',''
  ) );
#2397 = FACE_BOUND('',#2398,.T.);
#2398 = EDGE_LOOP('',(#2399));
#2399 = ORIENTED_EDGE('',*,*,#2400,.T.);
#2400 = EDGE_CURVE('',#2401,#2401,#2403,.T.);
#2401 = VERTEX_POINT('',#2402);
#2402 = CARTESIAN_POINT('',(1.1135E+03,155.,10.));
#2403 = SURFACE_CURVE('',#2404,(#2409,#2420),.PCURVE_S1.);
#2404 = CIRCLE('',#2405,6.5);
#2405 = AXIS2_PLACEMENT_3D('',#2406,#2407,#2408);
#2406 = CARTESIAN_POINT('',(1.12E+03,155.,10.));
#2407 = DIRECTION('',(0.,0.,-1.));
#2408 = DIRECTION('',(-1.,0.,0.));
#2409 = PCURVE('',#126,#2410);
#2410 = DEFINITIONAL_REPRESENTATION('',(#2411),#2419);
#2411 = ( BOUNDED_CURVE() B_SPLINE_CURVE(2,(#2412,#2413,#2414,#2415,
#2416,#2417,#2418),.UNSPECIFIED.,.T.,.F.) B_SPLINE_CURVE_WITH_KNOTS((1,2
    ,2,2,2,1),(-2.094395102393,0.,2.094395102393,4.188790204786,
6.28318530718,8.377580409573),.UNSPECIFIED.) CURVE() 
GEOMETRIC_REPRESENTATION_ITEM() RATIONAL_B_SPLINE_CURVE((1.,0.5,1.,0.5,
1.,0.5,1.)) REPRESENTATION_ITEM('') );
#2412 = CARTESIAN_POINT('',(1.1135E+03,155.));
#2413 = CARTESIAN_POINT('',(1.1135E+03,166.25833024919));
#2414 = CARTESIAN_POINT('',(1.12325E+03,160.62916512459));
#2415 = CARTESIAN_POINT('',(1.133E+03,155.));
#2416 = CARTESIAN_POINT('',(1.12325E+03,149.3708348754));
#2417 = CARTESIAN_POINT('',(1.1135E+03,143.7416697508));
#2418 = CARTESIAN_POINT('',(1.1135E+03,155.));
#2419 = ( GEOMETRIC_REPRESENTATION_CONTEXT(2) 
PARAMETRIC_REPRESENTATION_CONTEXT() REPRESENTATION_CONTEXT('2D SPACE',''
  ) );
#2420 = PCURVE('',#2421,#2426);
#2421 = CYLINDRICAL_SURFACE('',#2422,6.5);
#2422 = AXIS2_PLACEMENT_3D('',#2423,#2424,#2425);
#2423 = CARTESIAN_POINT('',(1.12E+03,155.,10.));
#2424 = DIRECTION('',(0.,0.,-1.));
#2425 = DIRECTION('',(-1.,0.,0.));
#2426 = DEFINITIONAL_REPRESENTATION('',(#2427),#2431);
#2427 = LINE('',#2428,#2429);
#2428 = CARTESIAN_POINT('',(0.,0.));
#2429 = VECTOR('',#2430,1.);
#2430 = DIRECTION('',(1.,0.));
#2431 = ( GEOMETRIC_REPRESENTATION_CONTEXT(2) 
PARAMETRIC_REPRESENTATION_CONTEXT() REPRESENTATION_CONTEXT('2D SPACE',''
  ) );
#2432 = FACE_BOUND('',#2433,.T.);
#2433 = EDGE_LOOP('',(#2434));
#2434 = ORIENTED_EDGE('',*,*,#2435,.T.);
#2435 = EDGE_CURVE('',#2436,#2436,#2438,.T.);
#2436 = VERTEX_POINT('',#2437);
#2437 = CARTESIAN_POINT('',(1.1935E+03,155.,10.));
#2438 = SURFACE_CURVE('',#2439,(#2444,#2455),.PCURVE_S1.);
#2439 = CIRCLE('',#2440,6.5);
#2440 = AXIS2_PLACEMENT_3D('',#2441,#2442,#2443);
#2441 = CARTESIAN_POINT('',(1.2E+03,155.,10.));
#2442 = DIRECTION('',(0.,0.,-1.));
#2443 = DIRECTION('',(-1.,0.,0.));
#2444 = PCURVE('',#126,#2445);
#2445 = DEFINITIONAL_REPRESENTATION('',(#2446),#2454);
#2446 = ( BOUNDED_CURVE() B_SPLINE_CURVE(2,(#2447,#2448,#2449,#2450,
#2451,#2452,#2453),.UNSPECIFIED.,.T.,.F.) B_SPLINE_CURVE_WITH_KNOTS((1,2
    ,2,2,2,1),(-2.094395102393,0.,2.094395102393,4.188790204786,
6.28318530718,8.377580409573),.UNSPECIFIED.) CURVE() 
GEOMETRIC_REPRESENTATION_ITEM() RATIONAL_B_SPLINE_CURVE((1.,0.5,1.,0.5,
1.,0.5,1.)) REPRESENTATION_ITEM('') );
#2447 = CARTESIAN_POINT('',(1.1935E+03,155.));
#2448 = CARTESIAN_POINT('',(1.1935E+03,166.25833024919));
#2449 = CARTESIAN_POINT('',(1.20325E+03,160.62916512459));
#2450 = CARTESIAN_POINT('',(1.213E+03,155.));
#2451 = CARTESIAN_POINT('',(1.20325E+03,149.3708348754));
#2452 = CARTESIAN_POINT('',(1.1935E+03,143.7416697508));
#2453 = CARTESIAN_POINT('',(1.1935E+03,155.));
#2454 = ( GEOMETRIC_REPRESENTATION_CONTEXT(2) 
PARAMETRIC_REPRESENTATION_CONTEXT() REPRESENTATION_CONTEXT('2D SPACE',''
  ) );
#2455 = PCURVE('',#2456,#2461);
#2456 = CYLINDRICAL_SURFACE('',#2457,6.5);
#2457 = AXIS2_PLACEMENT_3D('',#2458,#2459,#2460);
#2458 = CARTESIAN_POINT('',(1.2E+03,155.,10.));
#2459 = DIRECTION('',(0.,0.,-1.));
#2460 = DIRECTION('',(-1.,0.,0.));
#2461 = DEFINITIONAL_REPRESENTATION('',(#2462),#2466);
#2462 = LINE('',#2463,#2464);
#2463 = CARTESIAN_POINT('',(0.,0.));
#2464 = VECTOR('',#2465,1.);
#2465 = DIRECTION('',(1.,0.));
#2466 = ( GEOMETRIC_REPRESENTATION_CONTEXT(2) 
PARAMETRIC_REPRESENTATION_CONTEXT() REPRESENTATION_CONTEXT('2D SPACE',''
  ) );
#2467 = FACE_BOUND('',#2468,.T.);
#2468 = EDGE_LOOP('',(#2469));
#2469 = ORIENTED_EDGE('',*,*,#2470,.T.);
#2470 = EDGE_CURVE('',#2471,#2471,#2473,.T.);
#2471 = VERTEX_POINT('',#2472);
#2472 = CARTESIAN_POINT('',(1.2735E+03,155.,10.));
#2473 = SURFACE_CURVE('',#2474,(#2479,#2490),.PCURVE_S1.);
#2474 = CIRCLE('',#2475,6.5);
#2475 = AXIS2_PLACEMENT_3D('',#2476,#2477,#2478);
#2476 = CARTESIAN_POINT('',(1.28E+03,155.,10.));
#2477 = DIRECTION('',(0.,0.,-1.));
#2478 = DIRECTION('',(-1.,0.,0.));
#2479 = PCURVE('',#126,#2480);
#2480 = DEFINITIONAL_REPRESENTATION('',(#2481),#2489);
#2481 = ( BOUNDED_CURVE() B_SPLINE_CURVE(2,(#2482,#2483,#2484,#2485,
#2486,#2487,#2488),.UNSPECIFIED.,.T.,.F.) B_SPLINE_CURVE_WITH_KNOTS((1,2
    ,2,2,2,1),(-2.094395102393,0.,2.094395102393,4.188790204786,
6.28318530718,8.377580409573),.UNSPECIFIED.) CURVE() 
GEOMETRIC_REPRESENTATION_ITEM() RATIONAL_B_SPLINE_CURVE((1.,0.5,1.,0.5,
1.,0.5,1.)) REPRESENTATION_ITEM('') );
#2482 = CARTESIAN_POINT('',(1.2735E+03,155.));
#2483 = CARTESIAN_POINT('',(1.2735E+03,166.25833024919));
#2484 = CARTESIAN_POINT('',(1.28325E+03,160.62916512459));
#2485 = CARTESIAN_POINT('',(1.293E+03,155.));
#2486 = CARTESIAN_POINT('',(1.28325E+03,149.3708348754));
#2487 = CARTESIAN_POINT('',(1.2735E+03,143.7416697508));
#2488 = CARTESIAN_POINT('',(1.2735E+03,155.));
#2489 = ( GEOMETRIC_REPRESENTATION_CONTEXT(2) 
PARAMETRIC_REPRESENTATION_CONTEXT() REPRESENTATION_CONTEXT('2D SPACE',''
  ) );
#2490 = PCURVE('',#2491,#2496);
#2491 = CYLINDRICAL_SURFACE('',#2492,6.5);
#2492 = AXIS2_PLACEMENT_3D('',#2493,#2494,#2495);
#2493 = CARTESIAN_POINT('',(1.28E+03,155.,10.));
#2494 = DIRECTION('',(0.,0.,-1.));
#2495 = DIRECTION('',(-1.,0.,0.));
#2496 = DEFINITIONAL_REPRESENTATION('',(#2497),#2501);
#2497 = LINE('',#2498,#2499);
#2498 = CARTESIAN_POINT('',(0.,0.));
#2499 = VECTOR('',#2500,1.);
#2500 = DIRECTION('',(1.,0.));
#2501 = ( GEOMETRIC_REPRESENTATION_CONTEXT(2) 
PARAMETRIC_REPRESENTATION_CONTEXT() REPRESENTATION_CONTEXT('2D SPACE',''
  ) );
#2502 = FACE_BOUND('',#2503,.T.);
#2503 = EDGE_LOOP('',(#2504));
#2504 = ORIENTED_EDGE('',*,*,#2505,.T.);
#2505 = EDGE_CURVE('',#2506,#2506,#2508,.T.);
#2506 = VERTEX_POINT('',#2507);
#2507 = CARTESIAN_POINT('',(1.3535E+03,155.,10.));
#2508 = SURFACE_CURVE('',#2509,(#2514,#2525),.PCURVE_S1.);
#2509 = CIRCLE('',#2510,6.5);
#2510 = AXIS2_PLACEMENT_3D('',#2511,#2512,#2513);
#2511 = CARTESIAN_POINT('',(1.36E+03,155.,10.));
#2512 = DIRECTION('',(0.,0.,-1.));
#2513 = DIRECTION('',(-1.,0.,0.));
#2514 = PCURVE('',#126,#2515);
#2515 = DEFINITIONAL_REPRESENTATION('',(#2516),#2524);
#2516 = ( BOUNDED_CURVE() B_SPLINE_CURVE(2,(#2517,#2518,#2519,#2520,
#2521,#2522,#2523),.UNSPECIFIED.,.T.,.F.) B_SPLINE_CURVE_WITH_KNOTS((1,2
    ,2,2,2,1),(-2.094395102393,0.,2.094395102393,4.188790204786,
6.28318530718,8.377580409573),.UNSPECIFIED.) CURVE() 
GEOMETRIC_REPRESENTATION_ITEM() RATIONAL_B_SPLINE_CURVE((1.,0.5,1.,0.5,
1.,0.5,1.)) REPRESENTATION_ITEM('') );
#2517 = CARTESIAN_POINT('',(1.3535E+03,155.));
#2518 = CARTESIAN_POINT('',(1.3535E+03,166.25833024919));
#2519 = CARTESIAN_POINT('',(1.36325E+03,160.62916512459));
#2520 = CARTESIAN_POINT('',(1.373E+03,155.));
#2521 = CARTESIAN_POINT('',(1.36325E+03,149.3708348754));
#2522 = CARTESIAN_POINT('',(1.3535E+03,143.7416697508));
#2523 = CARTESIAN_POINT('',(1.3535E+03,155.));
#2524 = ( GEOMETRIC_REPRESENTATION_CONTEXT(2) 
PARAMETRIC_REPRESENTATION_CONTEXT() REPRESENTATION_CONTEXT('2D SPACE',''
  ) );
#2525 = PCURVE('',#2526,#2531);
#2526 = CYLINDRICAL_SURFACE('',#2527,6.5);
#2527 = AXIS2_PLACEMENT_3D('',#2528,#2529,#2530);
#2528 = CARTESIAN_POINT('',(1.36E+03,155.,10.));
#2529 = DIRECTION('',(0.,0.,-1.));
#2530 = DIRECTION('',(-1.,0.,0.));
#2531 = DEFINITIONAL_REPRESENTATION('',(#2532),#2536);
#2532 = LINE('',#2533,#2534);
#2533 = CARTESIAN_POINT('',(0.,0.));
#2534 = VECTOR('',#2535,1.);
#2535 = DIRECTION('',(1.,0.));
#2536 = ( GEOMETRIC_REPRESENTATION_CONTEXT(2) 
PARAMETRIC_REPRESENTATION_CONTEXT() REPRESENTATION_CONTEXT('2D SPACE',''
  ) );
#2537 = FACE_BOUND('',#2538,.T.);
#2538 = EDGE_LOOP('',(#2539));
#2539 = ORIENTED_EDGE('',*,*,#2540,.T.);
#2540 = EDGE_CURVE('',#2541,#2541,#2543,.T.);
#2541 = VERTEX_POINT('',#2542);
#2542 = CARTESIAN_POINT('',(1.4335E+03,155.,10.));
#2543 = SURFACE_CURVE('',#2544,(#2549,#2560),.PCURVE_S1.);
#2544 = CIRCLE('',#2545,6.5);
#2545 = AXIS2_PLACEMENT_3D('',#2546,#2547,#2548);
#2546 = CARTESIAN_POINT('',(1.44E+03,155.,10.));
#2547 = DIRECTION('',(0.,0.,-1.));
#2548 = DIRECTION('',(-1.,0.,0.));
#2549 = PCURVE('',#126,#2550);
#2550 = DEFINITIONAL_REPRESENTATION('',(#2551),#2559);
#2551 = ( BOUNDED_CURVE() B_SPLINE_CURVE(2,(#2552,#2553,#2554,#2555,
#2556,#2557,#2558),.UNSPECIFIED.,.T.,.F.) B_SPLINE_CURVE_WITH_KNOTS((1,2
    ,2,2,2,1),(-2.094395102393,0.,2.094395102393,4.188790204786,
6.28318530718,8.377580409573),.UNSPECIFIED.) CURVE() 
GEOMETRIC_REPRESENTATION_ITEM() RATIONAL_B_SPLINE_CURVE((1.,0.5,1.,0.5,
1.,0.5,1.)) REPRESENTATION_ITEM('') );
#2552 = CARTESIAN_POINT('',(1.4335E+03,155.));
#2553 = CARTESIAN_POINT('',(1.4335E+03,166.25833024919));
#2554 = CARTESIAN_POINT('',(1.44325E+03,160.62916512459));
#2555 = CARTESIAN_POINT('',(1.453E+03,155.));
#2556 = CARTESIAN_POINT('',(1.44325E+03,149.3708348754));
#2557 = CARTESIAN_POINT('',(1.4335E+03,143.7416697508));
#2558 = CARTESIAN_POINT('',(1.4335E+03,155.));
#2559 = ( GEOMETRIC_REPRESENTATION_CONTEXT(2) 
PARAMETRIC_REPRESENTATION_CONTEXT() REPRESENTATION_CONTEXT('2D SPACE',''
  ) );
#2560 = PCURVE('',#2561,#2566);
#2561 = CYLINDRICAL_SURFACE('',#2562,6.5);
#2562 = AXIS2_PLACEMENT_3D('',#2563,#2564,#2565);
#2563 = CARTESIAN_POINT('',(1.44E+03,155.,10.));
#2564 = DIRECTION('',(0.,0.,-1.));
#2565 = DIRECTION('',(-1.,0.,0.));
#2566 = DEFINITIONAL_REPRESENTATION('',(#2567),#2571);
#2567 = LINE('',#2568,#2569);
#2568 = CARTESIAN_POINT('',(0.,0.));
#2569 = VECTOR('',#2570,1.);
#2570 = DIRECTION('',(1.,0.));
#2571 = ( GEOMETRIC_REPRESENTATION_CONTEXT(2) 
PARAMETRIC_REPRESENTATION_CONTEXT() REPRESENTATION_CONTEXT('2D SPACE',''
  ) );
#2572 = FACE_BOUND('',#2573,.T.);
#2573 = EDGE_LOOP('',(#2574));
#2574 = ORIENTED_EDGE('',*,*,#2575,.T.);
#2575 = EDGE_CURVE('',#2576,#2576,#2578,.T.);
#2576 = VERTEX_POINT('',#2577);
#2577 = CARTESIAN_POINT('',(1.6335E+03,155.,10.));
#2578 = SURFACE_CURVE('',#2579,(#2584,#2595),.PCURVE_S1.);
#2579 = CIRCLE('',#2580,6.5);
#2580 = AXIS2_PLACEMENT_3D('',#2581,#2582,#2583);
#2581 = CARTESIAN_POINT('',(1.64E+03,155.,10.));
#2582 = DIRECTION('',(0.,0.,-1.));
#2583 = DIRECTION('',(-1.,0.,0.));
#2584 = PCURVE('',#126,#2585);
#2585 = DEFINITIONAL_REPRESENTATION('',(#2586),#2594);
#2586 = ( BOUNDED_CURVE() B_SPLINE_CURVE(2,(#2587,#2588,#2589,#2590,
#2591,#2592,#2593),.UNSPECIFIED.,.T.,.F.) B_SPLINE_CURVE_WITH_KNOTS((1,2
    ,2,2,2,1),(-2.094395102393,0.,2.094395102393,4.188790204786,
6.28318530718,8.377580409573),.UNSPECIFIED.) CURVE() 
GEOMETRIC_REPRESENTATION_ITEM() RATIONAL_B_SPLINE_CURVE((1.,0.5,1.,0.5,
1.,0.5,1.)) REPRESENTATION_ITEM('') );
#2587 = CARTESIAN_POINT('',(1.6335E+03,155.));
#2588 = CARTESIAN_POINT('',(1.6335E+03,166.25833024919));
#2589 = CARTESIAN_POINT('',(1.64325E+03,160.62916512459));
#2590 = CARTESIAN_POINT('',(1.653E+03,155.));
#2591 = CARTESIAN_POINT('',(1.64325E+03,149.3708348754));
#2592 = CARTESIAN_POINT('',(1.6335E+03,143.7416697508));
#2593 = CARTESIAN_POINT('',(1.6335E+03,155.));
#2594 = ( GEOMETRIC_REPRESENTATION_CONTEXT(2) 
PARAMETRIC_REPRESENTATION_CONTEXT() REPRESENTATION_CONTEXT('2D SPACE',''
  ) );
#2595 = PCURVE('',#2596,#2601);
#2596 = CYLINDRICAL_SURFACE('',#2597,6.5);
#2597 = AXIS2_PLACEMENT_3D('',#2598,#2599,#2600);
#2598 = CARTESIAN_POINT('',(1.64E+03,155.,10.));
#2599 = DIRECTION('',(0.,0.,-1.));
#2600 = DIRECTION('',(-1.,0.,0.));
#2601 = DEFINITIONAL_REPRESENTATION('',(#2602),#2606);
#2602 = LINE('',#2603,#2604);
#2603 = CARTESIAN_POINT('',(0.,0.));
#2604 = VECTOR('',#2605,1.);
#2605 = DIRECTION('',(1.,0.));
#2606 = ( GEOMETRIC_REPRESENTATION_CONTEXT(2) 
PARAMETRIC_REPRESENTATION_CONTEXT() REPRESENTATION_CONTEXT('2D SPACE',''
  ) );
#2607 = FACE_BOUND('',#2608,.T.);
#2608 = EDGE_LOOP('',(#2609));
#2609 = ORIENTED_EDGE('',*,*,#2610,.T.);
#2610 = EDGE_CURVE('',#2611,#2611,#2613,.T.);
#2611 = VERTEX_POINT('',#2612);
#2612 = CARTESIAN_POINT('',(1.8335E+03,155.,10.));
#2613 = SURFACE_CURVE('',#2614,(#2619,#2630),.PCURVE_S1.);
#2614 = CIRCLE('',#2615,6.5);
#2615 = AXIS2_PLACEMENT_3D('',#2616,#2617,#2618);
#2616 = CARTESIAN_POINT('',(1.84E+03,155.,10.));
#2617 = DIRECTION('',(0.,0.,-1.));
#2618 = DIRECTION('',(-1.,0.,0.));
#2619 = PCURVE('',#126,#2620);
#2620 = DEFINITIONAL_REPRESENTATION('',(#2621),#2629);
#2621 = ( BOUNDED_CURVE() B_SPLINE_CURVE(2,(#2622,#2623,#2624,#2625,
#2626,#2627,#2628),.UNSPECIFIED.,.T.,.F.) B_SPLINE_CURVE_WITH_KNOTS((1,2
    ,2,2,2,1),(-2.094395102393,0.,2.094395102393,4.188790204786,
6.28318530718,8.377580409573),.UNSPECIFIED.) CURVE() 
GEOMETRIC_REPRESENTATION_ITEM() RATIONAL_B_SPLINE_CURVE((1.,0.5,1.,0.5,
1.,0.5,1.)) REPRESENTATION_ITEM('') );
#2622 = CARTESIAN_POINT('',(1.8335E+03,155.));
#2623 = CARTESIAN_POINT('',(1.8335E+03,166.25833024919));
#2624 = CARTESIAN_POINT('',(1.84325E+03,160.62916512459));
#2625 = CARTESIAN_POINT('',(1.853E+03,155.));
#2626 = CARTESIAN_POINT('',(1.84325E+03,149.3708348754));
#2627 = CARTESIAN_POINT('',(1.8335E+03,143.7416697508));
#2628 = CARTESIAN_POINT('',(1.8335E+03,155.));
#2629 = ( GEOMETRIC_REPRESENTATION_CONTEXT(2) 
PARAMETRIC_REPRESENTATION_CONTEXT() REPRESENTATION_CONTEXT('2D SPACE',''
  ) );
#2630 = PCURVE('',#2631,#2636);
#2631 = CYLINDRICAL_SURFACE('',#2632,6.5);
#2632 = AXIS2_PLACEMENT_3D('',#2633,#2634,#2635);
#2633 = CARTESIAN_POINT('',(1.84E+03,155.,10.));
#2634 = DIRECTION('',(0.,0.,-1.));
#2635 = DIRECTION('',(-1.,0.,0.));
#2636 = DEFINITIONAL_REPRESENTATION('',(#2637),#2641);
#2637 = LINE('',#2638,#2639);
#2638 = CARTESIAN_POINT('',(0.,0.));
#2639 = VECTOR('',#2640,1.);
#2640 = DIRECTION('',(1.,0.));
#2641 = ( GEOMETRIC_REPRESENTATION_CONTEXT(2) 
PARAMETRIC_REPRESENTATION_CONTEXT() REPRESENTATION_CONTEXT('2D SPACE',''
  ) );
#2642 = FACE_BOUND('',#2643,.T.);
#2643 = EDGE_LOOP('',(#2644));
#2644 = ORIENTED_EDGE('',*,*,#2645,.T.);
#2645 = EDGE_CURVE('',#2646,#2646,#2648,.T.);
#2646 = VERTEX_POINT('',#2647);
#2647 = CARTESIAN_POINT('',(2.0335E+03,155.,10.));
#2648 = SURFACE_CURVE('',#2649,(#2654,#2665),.PCURVE_S1.);
#2649 = CIRCLE('',#2650,6.5);
#2650 = AXIS2_PLACEMENT_3D('',#2651,#2652,#2653);
#2651 = CARTESIAN_POINT('',(2.04E+03,155.,10.));
#2652 = DIRECTION('',(0.,0.,-1.));
#2653 = DIRECTION('',(-1.,0.,0.));
#2654 = PCURVE('',#126,#2655);
#2655 = DEFINITIONAL_REPRESENTATION('',(#2656),#2664);
#2656 = ( BOUNDED_CURVE() B_SPLINE_CURVE(2,(#2657,#2658,#2659,#2660,
#2661,#2662,#2663),.UNSPECIFIED.,.T.,.F.) B_SPLINE_CURVE_WITH_KNOTS((1,2
    ,2,2,2,1),(-2.094395102393,0.,2.094395102393,4.188790204786,
6.28318530718,8.377580409573),.UNSPECIFIED.) CURVE() 
GEOMETRIC_REPRESENTATION_ITEM() RATIONAL_B_SPLINE_CURVE((1.,0.5,1.,0.5,
1.,0.5,1.)) REPRESENTATION_ITEM('') );
#2657 = CARTESIAN_POINT('',(2.0335E+03,155.));
#2658 = CARTESIAN_POINT('',(2.0335E+03,166.25833024919));
#2659 = CARTESIAN_POINT('',(2.04325E+03,160.62916512459));
#2660 = CARTESIAN_POINT('',(2.053E+03,155.));
#2661 = CARTESIAN_POINT('',(2.04325E+03,149.3708348754));
#2662 = CARTESIAN_POINT('',(2.0335E+03,143.7416697508));
#2663 = CARTESIAN_POINT('',(2.0335E+03,155.));
#2664 = ( GEOMETRIC_REPRESENTATION_CONTEXT(2) 
PARAMETRIC_REPRESENTATION_CONTEXT() REPRESENTATION_CONTEXT('2D SPACE',''
  ) );
#2665 = PCURVE('',#2666,#2671);
#2666 = CYLINDRICAL_SURFACE('',#2667,6.5);
#2667 = AXIS2_PLACEMENT_3D('',#2668,#2669,#2670);
#2668 = CARTESIAN_POINT('',(2.04E+03,155.,10.));
#2669 = DIRECTION('',(0.,0.,-1.));
#2670 = DIRECTION('',(-1.,0.,0.));
#2671 = DEFINITIONAL_REPRESENTATION('',(#2672),#2676);
#2672 = LINE('',#2673,#2674);
#2673 = CARTESIAN_POINT('',(0.,0.));
#2674 = VECTOR('',#2675,1.);
#2675 = DIRECTION('',(1.,0.));
#2676 = ( GEOMETRIC_REPRESENTATION_CONTEXT(2) 
PARAMETRIC_REPRESENTATION_CONTEXT() REPRESENTATION_CONTEXT('2D SPACE',''
  ) );
#2677 = FACE_BOUND('',#2678,.T.);
#2678 = EDGE_LOOP('',(#2679));
#2679 = ORIENTED_EDGE('',*,*,#2680,.T.);
#2680 = EDGE_CURVE('',#2681,#2681,#2683,.T.);
#2681 = VERTEX_POINT('',#2682);
#2682 = CARTESIAN_POINT('',(2.2335E+03,155.,10.));
#2683 = SURFACE_CURVE('',#2684,(#2689,#2700),.PCURVE_S1.);
#2684 = CIRCLE('',#2685,6.5);
#2685 = AXIS2_PLACEMENT_3D('',#2686,#2687,#2688);
#2686 = CARTESIAN_POINT('',(2.24E+03,155.,10.));
#2687 = DIRECTION('',(0.,0.,-1.));
#2688 = DIRECTION('',(-1.,0.,0.));
#2689 = PCURVE('',#126,#2690);
#2690 = DEFINITIONAL_REPRESENTATION('',(#2691),#2699);
#2691 = ( BOUNDED_CURVE() B_SPLINE_CURVE(2,(#2692,#2693,#2694,#2695,
#2696,#2697,#2698),.UNSPECIFIED.,.T.,.F.) B_SPLINE_CURVE_WITH_KNOTS((1,2
    ,2,2,2,1),(-2.094395102393,0.,2.094395102393,4.188790204786,
6.28318530718,8.377580409573),.UNSPECIFIED.) CURVE() 
GEOMETRIC_REPRESENTATION_ITEM() RATIONAL_B_SPLINE_CURVE((1.,0.5,1.,0.5,
1.,0.5,1.)) REPRESENTATION_ITEM('') );
#2692 = CARTESIAN_POINT('',(2.2335E+03,155.));
#2693 = CARTESIAN_POINT('',(2.2335E+03,166.25833024919));
#2694 = CARTESIAN_POINT('',(2.24325E+03,160.62916512459));
#2695 = CARTESIAN_POINT('',(2.253E+03,155.));
#2696 = CARTESIAN_POINT('',(2.24325E+03,149.3708348754));
#2697 = CARTESIAN_POINT('',(2.2335E+03,143.7416697508));
#2698 = CARTESIAN_POINT('',(2.2335E+03,155.));
#2699 = ( GEOMETRIC_REPRESENTATION_CONTEXT(2) 
PARAMETRIC_REPRESENTATION_CONTEXT() REPRESENTATION_CONTEXT('2D SPACE',''
  ) );
#2700 = PCURVE('',#2701,#2706);
#2701 = CYLINDRICAL_SURFACE('',#2702,6.5);
#2702 = AXIS2_PLACEMENT_3D('',#2703,#2704,#2705);
#2703 = CARTESIAN_POINT('',(2.24E+03,155.,10.));
#2704 = DIRECTION('',(0.,0.,-1.));
#2705 = DIRECTION('',(-1.,0.,0.));
#2706 = DEFINITIONAL_REPRESENTATION('',(#2707),#2711);
#2707 = LINE('',#2708,#2709);
#2708 = CARTESIAN_POINT('',(0.,0.));
#2709 = VECTOR('',#2710,1.);
#2710 = DIRECTION('',(1.,0.));
#2711 = ( GEOMETRIC_REPRESENTATION_CONTEXT(2) 
PARAMETRIC_REPRESENTATION_CONTEXT() REPRESENTATION_CONTEXT('2D SPACE',''
  ) );
#2712 = FACE_BOUND('',#2713,.T.);
#2713 = EDGE_LOOP('',(#2714));
#2714 = ORIENTED_EDGE('',*,*,#2715,.T.);
#2715 = EDGE_CURVE('',#2716,#2716,#2718,.T.);
#2716 = VERTEX_POINT('',#2717);
#2717 = CARTESIAN_POINT('',(2.5835E+03,155.,10.));
#2718 = SURFACE_CURVE('',#2719,(#2724,#2735),.PCURVE_S1.);
#2719 = CIRCLE('',#2720,6.5);
#2720 = AXIS2_PLACEMENT_3D('',#2721,#2722,#2723);
#2721 = CARTESIAN_POINT('',(2.59E+03,155.,10.));
#2722 = DIRECTION('',(0.,0.,-1.));
#2723 = DIRECTION('',(-1.,0.,0.));
#2724 = PCURVE('',#126,#2725);
#2725 = DEFINITIONAL_REPRESENTATION('',(#2726),#2734);
#2726 = ( BOUNDED_CURVE() B_SPLINE_CURVE(2,(#2727,#2728,#2729,#2730,
#2731,#2732,#2733),.UNSPECIFIED.,.T.,.F.) B_SPLINE_CURVE_WITH_KNOTS((1,2
    ,2,2,2,1),(-2.094395102393,0.,2.094395102393,4.188790204786,
6.28318530718,8.377580409573),.UNSPECIFIED.) CURVE() 
GEOMETRIC_REPRESENTATION_ITEM() RATIONAL_B_SPLINE_CURVE((1.,0.5,1.,0.5,
1.,0.5,1.)) REPRESENTATION_ITEM('') );
#2727 = CARTESIAN_POINT('',(2.5835E+03,155.));
#2728 = CARTESIAN_POINT('',(2.5835E+03,166.25833024919));
#2729 = CARTESIAN_POINT('',(2.59325E+03,160.62916512459));
#2730 = CARTESIAN_POINT('',(2.603E+03,155.));
#2731 = CARTESIAN_POINT('',(2.59325E+03,149.3708348754));
#2732 = CARTESIAN_POINT('',(2.5835E+03,143.7416697508));
#2733 = CARTESIAN_POINT('',(2.5835E+03,155.));
#2734 = ( GEOMETRIC_REPRESENTATION_CONTEXT(2) 
PARAMETRIC_REPRESENTATION_CONTEXT() REPRESENTATION_CONTEXT('2D SPACE',''
  ) );
#2735 = PCURVE('',#2736,#2741);
#2736 = CYLINDRICAL_SURFACE('',#2737,6.5);
#2737 = AXIS2_PLACEMENT_3D('',#2738,#2739,#2740);
#2738 = CARTESIAN_POINT('',(2.59E+03,155.,10.));
#2739 = DIRECTION('',(0.,0.,-1.));
#2740 = DIRECTION('',(-1.,0.,0.));
#2741 = DEFINITIONAL_REPRESENTATION('',(#2742),#2746);
#2742 = LINE('',#2743,#2744);
#2743 = CARTESIAN_POINT('',(0.,0.));
#2744 = VECTOR('',#2745,1.);
#2745 = DIRECTION('',(1.,0.));
#2746 = ( GEOMETRIC_REPRESENTATION_CONTEXT(2) 
PARAMETRIC_REPRESENTATION_CONTEXT() REPRESENTATION_CONTEXT('2D SPACE',''
  ) );
#2747 = FACE_BOUND('',#2748,.T.);
#2748 = EDGE_LOOP('',(#2749));
#2749 = ORIENTED_EDGE('',*,*,#2750,.T.);
#2750 = EDGE_CURVE('',#2751,#2751,#2753,.T.);
#2751 = VERTEX_POINT('',#2752);
#2752 = CARTESIAN_POINT('',(4.5635E+03,100.,10.));
#2753 = SURFACE_CURVE('',#2754,(#2759,#2770),.PCURVE_S1.);
#2754 = CIRCLE('',#2755,6.5);
#2755 = AXIS2_PLACEMENT_3D('',#2756,#2757,#2758);
#2756 = CARTESIAN_POINT('',(4.57E+03,100.,10.));
#2757 = DIRECTION('',(0.,0.,-1.));
#2758 = DIRECTION('',(-1.,0.,0.));
#2759 = PCURVE('',#126,#2760);
#2760 = DEFINITIONAL_REPRESENTATION('',(#2761),#2769);
#2761 = ( BOUNDED_CURVE() B_SPLINE_CURVE(2,(#2762,#2763,#2764,#2765,
#2766,#2767,#2768),.UNSPECIFIED.,.T.,.F.) B_SPLINE_CURVE_WITH_KNOTS((1,2
    ,2,2,2,1),(-2.094395102393,0.,2.094395102393,4.188790204786,
6.28318530718,8.377580409573),.UNSPECIFIED.) CURVE() 
GEOMETRIC_REPRESENTATION_ITEM() RATIONAL_B_SPLINE_CURVE((1.,0.5,1.,0.5,
1.,0.5,1.)) REPRESENTATION_ITEM('') );
#2762 = CARTESIAN_POINT('',(4.5635E+03,100.));
#2763 = CARTESIAN_POINT('',(4.5635E+03,111.25833024919));
#2764 = CARTESIAN_POINT('',(4.57325E+03,105.62916512459));
#2765 = CARTESIAN_POINT('',(4.583E+03,100.));
#2766 = CARTESIAN_POINT('',(4.57325E+03,94.370834875401));
#2767 = CARTESIAN_POINT('',(4.5635E+03,88.741669750802));
#2768 = CARTESIAN_POINT('',(4.5635E+03,100.));
#2769 = ( GEOMETRIC_REPRESENTATION_CONTEXT(2) 
PARAMETRIC_REPRESENTATION_CONTEXT() REPRESENTATION_CONTEXT('2D SPACE',''
  ) );
#2770 = PCURVE('',#2771,#2776);
#2771 = CYLINDRICAL_SURFACE('',#2772,6.5);
#2772 = AXIS2_PLACEMENT_3D('',#2773,#2774,#2775);
#2773 = CARTESIAN_POINT('',(4.57E+03,100.,10.));
#2774 = DIRECTION('',(0.,0.,-1.));
#2775 = DIRECTION('',(-1.,0.,0.));
#2776 = DEFINITIONAL_REPRESENTATION('',(#2777),#2781);
#2777 = LINE('',#2778,#2779);
#2778 = CARTESIAN_POINT('',(0.,0.));
#2779 = VECTOR('',#2780,1.);
#2780 = DIRECTION('',(1.,0.));
#2781 = ( GEOMETRIC_REPRESENTATION_CONTEXT(2) 
PARAMETRIC_REPRESENTATION_CONTEXT() REPRESENTATION_CONTEXT('2D SPACE',''
  ) );
#2782 = FACE_BOUND('',#2783,.T.);
#2783 = EDGE_LOOP('',(#2784));
#2784 = ORIENTED_EDGE('',*,*,#2785,.T.);
#2785 = EDGE_CURVE('',#2786,#2786,#2788,.T.);
#2786 = VERTEX_POINT('',#2787);
#2787 = CARTESIAN_POINT('',(4.6535E+03,100.,10.));
#2788 = SURFACE_CURVE('',#2789,(#2794,#2805),.PCURVE_S1.);
#2789 = CIRCLE('',#2790,6.5);
#2790 = AXIS2_PLACEMENT_3D('',#2791,#2792,#2793);
#2791 = CARTESIAN_POINT('',(4.66E+03,100.,10.));
#2792 = DIRECTION('',(0.,0.,-1.));
#2793 = DIRECTION('',(-1.,0.,0.));
#2794 = PCURVE('',#126,#2795);
#2795 = DEFINITIONAL_REPRESENTATION('',(#2796),#2804);
#2796 = ( BOUNDED_CURVE() B_SPLINE_CURVE(2,(#2797,#2798,#2799,#2800,
#2801,#2802,#2803),.UNSPECIFIED.,.T.,.F.) B_SPLINE_CURVE_WITH_KNOTS((1,2
    ,2,2,2,1),(-2.094395102393,0.,2.094395102393,4.188790204786,
6.28318530718,8.377580409573),.UNSPECIFIED.) CURVE() 
GEOMETRIC_REPRESENTATION_ITEM() RATIONAL_B_SPLINE_CURVE((1.,0.5,1.,0.5,
1.,0.5,1.)) REPRESENTATION_ITEM('') );
#2797 = CARTESIAN_POINT('',(4.6535E+03,100.));
#2798 = CARTESIAN_POINT('',(4.6535E+03,111.25833024919));
#2799 = CARTESIAN_POINT('',(4.66325E+03,105.62916512459));
#2800 = CARTESIAN_POINT('',(4.673E+03,100.));
#2801 = CARTESIAN_POINT('',(4.66325E+03,94.370834875401));
#2802 = CARTESIAN_POINT('',(4.6535E+03,88.741669750802));
#2803 = CARTESIAN_POINT('',(4.6535E+03,100.));
#2804 = ( GEOMETRIC_REPRESENTATION_CONTEXT(2) 
PARAMETRIC_REPRESENTATION_CONTEXT() REPRESENTATION_CONTEXT('2D SPACE',''
  ) );
#2805 = PCURVE('',#2806,#2811);
#2806 = CYLINDRICAL_SURFACE('',#2807,6.5);
#2807 = AXIS2_PLACEMENT_3D('',#2808,#2809,#2810);
#2808 = CARTESIAN_POINT('',(4.66E+03,100.,10.));
#2809 = DIRECTION('',(0.,0.,-1.));
#2810 = DIRECTION('',(-1.,0.,0.));
#2811 = DEFINITIONAL_REPRESENTATION('',(#2812),#2816);
#2812 = LINE('',#2813,#2814);
#2813 = CARTESIAN_POINT('',(0.,0.));
#2814 = VECTOR('',#2815,1.);
#2815 = DIRECTION('',(1.,0.));
#2816 = ( GEOMETRIC_REPRESENTATION_CONTEXT(2) 
PARAMETRIC_REPRESENTATION_CONTEXT() REPRESENTATION_CONTEXT('2D SPACE',''
  ) );
#2817 = FACE_BOUND('',#2818,.T.);
#2818 = EDGE_LOOP('',(#2819));
#2819 = ORIENTED_EDGE('',*,*,#2820,.T.);
#2820 = EDGE_CURVE('',#2821,#2821,#2823,.T.);
#2821 = VERTEX_POINT('',#2822);
#2822 = CARTESIAN_POINT('',(4.7435E+03,100.,10.));
#2823 = SURFACE_CURVE('',#2824,(#2829,#2840),.PCURVE_S1.);
#2824 = CIRCLE('',#2825,6.5);
#2825 = AXIS2_PLACEMENT_3D('',#2826,#2827,#2828);
#2826 = CARTESIAN_POINT('',(4.75E+03,100.,10.));
#2827 = DIRECTION('',(0.,0.,-1.));
#2828 = DIRECTION('',(-1.,0.,0.));
#2829 = PCURVE('',#126,#2830);
#2830 = DEFINITIONAL_REPRESENTATION('',(#2831),#2839);
#2831 = ( BOUNDED_CURVE() B_SPLINE_CURVE(2,(#2832,#2833,#2834,#2835,
#2836,#2837,#2838),.UNSPECIFIED.,.T.,.F.) B_SPLINE_CURVE_WITH_KNOTS((1,2
    ,2,2,2,1),(-2.094395102393,0.,2.094395102393,4.188790204786,
6.28318530718,8.377580409573),.UNSPECIFIED.) CURVE() 
GEOMETRIC_REPRESENTATION_ITEM() RATIONAL_B_SPLINE_CURVE((1.,0.5,1.,0.5,
1.,0.5,1.)) REPRESENTATION_ITEM('') );
#2832 = CARTESIAN_POINT('',(4.7435E+03,100.));
#2833 = CARTESIAN_POINT('',(4.7435E+03,111.25833024919));
#2834 = CARTESIAN_POINT('',(4.75325E+03,105.62916512459));
#2835 = CARTESIAN_POINT('',(4.763E+03,100.));
#2836 = CARTESIAN_POINT('',(4.75325E+03,94.370834875401));
#2837 = CARTESIAN_POINT('',(4.7435E+03,88.741669750802));
#2838 = CARTESIAN_POINT('',(4.7435E+03,100.));
#2839 = ( GEOMETRIC_REPRESENTATION_CONTEXT(2) 
PARAMETRIC_REPRESENTATION_CONTEXT() REPRESENTATION_CONTEXT('2D SPACE',''
  ) );
#2840 = PCURVE('',#2841,#2846);
#2841 = CYLINDRICAL_SURFACE('',#2842,6.5);
#2842 = AXIS2_PLACEMENT_3D('',#2843,#2844,#2845);
#2843 = CARTESIAN_POINT('',(4.75E+03,100.,10.));
#2844 = DIRECTION('',(0.,0.,-1.));
#2845 = DIRECTION('',(-1.,0.,0.));
#2846 = DEFINITIONAL_REPRESENTATION('',(#2847),#2851);
#2847 = LINE('',#2848,#2849);
#2848 = CARTESIAN_POINT('',(0.,0.));
#2849 = VECTOR('',#2850,1.);
#2850 = DIRECTION('',(1.,0.));
#2851 = ( GEOMETRIC_REPRESENTATION_CONTEXT(2) 
PARAMETRIC_REPRESENTATION_CONTEXT() REPRESENTATION_CONTEXT('2D SPACE',''
  ) );
#2852 = FACE_BOUND('',#2853,.T.);
#2853 = EDGE_LOOP('',(#2854));
#2854 = ORIENTED_EDGE('',*,*,#2855,.T.);
#2855 = EDGE_CURVE('',#2856,#2856,#2858,.T.);
#2856 = VERTEX_POINT('',#2857);
#2857 = CARTESIAN_POINT('',(4.8335E+03,100.,10.));
#2858 = SURFACE_CURVE('',#2859,(#2864,#2875),.PCURVE_S1.);
#2859 = CIRCLE('',#2860,6.5);
#2860 = AXIS2_PLACEMENT_3D('',#2861,#2862,#2863);
#2861 = CARTESIAN_POINT('',(4.84E+03,100.,10.));
#2862 = DIRECTION('',(0.,0.,-1.));
#2863 = DIRECTION('',(-1.,0.,0.));
#2864 = PCURVE('',#126,#2865);
#2865 = DEFINITIONAL_REPRESENTATION('',(#2866),#2874);
#2866 = ( BOUNDED_CURVE() B_SPLINE_CURVE(2,(#2867,#2868,#2869,#2870,
#2871,#2872,#2873),.UNSPECIFIED.,.T.,.F.) B_SPLINE_CURVE_WITH_KNOTS((1,2
    ,2,2,2,1),(-2.094395102393,0.,2.094395102393,4.188790204786,
6.28318530718,8.377580409573),.UNSPECIFIED.) CURVE() 
GEOMETRIC_REPRESENTATION_ITEM() RATIONAL_B_SPLINE_CURVE((1.,0.5,1.,0.5,
1.,0.5,1.)) REPRESENTATION_ITEM('') );
#2867 = CARTESIAN_POINT('',(4.8335E+03,100.));
#2868 = CARTESIAN_POINT('',(4.8335E+03,111.25833024919));
#2869 = CARTESIAN_POINT('',(4.84325E+03,105.62916512459));
#2870 = CARTESIAN_POINT('',(4.853E+03,100.));
#2871 = CARTESIAN_POINT('',(4.84325E+03,94.370834875401));
#2872 = CARTESIAN_POINT('',(4.8335E+03,88.741669750802));
#2873 = CARTESIAN_POINT('',(4.8335E+03,100.));
#2874 = ( GEOMETRIC_REPRESENTATION_CONTEXT(2) 
PARAMETRIC_REPRESENTATION_CONTEXT() REPRESENTATION_CONTEXT('2D SPACE',''
  ) );
#2875 = PCURVE('',#2876,#2881);
#2876 = CYLINDRICAL_SURFACE('',#2877,6.5);
#2877 = AXIS2_PLACEMENT_3D('',#2878,#2879,#2880);
#2878 = CARTESIAN_POINT('',(4.84E+03,100.,10.));
#2879 = DIRECTION('',(0.,0.,-1.));
#2880 = DIRECTION('',(-1.,0.,0.));
#2881 = DEFINITIONAL_REPRESENTATION('',(#2882),#2886);
#2882 = LINE('',#2883,#2884);
#2883 = CARTESIAN_POINT('',(0.,0.));
#2884 = VECTOR('',#2885,1.);
#2885 = DIRECTION('',(1.,0.));
#2886 = ( GEOMETRIC_REPRESENTATION_CONTEXT(2) 
PARAMETRIC_REPRESENTATION_CONTEXT() REPRESENTATION_CONTEXT('2D SPACE',''
  ) );
#2887 = FACE_BOUND('',#2888,.T.);
#2888 = EDGE_LOOP('',(#2889));
#2889 = ORIENTED_EDGE('',*,*,#2890,.T.);
#2890 = EDGE_CURVE('',#2891,#2891,#2893,.T.);
#2891 = VERTEX_POINT('',#2892);
#2892 = CARTESIAN_POINT('',(4.9235E+03,100.,10.));
#2893 = SURFACE_CURVE('',#2894,(#2899,#2910),.PCURVE_S1.);
#2894 = CIRCLE('',#2895,6.5);
#2895 = AXIS2_PLACEMENT_3D('',#2896,#2897,#2898);
#2896 = CARTESIAN_POINT('',(4.93E+03,100.,10.));
#2897 = DIRECTION('',(0.,0.,-1.));
#2898 = DIRECTION('',(-1.,0.,0.));
#2899 = PCURVE('',#126,#2900);
#2900 = DEFINITIONAL_REPRESENTATION('',(#2901),#2909);
#2901 = ( BOUNDED_CURVE() B_SPLINE_CURVE(2,(#2902,#2903,#2904,#2905,
#2906,#2907,#2908),.UNSPECIFIED.,.T.,.F.) B_SPLINE_CURVE_WITH_KNOTS((1,2
    ,2,2,2,1),(-2.094395102393,0.,2.094395102393,4.188790204786,
6.28318530718,8.377580409573),.UNSPECIFIED.) CURVE() 
GEOMETRIC_REPRESENTATION_ITEM() RATIONAL_B_SPLINE_CURVE((1.,0.5,1.,0.5,
1.,0.5,1.)) REPRESENTATION_ITEM('') );
#2902 = CARTESIAN_POINT('',(4.9235E+03,100.));
#2903 = CARTESIAN_POINT('',(4.9235E+03,111.25833024919));
#2904 = CARTESIAN_POINT('',(4.93325E+03,105.62916512459));
#2905 = CARTESIAN_POINT('',(4.943E+03,100.));
#2906 = CARTESIAN_POINT('',(4.93325E+03,94.370834875401));
#2907 = CARTESIAN_POINT('',(4.9235E+03,88.741669750802));
#2908 = CARTESIAN_POINT('',(4.9235E+03,100.));
#2909 = ( GEOMETRIC_REPRESENTATION_CONTEXT(2) 
PARAMETRIC_REPRESENTATION_CONTEXT() REPRESENTATION_CONTEXT('2D SPACE',''
  ) );
#2910 = PCURVE('',#2911,#2916);
#2911 = CYLINDRICAL_SURFACE('',#2912,6.5);
#2912 = AXIS2_PLACEMENT_3D('',#2913,#2914,#2915);
#2913 = CARTESIAN_POINT('',(4.93E+03,100.,10.));
#2914 = DIRECTION('',(0.,0.,-1.));
#2915 = DIRECTION('',(-1.,0.,0.));
#2916 = DEFINITIONAL_REPRESENTATION('',(#2917),#2921);
#2917 = LINE('',#2918,#2919);
#2918 = CARTESIAN_POINT('',(0.,0.));
#2919 = VECTOR('',#2920,1.);
#2920 = DIRECTION('',(1.,0.));
#2921 = ( GEOMETRIC_REPRESENTATION_CONTEXT(2) 
PARAMETRIC_REPRESENTATION_CONTEXT() REPRESENTATION_CONTEXT('2D SPACE',''
  ) );
#2922 = FACE_BOUND('',#2923,.T.);
#2923 = EDGE_LOOP('',(#2924));
#2924 = ORIENTED_EDGE('',*,*,#2925,.T.);
#2925 = EDGE_CURVE('',#2926,#2926,#2928,.T.);
#2926 = VERTEX_POINT('',#2927);
#2927 = CARTESIAN_POINT('',(5.0135E+03,100.,10.));
#2928 = SURFACE_CURVE('',#2929,(#2934,#2945),.PCURVE_S1.);
#2929 = CIRCLE('',#2930,6.5);
#2930 = AXIS2_PLACEMENT_3D('',#2931,#2932,#2933);
#2931 = CARTESIAN_POINT('',(5.02E+03,100.,10.));
#2932 = DIRECTION('',(0.,0.,-1.));
#2933 = DIRECTION('',(-1.,0.,0.));
#2934 = PCURVE('',#126,#2935);
#2935 = DEFINITIONAL_REPRESENTATION('',(#2936),#2944);
#2936 = ( BOUNDED_CURVE() B_SPLINE_CURVE(2,(#2937,#2938,#2939,#2940,
#2941,#2942,#2943),.UNSPECIFIED.,.T.,.F.) B_SPLINE_CURVE_WITH_KNOTS((1,2
    ,2,2,2,1),(-2.094395102393,0.,2.094395102393,4.188790204786,
6.28318530718,8.377580409573),.UNSPECIFIED.) CURVE() 
GEOMETRIC_REPRESENTATION_ITEM() RATIONAL_B_SPLINE_CURVE((1.,0.5,1.,0.5,
1.,0.5,1.)) REPRESENTATION_ITEM('') );
#2937 = CARTESIAN_POINT('',(5.0135E+03,100.));
#2938 = CARTESIAN_POINT('',(5.0135E+03,111.25833024919));
#2939 = CARTESIAN_POINT('',(5.02325E+03,105.62916512459));
#2940 = CARTESIAN_POINT('',(5.033E+03,100.));
#2941 = CARTESIAN_POINT('',(5.02325E+03,94.370834875401));
#2942 = CARTESIAN_POINT('',(5.0135E+03,88.741669750802));
#2943 = CARTESIAN_POINT('',(5.0135E+03,100.));
#2944 = ( GEOMETRIC_REPRESENTATION_CONTEXT(2) 
PARAMETRIC_REPRESENTATION_CONTEXT() REPRESENTATION_CONTEXT('2D SPACE',''
  ) );
#2945 = PCURVE('',#2946,#2951);
#2946 = CYLINDRICAL_SURFACE('',#2947,6.5);
#2947 = AXIS2_PLACEMENT_3D('',#2948,#2949,#2950);
#2948 = CARTESIAN_POINT('',(5.02E+03,100.,10.));
#2949 = DIRECTION('',(0.,0.,-1.));
#2950 = DIRECTION('',(-1.,0.,0.));
#2951 = DEFINITIONAL_REPRESENTATION('',(#2952),#2956);
#2952 = LINE('',#2953,#2954);
#2953 = CARTESIAN_POINT('',(0.,0.));
#2954 = VECTOR('',#2955,1.);
#2955 = DIRECTION('',(1.,0.));
#2956 = ( GEOMETRIC_REPRESENTATION_CONTEXT(2) 
PARAMETRIC_REPRESENTATION_CONTEXT() REPRESENTATION_CONTEXT('2D SPACE',''
  ) );
#2957 = FACE_BOUND('',#2958,.T.);
#2958 = EDGE_LOOP('',(#2959));
#2959 = ORIENTED_EDGE('',*,*,#2960,.T.);
#2960 = EDGE_CURVE('',#2961,#2961,#2963,.T.);
#2961 = VERTEX_POINT('',#2962);
#2962 = CARTESIAN_POINT('',(5.1035E+03,100.,10.));
#2963 = SURFACE_CURVE('',#2964,(#2969,#2980),.PCURVE_S1.);
#2964 = CIRCLE('',#2965,6.5);
#2965 = AXIS2_PLACEMENT_3D('',#2966,#2967,#2968);
#2966 = CARTESIAN_POINT('',(5.11E+03,100.,10.));
#2967 = DIRECTION('',(0.,0.,-1.));
#2968 = DIRECTION('',(-1.,0.,0.));
#2969 = PCURVE('',#126,#2970);
#2970 = DEFINITIONAL_REPRESENTATION('',(#2971),#2979);
#2971 = ( BOUNDED_CURVE() B_SPLINE_CURVE(2,(#2972,#2973,#2974,#2975,
#2976,#2977,#2978),.UNSPECIFIED.,.T.,.F.) B_SPLINE_CURVE_WITH_KNOTS((1,2
    ,2,2,2,1),(-2.094395102393,0.,2.094395102393,4.188790204786,
6.28318530718,8.377580409573),.UNSPECIFIED.) CURVE() 
GEOMETRIC_REPRESENTATION_ITEM() RATIONAL_B_SPLINE_CURVE((1.,0.5,1.,0.5,
1.,0.5,1.)) REPRESENTATION_ITEM('') );
#2972 = CARTESIAN_POINT('',(5.1035E+03,100.));
#2973 = CARTESIAN_POINT('',(5.1035E+03,111.25833024919));
#2974 = CARTESIAN_POINT('',(5.11325E+03,105.62916512459));
#2975 = CARTESIAN_POINT('',(5.123E+03,100.));
#2976 = CARTESIAN_POINT('',(5.11325E+03,94.370834875401));
#2977 = CARTESIAN_POINT('',(5.1035E+03,88.741669750802));
#2978 = CARTESIAN_POINT('',(5.1035E+03,100.));
#2979 = ( GEOMETRIC_REPRESENTATION_CONTEXT(2) 
PARAMETRIC_REPRESENTATION_CONTEXT() REPRESENTATION_CONTEXT('2D SPACE',''
  ) );
#2980 = PCURVE('',#2981,#2986);
#2981 = CYLINDRICAL_SURFACE('',#2982,6.5);
#2982 = AXIS2_PLACEMENT_3D('',#2983,#2984,#2985);
#2983 = CARTESIAN_POINT('',(5.11E+03,100.,10.));
#2984 = DIRECTION('',(0.,0.,-1.));
#2985 = DIRECTION('',(-1.,0.,0.));
#2986 = DEFINITIONAL_REPRESENTATION('',(#2987),#2991);
#2987 = LINE('',#2988,#2989);
#2988 = CARTESIAN_POINT('',(0.,0.));
#2989 = VECTOR('',#2990,1.);
#2990 = DIRECTION('',(1.,0.));
#2991 = ( GEOMETRIC_REPRESENTATION_CONTEXT(2) 
PARAMETRIC_REPRESENTATION_CONTEXT() REPRESENTATION_CONTEXT('2D SPACE',''
  ) );
#2992 = FACE_BOUND('',#2993,.T.);
#2993 = EDGE_LOOP('',(#2994));
#2994 = ORIENTED_EDGE('',*,*,#2995,.T.);
#2995 = EDGE_CURVE('',#2996,#2996,#2998,.T.);
#2996 = VERTEX_POINT('',#2997);
#2997 = CARTESIAN_POINT('',(5.1935E+03,100.,10.));
#2998 = SURFACE_CURVE('',#2999,(#3004,#3015),.PCURVE_S1.);
#2999 = CIRCLE('',#3000,6.5);
#3000 = AXIS2_PLACEMENT_3D('',#3001,#3002,#3003);
#3001 = CARTESIAN_POINT('',(5.2E+03,100.,10.));
#3002 = DIRECTION('',(0.,0.,-1.));
#3003 = DIRECTION('',(-1.,0.,0.));
#3004 = PCURVE('',#126,#3005);
#3005 = DEFINITIONAL_REPRESENTATION('',(#3006),#3014);
#3006 = ( BOUNDED_CURVE() B_SPLINE_CURVE(2,(#3007,#3008,#3009,#3010,
#3011,#3012,#3013),.UNSPECIFIED.,.T.,.F.) B_SPLINE_CURVE_WITH_KNOTS((1,2
    ,2,2,2,1),(-2.094395102393,0.,2.094395102393,4.188790204786,
6.28318530718,8.377580409573),.UNSPECIFIED.) CURVE() 
GEOMETRIC_REPRESENTATION_ITEM() RATIONAL_B_SPLINE_CURVE((1.,0.5,1.,0.5,
1.,0.5,1.)) REPRESENTATION_ITEM('') );
#3007 = CARTESIAN_POINT('',(5.1935E+03,100.));
#3008 = CARTESIAN_POINT('',(5.1935E+03,111.25833024919));
#3009 = CARTESIAN_POINT('',(5.20325E+03,105.62916512459));
#3010 = CARTESIAN_POINT('',(5.213E+03,100.));
#3011 = CARTESIAN_POINT('',(5.20325E+03,94.370834875401));
#3012 = CARTESIAN_POINT('',(5.1935E+03,88.741669750802));
#3013 = CARTESIAN_POINT('',(5.1935E+03,100.));
#3014 = ( GEOMETRIC_REPRESENTATION_CONTEXT(2) 
PARAMETRIC_REPRESENTATION_CONTEXT() REPRESENTATION_CONTEXT('2D SPACE',''
  ) );
#3015 = PCURVE('',#3016,#3021);
#3016 = CYLINDRICAL_SURFACE('',#3017,6.5);
#3017 = AXIS2_PLACEMENT_3D('',#3018,#3019,#3020);
#3018 = CARTESIAN_POINT('',(5.2E+03,100.,10.));
#3019 = DIRECTION('',(0.,0.,-1.));
#3020 = DIRECTION('',(-1.,0.,0.));
#3021 = DEFINITIONAL_REPRESENTATION('',(#3022),#3026);
#3022 = LINE('',#3023,#3024);
#3023 = CARTESIAN_POINT('',(0.,0.));
#3024 = VECTOR('',#3025,1.);
#3025 = DIRECTION('',(1.,0.));
#3026 = ( GEOMETRIC_REPRESENTATION_CONTEXT(2) 
PARAMETRIC_REPRESENTATION_CONTEXT() REPRESENTATION_CONTEXT('2D SPACE',''
  ) );
#3027 = FACE_BOUND('',#3028,.T.);
#3028 = EDGE_LOOP('',(#3029));
#3029 = ORIENTED_EDGE('',*,*,#3030,.T.);
#3030 = EDGE_CURVE('',#3031,#3031,#3033,.T.);
#3031 = VERTEX_POINT('',#3032);
#3032 = CARTESIAN_POINT('',(5.2835E+03,100.,10.));
#3033 = SURFACE_CURVE('',#3034,(#3039,#3050),.PCURVE_S1.);
#3034 = CIRCLE('',#3035,6.5);
#3035 = AXIS2_PLACEMENT_3D('',#3036,#3037,#3038);
#3036 = CARTESIAN_POINT('',(5.29E+03,100.,10.));
#3037 = DIRECTION('',(0.,0.,-1.));
#3038 = DIRECTION('',(-1.,0.,0.));
#3039 = PCURVE('',#126,#3040);
#3040 = DEFINITIONAL_REPRESENTATION('',(#3041),#3049);
#3041 = ( BOUNDED_CURVE() B_SPLINE_CURVE(2,(#3042,#3043,#3044,#3045,
#3046,#3047,#3048),.UNSPECIFIED.,.T.,.F.) B_SPLINE_CURVE_WITH_KNOTS((1,2
    ,2,2,2,1),(-2.094395102393,0.,2.094395102393,4.188790204786,
6.28318530718,8.377580409573),.UNSPECIFIED.) CURVE() 
GEOMETRIC_REPRESENTATION_ITEM() RATIONAL_B_SPLINE_CURVE((1.,0.5,1.,0.5,
1.,0.5,1.)) REPRESENTATION_ITEM('') );
#3042 = CARTESIAN_POINT('',(5.2835E+03,100.));
#3043 = CARTESIAN_POINT('',(5.2835E+03,111.25833024919));
#3044 = CARTESIAN_POINT('',(5.29325E+03,105.62916512459));
#3045 = CARTESIAN_POINT('',(5.303E+03,100.));
#3046 = CARTESIAN_POINT('',(5.29325E+03,94.370834875401));
#3047 = CARTESIAN_POINT('',(5.2835E+03,88.741669750802));
#3048 = CARTESIAN_POINT('',(5.2835E+03,100.));
#3049 = ( GEOMETRIC_REPRESENTATION_CONTEXT(2) 
PARAMETRIC_REPRESENTATION_CONTEXT() REPRESENTATION_CONTEXT('2D SPACE',''
  ) );
#3050 = PCURVE('',#3051,#3056);
#3051 = CYLINDRICAL_SURFACE('',#3052,6.5);
#3052 = AXIS2_PLACEMENT_3D('',#3053,#3054,#3055);
#3053 = CARTESIAN_POINT('',(5.29E+03,100.,10.));
#3054 = DIRECTION('',(0.,0.,-1.));
#3055 = DIRECTION('',(-1.,0.,0.));
#3056 = DEFINITIONAL_REPRESENTATION('',(#3057),#3061);
#3057 = LINE('',#3058,#3059);
#3058 = CARTESIAN_POINT('',(0.,0.));
#3059 = VECTOR('',#3060,1.);
#3060 = DIRECTION('',(1.,0.));
#3061 = ( GEOMETRIC_REPRESENTATION_CONTEXT(2) 
PARAMETRIC_REPRESENTATION_CONTEXT() REPRESENTATION_CONTEXT('2D SPACE',''
  ) );
#3062 = FACE_BOUND('',#3063,.T.);
#3063 = EDGE_LOOP('',(#3064));
#3064 = ORIENTED_EDGE('',*,*,#3065,.T.);
#3065 = EDGE_CURVE('',#3066,#3066,#3068,.T.);
#3066 = VERTEX_POINT('',#3067);
#3067 = CARTESIAN_POINT('',(5.3735E+03,100.,10.));
#3068 = SURFACE_CURVE('',#3069,(#3074,#3085),.PCURVE_S1.);
#3069 = CIRCLE('',#3070,6.5);
#3070 = AXIS2_PLACEMENT_3D('',#3071,#3072,#3073);
#3071 = CARTESIAN_POINT('',(5.38E+03,100.,10.));
#3072 = DIRECTION('',(0.,0.,-1.));
#3073 = DIRECTION('',(-1.,0.,0.));
#3074 = PCURVE('',#126,#3075);
#3075 = DEFINITIONAL_REPRESENTATION('',(#3076),#3084);
#3076 = ( BOUNDED_CURVE() B_SPLINE_CURVE(2,(#3077,#3078,#3079,#3080,
#3081,#3082,#3083),.UNSPECIFIED.,.T.,.F.) B_SPLINE_CURVE_WITH_KNOTS((1,2
    ,2,2,2,1),(-2.094395102393,0.,2.094395102393,4.188790204786,
6.28318530718,8.377580409573),.UNSPECIFIED.) CURVE() 
GEOMETRIC_REPRESENTATION_ITEM() RATIONAL_B_SPLINE_CURVE((1.,0.5,1.,0.5,
1.,0.5,1.)) REPRESENTATION_ITEM('') );
#3077 = CARTESIAN_POINT('',(5.3735E+03,100.));
#3078 = CARTESIAN_POINT('',(5.3735E+03,111.25833024919));
#3079 = CARTESIAN_POINT('',(5.38325E+03,105.62916512459));
#3080 = CARTESIAN_POINT('',(5.393E+03,100.));
#3081 = CARTESIAN_POINT('',(5.38325E+03,94.370834875401));
#3082 = CARTESIAN_POINT('',(5.3735E+03,88.741669750802));
#3083 = CARTESIAN_POINT('',(5.3735E+03,100.));
#3084 = ( GEOMETRIC_REPRESENTATION_CONTEXT(2) 
PARAMETRIC_REPRESENTATION_CONTEXT() REPRESENTATION_CONTEXT('2D SPACE',''
  ) );
#3085 = PCURVE('',#3086,#3091);
#3086 = CYLINDRICAL_SURFACE('',#3087,6.5);
#3087 = AXIS2_PLACEMENT_3D('',#3088,#3089,#3090);
#3088 = CARTESIAN_POINT('',(5.38E+03,100.,10.));
#3089 = DIRECTION('',(0.,0.,-1.));
#3090 = DIRECTION('',(-1.,0.,0.));
#3091 = DEFINITIONAL_REPRESENTATION('',(#3092),#3096);
#3092 = LINE('',#3093,#3094);
#3093 = CARTESIAN_POINT('',(0.,0.));
#3094 = VECTOR('',#3095,1.);
#3095 = DIRECTION('',(1.,0.));
#3096 = ( GEOMETRIC_REPRESENTATION_CONTEXT(2) 
PARAMETRIC_REPRESENTATION_CONTEXT() REPRESENTATION_CONTEXT('2D SPACE',''
  ) );
#3097 = FACE_BOUND('',#3098,.T.);
#3098 = EDGE_LOOP('',(#3099));
#3099 = ORIENTED_EDGE('',*,*,#3100,.T.);
#3100 = EDGE_CURVE('',#3101,#3101,#3103,.T.);
#3101 = VERTEX_POINT('',#3102);
#3102 = CARTESIAN_POINT('',(2.9335E+03,155.,10.));
#3103 = SURFACE_CURVE('',#3104,(#3109,#3120),.PCURVE_S1.);
#3104 = CIRCLE('',#3105,6.5);
#3105 = AXIS2_PLACEMENT_3D('',#3106,#3107,#3108);
#3106 = CARTESIAN_POINT('',(2.94E+03,155.,10.));
#3107 = DIRECTION('',(0.,0.,-1.));
#3108 = DIRECTION('',(-1.,0.,0.));
#3109 = PCURVE('',#126,#3110);
#3110 = DEFINITIONAL_REPRESENTATION('',(#3111),#3119);
#3111 = ( BOUNDED_CURVE() B_SPLINE_CURVE(2,(#3112,#3113,#3114,#3115,
#3116,#3117,#3118),.UNSPECIFIED.,.T.,.F.) B_SPLINE_CURVE_WITH_KNOTS((1,2
    ,2,2,2,1),(-2.094395102393,0.,2.094395102393,4.188790204786,
6.28318530718,8.377580409573),.UNSPECIFIED.) CURVE() 
GEOMETRIC_REPRESENTATION_ITEM() RATIONAL_B_SPLINE_CURVE((1.,0.5,1.,0.5,
1.,0.5,1.)) REPRESENTATION_ITEM('') );
#3112 = CARTESIAN_POINT('',(2.9335E+03,155.));
#3113 = CARTESIAN_POINT('',(2.9335E+03,166.25833024919));
#3114 = CARTESIAN_POINT('',(2.94325E+03,160.62916512459));
#3115 = CARTESIAN_POINT('',(2.953E+03,155.));
#3116 = CARTESIAN_POINT('',(2.94325E+03,149.3708348754));
#3117 = CARTESIAN_POINT('',(2.9335E+03,143.7416697508));
#3118 = CARTESIAN_POINT('',(2.9335E+03,155.));
#3119 = ( GEOMETRIC_REPRESENTATION_CONTEXT(2) 
PARAMETRIC_REPRESENTATION_CONTEXT() REPRESENTATION_CONTEXT('2D SPACE',''
  ) );
#3120 = PCURVE('',#3121,#3126);
#3121 = CYLINDRICAL_SURFACE('',#3122,6.5);
#3122 = AXIS2_PLACEMENT_3D('',#3123,#3124,#3125);
#3123 = CARTESIAN_POINT('',(2.94E+03,155.,10.));
#3124 = DIRECTION('',(0.,0.,-1.));
#3125 = DIRECTION('',(-1.,0.,0.));
#3126 = DEFINITIONAL_REPRESENTATION('',(#3127),#3131);
#3127 = LINE('',#3128,#3129);
#3128 = CARTESIAN_POINT('',(0.,0.));
#3129 = VECTOR('',#3130,1.);
#3130 = DIRECTION('',(1.,0.));
#3131 = ( GEOMETRIC_REPRESENTATION_CONTEXT(2) 
PARAMETRIC_REPRESENTATION_CONTEXT() REPRESENTATION_CONTEXT('2D SPACE',''
  ) );
#3132 = FACE_BOUND('',#3133,.T.);
#3133 = EDGE_LOOP('',(#3134));
#3134 = ORIENTED_EDGE('',*,*,#3135,.T.);
#3135 = EDGE_CURVE('',#3136,#3136,#3138,.T.);
#3136 = VERTEX_POINT('',#3137);
#3137 = CARTESIAN_POINT('',(3.2635E+03,155.,10.));
#3138 = SURFACE_CURVE('',#3139,(#3144,#3155),.PCURVE_S1.);
#3139 = CIRCLE('',#3140,6.5);
#3140 = AXIS2_PLACEMENT_3D('',#3141,#3142,#3143);
#3141 = CARTESIAN_POINT('',(3.27E+03,155.,10.));
#3142 = DIRECTION('',(0.,0.,-1.));
#3143 = DIRECTION('',(-1.,0.,0.));
#3144 = PCURVE('',#126,#3145);
#3145 = DEFINITIONAL_REPRESENTATION('',(#3146),#3154);
#3146 = ( BOUNDED_CURVE() B_SPLINE_CURVE(2,(#3147,#3148,#3149,#3150,
#3151,#3152,#3153),.UNSPECIFIED.,.T.,.F.) B_SPLINE_CURVE_WITH_KNOTS((1,2
    ,2,2,2,1),(-2.094395102393,0.,2.094395102393,4.188790204786,
6.28318530718,8.377580409573),.UNSPECIFIED.) CURVE() 
GEOMETRIC_REPRESENTATION_ITEM() RATIONAL_B_SPLINE_CURVE((1.,0.5,1.,0.5,
1.,0.5,1.)) REPRESENTATION_ITEM('') );
#3147 = CARTESIAN_POINT('',(3.2635E+03,155.));
#3148 = CARTESIAN_POINT('',(3.2635E+03,166.25833024919));
#3149 = CARTESIAN_POINT('',(3.27325E+03,160.62916512459));
#3150 = CARTESIAN_POINT('',(3.283E+03,155.));
#3151 = CARTESIAN_POINT('',(3.27325E+03,149.3708348754));
#3152 = CARTESIAN_POINT('',(3.2635E+03,143.7416697508));
#3153 = CARTESIAN_POINT('',(3.2635E+03,155.));
#3154 = ( GEOMETRIC_REPRESENTATION_CONTEXT(2) 
PARAMETRIC_REPRESENTATION_CONTEXT() REPRESENTATION_CONTEXT('2D SPACE',''
  ) );
#3155 = PCURVE('',#3156,#3161);
#3156 = CYLINDRICAL_SURFACE('',#3157,6.5);
#3157 = AXIS2_PLACEMENT_3D('',#3158,#3159,#3160);
#3158 = CARTESIAN_POINT('',(3.27E+03,155.,10.));
#3159 = DIRECTION('',(0.,0.,-1.));
#3160 = DIRECTION('',(-1.,0.,0.));
#3161 = DEFINITIONAL_REPRESENTATION('',(#3162),#3166);
#3162 = LINE('',#3163,#3164);
#3163 = CARTESIAN_POINT('',(0.,0.));
#3164 = VECTOR('',#3165,1.);
#3165 = DIRECTION('',(1.,0.));
#3166 = ( GEOMETRIC_REPRESENTATION_CONTEXT(2) 
PARAMETRIC_REPRESENTATION_CONTEXT() REPRESENTATION_CONTEXT('2D SPACE',''
  ) );
#3167 = FACE_BOUND('',#3168,.T.);
#3168 = EDGE_LOOP('',(#3169));
#3169 = ORIENTED_EDGE('',*,*,#3170,.T.);
#3170 = EDGE_CURVE('',#3171,#3171,#3173,.T.);
#3171 = VERTEX_POINT('',#3172);
#3172 = CARTESIAN_POINT('',(3.6135E+03,155.,10.));
#3173 = SURFACE_CURVE('',#3174,(#3179,#3190),.PCURVE_S1.);
#3174 = CIRCLE('',#3175,6.5);
#3175 = AXIS2_PLACEMENT_3D('',#3176,#3177,#3178);
#3176 = CARTESIAN_POINT('',(3.62E+03,155.,10.));
#3177 = DIRECTION('',(0.,0.,-1.));
#3178 = DIRECTION('',(-1.,0.,0.));
#3179 = PCURVE('',#126,#3180);
#3180 = DEFINITIONAL_REPRESENTATION('',(#3181),#3189);
#3181 = ( BOUNDED_CURVE() B_SPLINE_CURVE(2,(#3182,#3183,#3184,#3185,
#3186,#3187,#3188),.UNSPECIFIED.,.T.,.F.) B_SPLINE_CURVE_WITH_KNOTS((1,2
    ,2,2,2,1),(-2.094395102393,0.,2.094395102393,4.188790204786,
6.28318530718,8.377580409573),.UNSPECIFIED.) CURVE() 
GEOMETRIC_REPRESENTATION_ITEM() RATIONAL_B_SPLINE_CURVE((1.,0.5,1.,0.5,
1.,0.5,1.)) REPRESENTATION_ITEM('') );
#3182 = CARTESIAN_POINT('',(3.6135E+03,155.));
#3183 = CARTESIAN_POINT('',(3.6135E+03,166.25833024919));
#3184 = CARTESIAN_POINT('',(3.62325E+03,160.62916512459));
#3185 = CARTESIAN_POINT('',(3.633E+03,155.));
#3186 = CARTESIAN_POINT('',(3.62325E+03,149.3708348754));
#3187 = CARTESIAN_POINT('',(3.6135E+03,143.7416697508));
#3188 = CARTESIAN_POINT('',(3.6135E+03,155.));
#3189 = ( GEOMETRIC_REPRESENTATION_CONTEXT(2) 
PARAMETRIC_REPRESENTATION_CONTEXT() REPRESENTATION_CONTEXT('2D SPACE',''
  ) );
#3190 = PCURVE('',#3191,#3196);
#3191 = CYLINDRICAL_SURFACE('',#3192,6.5);
#3192 = AXIS2_PLACEMENT_3D('',#3193,#3194,#3195);
#3193 = CARTESIAN_POINT('',(3.62E+03,155.,10.));
#3194 = DIRECTION('',(0.,0.,-1.));
#3195 = DIRECTION('',(-1.,0.,0.));
#3196 = DEFINITIONAL_REPRESENTATION('',(#3197),#3201);
#3197 = LINE('',#3198,#3199);
#3198 = CARTESIAN_POINT('',(0.,0.));
#3199 = VECTOR('',#3200,1.);
#3200 = DIRECTION('',(1.,0.));
#3201 = ( GEOMETRIC_REPRESENTATION_CONTEXT(2) 
PARAMETRIC_REPRESENTATION_CONTEXT() REPRESENTATION_CONTEXT('2D SPACE',''
  ) );
#3202 = FACE_BOUND('',#3203,.T.);
#3203 = EDGE_LOOP('',(#3204));
#3204 = ORIENTED_EDGE('',*,*,#3205,.T.);
#3205 = EDGE_CURVE('',#3206,#3206,#3208,.T.);
#3206 = VERTEX_POINT('',#3207);
#3207 = CARTESIAN_POINT('',(3.9635E+03,155.,10.));
#3208 = SURFACE_CURVE('',#3209,(#3214,#3225),.PCURVE_S1.);
#3209 = CIRCLE('',#3210,6.5);
#3210 = AXIS2_PLACEMENT_3D('',#3211,#3212,#3213);
#3211 = CARTESIAN_POINT('',(3.97E+03,155.,10.));
#3212 = DIRECTION('',(0.,0.,-1.));
#3213 = DIRECTION('',(-1.,0.,0.));
#3214 = PCURVE('',#126,#3215);
#3215 = DEFINITIONAL_REPRESENTATION('',(#3216),#3224);
#3216 = ( BOUNDED_CURVE() B_SPLINE_CURVE(2,(#3217,#3218,#3219,#3220,
#3221,#3222,#3223),.UNSPECIFIED.,.T.,.F.) B_SPLINE_CURVE_WITH_KNOTS((1,2
    ,2,2,2,1),(-2.094395102393,0.,2.094395102393,4.188790204786,
6.28318530718,8.377580409573),.UNSPECIFIED.) CURVE() 
GEOMETRIC_REPRESENTATION_ITEM() RATIONAL_B_SPLINE_CURVE((1.,0.5,1.,0.5,
1.,0.5,1.)) REPRESENTATION_ITEM('') );
#3217 = CARTESIAN_POINT('',(3.9635E+03,155.));
#3218 = CARTESIAN_POINT('',(3.9635E+03,166.25833024919));
#3219 = CARTESIAN_POINT('',(3.97325E+03,160.62916512459));
#3220 = CARTESIAN_POINT('',(3.983E+03,155.));
#3221 = CARTESIAN_POINT('',(3.97325E+03,149.3708348754));
#3222 = CARTESIAN_POINT('',(3.9635E+03,143.7416697508));
#3223 = CARTESIAN_POINT('',(3.9635E+03,155.));
#3224 = ( GEOMETRIC_REPRESENTATION_CONTEXT(2) 
PARAMETRIC_REPRESENTATION_CONTEXT() REPRESENTATION_CONTEXT('2D SPACE',''
  ) );
#3225 = PCURVE('',#3226,#3231);
#3226 = CYLINDRICAL_SURFACE('',#3227,6.5);
#3227 = AXIS2_PLACEMENT_3D('',#3228,#3229,#3230);
#3228 = CARTESIAN_POINT('',(3.97E+03,155.,10.));
#3229 = DIRECTION('',(0.,0.,-1.));
#3230 = DIRECTION('',(-1.,0.,0.));
#3231 = DEFINITIONAL_REPRESENTATION('',(#3232),#3236);
#3232 = LINE('',#3233,#3234);
#3233 = CARTESIAN_POINT('',(0.,0.));
#3234 = VECTOR('',#3235,1.);
#3235 = DIRECTION('',(1.,0.));
#3236 = ( GEOMETRIC_REPRESENTATION_CONTEXT(2) 
PARAMETRIC_REPRESENTATION_CONTEXT() REPRESENTATION_CONTEXT('2D SPACE',''
  ) );
#3237 = FACE_BOUND('',#3238,.T.);
#3238 = EDGE_LOOP('',(#3239));
#3239 = ORIENTED_EDGE('',*,*,#3240,.T.);
#3240 = EDGE_CURVE('',#3241,#3241,#3243,.T.);
#3241 = VERTEX_POINT('',#3242);
#3242 = CARTESIAN_POINT('',(4.1135E+03,155.,10.));
#3243 = SURFACE_CURVE('',#3244,(#3249,#3260),.PCURVE_S1.);
#3244 = CIRCLE('',#3245,6.5);
#3245 = AXIS2_PLACEMENT_3D('',#3246,#3247,#3248);
#3246 = CARTESIAN_POINT('',(4.12E+03,155.,10.));
#3247 = DIRECTION('',(0.,0.,-1.));
#3248 = DIRECTION('',(-1.,0.,0.));
#3249 = PCURVE('',#126,#3250);
#3250 = DEFINITIONAL_REPRESENTATION('',(#3251),#3259);
#3251 = ( BOUNDED_CURVE() B_SPLINE_CURVE(2,(#3252,#3253,#3254,#3255,
#3256,#3257,#3258),.UNSPECIFIED.,.T.,.F.) B_SPLINE_CURVE_WITH_KNOTS((1,2
    ,2,2,2,1),(-2.094395102393,0.,2.094395102393,4.188790204786,
6.28318530718,8.377580409573),.UNSPECIFIED.) CURVE() 
GEOMETRIC_REPRESENTATION_ITEM() RATIONAL_B_SPLINE_CURVE((1.,0.5,1.,0.5,
1.,0.5,1.)) REPRESENTATION_ITEM('') );
#3252 = CARTESIAN_POINT('',(4.1135E+03,155.));
#3253 = CARTESIAN_POINT('',(4.1135E+03,166.25833024919));
#3254 = CARTESIAN_POINT('',(4.12325E+03,160.62916512459));
#3255 = CARTESIAN_POINT('',(4.133E+03,155.));
#3256 = CARTESIAN_POINT('',(4.12325E+03,149.3708348754));
#3257 = CARTESIAN_POINT('',(4.1135E+03,143.7416697508));
#3258 = CARTESIAN_POINT('',(4.1135E+03,155.));
#3259 = ( GEOMETRIC_REPRESENTATION_CONTEXT(2) 
PARAMETRIC_REPRESENTATION_CONTEXT() REPRESENTATION_CONTEXT('2D SPACE',''
  ) );
#3260 = PCURVE('',#3261,#3266);
#3261 = CYLINDRICAL_SURFACE('',#3262,6.5);
#3262 = AXIS2_PLACEMENT_3D('',#3263,#3264,#3265);
#3263 = CARTESIAN_POINT('',(4.12E+03,155.,10.));
#3264 = DIRECTION('',(0.,0.,-1.));
#3265 = DIRECTION('',(-1.,0.,0.));
#3266 = DEFINITIONAL_REPRESENTATION('',(#3267),#3271);
#3267 = LINE('',#3268,#3269);
#3268 = CARTESIAN_POINT('',(0.,0.));
#3269 = VECTOR('',#3270,1.);
#3270 = DIRECTION('',(1.,0.));
#3271 = ( GEOMETRIC_REPRESENTATION_CONTEXT(2) 
PARAMETRIC_REPRESENTATION_CONTEXT() REPRESENTATION_CONTEXT('2D SPACE',''
  ) );
#3272 = FACE_BOUND('',#3273,.T.);
#3273 = EDGE_LOOP('',(#3274));
#3274 = ORIENTED_EDGE('',*,*,#3275,.T.);
#3275 = EDGE_CURVE('',#3276,#3276,#3278,.T.);
#3276 = VERTEX_POINT('',#3277);
#3277 = CARTESIAN_POINT('',(4.2635E+03,155.,10.));
#3278 = SURFACE_CURVE('',#3279,(#3284,#3295),.PCURVE_S1.);
#3279 = CIRCLE('',#3280,6.5);
#3280 = AXIS2_PLACEMENT_3D('',#3281,#3282,#3283);
#3281 = CARTESIAN_POINT('',(4.27E+03,155.,10.));
#3282 = DIRECTION('',(0.,0.,-1.));
#3283 = DIRECTION('',(-1.,0.,0.));
#3284 = PCURVE('',#126,#3285);
#3285 = DEFINITIONAL_REPRESENTATION('',(#3286),#3294);
#3286 = ( BOUNDED_CURVE() B_SPLINE_CURVE(2,(#3287,#3288,#3289,#3290,
#3291,#3292,#3293),.UNSPECIFIED.,.T.,.F.) B_SPLINE_CURVE_WITH_KNOTS((1,2
    ,2,2,2,1),(-2.094395102393,0.,2.094395102393,4.188790204786,
6.28318530718,8.377580409573),.UNSPECIFIED.) CURVE() 
GEOMETRIC_REPRESENTATION_ITEM() RATIONAL_B_SPLINE_CURVE((1.,0.5,1.,0.5,
1.,0.5,1.)) REPRESENTATION_ITEM('') );
#3287 = CARTESIAN_POINT('',(4.2635E+03,155.));
#3288 = CARTESIAN_POINT('',(4.2635E+03,166.25833024919));
#3289 = CARTESIAN_POINT('',(4.27325E+03,160.62916512459));
#3290 = CARTESIAN_POINT('',(4.283E+03,155.));
#3291 = CARTESIAN_POINT('',(4.27325E+03,149.3708348754));
#3292 = CARTESIAN_POINT('',(4.2635E+03,143.7416697508));
#3293 = CARTESIAN_POINT('',(4.2635E+03,155.));
#3294 = ( GEOMETRIC_REPRESENTATION_CONTEXT(2) 
PARAMETRIC_REPRESENTATION_CONTEXT() REPRESENTATION_CONTEXT('2D SPACE',''
  ) );
#3295 = PCURVE('',#3296,#3301);
#3296 = CYLINDRICAL_SURFACE('',#3297,6.5);
#3297 = AXIS2_PLACEMENT_3D('',#3298,#3299,#3300);
#3298 = CARTESIAN_POINT('',(4.27E+03,155.,10.));
#3299 = DIRECTION('',(0.,0.,-1.));
#3300 = DIRECTION('',(-1.,0.,0.));
#3301 = DEFINITIONAL_REPRESENTATION('',(#3302),#3306);
#3302 = LINE('',#3303,#3304);
#3303 = CARTESIAN_POINT('',(0.,0.));
#3304 = VECTOR('',#3305,1.);
#3305 = DIRECTION('',(1.,0.));
#3306 = ( GEOMETRIC_REPRESENTATION_CONTEXT(2) 
PARAMETRIC_REPRESENTATION_CONTEXT() REPRESENTATION_CONTEXT('2D SPACE',''
  ) );
#3307 = FACE_BOUND('',#3308,.T.);
#3308 = EDGE_LOOP('',(#3309));
#3309 = ORIENTED_EDGE('',*,*,#3310,.T.);
#3310 = EDGE_CURVE('',#3311,#3311,#3313,.T.);
#3311 = VERTEX_POINT('',#3312);
#3312 = CARTESIAN_POINT('',(4.4135E+03,155.,10.));
#3313 = SURFACE_CURVE('',#3314,(#3319,#3330),.PCURVE_S1.);
#3314 = CIRCLE('',#3315,6.5);
#3315 = AXIS2_PLACEMENT_3D('',#3316,#3317,#3318);
#3316 = CARTESIAN_POINT('',(4.42E+03,155.,10.));
#3317 = DIRECTION('',(0.,0.,-1.));
#3318 = DIRECTION('',(-1.,0.,0.));
#3319 = PCURVE('',#126,#3320);
#3320 = DEFINITIONAL_REPRESENTATION('',(#3321),#3329);
#3321 = ( BOUNDED_CURVE() B_SPLINE_CURVE(2,(#3322,#3323,#3324,#3325,
#3326,#3327,#3328),.UNSPECIFIED.,.T.,.F.) B_SPLINE_CURVE_WITH_KNOTS((1,2
    ,2,2,2,1),(-2.094395102393,0.,2.094395102393,4.188790204786,
6.28318530718,8.377580409573),.UNSPECIFIED.) CURVE() 
GEOMETRIC_REPRESENTATION_ITEM() RATIONAL_B_SPLINE_CURVE((1.,0.5,1.,0.5,
1.,0.5,1.)) REPRESENTATION_ITEM('') );
#3322 = CARTESIAN_POINT('',(4.4135E+03,155.));
#3323 = CARTESIAN_POINT('',(4.4135E+03,166.25833024919));
#3324 = CARTESIAN_POINT('',(4.42325E+03,160.62916512459));
#3325 = CARTESIAN_POINT('',(4.433E+03,155.));
#3326 = CARTESIAN_POINT('',(4.42325E+03,149.3708348754));
#3327 = CARTESIAN_POINT('',(4.4135E+03,143.7416697508));
#3328 = CARTESIAN_POINT('',(4.4135E+03,155.));
#3329 = ( GEOMETRIC_REPRESENTATION_CONTEXT(2) 
PARAMETRIC_REPRESENTATION_CONTEXT() REPRESENTATION_CONTEXT('2D SPACE',''
  ) );
#3330 = PCURVE('',#3331,#3336);
#3331 = CYLINDRICAL_SURFACE('',#3332,6.5);
#3332 = AXIS2_PLACEMENT_3D('',#3333,#3334,#3335);
#3333 = CARTESIAN_POINT('',(4.42E+03,155.,10.));
#3334 = DIRECTION('',(0.,0.,-1.));
#3335 = DIRECTION('',(-1.,0.,0.));
#3336 = DEFINITIONAL_REPRESENTATION('',(#3337),#3341);
#3337 = LINE('',#3338,#3339);
#3338 = CARTESIAN_POINT('',(0.,0.));
#3339 = VECTOR('',#3340,1.);
#3340 = DIRECTION('',(1.,0.));
#3341 = ( GEOMETRIC_REPRESENTATION_CONTEXT(2) 
PARAMETRIC_REPRESENTATION_CONTEXT() REPRESENTATION_CONTEXT('2D SPACE',''
  ) );
#3342 = FACE_BOUND('',#3343,.T.);
#3343 = EDGE_LOOP('',(#3344));
#3344 = ORIENTED_EDGE('',*,*,#3345,.T.);
#3345 = EDGE_CURVE('',#3346,#3346,#3348,.T.);
#3346 = VERTEX_POINT('',#3347);
#3347 = CARTESIAN_POINT('',(4.5935E+03,155.,10.));
#3348 = SURFACE_CURVE('',#3349,(#3354,#3365),.PCURVE_S1.);
#3349 = CIRCLE('',#3350,6.5);
#3350 = AXIS2_PLACEMENT_3D('',#3351,#3352,#3353);
#3351 = CARTESIAN_POINT('',(4.6E+03,155.,10.));
#3352 = DIRECTION('',(0.,0.,-1.));
#3353 = DIRECTION('',(-1.,0.,0.));
#3354 = PCURVE('',#126,#3355);
#3355 = DEFINITIONAL_REPRESENTATION('',(#3356),#3364);
#3356 = ( BOUNDED_CURVE() B_SPLINE_CURVE(2,(#3357,#3358,#3359,#3360,
#3361,#3362,#3363),.UNSPECIFIED.,.T.,.F.) B_SPLINE_CURVE_WITH_KNOTS((1,2
    ,2,2,2,1),(-2.094395102393,0.,2.094395102393,4.188790204786,
6.28318530718,8.377580409573),.UNSPECIFIED.) CURVE() 
GEOMETRIC_REPRESENTATION_ITEM() RATIONAL_B_SPLINE_CURVE((1.,0.5,1.,0.5,
1.,0.5,1.)) REPRESENTATION_ITEM('') );
#3357 = CARTESIAN_POINT('',(4.5935E+03,155.));
#3358 = CARTESIAN_POINT('',(4.5935E+03,166.25833024919));
#3359 = CARTESIAN_POINT('',(4.60325E+03,160.62916512459));
#3360 = CARTESIAN_POINT('',(4.613E+03,155.));
#3361 = CARTESIAN_POINT('',(4.60325E+03,149.3708348754));
#3362 = CARTESIAN_POINT('',(4.5935E+03,143.7416697508));
#3363 = CARTESIAN_POINT('',(4.5935E+03,155.));
#3364 = ( GEOMETRIC_REPRESENTATION_CONTEXT(2) 
PARAMETRIC_REPRESENTATION_CONTEXT() REPRESENTATION_CONTEXT('2D SPACE',''
  ) );
#3365 = PCURVE('',#3366,#3371);
#3366 = CYLINDRICAL_SURFACE('',#3367,6.5);
#3367 = AXIS2_PLACEMENT_3D('',#3368,#3369,#3370);
#3368 = CARTESIAN_POINT('',(4.6E+03,155.,10.));
#3369 = DIRECTION('',(0.,0.,-1.));
#3370 = DIRECTION('',(-1.,0.,0.));
#3371 = DEFINITIONAL_REPRESENTATION('',(#3372),#3376);
#3372 = LINE('',#3373,#3374);
#3373 = CARTESIAN_POINT('',(0.,0.));
#3374 = VECTOR('',#3375,1.);
#3375 = DIRECTION('',(1.,0.));
#3376 = ( GEOMETRIC_REPRESENTATION_CONTEXT(2) 
PARAMETRIC_REPRESENTATION_CONTEXT() REPRESENTATION_CONTEXT('2D SPACE',''
  ) );
#3377 = FACE_BOUND('',#3378,.T.);
#3378 = EDGE_LOOP('',(#3379));
#3379 = ORIENTED_EDGE('',*,*,#3380,.T.);
#3380 = EDGE_CURVE('',#3381,#3381,#3383,.T.);
#3381 = VERTEX_POINT('',#3382);
#3382 = CARTESIAN_POINT('',(4.6835E+03,155.,10.));
#3383 = SURFACE_CURVE('',#3384,(#3389,#3400),.PCURVE_S1.);
#3384 = CIRCLE('',#3385,6.5);
#3385 = AXIS2_PLACEMENT_3D('',#3386,#3387,#3388);
#3386 = CARTESIAN_POINT('',(4.69E+03,155.,10.));
#3387 = DIRECTION('',(0.,0.,-1.));
#3388 = DIRECTION('',(-1.,0.,0.));
#3389 = PCURVE('',#126,#3390);
#3390 = DEFINITIONAL_REPRESENTATION('',(#3391),#3399);
#3391 = ( BOUNDED_CURVE() B_SPLINE_CURVE(2,(#3392,#3393,#3394,#3395,
#3396,#3397,#3398),.UNSPECIFIED.,.T.,.F.) B_SPLINE_CURVE_WITH_KNOTS((1,2
    ,2,2,2,1),(-2.094395102393,0.,2.094395102393,4.188790204786,
6.28318530718,8.377580409573),.UNSPECIFIED.) CURVE() 
GEOMETRIC_REPRESENTATION_ITEM() RATIONAL_B_SPLINE_CURVE((1.,0.5,1.,0.5,
1.,0.5,1.)) REPRESENTATION_ITEM('') );
#3392 = CARTESIAN_POINT('',(4.6835E+03,155.));
#3393 = CARTESIAN_POINT('',(4.6835E+03,166.25833024919));
#3394 = CARTESIAN_POINT('',(4.69325E+03,160.62916512459));
#3395 = CARTESIAN_POINT('',(4.703E+03,155.));
#3396 = CARTESIAN_POINT('',(4.69325E+03,149.3708348754));
#3397 = CARTESIAN_POINT('',(4.6835E+03,143.7416697508));
#3398 = CARTESIAN_POINT('',(4.6835E+03,155.));
#3399 = ( GEOMETRIC_REPRESENTATION_CONTEXT(2) 
PARAMETRIC_REPRESENTATION_CONTEXT() REPRESENTATION_CONTEXT('2D SPACE',''
  ) );
#3400 = PCURVE('',#3401,#3406);
#3401 = CYLINDRICAL_SURFACE('',#3402,6.5);
#3402 = AXIS2_PLACEMENT_3D('',#3403,#3404,#3405);
#3403 = CARTESIAN_POINT('',(4.69E+03,155.,10.));
#3404 = DIRECTION('',(0.,0.,-1.));
#3405 = DIRECTION('',(-1.,0.,0.));
#3406 = DEFINITIONAL_REPRESENTATION('',(#3407),#3411);
#3407 = LINE('',#3408,#3409);
#3408 = CARTESIAN_POINT('',(0.,0.));
#3409 = VECTOR('',#3410,1.);
#3410 = DIRECTION('',(1.,0.));
#3411 = ( GEOMETRIC_REPRESENTATION_CONTEXT(2) 
PARAMETRIC_REPRESENTATION_CONTEXT() REPRESENTATION_CONTEXT('2D SPACE',''
  ) );
#3412 = FACE_BOUND('',#3413,.T.);
#3413 = EDGE_LOOP('',(#3414));
#3414 = ORIENTED_EDGE('',*,*,#3415,.T.);
#3415 = EDGE_CURVE('',#3416,#3416,#3418,.T.);
#3416 = VERTEX_POINT('',#3417);
#3417 = CARTESIAN_POINT('',(4.7735E+03,155.,10.));
#3418 = SURFACE_CURVE('',#3419,(#3424,#3435),.PCURVE_S1.);
#3419 = CIRCLE('',#3420,6.5);
#3420 = AXIS2_PLACEMENT_3D('',#3421,#3422,#3423);
#3421 = CARTESIAN_POINT('',(4.78E+03,155.,10.));
#3422 = DIRECTION('',(0.,0.,-1.));
#3423 = DIRECTION('',(-1.,0.,0.));
#3424 = PCURVE('',#126,#3425);
#3425 = DEFINITIONAL_REPRESENTATION('',(#3426),#3434);
#3426 = ( BOUNDED_CURVE() B_SPLINE_CURVE(2,(#3427,#3428,#3429,#3430,
#3431,#3432,#3433),.UNSPECIFIED.,.T.,.F.) B_SPLINE_CURVE_WITH_KNOTS((1,2
    ,2,2,2,1),(-2.094395102393,0.,2.094395102393,4.188790204786,
6.28318530718,8.377580409573),.UNSPECIFIED.) CURVE() 
GEOMETRIC_REPRESENTATION_ITEM() RATIONAL_B_SPLINE_CURVE((1.,0.5,1.,0.5,
1.,0.5,1.)) REPRESENTATION_ITEM('') );
#3427 = CARTESIAN_POINT('',(4.7735E+03,155.));
#3428 = CARTESIAN_POINT('',(4.7735E+03,166.25833024919));
#3429 = CARTESIAN_POINT('',(4.78325E+03,160.62916512459));
#3430 = CARTESIAN_POINT('',(4.793E+03,155.));
#3431 = CARTESIAN_POINT('',(4.78325E+03,149.3708348754));
#3432 = CARTESIAN_POINT('',(4.7735E+03,143.7416697508));
#3433 = CARTESIAN_POINT('',(4.7735E+03,155.));
#3434 = ( GEOMETRIC_REPRESENTATION_CONTEXT(2) 
PARAMETRIC_REPRESENTATION_CONTEXT() REPRESENTATION_CONTEXT('2D SPACE',''
  ) );
#3435 = PCURVE('',#3436,#3441);
#3436 = CYLINDRICAL_SURFACE('',#3437,6.5);
#3437 = AXIS2_PLACEMENT_3D('',#3438,#3439,#3440);
#3438 = CARTESIAN_POINT('',(4.78E+03,155.,10.));
#3439 = DIRECTION('',(0.,0.,-1.));
#3440 = DIRECTION('',(-1.,0.,0.));
#3441 = DEFINITIONAL_REPRESENTATION('',(#3442),#3446);
#3442 = LINE('',#3443,#3444);
#3443 = CARTESIAN_POINT('',(0.,0.));
#3444 = VECTOR('',#3445,1.);
#3445 = DIRECTION('',(1.,0.));
#3446 = ( GEOMETRIC_REPRESENTATION_CONTEXT(2) 
PARAMETRIC_REPRESENTATION_CONTEXT() REPRESENTATION_CONTEXT('2D SPACE',''
  ) );
#3447 = FACE_BOUND('',#3448,.T.);
#3448 = EDGE_LOOP('',(#3449));
#3449 = ORIENTED_EDGE('',*,*,#3450,.T.);
#3450 = EDGE_CURVE('',#3451,#3451,#3453,.T.);
#3451 = VERTEX_POINT('',#3452);
#3452 = CARTESIAN_POINT('',(4.8635E+03,155.,10.));
#3453 = SURFACE_CURVE('',#3454,(#3459,#3470),.PCURVE_S1.);
#3454 = CIRCLE('',#3455,6.5);
#3455 = AXIS2_PLACEMENT_3D('',#3456,#3457,#3458);
#3456 = CARTESIAN_POINT('',(4.87E+03,155.,10.));
#3457 = DIRECTION('',(0.,0.,-1.));
#3458 = DIRECTION('',(-1.,0.,0.));
#3459 = PCURVE('',#126,#3460);
#3460 = DEFINITIONAL_REPRESENTATION('',(#3461),#3469);
#3461 = ( BOUNDED_CURVE() B_SPLINE_CURVE(2,(#3462,#3463,#3464,#3465,
#3466,#3467,#3468),.UNSPECIFIED.,.T.,.F.) B_SPLINE_CURVE_WITH_KNOTS((1,2
    ,2,2,2,1),(-2.094395102393,0.,2.094395102393,4.188790204786,
6.28318530718,8.377580409573),.UNSPECIFIED.) CURVE() 
GEOMETRIC_REPRESENTATION_ITEM() RATIONAL_B_SPLINE_CURVE((1.,0.5,1.,0.5,
1.,0.5,1.)) REPRESENTATION_ITEM('') );
#3462 = CARTESIAN_POINT('',(4.8635E+03,155.));
#3463 = CARTESIAN_POINT('',(4.8635E+03,166.25833024919));
#3464 = CARTESIAN_POINT('',(4.87325E+03,160.62916512459));
#3465 = CARTESIAN_POINT('',(4.883E+03,155.));
#3466 = CARTESIAN_POINT('',(4.87325E+03,149.3708348754));
#3467 = CARTESIAN_POINT('',(4.8635E+03,143.7416697508));
#3468 = CARTESIAN_POINT('',(4.8635E+03,155.));
#3469 = ( GEOMETRIC_REPRESENTATION_CONTEXT(2) 
PARAMETRIC_REPRESENTATION_CONTEXT() REPRESENTATION_CONTEXT('2D SPACE',''
  ) );
#3470 = PCURVE('',#3471,#3476);
#3471 = CYLINDRICAL_SURFACE('',#3472,6.5);
#3472 = AXIS2_PLACEMENT_3D('',#3473,#3474,#3475);
#3473 = CARTESIAN_POINT('',(4.87E+03,155.,10.));
#3474 = DIRECTION('',(0.,0.,-1.));
#3475 = DIRECTION('',(-1.,0.,0.));
#3476 = DEFINITIONAL_REPRESENTATION('',(#3477),#3481);
#3477 = LINE('',#3478,#3479);
#3478 = CARTESIAN_POINT('',(0.,0.));
#3479 = VECTOR('',#3480,1.);
#3480 = DIRECTION('',(1.,0.));
#3481 = ( GEOMETRIC_REPRESENTATION_CONTEXT(2) 
PARAMETRIC_REPRESENTATION_CONTEXT() REPRESENTATION_CONTEXT('2D SPACE',''
  ) );
#3482 = FACE_BOUND('',#3483,.T.);
#3483 = EDGE_LOOP('',(#3484));
#3484 = ORIENTED_EDGE('',*,*,#3485,.T.);
#3485 = EDGE_CURVE('',#3486,#3486,#3488,.T.);
#3486 = VERTEX_POINT('',#3487);
#3487 = CARTESIAN_POINT('',(4.9535E+03,155.,10.));
#3488 = SURFACE_CURVE('',#3489,(#3494,#3505),.PCURVE_S1.);
#3489 = CIRCLE('',#3490,6.5);
#3490 = AXIS2_PLACEMENT_3D('',#3491,#3492,#3493);
#3491 = CARTESIAN_POINT('',(4.96E+03,155.,10.));
#3492 = DIRECTION('',(0.,0.,-1.));
#3493 = DIRECTION('',(-1.,0.,0.));
#3494 = PCURVE('',#126,#3495);
#3495 = DEFINITIONAL_REPRESENTATION('',(#3496),#3504);
#3496 = ( BOUNDED_CURVE() B_SPLINE_CURVE(2,(#3497,#3498,#3499,#3500,
#3501,#3502,#3503),.UNSPECIFIED.,.T.,.F.) B_SPLINE_CURVE_WITH_KNOTS((1,2
    ,2,2,2,1),(-2.094395102393,0.,2.094395102393,4.188790204786,
6.28318530718,8.377580409573),.UNSPECIFIED.) CURVE() 
GEOMETRIC_REPRESENTATION_ITEM() RATIONAL_B_SPLINE_CURVE((1.,0.5,1.,0.5,
1.,0.5,1.)) REPRESENTATION_ITEM('') );
#3497 = CARTESIAN_POINT('',(4.9535E+03,155.));
#3498 = CARTESIAN_POINT('',(4.9535E+03,166.25833024919));
#3499 = CARTESIAN_POINT('',(4.96325E+03,160.62916512459));
#3500 = CARTESIAN_POINT('',(4.973E+03,155.));
#3501 = CARTESIAN_POINT('',(4.96325E+03,149.3708348754));
#3502 = CARTESIAN_POINT('',(4.9535E+03,143.7416697508));
#3503 = CARTESIAN_POINT('',(4.9535E+03,155.));
#3504 = ( GEOMETRIC_REPRESENTATION_CONTEXT(2) 
PARAMETRIC_REPRESENTATION_CONTEXT() REPRESENTATION_CONTEXT('2D SPACE',''
  ) );
#3505 = PCURVE('',#3506,#3511);
#3506 = CYLINDRICAL_SURFACE('',#3507,6.5);
#3507 = AXIS2_PLACEMENT_3D('',#3508,#3509,#3510);
#3508 = CARTESIAN_POINT('',(4.96E+03,155.,10.));
#3509 = DIRECTION('',(0.,0.,-1.));
#3510 = DIRECTION('',(-1.,0.,0.));
#3511 = DEFINITIONAL_REPRESENTATION('',(#3512),#3516);
#3512 = LINE('',#3513,#3514);
#3513 = CARTESIAN_POINT('',(0.,0.));
#3514 = VECTOR('',#3515,1.);
#3515 = DIRECTION('',(1.,0.));
#3516 = ( GEOMETRIC_REPRESENTATION_CONTEXT(2) 
PARAMETRIC_REPRESENTATION_CONTEXT() REPRESENTATION_CONTEXT('2D SPACE',''
  ) );
#3517 = FACE_BOUND('',#3518,.T.);
#3518 = EDGE_LOOP('',(#3519));
#3519 = ORIENTED_EDGE('',*,*,#3520,.T.);
#3520 = EDGE_CURVE('',#3521,#3521,#3523,.T.);
#3521 = VERTEX_POINT('',#3522);
#3522 = CARTESIAN_POINT('',(5.0435E+03,155.,10.));
#3523 = SURFACE_CURVE('',#3524,(#3529,#3540),.PCURVE_S1.);
#3524 = CIRCLE('',#3525,6.5);
#3525 = AXIS2_PLACEMENT_3D('',#3526,#3527,#3528);
#3526 = CARTESIAN_POINT('',(5.05E+03,155.,10.));
#3527 = DIRECTION('',(0.,0.,-1.));
#3528 = DIRECTION('',(-1.,0.,0.));
#3529 = PCURVE('',#126,#3530);
#3530 = DEFINITIONAL_REPRESENTATION('',(#3531),#3539);
#3531 = ( BOUNDED_CURVE() B_SPLINE_CURVE(2,(#3532,#3533,#3534,#3535,
#3536,#3537,#3538),.UNSPECIFIED.,.T.,.F.) B_SPLINE_CURVE_WITH_KNOTS((1,2
    ,2,2,2,1),(-2.094395102393,0.,2.094395102393,4.188790204786,
6.28318530718,8.377580409573),.UNSPECIFIED.) CURVE() 
GEOMETRIC_REPRESENTATION_ITEM() RATIONAL_B_SPLINE_CURVE((1.,0.5,1.,0.5,
1.,0.5,1.)) REPRESENTATION_ITEM('') );
#3532 = CARTESIAN_POINT('',(5.0435E+03,155.));
#3533 = CARTESIAN_POINT('',(5.0435E+03,166.25833024919));
#3534 = CARTESIAN_POINT('',(5.05325E+03,160.62916512459));
#3535 = CARTESIAN_POINT('',(5.063E+03,155.));
#3536 = CARTESIAN_POINT('',(5.05325E+03,149.3708348754));
#3537 = CARTESIAN_POINT('',(5.0435E+03,143.7416697508));
#3538 = CARTESIAN_POINT('',(5.0435E+03,155.));
#3539 = ( GEOMETRIC_REPRESENTATION_CONTEXT(2) 
PARAMETRIC_REPRESENTATION_CONTEXT() REPRESENTATION_CONTEXT('2D SPACE',''
  ) );
#3540 = PCURVE('',#3541,#3546);
#3541 = CYLINDRICAL_SURFACE('',#3542,6.5);
#3542 = AXIS2_PLACEMENT_3D('',#3543,#3544,#3545);
#3543 = CARTESIAN_POINT('',(5.05E+03,155.,10.));
#3544 = DIRECTION('',(0.,0.,-1.));
#3545 = DIRECTION('',(-1.,0.,0.));
#3546 = DEFINITIONAL_REPRESENTATION('',(#3547),#3551);
#3547 = LINE('',#3548,#3549);
#3548 = CARTESIAN_POINT('',(0.,0.));
#3549 = VECTOR('',#3550,1.);
#3550 = DIRECTION('',(1.,0.));
#3551 = ( GEOMETRIC_REPRESENTATION_CONTEXT(2) 
PARAMETRIC_REPRESENTATION_CONTEXT() REPRESENTATION_CONTEXT('2D SPACE',''
  ) );
#3552 = FACE_BOUND('',#3553,.T.);
#3553 = EDGE_LOOP('',(#3554));
#3554 = ORIENTED_EDGE('',*,*,#3555,.T.);
#3555 = EDGE_CURVE('',#3556,#3556,#3558,.T.);
#3556 = VERTEX_POINT('',#3557);
#3557 = CARTESIAN_POINT('',(5.1335E+03,155.,10.));
#3558 = SURFACE_CURVE('',#3559,(#3564,#3575),.PCURVE_S1.);
#3559 = CIRCLE('',#3560,6.5);
#3560 = AXIS2_PLACEMENT_3D('',#3561,#3562,#3563);
#3561 = CARTESIAN_POINT('',(5.14E+03,155.,10.));
#3562 = DIRECTION('',(0.,0.,-1.));
#3563 = DIRECTION('',(-1.,0.,0.));
#3564 = PCURVE('',#126,#3565);
#3565 = DEFINITIONAL_REPRESENTATION('',(#3566),#3574);
#3566 = ( BOUNDED_CURVE() B_SPLINE_CURVE(2,(#3567,#3568,#3569,#3570,
#3571,#3572,#3573),.UNSPECIFIED.,.T.,.F.) B_SPLINE_CURVE_WITH_KNOTS((1,2
    ,2,2,2,1),(-2.094395102393,0.,2.094395102393,4.188790204786,
6.28318530718,8.377580409573),.UNSPECIFIED.) CURVE() 
GEOMETRIC_REPRESENTATION_ITEM() RATIONAL_B_SPLINE_CURVE((1.,0.5,1.,0.5,
1.,0.5,1.)) REPRESENTATION_ITEM('') );
#3567 = CARTESIAN_POINT('',(5.1335E+03,155.));
#3568 = CARTESIAN_POINT('',(5.1335E+03,166.25833024919));
#3569 = CARTESIAN_POINT('',(5.14325E+03,160.62916512459));
#3570 = CARTESIAN_POINT('',(5.153E+03,155.));
#3571 = CARTESIAN_POINT('',(5.14325E+03,149.3708348754));
#3572 = CARTESIAN_POINT('',(5.1335E+03,143.7416697508));
#3573 = CARTESIAN_POINT('',(5.1335E+03,155.));
#3574 = ( GEOMETRIC_REPRESENTATION_CONTEXT(2) 
PARAMETRIC_REPRESENTATION_CONTEXT() REPRESENTATION_CONTEXT('2D SPACE',''
  ) );
#3575 = PCURVE('',#3576,#3581);
#3576 = CYLINDRICAL_SURFACE('',#3577,6.5);
#3577 = AXIS2_PLACEMENT_3D('',#3578,#3579,#3580);
#3578 = CARTESIAN_POINT('',(5.14E+03,155.,10.));
#3579 = DIRECTION('',(0.,0.,-1.));
#3580 = DIRECTION('',(-1.,0.,0.));
#3581 = DEFINITIONAL_REPRESENTATION('',(#3582),#3586);
#3582 = LINE('',#3583,#3584);
#3583 = CARTESIAN_POINT('',(0.,0.));
#3584 = VECTOR('',#3585,1.);
#3585 = DIRECTION('',(1.,0.));
#3586 = ( GEOMETRIC_REPRESENTATION_CONTEXT(2) 
PARAMETRIC_REPRESENTATION_CONTEXT() REPRESENTATION_CONTEXT('2D SPACE',''
  ) );
#3587 = FACE_BOUND('',#3588,.T.);
#3588 = EDGE_LOOP('',(#3589));
#3589 = ORIENTED_EDGE('',*,*,#3590,.T.);
#3590 = EDGE_CURVE('',#3591,#3591,#3593,.T.);
#3591 = VERTEX_POINT('',#3592);
#3592 = CARTESIAN_POINT('',(5.2235E+03,155.,10.));
#3593 = SURFACE_CURVE('',#3594,(#3599,#3610),.PCURVE_S1.);
#3594 = CIRCLE('',#3595,6.5);
#3595 = AXIS2_PLACEMENT_3D('',#3596,#3597,#3598);
#3596 = CARTESIAN_POINT('',(5.23E+03,155.,10.));
#3597 = DIRECTION('',(0.,0.,-1.));
#3598 = DIRECTION('',(-1.,0.,0.));
#3599 = PCURVE('',#126,#3600);
#3600 = DEFINITIONAL_REPRESENTATION('',(#3601),#3609);
#3601 = ( BOUNDED_CURVE() B_SPLINE_CURVE(2,(#3602,#3603,#3604,#3605,
#3606,#3607,#3608),.UNSPECIFIED.,.T.,.F.) B_SPLINE_CURVE_WITH_KNOTS((1,2
    ,2,2,2,1),(-2.094395102393,0.,2.094395102393,4.188790204786,
6.28318530718,8.377580409573),.UNSPECIFIED.) CURVE() 
GEOMETRIC_REPRESENTATION_ITEM() RATIONAL_B_SPLINE_CURVE((1.,0.5,1.,0.5,
1.,0.5,1.)) REPRESENTATION_ITEM('') );
#3602 = CARTESIAN_POINT('',(5.2235E+03,155.));
#3603 = CARTESIAN_POINT('',(5.2235E+03,166.25833024919));
#3604 = CARTESIAN_POINT('',(5.23325E+03,160.62916512459));
#3605 = CARTESIAN_POINT('',(5.243E+03,155.));
#3606 = CARTESIAN_POINT('',(5.23325E+03,149.3708348754));
#3607 = CARTESIAN_POINT('',(5.2235E+03,143.7416697508));
#3608 = CARTESIAN_POINT('',(5.2235E+03,155.));
#3609 = ( GEOMETRIC_REPRESENTATION_CONTEXT(2) 
PARAMETRIC_REPRESENTATION_CONTEXT() REPRESENTATION_CONTEXT('2D SPACE',''
  ) );
#3610 = PCURVE('',#3611,#3616);
#3611 = CYLINDRICAL_SURFACE('',#3612,6.5);
#3612 = AXIS2_PLACEMENT_3D('',#3613,#3614,#3615);
#3613 = CARTESIAN_POINT('',(5.23E+03,155.,10.));
#3614 = DIRECTION('',(0.,0.,-1.));
#3615 = DIRECTION('',(-1.,0.,0.));
#3616 = DEFINITIONAL_REPRESENTATION('',(#3617),#3621);
#3617 = LINE('',#3618,#3619);
#3618 = CARTESIAN_POINT('',(0.,0.));
#3619 = VECTOR('',#3620,1.);
#3620 = DIRECTION('',(1.,0.));
#3621 = ( GEOMETRIC_REPRESENTATION_CONTEXT(2) 
PARAMETRIC_REPRESENTATION_CONTEXT() REPRESENTATION_CONTEXT('2D SPACE',''
  ) );
#3622 = FACE_BOUND('',#3623,.T.);
#3623 = EDGE_LOOP('',(#3624));
#3624 = ORIENTED_EDGE('',*,*,#3625,.T.);
#3625 = EDGE_CURVE('',#3626,#3626,#3628,.T.);
#3626 = VERTEX_POINT('',#3627);
#3627 = CARTESIAN_POINT('',(5.3135E+03,155.,10.));
#3628 = SURFACE_CURVE('',#3629,(#3634,#3645),.PCURVE_S1.);
#3629 = CIRCLE('',#3630,6.5);
#3630 = AXIS2_PLACEMENT_3D('',#3631,#3632,#3633);
#3631 = CARTESIAN_POINT('',(5.32E+03,155.,10.));
#3632 = DIRECTION('',(0.,0.,-1.));
#3633 = DIRECTION('',(-1.,0.,0.));
#3634 = PCURVE('',#126,#3635);
#3635 = DEFINITIONAL_REPRESENTATION('',(#3636),#3644);
#3636 = ( BOUNDED_CURVE() B_SPLINE_CURVE(2,(#3637,#3638,#3639,#3640,
#3641,#3642,#3643),.UNSPECIFIED.,.T.,.F.) B_SPLINE_CURVE_WITH_KNOTS((1,2
    ,2,2,2,1),(-2.094395102393,0.,2.094395102393,4.188790204786,
6.28318530718,8.377580409573),.UNSPECIFIED.) CURVE() 
GEOMETRIC_REPRESENTATION_ITEM() RATIONAL_B_SPLINE_CURVE((1.,0.5,1.,0.5,
1.,0.5,1.)) REPRESENTATION_ITEM('') );
#3637 = CARTESIAN_POINT('',(5.3135E+03,155.));
#3638 = CARTESIAN_POINT('',(5.3135E+03,166.25833024919));
#3639 = CARTESIAN_POINT('',(5.32325E+03,160.62916512459));
#3640 = CARTESIAN_POINT('',(5.333E+03,155.));
#3641 = CARTESIAN_POINT('',(5.32325E+03,149.3708348754));
#3642 = CARTESIAN_POINT('',(5.3135E+03,143.7416697508));
#3643 = CARTESIAN_POINT('',(5.3135E+03,155.));
#3644 = ( GEOMETRIC_REPRESENTATION_CONTEXT(2) 
PARAMETRIC_REPRESENTATION_CONTEXT() REPRESENTATION_CONTEXT('2D SPACE',''
  ) );
#3645 = PCURVE('',#3646,#3651);
#3646 = CYLINDRICAL_SURFACE('',#3647,6.5);
#3647 = AXIS2_PLACEMENT_3D('',#3648,#3649,#3650);
#3648 = CARTESIAN_POINT('',(5.32E+03,155.,10.));
#3649 = DIRECTION('',(0.,0.,-1.));
#3650 = DIRECTION('',(-1.,0.,0.));
#3651 = DEFINITIONAL_REPRESENTATION('',(#3652),#3656);
#3652 = LINE('',#3653,#3654);
#3653 = CARTESIAN_POINT('',(0.,0.));
#3654 = VECTOR('',#3655,1.);
#3655 = DIRECTION('',(1.,0.));
#3656 = ( GEOMETRIC_REPRESENTATION_CONTEXT(2) 
PARAMETRIC_REPRESENTATION_CONTEXT() REPRESENTATION_CONTEXT('2D SPACE',''
  ) );
#3657 = FACE_BOUND('',#3658,.T.);
#3658 = EDGE_LOOP('',(#3659));
#3659 = ORIENTED_EDGE('',*,*,#3660,.T.);
#3660 = EDGE_CURVE('',#3661,#3661,#3663,.T.);
#3661 = VERTEX_POINT('',#3662);
#3662 = CARTESIAN_POINT('',(5.4035E+03,155.,10.));
#3663 = SURFACE_CURVE('',#3664,(#3669,#3680),.PCURVE_S1.);
#3664 = CIRCLE('',#3665,6.5);
#3665 = AXIS2_PLACEMENT_3D('',#3666,#3667,#3668);
#3666 = CARTESIAN_POINT('',(5.41E+03,155.,10.));
#3667 = DIRECTION('',(0.,0.,-1.));
#3668 = DIRECTION('',(-1.,0.,0.));
#3669 = PCURVE('',#126,#3670);
#3670 = DEFINITIONAL_REPRESENTATION('',(#3671),#3679);
#3671 = ( BOUNDED_CURVE() B_SPLINE_CURVE(2,(#3672,#3673,#3674,#3675,
#3676,#3677,#3678),.UNSPECIFIED.,.T.,.F.) B_SPLINE_CURVE_WITH_KNOTS((1,2
    ,2,2,2,1),(-2.094395102393,0.,2.094395102393,4.188790204786,
6.28318530718,8.377580409573),.UNSPECIFIED.) CURVE() 
GEOMETRIC_REPRESENTATION_ITEM() RATIONAL_B_SPLINE_CURVE((1.,0.5,1.,0.5,
1.,0.5,1.)) REPRESENTATION_ITEM('') );
#3672 = CARTESIAN_POINT('',(5.4035E+03,155.));
#3673 = CARTESIAN_POINT('',(5.4035E+03,166.25833024919));
#3674 = CARTESIAN_POINT('',(5.41325E+03,160.62916512459));
#3675 = CARTESIAN_POINT('',(5.423E+03,155.));
#3676 = CARTESIAN_POINT('',(5.41325E+03,149.3708348754));
#3677 = CARTESIAN_POINT('',(5.4035E+03,143.7416697508));
#3678 = CARTESIAN_POINT('',(5.4035E+03,155.));
#3679 = ( GEOMETRIC_REPRESENTATION_CONTEXT(2) 
PARAMETRIC_REPRESENTATION_CONTEXT() REPRESENTATION_CONTEXT('2D SPACE',''
  ) );
#3680 = PCURVE('',#3681,#3686);
#3681 = CYLINDRICAL_SURFACE('',#3682,6.5);
#3682 = AXIS2_PLACEMENT_3D('',#3683,#3684,#3685);
#3683 = CARTESIAN_POINT('',(5.41E+03,155.,10.));
#3684 = DIRECTION('',(0.,0.,-1.));
#3685 = DIRECTION('',(-1.,0.,0.));
#3686 = DEFINITIONAL_REPRESENTATION('',(#3687),#3691);
#3687 = LINE('',#3688,#3689);
#3688 = CARTESIAN_POINT('',(0.,0.));
#3689 = VECTOR('',#3690,1.);
#3690 = DIRECTION('',(1.,0.));
#3691 = ( GEOMETRIC_REPRESENTATION_CONTEXT(2) 
PARAMETRIC_REPRESENTATION_CONTEXT() REPRESENTATION_CONTEXT('2D SPACE',''
  ) );
#3692 = ADVANCED_FACE('',(#3693),#100,.T.);
#3693 = FACE_BOUND('',#3694,.T.);
#3694 = EDGE_LOOP('',(#3695,#3718,#3719,#3720));
#3695 = ORIENTED_EDGE('',*,*,#3696,.F.);
#3696 = EDGE_CURVE('',#57,#3697,#3699,.T.);
#3697 = VERTEX_POINT('',#3698);
#3698 = CARTESIAN_POINT('',(5.54E+03,200.,0.));
#3699 = SURFACE_CURVE('',#3700,(#3704,#3711),.PCURVE_S1.);
#3700 = LINE('',#3701,#3702);
#3701 = CARTESIAN_POINT('',(0.,200.,0.));
#3702 = VECTOR('',#3703,1.);
#3703 = DIRECTION('',(1.,0.,0.));
#3704 = PCURVE('',#100,#3705);
#3705 = DEFINITIONAL_REPRESENTATION('',(#3706),#3710);
#3706 = LINE('',#3707,#3708);
#3707 = CARTESIAN_POINT('',(0.,0.));
#3708 = VECTOR('',#3709,1.);
#3709 = DIRECTION('',(0.,1.));
#3710 = ( GEOMETRIC_REPRESENTATION_CONTEXT(2) 
PARAMETRIC_REPRESENTATION_CONTEXT() REPRESENTATION_CONTEXT('2D SPACE',''
  ) );
#3711 = PCURVE('',#72,#3712);
#3712 = DEFINITIONAL_REPRESENTATION('',(#3713),#3717);
#3713 = LINE('',#3714,#3715);
#3714 = CARTESIAN_POINT('',(0.,200.));
#3715 = VECTOR('',#3716,1.);
#3716 = DIRECTION('',(1.,0.));
#3717 = ( GEOMETRIC_REPRESENTATION_CONTEXT(2) 
PARAMETRIC_REPRESENTATION_CONTEXT() REPRESENTATION_CONTEXT('2D SPACE',''
  ) );
#3718 = ORIENTED_EDGE('',*,*,#84,.T.);
#3719 = ORIENTED_EDGE('',*,*,#242,.T.);
#3720 = ORIENTED_EDGE('',*,*,#3721,.F.);
#3721 = EDGE_CURVE('',#3697,#220,#3722,.T.);
#3722 = SURFACE_CURVE('',#3723,(#3727,#3734),.PCURVE_S1.);
#3723 = LINE('',#3724,#3725);
#3724 = CARTESIAN_POINT('',(5.54E+03,200.,0.));
#3725 = VECTOR('',#3726,1.);
#3726 = DIRECTION('',(0.,0.,1.));
#3727 = PCURVE('',#100,#3728);
#3728 = DEFINITIONAL_REPRESENTATION('',(#3729),#3733);
#3729 = LINE('',#3730,#3731);
#3730 = CARTESIAN_POINT('',(0.,5.54E+03));
#3731 = VECTOR('',#3732,1.);
#3732 = DIRECTION('',(1.,0.));
#3733 = ( GEOMETRIC_REPRESENTATION_CONTEXT(2) 
PARAMETRIC_REPRESENTATION_CONTEXT() REPRESENTATION_CONTEXT('2D SPACE',''
  ) );
#3734 = PCURVE('',#202,#3735);
#3735 = DEFINITIONAL_REPRESENTATION('',(#3736),#3740);
#3736 = LINE('',#3737,#3738);
#3737 = CARTESIAN_POINT('',(0.,-200.));
#3738 = VECTOR('',#3739,1.);
#3739 = DIRECTION('',(1.,0.));
#3740 = ( GEOMETRIC_REPRESENTATION_CONTEXT(2) 
PARAMETRIC_REPRESENTATION_CONTEXT() REPRESENTATION_CONTEXT('2D SPACE',''
  ) );
#3741 = ADVANCED_FACE('',(#3742,#3768,#3798,#3828,#3858,#3888,#3918,
    #3948,#3978,#4008,#4038,#4068,#4098,#4128,#4158,#4188,#4218,#4248,
    #4278,#4308,#4338,#4368,#4398,#4428,#4458,#4488,#4518,#4548,#4578,
    #4608,#4638,#4668,#4698,#4728,#4758,#4788,#4818,#4848,#4878,#4908,
    #4938,#4968,#4998,#5028,#5058,#5088,#5118,#5148,#5178,#5208,#5238,
    #5268,#5298,#5328,#5358,#5388,#5418,#5448,#5478,#5508,#5538,#5568,
    #5598,#5628,#5658,#5688,#5718,#5748,#5778,#5808,#5838,#5868,#5898,
    #5928,#5958,#5988,#6018,#6048,#6078,#6108,#6138,#6168,#6198,#6228,
    #6258,#6288,#6318,#6348,#6378,#6408,#6438,#6468,#6498,#6528,#6558,
    #6588,#6618,#6648,#6678),#72,.F.);
#3742 = FACE_BOUND('',#3743,.F.);
#3743 = EDGE_LOOP('',(#3744,#3745,#3746,#3767));
#3744 = ORIENTED_EDGE('',*,*,#56,.F.);
#3745 = ORIENTED_EDGE('',*,*,#141,.T.);
#3746 = ORIENTED_EDGE('',*,*,#3747,.T.);
#3747 = EDGE_CURVE('',#142,#3697,#3748,.T.);
#3748 = SURFACE_CURVE('',#3749,(#3753,#3760),.PCURVE_S1.);
#3749 = LINE('',#3750,#3751);
#3750 = CARTESIAN_POINT('',(5.54E+03,0.,0.));
#3751 = VECTOR('',#3752,1.);
#3752 = DIRECTION('',(0.,1.,0.));
#3753 = PCURVE('',#72,#3754);
#3754 = DEFINITIONAL_REPRESENTATION('',(#3755),#3759);
#3755 = LINE('',#3756,#3757);
#3756 = CARTESIAN_POINT('',(5.54E+03,0.));
#3757 = VECTOR('',#3758,1.);
#3758 = DIRECTION('',(0.,1.));
#3759 = ( GEOMETRIC_REPRESENTATION_CONTEXT(2) 
PARAMETRIC_REPRESENTATION_CONTEXT() REPRESENTATION_CONTEXT('2D SPACE',''
  ) );
#3760 = PCURVE('',#202,#3761);
#3761 = DEFINITIONAL_REPRESENTATION('',(#3762),#3766);
#3762 = LINE('',#3763,#3764);
#3763 = CARTESIAN_POINT('',(0.,0.));
#3764 = VECTOR('',#3765,1.);
#3765 = DIRECTION('',(0.,-1.));
#3766 = ( GEOMETRIC_REPRESENTATION_CONTEXT(2) 
PARAMETRIC_REPRESENTATION_CONTEXT() REPRESENTATION_CONTEXT('2D SPACE',''
  ) );
#3767 = ORIENTED_EDGE('',*,*,#3696,.F.);
#3768 = FACE_BOUND('',#3769,.F.);
#3769 = EDGE_LOOP('',(#3770));
#3770 = ORIENTED_EDGE('',*,*,#3771,.T.);
#3771 = EDGE_CURVE('',#3772,#3772,#3774,.T.);
#3772 = VERTEX_POINT('',#3773);
#3773 = CARTESIAN_POINT('',(93.5,45.,0.));
#3774 = SURFACE_CURVE('',#3775,(#3780,#3791),.PCURVE_S1.);
#3775 = CIRCLE('',#3776,6.5);
#3776 = AXIS2_PLACEMENT_3D('',#3777,#3778,#3779);
#3777 = CARTESIAN_POINT('',(100.,45.,0.));
#3778 = DIRECTION('',(0.,0.,-1.));
#3779 = DIRECTION('',(-1.,0.,0.));
#3780 = PCURVE('',#72,#3781);
#3781 = DEFINITIONAL_REPRESENTATION('',(#3782),#3790);
#3782 = ( BOUNDED_CURVE() B_SPLINE_CURVE(2,(#3783,#3784,#3785,#3786,
#3787,#3788,#3789),.UNSPECIFIED.,.T.,.F.) B_SPLINE_CURVE_WITH_KNOTS((1,2
    ,2,2,2,1),(-2.094395102393,0.,2.094395102393,4.188790204786,
6.28318530718,8.377580409573),.UNSPECIFIED.) CURVE() 
GEOMETRIC_REPRESENTATION_ITEM() RATIONAL_B_SPLINE_CURVE((1.,0.5,1.,0.5,
1.,0.5,1.)) REPRESENTATION_ITEM('') );
#3783 = CARTESIAN_POINT('',(93.5,45.));
#3784 = CARTESIAN_POINT('',(93.5,56.258330249198));
#3785 = CARTESIAN_POINT('',(103.25,50.629165124599));
#3786 = CARTESIAN_POINT('',(113.,45.));
#3787 = CARTESIAN_POINT('',(103.25,39.370834875401));
#3788 = CARTESIAN_POINT('',(93.5,33.741669750802));
#3789 = CARTESIAN_POINT('',(93.5,45.));
#3790 = ( GEOMETRIC_REPRESENTATION_CONTEXT(2) 
PARAMETRIC_REPRESENTATION_CONTEXT() REPRESENTATION_CONTEXT('2D SPACE',''
  ) );
#3791 = PCURVE('',#286,#3792);
#3792 = DEFINITIONAL_REPRESENTATION('',(#3793),#3797);
#3793 = LINE('',#3794,#3795);
#3794 = CARTESIAN_POINT('',(0.,10.));
#3795 = VECTOR('',#3796,1.);
#3796 = DIRECTION('',(1.,0.));
#3797 = ( GEOMETRIC_REPRESENTATION_CONTEXT(2) 
PARAMETRIC_REPRESENTATION_CONTEXT() REPRESENTATION_CONTEXT('2D SPACE',''
  ) );
#3798 = FACE_BOUND('',#3799,.F.);
#3799 = EDGE_LOOP('',(#3800));
#3800 = ORIENTED_EDGE('',*,*,#3801,.T.);
#3801 = EDGE_CURVE('',#3802,#3802,#3804,.T.);
#3802 = VERTEX_POINT('',#3803);
#3803 = CARTESIAN_POINT('',(183.5,45.,0.));
#3804 = SURFACE_CURVE('',#3805,(#3810,#3821),.PCURVE_S1.);
#3805 = CIRCLE('',#3806,6.5);
#3806 = AXIS2_PLACEMENT_3D('',#3807,#3808,#3809);
#3807 = CARTESIAN_POINT('',(190.,45.,0.));
#3808 = DIRECTION('',(0.,0.,-1.));
#3809 = DIRECTION('',(-1.,0.,0.));
#3810 = PCURVE('',#72,#3811);
#3811 = DEFINITIONAL_REPRESENTATION('',(#3812),#3820);
#3812 = ( BOUNDED_CURVE() B_SPLINE_CURVE(2,(#3813,#3814,#3815,#3816,
#3817,#3818,#3819),.UNSPECIFIED.,.T.,.F.) B_SPLINE_CURVE_WITH_KNOTS((1,2
    ,2,2,2,1),(-2.094395102393,0.,2.094395102393,4.188790204786,
6.28318530718,8.377580409573),.UNSPECIFIED.) CURVE() 
GEOMETRIC_REPRESENTATION_ITEM() RATIONAL_B_SPLINE_CURVE((1.,0.5,1.,0.5,
1.,0.5,1.)) REPRESENTATION_ITEM('') );
#3813 = CARTESIAN_POINT('',(183.5,45.));
#3814 = CARTESIAN_POINT('',(183.5,56.258330249198));
#3815 = CARTESIAN_POINT('',(193.25,50.629165124599));
#3816 = CARTESIAN_POINT('',(203.,45.));
#3817 = CARTESIAN_POINT('',(193.25,39.370834875401));
#3818 = CARTESIAN_POINT('',(183.5,33.741669750802));
#3819 = CARTESIAN_POINT('',(183.5,45.));
#3820 = ( GEOMETRIC_REPRESENTATION_CONTEXT(2) 
PARAMETRIC_REPRESENTATION_CONTEXT() REPRESENTATION_CONTEXT('2D SPACE',''
  ) );
#3821 = PCURVE('',#321,#3822);
#3822 = DEFINITIONAL_REPRESENTATION('',(#3823),#3827);
#3823 = LINE('',#3824,#3825);
#3824 = CARTESIAN_POINT('',(0.,10.));
#3825 = VECTOR('',#3826,1.);
#3826 = DIRECTION('',(1.,0.));
#3827 = ( GEOMETRIC_REPRESENTATION_CONTEXT(2) 
PARAMETRIC_REPRESENTATION_CONTEXT() REPRESENTATION_CONTEXT('2D SPACE',''
  ) );
#3828 = FACE_BOUND('',#3829,.F.);
#3829 = EDGE_LOOP('',(#3830));
#3830 = ORIENTED_EDGE('',*,*,#3831,.T.);
#3831 = EDGE_CURVE('',#3832,#3832,#3834,.T.);
#3832 = VERTEX_POINT('',#3833);
#3833 = CARTESIAN_POINT('',(273.5,45.,0.));
#3834 = SURFACE_CURVE('',#3835,(#3840,#3851),.PCURVE_S1.);
#3835 = CIRCLE('',#3836,6.5);
#3836 = AXIS2_PLACEMENT_3D('',#3837,#3838,#3839);
#3837 = CARTESIAN_POINT('',(280.,45.,0.));
#3838 = DIRECTION('',(0.,0.,-1.));
#3839 = DIRECTION('',(-1.,0.,0.));
#3840 = PCURVE('',#72,#3841);
#3841 = DEFINITIONAL_REPRESENTATION('',(#3842),#3850);
#3842 = ( BOUNDED_CURVE() B_SPLINE_CURVE(2,(#3843,#3844,#3845,#3846,
#3847,#3848,#3849),.UNSPECIFIED.,.T.,.F.) B_SPLINE_CURVE_WITH_KNOTS((1,2
    ,2,2,2,1),(-2.094395102393,0.,2.094395102393,4.188790204786,
6.28318530718,8.377580409573),.UNSPECIFIED.) CURVE() 
GEOMETRIC_REPRESENTATION_ITEM() RATIONAL_B_SPLINE_CURVE((1.,0.5,1.,0.5,
1.,0.5,1.)) REPRESENTATION_ITEM('') );
#3843 = CARTESIAN_POINT('',(273.5,45.));
#3844 = CARTESIAN_POINT('',(273.5,56.258330249198));
#3845 = CARTESIAN_POINT('',(283.25,50.629165124599));
#3846 = CARTESIAN_POINT('',(293.,45.));
#3847 = CARTESIAN_POINT('',(283.25,39.370834875401));
#3848 = CARTESIAN_POINT('',(273.5,33.741669750802));
#3849 = CARTESIAN_POINT('',(273.5,45.));
#3850 = ( GEOMETRIC_REPRESENTATION_CONTEXT(2) 
PARAMETRIC_REPRESENTATION_CONTEXT() REPRESENTATION_CONTEXT('2D SPACE',''
  ) );
#3851 = PCURVE('',#356,#3852);
#3852 = DEFINITIONAL_REPRESENTATION('',(#3853),#3857);
#3853 = LINE('',#3854,#3855);
#3854 = CARTESIAN_POINT('',(0.,10.));
#3855 = VECTOR('',#3856,1.);
#3856 = DIRECTION('',(1.,0.));
#3857 = ( GEOMETRIC_REPRESENTATION_CONTEXT(2) 
PARAMETRIC_REPRESENTATION_CONTEXT() REPRESENTATION_CONTEXT('2D SPACE',''
  ) );
#3858 = FACE_BOUND('',#3859,.F.);
#3859 = EDGE_LOOP('',(#3860));
#3860 = ORIENTED_EDGE('',*,*,#3861,.T.);
#3861 = EDGE_CURVE('',#3862,#3862,#3864,.T.);
#3862 = VERTEX_POINT('',#3863);
#3863 = CARTESIAN_POINT('',(363.5,45.,0.));
#3864 = SURFACE_CURVE('',#3865,(#3870,#3881),.PCURVE_S1.);
#3865 = CIRCLE('',#3866,6.5);
#3866 = AXIS2_PLACEMENT_3D('',#3867,#3868,#3869);
#3867 = CARTESIAN_POINT('',(370.,45.,0.));
#3868 = DIRECTION('',(0.,0.,-1.));
#3869 = DIRECTION('',(-1.,0.,0.));
#3870 = PCURVE('',#72,#3871);
#3871 = DEFINITIONAL_REPRESENTATION('',(#3872),#3880);
#3872 = ( BOUNDED_CURVE() B_SPLINE_CURVE(2,(#3873,#3874,#3875,#3876,
#3877,#3878,#3879),.UNSPECIFIED.,.T.,.F.) B_SPLINE_CURVE_WITH_KNOTS((1,2
    ,2,2,2,1),(-2.094395102393,0.,2.094395102393,4.188790204786,
6.28318530718,8.377580409573),.UNSPECIFIED.) CURVE() 
GEOMETRIC_REPRESENTATION_ITEM() RATIONAL_B_SPLINE_CURVE((1.,0.5,1.,0.5,
1.,0.5,1.)) REPRESENTATION_ITEM('') );
#3873 = CARTESIAN_POINT('',(363.5,45.));
#3874 = CARTESIAN_POINT('',(363.5,56.258330249198));
#3875 = CARTESIAN_POINT('',(373.25,50.629165124599));
#3876 = CARTESIAN_POINT('',(383.,45.));
#3877 = CARTESIAN_POINT('',(373.25,39.370834875401));
#3878 = CARTESIAN_POINT('',(363.5,33.741669750802));
#3879 = CARTESIAN_POINT('',(363.5,45.));
#3880 = ( GEOMETRIC_REPRESENTATION_CONTEXT(2) 
PARAMETRIC_REPRESENTATION_CONTEXT() REPRESENTATION_CONTEXT('2D SPACE',''
  ) );
#3881 = PCURVE('',#391,#3882);
#3882 = DEFINITIONAL_REPRESENTATION('',(#3883),#3887);
#3883 = LINE('',#3884,#3885);
#3884 = CARTESIAN_POINT('',(0.,10.));
#3885 = VECTOR('',#3886,1.);
#3886 = DIRECTION('',(1.,0.));
#3887 = ( GEOMETRIC_REPRESENTATION_CONTEXT(2) 
PARAMETRIC_REPRESENTATION_CONTEXT() REPRESENTATION_CONTEXT('2D SPACE',''
  ) );
#3888 = FACE_BOUND('',#3889,.F.);
#3889 = EDGE_LOOP('',(#3890));
#3890 = ORIENTED_EDGE('',*,*,#3891,.T.);
#3891 = EDGE_CURVE('',#3892,#3892,#3894,.T.);
#3892 = VERTEX_POINT('',#3893);
#3893 = CARTESIAN_POINT('',(453.5,45.,0.));
#3894 = SURFACE_CURVE('',#3895,(#3900,#3911),.PCURVE_S1.);
#3895 = CIRCLE('',#3896,6.5);
#3896 = AXIS2_PLACEMENT_3D('',#3897,#3898,#3899);
#3897 = CARTESIAN_POINT('',(460.,45.,0.));
#3898 = DIRECTION('',(0.,0.,-1.));
#3899 = DIRECTION('',(-1.,0.,0.));
#3900 = PCURVE('',#72,#3901);
#3901 = DEFINITIONAL_REPRESENTATION('',(#3902),#3910);
#3902 = ( BOUNDED_CURVE() B_SPLINE_CURVE(2,(#3903,#3904,#3905,#3906,
#3907,#3908,#3909),.UNSPECIFIED.,.T.,.F.) B_SPLINE_CURVE_WITH_KNOTS((1,2
    ,2,2,2,1),(-2.094395102393,0.,2.094395102393,4.188790204786,
6.28318530718,8.377580409573),.UNSPECIFIED.) CURVE() 
GEOMETRIC_REPRESENTATION_ITEM() RATIONAL_B_SPLINE_CURVE((1.,0.5,1.,0.5,
1.,0.5,1.)) REPRESENTATION_ITEM('') );
#3903 = CARTESIAN_POINT('',(453.5,45.));
#3904 = CARTESIAN_POINT('',(453.5,56.258330249198));
#3905 = CARTESIAN_POINT('',(463.25,50.629165124599));
#3906 = CARTESIAN_POINT('',(473.,45.));
#3907 = CARTESIAN_POINT('',(463.25,39.370834875401));
#3908 = CARTESIAN_POINT('',(453.5,33.741669750802));
#3909 = CARTESIAN_POINT('',(453.5,45.));
#3910 = ( GEOMETRIC_REPRESENTATION_CONTEXT(2) 
PARAMETRIC_REPRESENTATION_CONTEXT() REPRESENTATION_CONTEXT('2D SPACE',''
  ) );
#3911 = PCURVE('',#426,#3912);
#3912 = DEFINITIONAL_REPRESENTATION('',(#3913),#3917);
#3913 = LINE('',#3914,#3915);
#3914 = CARTESIAN_POINT('',(0.,10.));
#3915 = VECTOR('',#3916,1.);
#3916 = DIRECTION('',(1.,0.));
#3917 = ( GEOMETRIC_REPRESENTATION_CONTEXT(2) 
PARAMETRIC_REPRESENTATION_CONTEXT() REPRESENTATION_CONTEXT('2D SPACE',''
  ) );
#3918 = FACE_BOUND('',#3919,.F.);
#3919 = EDGE_LOOP('',(#3920));
#3920 = ORIENTED_EDGE('',*,*,#3921,.T.);
#3921 = EDGE_CURVE('',#3922,#3922,#3924,.T.);
#3922 = VERTEX_POINT('',#3923);
#3923 = CARTESIAN_POINT('',(543.5,45.,0.));
#3924 = SURFACE_CURVE('',#3925,(#3930,#3941),.PCURVE_S1.);
#3925 = CIRCLE('',#3926,6.5);
#3926 = AXIS2_PLACEMENT_3D('',#3927,#3928,#3929);
#3927 = CARTESIAN_POINT('',(550.,45.,0.));
#3928 = DIRECTION('',(0.,0.,-1.));
#3929 = DIRECTION('',(-1.,0.,0.));
#3930 = PCURVE('',#72,#3931);
#3931 = DEFINITIONAL_REPRESENTATION('',(#3932),#3940);
#3932 = ( BOUNDED_CURVE() B_SPLINE_CURVE(2,(#3933,#3934,#3935,#3936,
#3937,#3938,#3939),.UNSPECIFIED.,.T.,.F.) B_SPLINE_CURVE_WITH_KNOTS((1,2
    ,2,2,2,1),(-2.094395102393,0.,2.094395102393,4.188790204786,
6.28318530718,8.377580409573),.UNSPECIFIED.) CURVE() 
GEOMETRIC_REPRESENTATION_ITEM() RATIONAL_B_SPLINE_CURVE((1.,0.5,1.,0.5,
1.,0.5,1.)) REPRESENTATION_ITEM('') );
#3933 = CARTESIAN_POINT('',(543.5,45.));
#3934 = CARTESIAN_POINT('',(543.5,56.258330249198));
#3935 = CARTESIAN_POINT('',(553.25,50.629165124599));
#3936 = CARTESIAN_POINT('',(563.,45.));
#3937 = CARTESIAN_POINT('',(553.25,39.370834875401));
#3938 = CARTESIAN_POINT('',(543.5,33.741669750802));
#3939 = CARTESIAN_POINT('',(543.5,45.));
#3940 = ( GEOMETRIC_REPRESENTATION_CONTEXT(2) 
PARAMETRIC_REPRESENTATION_CONTEXT() REPRESENTATION_CONTEXT('2D SPACE',''
  ) );
#3941 = PCURVE('',#461,#3942);
#3942 = DEFINITIONAL_REPRESENTATION('',(#3943),#3947);
#3943 = LINE('',#3944,#3945);
#3944 = CARTESIAN_POINT('',(0.,10.));
#3945 = VECTOR('',#3946,1.);
#3946 = DIRECTION('',(1.,0.));
#3947 = ( GEOMETRIC_REPRESENTATION_CONTEXT(2) 
PARAMETRIC_REPRESENTATION_CONTEXT() REPRESENTATION_CONTEXT('2D SPACE',''
  ) );
#3948 = FACE_BOUND('',#3949,.F.);
#3949 = EDGE_LOOP('',(#3950));
#3950 = ORIENTED_EDGE('',*,*,#3951,.T.);
#3951 = EDGE_CURVE('',#3952,#3952,#3954,.T.);
#3952 = VERTEX_POINT('',#3953);
#3953 = CARTESIAN_POINT('',(633.5,45.,0.));
#3954 = SURFACE_CURVE('',#3955,(#3960,#3971),.PCURVE_S1.);
#3955 = CIRCLE('',#3956,6.5);
#3956 = AXIS2_PLACEMENT_3D('',#3957,#3958,#3959);
#3957 = CARTESIAN_POINT('',(640.,45.,0.));
#3958 = DIRECTION('',(0.,0.,-1.));
#3959 = DIRECTION('',(-1.,0.,0.));
#3960 = PCURVE('',#72,#3961);
#3961 = DEFINITIONAL_REPRESENTATION('',(#3962),#3970);
#3962 = ( BOUNDED_CURVE() B_SPLINE_CURVE(2,(#3963,#3964,#3965,#3966,
#3967,#3968,#3969),.UNSPECIFIED.,.T.,.F.) B_SPLINE_CURVE_WITH_KNOTS((1,2
    ,2,2,2,1),(-2.094395102393,0.,2.094395102393,4.188790204786,
6.28318530718,8.377580409573),.UNSPECIFIED.) CURVE() 
GEOMETRIC_REPRESENTATION_ITEM() RATIONAL_B_SPLINE_CURVE((1.,0.5,1.,0.5,
1.,0.5,1.)) REPRESENTATION_ITEM('') );
#3963 = CARTESIAN_POINT('',(633.5,45.));
#3964 = CARTESIAN_POINT('',(633.5,56.258330249198));
#3965 = CARTESIAN_POINT('',(643.25,50.629165124599));
#3966 = CARTESIAN_POINT('',(653.,45.));
#3967 = CARTESIAN_POINT('',(643.25,39.370834875401));
#3968 = CARTESIAN_POINT('',(633.5,33.741669750802));
#3969 = CARTESIAN_POINT('',(633.5,45.));
#3970 = ( GEOMETRIC_REPRESENTATION_CONTEXT(2) 
PARAMETRIC_REPRESENTATION_CONTEXT() REPRESENTATION_CONTEXT('2D SPACE',''
  ) );
#3971 = PCURVE('',#496,#3972);
#3972 = DEFINITIONAL_REPRESENTATION('',(#3973),#3977);
#3973 = LINE('',#3974,#3975);
#3974 = CARTESIAN_POINT('',(0.,10.));
#3975 = VECTOR('',#3976,1.);
#3976 = DIRECTION('',(1.,0.));
#3977 = ( GEOMETRIC_REPRESENTATION_CONTEXT(2) 
PARAMETRIC_REPRESENTATION_CONTEXT() REPRESENTATION_CONTEXT('2D SPACE',''
  ) );
#3978 = FACE_BOUND('',#3979,.F.);
#3979 = EDGE_LOOP('',(#3980));
#3980 = ORIENTED_EDGE('',*,*,#3981,.T.);
#3981 = EDGE_CURVE('',#3982,#3982,#3984,.T.);
#3982 = VERTEX_POINT('',#3983);
#3983 = CARTESIAN_POINT('',(723.5,45.,0.));
#3984 = SURFACE_CURVE('',#3985,(#3990,#4001),.PCURVE_S1.);
#3985 = CIRCLE('',#3986,6.5);
#3986 = AXIS2_PLACEMENT_3D('',#3987,#3988,#3989);
#3987 = CARTESIAN_POINT('',(730.,45.,0.));
#3988 = DIRECTION('',(0.,0.,-1.));
#3989 = DIRECTION('',(-1.,0.,0.));
#3990 = PCURVE('',#72,#3991);
#3991 = DEFINITIONAL_REPRESENTATION('',(#3992),#4000);
#3992 = ( BOUNDED_CURVE() B_SPLINE_CURVE(2,(#3993,#3994,#3995,#3996,
#3997,#3998,#3999),.UNSPECIFIED.,.T.,.F.) B_SPLINE_CURVE_WITH_KNOTS((1,2
    ,2,2,2,1),(-2.094395102393,0.,2.094395102393,4.188790204786,
6.28318530718,8.377580409573),.UNSPECIFIED.) CURVE() 
GEOMETRIC_REPRESENTATION_ITEM() RATIONAL_B_SPLINE_CURVE((1.,0.5,1.,0.5,
1.,0.5,1.)) REPRESENTATION_ITEM('') );
#3993 = CARTESIAN_POINT('',(723.5,45.));
#3994 = CARTESIAN_POINT('',(723.5,56.258330249198));
#3995 = CARTESIAN_POINT('',(733.25,50.629165124599));
#3996 = CARTESIAN_POINT('',(743.,45.));
#3997 = CARTESIAN_POINT('',(733.25,39.370834875401));
#3998 = CARTESIAN_POINT('',(723.5,33.741669750802));
#3999 = CARTESIAN_POINT('',(723.5,45.));
#4000 = ( GEOMETRIC_REPRESENTATION_CONTEXT(2) 
PARAMETRIC_REPRESENTATION_CONTEXT() REPRESENTATION_CONTEXT('2D SPACE',''
  ) );
#4001 = PCURVE('',#531,#4002);
#4002 = DEFINITIONAL_REPRESENTATION('',(#4003),#4007);
#4003 = LINE('',#4004,#4005);
#4004 = CARTESIAN_POINT('',(0.,10.));
#4005 = VECTOR('',#4006,1.);
#4006 = DIRECTION('',(1.,0.));
#4007 = ( GEOMETRIC_REPRESENTATION_CONTEXT(2) 
PARAMETRIC_REPRESENTATION_CONTEXT() REPRESENTATION_CONTEXT('2D SPACE',''
  ) );
#4008 = FACE_BOUND('',#4009,.F.);
#4009 = EDGE_LOOP('',(#4010));
#4010 = ORIENTED_EDGE('',*,*,#4011,.T.);
#4011 = EDGE_CURVE('',#4012,#4012,#4014,.T.);
#4012 = VERTEX_POINT('',#4013);
#4013 = CARTESIAN_POINT('',(813.5,45.,0.));
#4014 = SURFACE_CURVE('',#4015,(#4020,#4031),.PCURVE_S1.);
#4015 = CIRCLE('',#4016,6.5);
#4016 = AXIS2_PLACEMENT_3D('',#4017,#4018,#4019);
#4017 = CARTESIAN_POINT('',(820.,45.,0.));
#4018 = DIRECTION('',(0.,0.,-1.));
#4019 = DIRECTION('',(-1.,0.,0.));
#4020 = PCURVE('',#72,#4021);
#4021 = DEFINITIONAL_REPRESENTATION('',(#4022),#4030);
#4022 = ( BOUNDED_CURVE() B_SPLINE_CURVE(2,(#4023,#4024,#4025,#4026,
#4027,#4028,#4029),.UNSPECIFIED.,.T.,.F.) B_SPLINE_CURVE_WITH_KNOTS((1,2
    ,2,2,2,1),(-2.094395102393,0.,2.094395102393,4.188790204786,
6.28318530718,8.377580409573),.UNSPECIFIED.) CURVE() 
GEOMETRIC_REPRESENTATION_ITEM() RATIONAL_B_SPLINE_CURVE((1.,0.5,1.,0.5,
1.,0.5,1.)) REPRESENTATION_ITEM('') );
#4023 = CARTESIAN_POINT('',(813.5,45.));
#4024 = CARTESIAN_POINT('',(813.5,56.258330249198));
#4025 = CARTESIAN_POINT('',(823.25,50.629165124599));
#4026 = CARTESIAN_POINT('',(833.,45.));
#4027 = CARTESIAN_POINT('',(823.25,39.370834875401));
#4028 = CARTESIAN_POINT('',(813.5,33.741669750802));
#4029 = CARTESIAN_POINT('',(813.5,45.));
#4030 = ( GEOMETRIC_REPRESENTATION_CONTEXT(2) 
PARAMETRIC_REPRESENTATION_CONTEXT() REPRESENTATION_CONTEXT('2D SPACE',''
  ) );
#4031 = PCURVE('',#566,#4032);
#4032 = DEFINITIONAL_REPRESENTATION('',(#4033),#4037);
#4033 = LINE('',#4034,#4035);
#4034 = CARTESIAN_POINT('',(0.,10.));
#4035 = VECTOR('',#4036,1.);
#4036 = DIRECTION('',(1.,0.));
#4037 = ( GEOMETRIC_REPRESENTATION_CONTEXT(2) 
PARAMETRIC_REPRESENTATION_CONTEXT() REPRESENTATION_CONTEXT('2D SPACE',''
  ) );
#4038 = FACE_BOUND('',#4039,.F.);
#4039 = EDGE_LOOP('',(#4040));
#4040 = ORIENTED_EDGE('',*,*,#4041,.T.);
#4041 = EDGE_CURVE('',#4042,#4042,#4044,.T.);
#4042 = VERTEX_POINT('',#4043);
#4043 = CARTESIAN_POINT('',(913.5,45.,0.));
#4044 = SURFACE_CURVE('',#4045,(#4050,#4061),.PCURVE_S1.);
#4045 = CIRCLE('',#4046,6.5);
#4046 = AXIS2_PLACEMENT_3D('',#4047,#4048,#4049);
#4047 = CARTESIAN_POINT('',(920.,45.,0.));
#4048 = DIRECTION('',(0.,0.,-1.));
#4049 = DIRECTION('',(-1.,0.,0.));
#4050 = PCURVE('',#72,#4051);
#4051 = DEFINITIONAL_REPRESENTATION('',(#4052),#4060);
#4052 = ( BOUNDED_CURVE() B_SPLINE_CURVE(2,(#4053,#4054,#4055,#4056,
#4057,#4058,#4059),.UNSPECIFIED.,.T.,.F.) B_SPLINE_CURVE_WITH_KNOTS((1,2
    ,2,2,2,1),(-2.094395102393,0.,2.094395102393,4.188790204786,
6.28318530718,8.377580409573),.UNSPECIFIED.) CURVE() 
GEOMETRIC_REPRESENTATION_ITEM() RATIONAL_B_SPLINE_CURVE((1.,0.5,1.,0.5,
1.,0.5,1.)) REPRESENTATION_ITEM('') );
#4053 = CARTESIAN_POINT('',(913.5,45.));
#4054 = CARTESIAN_POINT('',(913.5,56.258330249198));
#4055 = CARTESIAN_POINT('',(923.25,50.629165124599));
#4056 = CARTESIAN_POINT('',(933.,45.));
#4057 = CARTESIAN_POINT('',(923.25,39.370834875401));
#4058 = CARTESIAN_POINT('',(913.5,33.741669750802));
#4059 = CARTESIAN_POINT('',(913.5,45.));
#4060 = ( GEOMETRIC_REPRESENTATION_CONTEXT(2) 
PARAMETRIC_REPRESENTATION_CONTEXT() REPRESENTATION_CONTEXT('2D SPACE',''
  ) );
#4061 = PCURVE('',#601,#4062);
#4062 = DEFINITIONAL_REPRESENTATION('',(#4063),#4067);
#4063 = LINE('',#4064,#4065);
#4064 = CARTESIAN_POINT('',(0.,10.));
#4065 = VECTOR('',#4066,1.);
#4066 = DIRECTION('',(1.,0.));
#4067 = ( GEOMETRIC_REPRESENTATION_CONTEXT(2) 
PARAMETRIC_REPRESENTATION_CONTEXT() REPRESENTATION_CONTEXT('2D SPACE',''
  ) );
#4068 = FACE_BOUND('',#4069,.F.);
#4069 = EDGE_LOOP('',(#4070));
#4070 = ORIENTED_EDGE('',*,*,#4071,.T.);
#4071 = EDGE_CURVE('',#4072,#4072,#4074,.T.);
#4072 = VERTEX_POINT('',#4073);
#4073 = CARTESIAN_POINT('',(993.5,45.,0.));
#4074 = SURFACE_CURVE('',#4075,(#4080,#4091),.PCURVE_S1.);
#4075 = CIRCLE('',#4076,6.5);
#4076 = AXIS2_PLACEMENT_3D('',#4077,#4078,#4079);
#4077 = CARTESIAN_POINT('',(1.E+03,45.,0.));
#4078 = DIRECTION('',(0.,0.,-1.));
#4079 = DIRECTION('',(-1.,0.,0.));
#4080 = PCURVE('',#72,#4081);
#4081 = DEFINITIONAL_REPRESENTATION('',(#4082),#4090);
#4082 = ( BOUNDED_CURVE() B_SPLINE_CURVE(2,(#4083,#4084,#4085,#4086,
#4087,#4088,#4089),.UNSPECIFIED.,.T.,.F.) B_SPLINE_CURVE_WITH_KNOTS((1,2
    ,2,2,2,1),(-2.094395102393,0.,2.094395102393,4.188790204786,
6.28318530718,8.377580409573),.UNSPECIFIED.) CURVE() 
GEOMETRIC_REPRESENTATION_ITEM() RATIONAL_B_SPLINE_CURVE((1.,0.5,1.,0.5,
1.,0.5,1.)) REPRESENTATION_ITEM('') );
#4083 = CARTESIAN_POINT('',(993.5,45.));
#4084 = CARTESIAN_POINT('',(993.5,56.258330249198));
#4085 = CARTESIAN_POINT('',(1.00325E+03,50.629165124599));
#4086 = CARTESIAN_POINT('',(1.013E+03,45.));
#4087 = CARTESIAN_POINT('',(1.00325E+03,39.370834875401));
#4088 = CARTESIAN_POINT('',(993.5,33.741669750802));
#4089 = CARTESIAN_POINT('',(993.5,45.));
#4090 = ( GEOMETRIC_REPRESENTATION_CONTEXT(2) 
PARAMETRIC_REPRESENTATION_CONTEXT() REPRESENTATION_CONTEXT('2D SPACE',''
  ) );
#4091 = PCURVE('',#636,#4092);
#4092 = DEFINITIONAL_REPRESENTATION('',(#4093),#4097);
#4093 = LINE('',#4094,#4095);
#4094 = CARTESIAN_POINT('',(0.,10.));
#4095 = VECTOR('',#4096,1.);
#4096 = DIRECTION('',(1.,0.));
#4097 = ( GEOMETRIC_REPRESENTATION_CONTEXT(2) 
PARAMETRIC_REPRESENTATION_CONTEXT() REPRESENTATION_CONTEXT('2D SPACE',''
  ) );
#4098 = FACE_BOUND('',#4099,.F.);
#4099 = EDGE_LOOP('',(#4100));
#4100 = ORIENTED_EDGE('',*,*,#4101,.T.);
#4101 = EDGE_CURVE('',#4102,#4102,#4104,.T.);
#4102 = VERTEX_POINT('',#4103);
#4103 = CARTESIAN_POINT('',(1.0735E+03,45.,0.));
#4104 = SURFACE_CURVE('',#4105,(#4110,#4121),.PCURVE_S1.);
#4105 = CIRCLE('',#4106,6.5);
#4106 = AXIS2_PLACEMENT_3D('',#4107,#4108,#4109);
#4107 = CARTESIAN_POINT('',(1.08E+03,45.,0.));
#4108 = DIRECTION('',(0.,0.,-1.));
#4109 = DIRECTION('',(-1.,0.,0.));
#4110 = PCURVE('',#72,#4111);
#4111 = DEFINITIONAL_REPRESENTATION('',(#4112),#4120);
#4112 = ( BOUNDED_CURVE() B_SPLINE_CURVE(2,(#4113,#4114,#4115,#4116,
#4117,#4118,#4119),.UNSPECIFIED.,.T.,.F.) B_SPLINE_CURVE_WITH_KNOTS((1,2
    ,2,2,2,1),(-2.094395102393,0.,2.094395102393,4.188790204786,
6.28318530718,8.377580409573),.UNSPECIFIED.) CURVE() 
GEOMETRIC_REPRESENTATION_ITEM() RATIONAL_B_SPLINE_CURVE((1.,0.5,1.,0.5,
1.,0.5,1.)) REPRESENTATION_ITEM('') );
#4113 = CARTESIAN_POINT('',(1.0735E+03,45.));
#4114 = CARTESIAN_POINT('',(1.0735E+03,56.258330249198));
#4115 = CARTESIAN_POINT('',(1.08325E+03,50.629165124599));
#4116 = CARTESIAN_POINT('',(1.093E+03,45.));
#4117 = CARTESIAN_POINT('',(1.08325E+03,39.370834875401));
#4118 = CARTESIAN_POINT('',(1.0735E+03,33.741669750802));
#4119 = CARTESIAN_POINT('',(1.0735E+03,45.));
#4120 = ( GEOMETRIC_REPRESENTATION_CONTEXT(2) 
PARAMETRIC_REPRESENTATION_CONTEXT() REPRESENTATION_CONTEXT('2D SPACE',''
  ) );
#4121 = PCURVE('',#671,#4122);
#4122 = DEFINITIONAL_REPRESENTATION('',(#4123),#4127);
#4123 = LINE('',#4124,#4125);
#4124 = CARTESIAN_POINT('',(0.,10.));
#4125 = VECTOR('',#4126,1.);
#4126 = DIRECTION('',(1.,0.));
#4127 = ( GEOMETRIC_REPRESENTATION_CONTEXT(2) 
PARAMETRIC_REPRESENTATION_CONTEXT() REPRESENTATION_CONTEXT('2D SPACE',''
  ) );
#4128 = FACE_BOUND('',#4129,.F.);
#4129 = EDGE_LOOP('',(#4130));
#4130 = ORIENTED_EDGE('',*,*,#4131,.T.);
#4131 = EDGE_CURVE('',#4132,#4132,#4134,.T.);
#4132 = VERTEX_POINT('',#4133);
#4133 = CARTESIAN_POINT('',(1.1535E+03,45.,0.));
#4134 = SURFACE_CURVE('',#4135,(#4140,#4151),.PCURVE_S1.);
#4135 = CIRCLE('',#4136,6.5);
#4136 = AXIS2_PLACEMENT_3D('',#4137,#4138,#4139);
#4137 = CARTESIAN_POINT('',(1.16E+03,45.,0.));
#4138 = DIRECTION('',(0.,0.,-1.));
#4139 = DIRECTION('',(-1.,0.,0.));
#4140 = PCURVE('',#72,#4141);
#4141 = DEFINITIONAL_REPRESENTATION('',(#4142),#4150);
#4142 = ( BOUNDED_CURVE() B_SPLINE_CURVE(2,(#4143,#4144,#4145,#4146,
#4147,#4148,#4149),.UNSPECIFIED.,.T.,.F.) B_SPLINE_CURVE_WITH_KNOTS((1,2
    ,2,2,2,1),(-2.094395102393,0.,2.094395102393,4.188790204786,
6.28318530718,8.377580409573),.UNSPECIFIED.) CURVE() 
GEOMETRIC_REPRESENTATION_ITEM() RATIONAL_B_SPLINE_CURVE((1.,0.5,1.,0.5,
1.,0.5,1.)) REPRESENTATION_ITEM('') );
#4143 = CARTESIAN_POINT('',(1.1535E+03,45.));
#4144 = CARTESIAN_POINT('',(1.1535E+03,56.258330249198));
#4145 = CARTESIAN_POINT('',(1.16325E+03,50.629165124599));
#4146 = CARTESIAN_POINT('',(1.173E+03,45.));
#4147 = CARTESIAN_POINT('',(1.16325E+03,39.370834875401));
#4148 = CARTESIAN_POINT('',(1.1535E+03,33.741669750802));
#4149 = CARTESIAN_POINT('',(1.1535E+03,45.));
#4150 = ( GEOMETRIC_REPRESENTATION_CONTEXT(2) 
PARAMETRIC_REPRESENTATION_CONTEXT() REPRESENTATION_CONTEXT('2D SPACE',''
  ) );
#4151 = PCURVE('',#706,#4152);
#4152 = DEFINITIONAL_REPRESENTATION('',(#4153),#4157);
#4153 = LINE('',#4154,#4155);
#4154 = CARTESIAN_POINT('',(0.,10.));
#4155 = VECTOR('',#4156,1.);
#4156 = DIRECTION('',(1.,0.));
#4157 = ( GEOMETRIC_REPRESENTATION_CONTEXT(2) 
PARAMETRIC_REPRESENTATION_CONTEXT() REPRESENTATION_CONTEXT('2D SPACE',''
  ) );
#4158 = FACE_BOUND('',#4159,.F.);
#4159 = EDGE_LOOP('',(#4160));
#4160 = ORIENTED_EDGE('',*,*,#4161,.T.);
#4161 = EDGE_CURVE('',#4162,#4162,#4164,.T.);
#4162 = VERTEX_POINT('',#4163);
#4163 = CARTESIAN_POINT('',(1.2335E+03,45.,0.));
#4164 = SURFACE_CURVE('',#4165,(#4170,#4181),.PCURVE_S1.);
#4165 = CIRCLE('',#4166,6.5);
#4166 = AXIS2_PLACEMENT_3D('',#4167,#4168,#4169);
#4167 = CARTESIAN_POINT('',(1.24E+03,45.,0.));
#4168 = DIRECTION('',(0.,0.,-1.));
#4169 = DIRECTION('',(-1.,0.,0.));
#4170 = PCURVE('',#72,#4171);
#4171 = DEFINITIONAL_REPRESENTATION('',(#4172),#4180);
#4172 = ( BOUNDED_CURVE() B_SPLINE_CURVE(2,(#4173,#4174,#4175,#4176,
#4177,#4178,#4179),.UNSPECIFIED.,.T.,.F.) B_SPLINE_CURVE_WITH_KNOTS((1,2
    ,2,2,2,1),(-2.094395102393,0.,2.094395102393,4.188790204786,
6.28318530718,8.377580409573),.UNSPECIFIED.) CURVE() 
GEOMETRIC_REPRESENTATION_ITEM() RATIONAL_B_SPLINE_CURVE((1.,0.5,1.,0.5,
1.,0.5,1.)) REPRESENTATION_ITEM('') );
#4173 = CARTESIAN_POINT('',(1.2335E+03,45.));
#4174 = CARTESIAN_POINT('',(1.2335E+03,56.258330249198));
#4175 = CARTESIAN_POINT('',(1.24325E+03,50.629165124599));
#4176 = CARTESIAN_POINT('',(1.253E+03,45.));
#4177 = CARTESIAN_POINT('',(1.24325E+03,39.370834875401));
#4178 = CARTESIAN_POINT('',(1.2335E+03,33.741669750802));
#4179 = CARTESIAN_POINT('',(1.2335E+03,45.));
#4180 = ( GEOMETRIC_REPRESENTATION_CONTEXT(2) 
PARAMETRIC_REPRESENTATION_CONTEXT() REPRESENTATION_CONTEXT('2D SPACE',''
  ) );
#4181 = PCURVE('',#741,#4182);
#4182 = DEFINITIONAL_REPRESENTATION('',(#4183),#4187);
#4183 = LINE('',#4184,#4185);
#4184 = CARTESIAN_POINT('',(0.,10.));
#4185 = VECTOR('',#4186,1.);
#4186 = DIRECTION('',(1.,0.));
#4187 = ( GEOMETRIC_REPRESENTATION_CONTEXT(2) 
PARAMETRIC_REPRESENTATION_CONTEXT() REPRESENTATION_CONTEXT('2D SPACE',''
  ) );
#4188 = FACE_BOUND('',#4189,.F.);
#4189 = EDGE_LOOP('',(#4190));
#4190 = ORIENTED_EDGE('',*,*,#4191,.T.);
#4191 = EDGE_CURVE('',#4192,#4192,#4194,.T.);
#4192 = VERTEX_POINT('',#4193);
#4193 = CARTESIAN_POINT('',(1.3135E+03,45.,0.));
#4194 = SURFACE_CURVE('',#4195,(#4200,#4211),.PCURVE_S1.);
#4195 = CIRCLE('',#4196,6.5);
#4196 = AXIS2_PLACEMENT_3D('',#4197,#4198,#4199);
#4197 = CARTESIAN_POINT('',(1.32E+03,45.,0.));
#4198 = DIRECTION('',(0.,0.,-1.));
#4199 = DIRECTION('',(-1.,0.,0.));
#4200 = PCURVE('',#72,#4201);
#4201 = DEFINITIONAL_REPRESENTATION('',(#4202),#4210);
#4202 = ( BOUNDED_CURVE() B_SPLINE_CURVE(2,(#4203,#4204,#4205,#4206,
#4207,#4208,#4209),.UNSPECIFIED.,.T.,.F.) B_SPLINE_CURVE_WITH_KNOTS((1,2
    ,2,2,2,1),(-2.094395102393,0.,2.094395102393,4.188790204786,
6.28318530718,8.377580409573),.UNSPECIFIED.) CURVE() 
GEOMETRIC_REPRESENTATION_ITEM() RATIONAL_B_SPLINE_CURVE((1.,0.5,1.,0.5,
1.,0.5,1.)) REPRESENTATION_ITEM('') );
#4203 = CARTESIAN_POINT('',(1.3135E+03,45.));
#4204 = CARTESIAN_POINT('',(1.3135E+03,56.258330249198));
#4205 = CARTESIAN_POINT('',(1.32325E+03,50.629165124599));
#4206 = CARTESIAN_POINT('',(1.333E+03,45.));
#4207 = CARTESIAN_POINT('',(1.32325E+03,39.370834875401));
#4208 = CARTESIAN_POINT('',(1.3135E+03,33.741669750802));
#4209 = CARTESIAN_POINT('',(1.3135E+03,45.));
#4210 = ( GEOMETRIC_REPRESENTATION_CONTEXT(2) 
PARAMETRIC_REPRESENTATION_CONTEXT() REPRESENTATION_CONTEXT('2D SPACE',''
  ) );
#4211 = PCURVE('',#776,#4212);
#4212 = DEFINITIONAL_REPRESENTATION('',(#4213),#4217);
#4213 = LINE('',#4214,#4215);
#4214 = CARTESIAN_POINT('',(0.,10.));
#4215 = VECTOR('',#4216,1.);
#4216 = DIRECTION('',(1.,0.));
#4217 = ( GEOMETRIC_REPRESENTATION_CONTEXT(2) 
PARAMETRIC_REPRESENTATION_CONTEXT() REPRESENTATION_CONTEXT('2D SPACE',''
  ) );
#4218 = FACE_BOUND('',#4219,.F.);
#4219 = EDGE_LOOP('',(#4220));
#4220 = ORIENTED_EDGE('',*,*,#4221,.T.);
#4221 = EDGE_CURVE('',#4222,#4222,#4224,.T.);
#4222 = VERTEX_POINT('',#4223);
#4223 = CARTESIAN_POINT('',(1.3935E+03,45.,0.));
#4224 = SURFACE_CURVE('',#4225,(#4230,#4241),.PCURVE_S1.);
#4225 = CIRCLE('',#4226,6.5);
#4226 = AXIS2_PLACEMENT_3D('',#4227,#4228,#4229);
#4227 = CARTESIAN_POINT('',(1.4E+03,45.,0.));
#4228 = DIRECTION('',(0.,0.,-1.));
#4229 = DIRECTION('',(-1.,0.,0.));
#4230 = PCURVE('',#72,#4231);
#4231 = DEFINITIONAL_REPRESENTATION('',(#4232),#4240);
#4232 = ( BOUNDED_CURVE() B_SPLINE_CURVE(2,(#4233,#4234,#4235,#4236,
#4237,#4238,#4239),.UNSPECIFIED.,.T.,.F.) B_SPLINE_CURVE_WITH_KNOTS((1,2
    ,2,2,2,1),(-2.094395102393,0.,2.094395102393,4.188790204786,
6.28318530718,8.377580409573),.UNSPECIFIED.) CURVE() 
GEOMETRIC_REPRESENTATION_ITEM() RATIONAL_B_SPLINE_CURVE((1.,0.5,1.,0.5,
1.,0.5,1.)) REPRESENTATION_ITEM('') );
#4233 = CARTESIAN_POINT('',(1.3935E+03,45.));
#4234 = CARTESIAN_POINT('',(1.3935E+03,56.258330249198));
#4235 = CARTESIAN_POINT('',(1.40325E+03,50.629165124599));
#4236 = CARTESIAN_POINT('',(1.413E+03,45.));
#4237 = CARTESIAN_POINT('',(1.40325E+03,39.370834875401));
#4238 = CARTESIAN_POINT('',(1.3935E+03,33.741669750802));
#4239 = CARTESIAN_POINT('',(1.3935E+03,45.));
#4240 = ( GEOMETRIC_REPRESENTATION_CONTEXT(2) 
PARAMETRIC_REPRESENTATION_CONTEXT() REPRESENTATION_CONTEXT('2D SPACE',''
  ) );
#4241 = PCURVE('',#811,#4242);
#4242 = DEFINITIONAL_REPRESENTATION('',(#4243),#4247);
#4243 = LINE('',#4244,#4245);
#4244 = CARTESIAN_POINT('',(0.,10.));
#4245 = VECTOR('',#4246,1.);
#4246 = DIRECTION('',(1.,0.));
#4247 = ( GEOMETRIC_REPRESENTATION_CONTEXT(2) 
PARAMETRIC_REPRESENTATION_CONTEXT() REPRESENTATION_CONTEXT('2D SPACE',''
  ) );
#4248 = FACE_BOUND('',#4249,.F.);
#4249 = EDGE_LOOP('',(#4250));
#4250 = ORIENTED_EDGE('',*,*,#4251,.T.);
#4251 = EDGE_CURVE('',#4252,#4252,#4254,.T.);
#4252 = VERTEX_POINT('',#4253);
#4253 = CARTESIAN_POINT('',(1.5335E+03,45.,0.));
#4254 = SURFACE_CURVE('',#4255,(#4260,#4271),.PCURVE_S1.);
#4255 = CIRCLE('',#4256,6.5);
#4256 = AXIS2_PLACEMENT_3D('',#4257,#4258,#4259);
#4257 = CARTESIAN_POINT('',(1.54E+03,45.,0.));
#4258 = DIRECTION('',(0.,0.,-1.));
#4259 = DIRECTION('',(-1.,0.,0.));
#4260 = PCURVE('',#72,#4261);
#4261 = DEFINITIONAL_REPRESENTATION('',(#4262),#4270);
#4262 = ( BOUNDED_CURVE() B_SPLINE_CURVE(2,(#4263,#4264,#4265,#4266,
#4267,#4268,#4269),.UNSPECIFIED.,.T.,.F.) B_SPLINE_CURVE_WITH_KNOTS((1,2
    ,2,2,2,1),(-2.094395102393,0.,2.094395102393,4.188790204786,
6.28318530718,8.377580409573),.UNSPECIFIED.) CURVE() 
GEOMETRIC_REPRESENTATION_ITEM() RATIONAL_B_SPLINE_CURVE((1.,0.5,1.,0.5,
1.,0.5,1.)) REPRESENTATION_ITEM('') );
#4263 = CARTESIAN_POINT('',(1.5335E+03,45.));
#4264 = CARTESIAN_POINT('',(1.5335E+03,56.258330249198));
#4265 = CARTESIAN_POINT('',(1.54325E+03,50.629165124599));
#4266 = CARTESIAN_POINT('',(1.553E+03,45.));
#4267 = CARTESIAN_POINT('',(1.54325E+03,39.370834875401));
#4268 = CARTESIAN_POINT('',(1.5335E+03,33.741669750802));
#4269 = CARTESIAN_POINT('',(1.5335E+03,45.));
#4270 = ( GEOMETRIC_REPRESENTATION_CONTEXT(2) 
PARAMETRIC_REPRESENTATION_CONTEXT() REPRESENTATION_CONTEXT('2D SPACE',''
  ) );
#4271 = PCURVE('',#846,#4272);
#4272 = DEFINITIONAL_REPRESENTATION('',(#4273),#4277);
#4273 = LINE('',#4274,#4275);
#4274 = CARTESIAN_POINT('',(0.,10.));
#4275 = VECTOR('',#4276,1.);
#4276 = DIRECTION('',(1.,0.));
#4277 = ( GEOMETRIC_REPRESENTATION_CONTEXT(2) 
PARAMETRIC_REPRESENTATION_CONTEXT() REPRESENTATION_CONTEXT('2D SPACE',''
  ) );
#4278 = FACE_BOUND('',#4279,.F.);
#4279 = EDGE_LOOP('',(#4280));
#4280 = ORIENTED_EDGE('',*,*,#4281,.T.);
#4281 = EDGE_CURVE('',#4282,#4282,#4284,.T.);
#4282 = VERTEX_POINT('',#4283);
#4283 = CARTESIAN_POINT('',(1.7335E+03,45.,0.));
#4284 = SURFACE_CURVE('',#4285,(#4290,#4301),.PCURVE_S1.);
#4285 = CIRCLE('',#4286,6.5);
#4286 = AXIS2_PLACEMENT_3D('',#4287,#4288,#4289);
#4287 = CARTESIAN_POINT('',(1.74E+03,45.,0.));
#4288 = DIRECTION('',(0.,0.,-1.));
#4289 = DIRECTION('',(-1.,0.,0.));
#4290 = PCURVE('',#72,#4291);
#4291 = DEFINITIONAL_REPRESENTATION('',(#4292),#4300);
#4292 = ( BOUNDED_CURVE() B_SPLINE_CURVE(2,(#4293,#4294,#4295,#4296,
#4297,#4298,#4299),.UNSPECIFIED.,.T.,.F.) B_SPLINE_CURVE_WITH_KNOTS((1,2
    ,2,2,2,1),(-2.094395102393,0.,2.094395102393,4.188790204786,
6.28318530718,8.377580409573),.UNSPECIFIED.) CURVE() 
GEOMETRIC_REPRESENTATION_ITEM() RATIONAL_B_SPLINE_CURVE((1.,0.5,1.,0.5,
1.,0.5,1.)) REPRESENTATION_ITEM('') );
#4293 = CARTESIAN_POINT('',(1.7335E+03,45.));
#4294 = CARTESIAN_POINT('',(1.7335E+03,56.258330249198));
#4295 = CARTESIAN_POINT('',(1.74325E+03,50.629165124599));
#4296 = CARTESIAN_POINT('',(1.753E+03,45.));
#4297 = CARTESIAN_POINT('',(1.74325E+03,39.370834875401));
#4298 = CARTESIAN_POINT('',(1.7335E+03,33.741669750802));
#4299 = CARTESIAN_POINT('',(1.7335E+03,45.));
#4300 = ( GEOMETRIC_REPRESENTATION_CONTEXT(2) 
PARAMETRIC_REPRESENTATION_CONTEXT() REPRESENTATION_CONTEXT('2D SPACE',''
  ) );
#4301 = PCURVE('',#881,#4302);
#4302 = DEFINITIONAL_REPRESENTATION('',(#4303),#4307);
#4303 = LINE('',#4304,#4305);
#4304 = CARTESIAN_POINT('',(0.,10.));
#4305 = VECTOR('',#4306,1.);
#4306 = DIRECTION('',(1.,0.));
#4307 = ( GEOMETRIC_REPRESENTATION_CONTEXT(2) 
PARAMETRIC_REPRESENTATION_CONTEXT() REPRESENTATION_CONTEXT('2D SPACE',''
  ) );
#4308 = FACE_BOUND('',#4309,.F.);
#4309 = EDGE_LOOP('',(#4310));
#4310 = ORIENTED_EDGE('',*,*,#4311,.T.);
#4311 = EDGE_CURVE('',#4312,#4312,#4314,.T.);
#4312 = VERTEX_POINT('',#4313);
#4313 = CARTESIAN_POINT('',(1.9335E+03,45.,0.));
#4314 = SURFACE_CURVE('',#4315,(#4320,#4331),.PCURVE_S1.);
#4315 = CIRCLE('',#4316,6.5);
#4316 = AXIS2_PLACEMENT_3D('',#4317,#4318,#4319);
#4317 = CARTESIAN_POINT('',(1.94E+03,45.,0.));
#4318 = DIRECTION('',(0.,0.,-1.));
#4319 = DIRECTION('',(-1.,0.,0.));
#4320 = PCURVE('',#72,#4321);
#4321 = DEFINITIONAL_REPRESENTATION('',(#4322),#4330);
#4322 = ( BOUNDED_CURVE() B_SPLINE_CURVE(2,(#4323,#4324,#4325,#4326,
#4327,#4328,#4329),.UNSPECIFIED.,.T.,.F.) B_SPLINE_CURVE_WITH_KNOTS((1,2
    ,2,2,2,1),(-2.094395102393,0.,2.094395102393,4.188790204786,
6.28318530718,8.377580409573),.UNSPECIFIED.) CURVE() 
GEOMETRIC_REPRESENTATION_ITEM() RATIONAL_B_SPLINE_CURVE((1.,0.5,1.,0.5,
1.,0.5,1.)) REPRESENTATION_ITEM('') );
#4323 = CARTESIAN_POINT('',(1.9335E+03,45.));
#4324 = CARTESIAN_POINT('',(1.9335E+03,56.258330249198));
#4325 = CARTESIAN_POINT('',(1.94325E+03,50.629165124599));
#4326 = CARTESIAN_POINT('',(1.953E+03,45.));
#4327 = CARTESIAN_POINT('',(1.94325E+03,39.370834875401));
#4328 = CARTESIAN_POINT('',(1.9335E+03,33.741669750802));
#4329 = CARTESIAN_POINT('',(1.9335E+03,45.));
#4330 = ( GEOMETRIC_REPRESENTATION_CONTEXT(2) 
PARAMETRIC_REPRESENTATION_CONTEXT() REPRESENTATION_CONTEXT('2D SPACE',''
  ) );
#4331 = PCURVE('',#916,#4332);
#4332 = DEFINITIONAL_REPRESENTATION('',(#4333),#4337);
#4333 = LINE('',#4334,#4335);
#4334 = CARTESIAN_POINT('',(0.,10.));
#4335 = VECTOR('',#4336,1.);
#4336 = DIRECTION('',(1.,0.));
#4337 = ( GEOMETRIC_REPRESENTATION_CONTEXT(2) 
PARAMETRIC_REPRESENTATION_CONTEXT() REPRESENTATION_CONTEXT('2D SPACE',''
  ) );
#4338 = FACE_BOUND('',#4339,.F.);
#4339 = EDGE_LOOP('',(#4340));
#4340 = ORIENTED_EDGE('',*,*,#4341,.T.);
#4341 = EDGE_CURVE('',#4342,#4342,#4344,.T.);
#4342 = VERTEX_POINT('',#4343);
#4343 = CARTESIAN_POINT('',(2.1335E+03,45.,0.));
#4344 = SURFACE_CURVE('',#4345,(#4350,#4361),.PCURVE_S1.);
#4345 = CIRCLE('',#4346,6.5);
#4346 = AXIS2_PLACEMENT_3D('',#4347,#4348,#4349);
#4347 = CARTESIAN_POINT('',(2.14E+03,45.,0.));
#4348 = DIRECTION('',(0.,0.,-1.));
#4349 = DIRECTION('',(-1.,0.,0.));
#4350 = PCURVE('',#72,#4351);
#4351 = DEFINITIONAL_REPRESENTATION('',(#4352),#4360);
#4352 = ( BOUNDED_CURVE() B_SPLINE_CURVE(2,(#4353,#4354,#4355,#4356,
#4357,#4358,#4359),.UNSPECIFIED.,.T.,.F.) B_SPLINE_CURVE_WITH_KNOTS((1,2
    ,2,2,2,1),(-2.094395102393,0.,2.094395102393,4.188790204786,
6.28318530718,8.377580409573),.UNSPECIFIED.) CURVE() 
GEOMETRIC_REPRESENTATION_ITEM() RATIONAL_B_SPLINE_CURVE((1.,0.5,1.,0.5,
1.,0.5,1.)) REPRESENTATION_ITEM('') );
#4353 = CARTESIAN_POINT('',(2.1335E+03,45.));
#4354 = CARTESIAN_POINT('',(2.1335E+03,56.258330249198));
#4355 = CARTESIAN_POINT('',(2.14325E+03,50.629165124599));
#4356 = CARTESIAN_POINT('',(2.153E+03,45.));
#4357 = CARTESIAN_POINT('',(2.14325E+03,39.370834875401));
#4358 = CARTESIAN_POINT('',(2.1335E+03,33.741669750802));
#4359 = CARTESIAN_POINT('',(2.1335E+03,45.));
#4360 = ( GEOMETRIC_REPRESENTATION_CONTEXT(2) 
PARAMETRIC_REPRESENTATION_CONTEXT() REPRESENTATION_CONTEXT('2D SPACE',''
  ) );
#4361 = PCURVE('',#951,#4362);
#4362 = DEFINITIONAL_REPRESENTATION('',(#4363),#4367);
#4363 = LINE('',#4364,#4365);
#4364 = CARTESIAN_POINT('',(0.,10.));
#4365 = VECTOR('',#4366,1.);
#4366 = DIRECTION('',(1.,0.));
#4367 = ( GEOMETRIC_REPRESENTATION_CONTEXT(2) 
PARAMETRIC_REPRESENTATION_CONTEXT() REPRESENTATION_CONTEXT('2D SPACE',''
  ) );
#4368 = FACE_BOUND('',#4369,.F.);
#4369 = EDGE_LOOP('',(#4370));
#4370 = ORIENTED_EDGE('',*,*,#4371,.T.);
#4371 = EDGE_CURVE('',#4372,#4372,#4374,.T.);
#4372 = VERTEX_POINT('',#4373);
#4373 = CARTESIAN_POINT('',(2.4085E+03,45.,0.));
#4374 = SURFACE_CURVE('',#4375,(#4380,#4391),.PCURVE_S1.);
#4375 = CIRCLE('',#4376,6.5);
#4376 = AXIS2_PLACEMENT_3D('',#4377,#4378,#4379);
#4377 = CARTESIAN_POINT('',(2.415E+03,45.,0.));
#4378 = DIRECTION('',(0.,0.,-1.));
#4379 = DIRECTION('',(-1.,0.,0.));
#4380 = PCURVE('',#72,#4381);
#4381 = DEFINITIONAL_REPRESENTATION('',(#4382),#4390);
#4382 = ( BOUNDED_CURVE() B_SPLINE_CURVE(2,(#4383,#4384,#4385,#4386,
#4387,#4388,#4389),.UNSPECIFIED.,.T.,.F.) B_SPLINE_CURVE_WITH_KNOTS((1,2
    ,2,2,2,1),(-2.094395102393,0.,2.094395102393,4.188790204786,
6.28318530718,8.377580409573),.UNSPECIFIED.) CURVE() 
GEOMETRIC_REPRESENTATION_ITEM() RATIONAL_B_SPLINE_CURVE((1.,0.5,1.,0.5,
1.,0.5,1.)) REPRESENTATION_ITEM('') );
#4383 = CARTESIAN_POINT('',(2.4085E+03,45.));
#4384 = CARTESIAN_POINT('',(2.4085E+03,56.258330249198));
#4385 = CARTESIAN_POINT('',(2.41825E+03,50.629165124599));
#4386 = CARTESIAN_POINT('',(2.428E+03,45.));
#4387 = CARTESIAN_POINT('',(2.41825E+03,39.370834875401));
#4388 = CARTESIAN_POINT('',(2.4085E+03,33.741669750802));
#4389 = CARTESIAN_POINT('',(2.4085E+03,45.));
#4390 = ( GEOMETRIC_REPRESENTATION_CONTEXT(2) 
PARAMETRIC_REPRESENTATION_CONTEXT() REPRESENTATION_CONTEXT('2D SPACE',''
  ) );
#4391 = PCURVE('',#986,#4392);
#4392 = DEFINITIONAL_REPRESENTATION('',(#4393),#4397);
#4393 = LINE('',#4394,#4395);
#4394 = CARTESIAN_POINT('',(0.,10.));
#4395 = VECTOR('',#4396,1.);
#4396 = DIRECTION('',(1.,0.));
#4397 = ( GEOMETRIC_REPRESENTATION_CONTEXT(2) 
PARAMETRIC_REPRESENTATION_CONTEXT() REPRESENTATION_CONTEXT('2D SPACE',''
  ) );
#4398 = FACE_BOUND('',#4399,.F.);
#4399 = EDGE_LOOP('',(#4400));
#4400 = ORIENTED_EDGE('',*,*,#4401,.T.);
#4401 = EDGE_CURVE('',#4402,#4402,#4404,.T.);
#4402 = VERTEX_POINT('',#4403);
#4403 = CARTESIAN_POINT('',(2.7585E+03,45.,0.));
#4404 = SURFACE_CURVE('',#4405,(#4410,#4421),.PCURVE_S1.);
#4405 = CIRCLE('',#4406,6.5);
#4406 = AXIS2_PLACEMENT_3D('',#4407,#4408,#4409);
#4407 = CARTESIAN_POINT('',(2.765E+03,45.,0.));
#4408 = DIRECTION('',(0.,0.,-1.));
#4409 = DIRECTION('',(-1.,0.,0.));
#4410 = PCURVE('',#72,#4411);
#4411 = DEFINITIONAL_REPRESENTATION('',(#4412),#4420);
#4412 = ( BOUNDED_CURVE() B_SPLINE_CURVE(2,(#4413,#4414,#4415,#4416,
#4417,#4418,#4419),.UNSPECIFIED.,.T.,.F.) B_SPLINE_CURVE_WITH_KNOTS((1,2
    ,2,2,2,1),(-2.094395102393,0.,2.094395102393,4.188790204786,
6.28318530718,8.377580409573),.UNSPECIFIED.) CURVE() 
GEOMETRIC_REPRESENTATION_ITEM() RATIONAL_B_SPLINE_CURVE((1.,0.5,1.,0.5,
1.,0.5,1.)) REPRESENTATION_ITEM('') );
#4413 = CARTESIAN_POINT('',(2.7585E+03,45.));
#4414 = CARTESIAN_POINT('',(2.7585E+03,56.258330249198));
#4415 = CARTESIAN_POINT('',(2.76825E+03,50.629165124599));
#4416 = CARTESIAN_POINT('',(2.778E+03,45.));
#4417 = CARTESIAN_POINT('',(2.76825E+03,39.370834875401));
#4418 = CARTESIAN_POINT('',(2.7585E+03,33.741669750802));
#4419 = CARTESIAN_POINT('',(2.7585E+03,45.));
#4420 = ( GEOMETRIC_REPRESENTATION_CONTEXT(2) 
PARAMETRIC_REPRESENTATION_CONTEXT() REPRESENTATION_CONTEXT('2D SPACE',''
  ) );
#4421 = PCURVE('',#1021,#4422);
#4422 = DEFINITIONAL_REPRESENTATION('',(#4423),#4427);
#4423 = LINE('',#4424,#4425);
#4424 = CARTESIAN_POINT('',(0.,10.));
#4425 = VECTOR('',#4426,1.);
#4426 = DIRECTION('',(1.,0.));
#4427 = ( GEOMETRIC_REPRESENTATION_CONTEXT(2) 
PARAMETRIC_REPRESENTATION_CONTEXT() REPRESENTATION_CONTEXT('2D SPACE',''
  ) );
#4428 = FACE_BOUND('',#4429,.F.);
#4429 = EDGE_LOOP('',(#4430));
#4430 = ORIENTED_EDGE('',*,*,#4431,.T.);
#4431 = EDGE_CURVE('',#4432,#4432,#4434,.T.);
#4432 = VERTEX_POINT('',#4433);
#4433 = CARTESIAN_POINT('',(3.1085E+03,45.,0.));
#4434 = SURFACE_CURVE('',#4435,(#4440,#4451),.PCURVE_S1.);
#4435 = CIRCLE('',#4436,6.5);
#4436 = AXIS2_PLACEMENT_3D('',#4437,#4438,#4439);
#4437 = CARTESIAN_POINT('',(3.115E+03,45.,0.));
#4438 = DIRECTION('',(0.,0.,-1.));
#4439 = DIRECTION('',(-1.,0.,0.));
#4440 = PCURVE('',#72,#4441);
#4441 = DEFINITIONAL_REPRESENTATION('',(#4442),#4450);
#4442 = ( BOUNDED_CURVE() B_SPLINE_CURVE(2,(#4443,#4444,#4445,#4446,
#4447,#4448,#4449),.UNSPECIFIED.,.T.,.F.) B_SPLINE_CURVE_WITH_KNOTS((1,2
    ,2,2,2,1),(-2.094395102393,0.,2.094395102393,4.188790204786,
6.28318530718,8.377580409573),.UNSPECIFIED.) CURVE() 
GEOMETRIC_REPRESENTATION_ITEM() RATIONAL_B_SPLINE_CURVE((1.,0.5,1.,0.5,
1.,0.5,1.)) REPRESENTATION_ITEM('') );
#4443 = CARTESIAN_POINT('',(3.1085E+03,45.));
#4444 = CARTESIAN_POINT('',(3.1085E+03,56.258330249198));
#4445 = CARTESIAN_POINT('',(3.11825E+03,50.629165124599));
#4446 = CARTESIAN_POINT('',(3.128E+03,45.));
#4447 = CARTESIAN_POINT('',(3.11825E+03,39.370834875401));
#4448 = CARTESIAN_POINT('',(3.1085E+03,33.741669750802));
#4449 = CARTESIAN_POINT('',(3.1085E+03,45.));
#4450 = ( GEOMETRIC_REPRESENTATION_CONTEXT(2) 
PARAMETRIC_REPRESENTATION_CONTEXT() REPRESENTATION_CONTEXT('2D SPACE',''
  ) );
#4451 = PCURVE('',#1056,#4452);
#4452 = DEFINITIONAL_REPRESENTATION('',(#4453),#4457);
#4453 = LINE('',#4454,#4455);
#4454 = CARTESIAN_POINT('',(0.,10.));
#4455 = VECTOR('',#4456,1.);
#4456 = DIRECTION('',(1.,0.));
#4457 = ( GEOMETRIC_REPRESENTATION_CONTEXT(2) 
PARAMETRIC_REPRESENTATION_CONTEXT() REPRESENTATION_CONTEXT('2D SPACE',''
  ) );
#4458 = FACE_BOUND('',#4459,.F.);
#4459 = EDGE_LOOP('',(#4460));
#4460 = ORIENTED_EDGE('',*,*,#4461,.T.);
#4461 = EDGE_CURVE('',#4462,#4462,#4464,.T.);
#4462 = VERTEX_POINT('',#4463);
#4463 = CARTESIAN_POINT('',(3.4385E+03,45.,0.));
#4464 = SURFACE_CURVE('',#4465,(#4470,#4481),.PCURVE_S1.);
#4465 = CIRCLE('',#4466,6.5);
#4466 = AXIS2_PLACEMENT_3D('',#4467,#4468,#4469);
#4467 = CARTESIAN_POINT('',(3.445E+03,45.,0.));
#4468 = DIRECTION('',(0.,0.,-1.));
#4469 = DIRECTION('',(-1.,0.,0.));
#4470 = PCURVE('',#72,#4471);
#4471 = DEFINITIONAL_REPRESENTATION('',(#4472),#4480);
#4472 = ( BOUNDED_CURVE() B_SPLINE_CURVE(2,(#4473,#4474,#4475,#4476,
#4477,#4478,#4479),.UNSPECIFIED.,.T.,.F.) B_SPLINE_CURVE_WITH_KNOTS((1,2
    ,2,2,2,1),(-2.094395102393,0.,2.094395102393,4.188790204786,
6.28318530718,8.377580409573),.UNSPECIFIED.) CURVE() 
GEOMETRIC_REPRESENTATION_ITEM() RATIONAL_B_SPLINE_CURVE((1.,0.5,1.,0.5,
1.,0.5,1.)) REPRESENTATION_ITEM('') );
#4473 = CARTESIAN_POINT('',(3.4385E+03,45.));
#4474 = CARTESIAN_POINT('',(3.4385E+03,56.258330249198));
#4475 = CARTESIAN_POINT('',(3.44825E+03,50.629165124599));
#4476 = CARTESIAN_POINT('',(3.458E+03,45.));
#4477 = CARTESIAN_POINT('',(3.44825E+03,39.370834875401));
#4478 = CARTESIAN_POINT('',(3.4385E+03,33.741669750802));
#4479 = CARTESIAN_POINT('',(3.4385E+03,45.));
#4480 = ( GEOMETRIC_REPRESENTATION_CONTEXT(2) 
PARAMETRIC_REPRESENTATION_CONTEXT() REPRESENTATION_CONTEXT('2D SPACE',''
  ) );
#4481 = PCURVE('',#1091,#4482);
#4482 = DEFINITIONAL_REPRESENTATION('',(#4483),#4487);
#4483 = LINE('',#4484,#4485);
#4484 = CARTESIAN_POINT('',(0.,10.));
#4485 = VECTOR('',#4486,1.);
#4486 = DIRECTION('',(1.,0.));
#4487 = ( GEOMETRIC_REPRESENTATION_CONTEXT(2) 
PARAMETRIC_REPRESENTATION_CONTEXT() REPRESENTATION_CONTEXT('2D SPACE',''
  ) );
#4488 = FACE_BOUND('',#4489,.F.);
#4489 = EDGE_LOOP('',(#4490));
#4490 = ORIENTED_EDGE('',*,*,#4491,.T.);
#4491 = EDGE_CURVE('',#4492,#4492,#4494,.T.);
#4492 = VERTEX_POINT('',#4493);
#4493 = CARTESIAN_POINT('',(3.7885E+03,45.,0.));
#4494 = SURFACE_CURVE('',#4495,(#4500,#4511),.PCURVE_S1.);
#4495 = CIRCLE('',#4496,6.5);
#4496 = AXIS2_PLACEMENT_3D('',#4497,#4498,#4499);
#4497 = CARTESIAN_POINT('',(3.795E+03,45.,0.));
#4498 = DIRECTION('',(0.,0.,-1.));
#4499 = DIRECTION('',(-1.,0.,0.));
#4500 = PCURVE('',#72,#4501);
#4501 = DEFINITIONAL_REPRESENTATION('',(#4502),#4510);
#4502 = ( BOUNDED_CURVE() B_SPLINE_CURVE(2,(#4503,#4504,#4505,#4506,
#4507,#4508,#4509),.UNSPECIFIED.,.T.,.F.) B_SPLINE_CURVE_WITH_KNOTS((1,2
    ,2,2,2,1),(-2.094395102393,0.,2.094395102393,4.188790204786,
6.28318530718,8.377580409573),.UNSPECIFIED.) CURVE() 
GEOMETRIC_REPRESENTATION_ITEM() RATIONAL_B_SPLINE_CURVE((1.,0.5,1.,0.5,
1.,0.5,1.)) REPRESENTATION_ITEM('') );
#4503 = CARTESIAN_POINT('',(3.7885E+03,45.));
#4504 = CARTESIAN_POINT('',(3.7885E+03,56.258330249198));
#4505 = CARTESIAN_POINT('',(3.79825E+03,50.629165124599));
#4506 = CARTESIAN_POINT('',(3.808E+03,45.));
#4507 = CARTESIAN_POINT('',(3.79825E+03,39.370834875401));
#4508 = CARTESIAN_POINT('',(3.7885E+03,33.741669750802));
#4509 = CARTESIAN_POINT('',(3.7885E+03,45.));
#4510 = ( GEOMETRIC_REPRESENTATION_CONTEXT(2) 
PARAMETRIC_REPRESENTATION_CONTEXT() REPRESENTATION_CONTEXT('2D SPACE',''
  ) );
#4511 = PCURVE('',#1126,#4512);
#4512 = DEFINITIONAL_REPRESENTATION('',(#4513),#4517);
#4513 = LINE('',#4514,#4515);
#4514 = CARTESIAN_POINT('',(0.,10.));
#4515 = VECTOR('',#4516,1.);
#4516 = DIRECTION('',(1.,0.));
#4517 = ( GEOMETRIC_REPRESENTATION_CONTEXT(2) 
PARAMETRIC_REPRESENTATION_CONTEXT() REPRESENTATION_CONTEXT('2D SPACE',''
  ) );
#4518 = FACE_BOUND('',#4519,.F.);
#4519 = EDGE_LOOP('',(#4520));
#4520 = ORIENTED_EDGE('',*,*,#4521,.T.);
#4521 = EDGE_CURVE('',#4522,#4522,#4524,.T.);
#4522 = VERTEX_POINT('',#4523);
#4523 = CARTESIAN_POINT('',(4.0385E+03,45.,0.));
#4524 = SURFACE_CURVE('',#4525,(#4530,#4541),.PCURVE_S1.);
#4525 = CIRCLE('',#4526,6.5);
#4526 = AXIS2_PLACEMENT_3D('',#4527,#4528,#4529);
#4527 = CARTESIAN_POINT('',(4.045E+03,45.,0.));
#4528 = DIRECTION('',(0.,0.,-1.));
#4529 = DIRECTION('',(-1.,0.,0.));
#4530 = PCURVE('',#72,#4531);
#4531 = DEFINITIONAL_REPRESENTATION('',(#4532),#4540);
#4532 = ( BOUNDED_CURVE() B_SPLINE_CURVE(2,(#4533,#4534,#4535,#4536,
#4537,#4538,#4539),.UNSPECIFIED.,.T.,.F.) B_SPLINE_CURVE_WITH_KNOTS((1,2
    ,2,2,2,1),(-2.094395102393,0.,2.094395102393,4.188790204786,
6.28318530718,8.377580409573),.UNSPECIFIED.) CURVE() 
GEOMETRIC_REPRESENTATION_ITEM() RATIONAL_B_SPLINE_CURVE((1.,0.5,1.,0.5,
1.,0.5,1.)) REPRESENTATION_ITEM('') );
#4533 = CARTESIAN_POINT('',(4.0385E+03,45.));
#4534 = CARTESIAN_POINT('',(4.0385E+03,56.258330249198));
#4535 = CARTESIAN_POINT('',(4.04825E+03,50.629165124599));
#4536 = CARTESIAN_POINT('',(4.058E+03,45.));
#4537 = CARTESIAN_POINT('',(4.04825E+03,39.370834875401));
#4538 = CARTESIAN_POINT('',(4.0385E+03,33.741669750802));
#4539 = CARTESIAN_POINT('',(4.0385E+03,45.));
#4540 = ( GEOMETRIC_REPRESENTATION_CONTEXT(2) 
PARAMETRIC_REPRESENTATION_CONTEXT() REPRESENTATION_CONTEXT('2D SPACE',''
  ) );
#4541 = PCURVE('',#1161,#4542);
#4542 = DEFINITIONAL_REPRESENTATION('',(#4543),#4547);
#4543 = LINE('',#4544,#4545);
#4544 = CARTESIAN_POINT('',(0.,10.));
#4545 = VECTOR('',#4546,1.);
#4546 = DIRECTION('',(1.,0.));
#4547 = ( GEOMETRIC_REPRESENTATION_CONTEXT(2) 
PARAMETRIC_REPRESENTATION_CONTEXT() REPRESENTATION_CONTEXT('2D SPACE',''
  ) );
#4548 = FACE_BOUND('',#4549,.F.);
#4549 = EDGE_LOOP('',(#4550));
#4550 = ORIENTED_EDGE('',*,*,#4551,.T.);
#4551 = EDGE_CURVE('',#4552,#4552,#4554,.T.);
#4552 = VERTEX_POINT('',#4553);
#4553 = CARTESIAN_POINT('',(4.1885E+03,45.,0.));
#4554 = SURFACE_CURVE('',#4555,(#4560,#4571),.PCURVE_S1.);
#4555 = CIRCLE('',#4556,6.5);
#4556 = AXIS2_PLACEMENT_3D('',#4557,#4558,#4559);
#4557 = CARTESIAN_POINT('',(4.195E+03,45.,0.));
#4558 = DIRECTION('',(0.,0.,-1.));
#4559 = DIRECTION('',(-1.,0.,0.));
#4560 = PCURVE('',#72,#4561);
#4561 = DEFINITIONAL_REPRESENTATION('',(#4562),#4570);
#4562 = ( BOUNDED_CURVE() B_SPLINE_CURVE(2,(#4563,#4564,#4565,#4566,
#4567,#4568,#4569),.UNSPECIFIED.,.T.,.F.) B_SPLINE_CURVE_WITH_KNOTS((1,2
    ,2,2,2,1),(-2.094395102393,0.,2.094395102393,4.188790204786,
6.28318530718,8.377580409573),.UNSPECIFIED.) CURVE() 
GEOMETRIC_REPRESENTATION_ITEM() RATIONAL_B_SPLINE_CURVE((1.,0.5,1.,0.5,
1.,0.5,1.)) REPRESENTATION_ITEM('') );
#4563 = CARTESIAN_POINT('',(4.1885E+03,45.));
#4564 = CARTESIAN_POINT('',(4.1885E+03,56.258330249198));
#4565 = CARTESIAN_POINT('',(4.19825E+03,50.629165124599));
#4566 = CARTESIAN_POINT('',(4.208E+03,45.));
#4567 = CARTESIAN_POINT('',(4.19825E+03,39.370834875401));
#4568 = CARTESIAN_POINT('',(4.1885E+03,33.741669750802));
#4569 = CARTESIAN_POINT('',(4.1885E+03,45.));
#4570 = ( GEOMETRIC_REPRESENTATION_CONTEXT(2) 
PARAMETRIC_REPRESENTATION_CONTEXT() REPRESENTATION_CONTEXT('2D SPACE',''
  ) );
#4571 = PCURVE('',#1196,#4572);
#4572 = DEFINITIONAL_REPRESENTATION('',(#4573),#4577);
#4573 = LINE('',#4574,#4575);
#4574 = CARTESIAN_POINT('',(0.,10.));
#4575 = VECTOR('',#4576,1.);
#4576 = DIRECTION('',(1.,0.));
#4577 = ( GEOMETRIC_REPRESENTATION_CONTEXT(2) 
PARAMETRIC_REPRESENTATION_CONTEXT() REPRESENTATION_CONTEXT('2D SPACE',''
  ) );
#4578 = FACE_BOUND('',#4579,.F.);
#4579 = EDGE_LOOP('',(#4580));
#4580 = ORIENTED_EDGE('',*,*,#4581,.T.);
#4581 = EDGE_CURVE('',#4582,#4582,#4584,.T.);
#4582 = VERTEX_POINT('',#4583);
#4583 = CARTESIAN_POINT('',(4.3385E+03,45.,0.));
#4584 = SURFACE_CURVE('',#4585,(#4590,#4601),.PCURVE_S1.);
#4585 = CIRCLE('',#4586,6.5);
#4586 = AXIS2_PLACEMENT_3D('',#4587,#4588,#4589);
#4587 = CARTESIAN_POINT('',(4.345E+03,45.,0.));
#4588 = DIRECTION('',(0.,0.,-1.));
#4589 = DIRECTION('',(-1.,0.,0.));
#4590 = PCURVE('',#72,#4591);
#4591 = DEFINITIONAL_REPRESENTATION('',(#4592),#4600);
#4592 = ( BOUNDED_CURVE() B_SPLINE_CURVE(2,(#4593,#4594,#4595,#4596,
#4597,#4598,#4599),.UNSPECIFIED.,.T.,.F.) B_SPLINE_CURVE_WITH_KNOTS((1,2
    ,2,2,2,1),(-2.094395102393,0.,2.094395102393,4.188790204786,
6.28318530718,8.377580409573),.UNSPECIFIED.) CURVE() 
GEOMETRIC_REPRESENTATION_ITEM() RATIONAL_B_SPLINE_CURVE((1.,0.5,1.,0.5,
1.,0.5,1.)) REPRESENTATION_ITEM('') );
#4593 = CARTESIAN_POINT('',(4.3385E+03,45.));
#4594 = CARTESIAN_POINT('',(4.3385E+03,56.258330249198));
#4595 = CARTESIAN_POINT('',(4.34825E+03,50.629165124599));
#4596 = CARTESIAN_POINT('',(4.358E+03,45.));
#4597 = CARTESIAN_POINT('',(4.34825E+03,39.370834875401));
#4598 = CARTESIAN_POINT('',(4.3385E+03,33.741669750802));
#4599 = CARTESIAN_POINT('',(4.3385E+03,45.));
#4600 = ( GEOMETRIC_REPRESENTATION_CONTEXT(2) 
PARAMETRIC_REPRESENTATION_CONTEXT() REPRESENTATION_CONTEXT('2D SPACE',''
  ) );
#4601 = PCURVE('',#1231,#4602);
#4602 = DEFINITIONAL_REPRESENTATION('',(#4603),#4607);
#4603 = LINE('',#4604,#4605);
#4604 = CARTESIAN_POINT('',(0.,10.));
#4605 = VECTOR('',#4606,1.);
#4606 = DIRECTION('',(1.,0.));
#4607 = ( GEOMETRIC_REPRESENTATION_CONTEXT(2) 
PARAMETRIC_REPRESENTATION_CONTEXT() REPRESENTATION_CONTEXT('2D SPACE',''
  ) );
#4608 = FACE_BOUND('',#4609,.F.);
#4609 = EDGE_LOOP('',(#4610));
#4610 = ORIENTED_EDGE('',*,*,#4611,.T.);
#4611 = EDGE_CURVE('',#4612,#4612,#4614,.T.);
#4612 = VERTEX_POINT('',#4613);
#4613 = CARTESIAN_POINT('',(4.4885E+03,45.,0.));
#4614 = SURFACE_CURVE('',#4615,(#4620,#4631),.PCURVE_S1.);
#4615 = CIRCLE('',#4616,6.5);
#4616 = AXIS2_PLACEMENT_3D('',#4617,#4618,#4619);
#4617 = CARTESIAN_POINT('',(4.495E+03,45.,0.));
#4618 = DIRECTION('',(0.,0.,-1.));
#4619 = DIRECTION('',(-1.,0.,0.));
#4620 = PCURVE('',#72,#4621);
#4621 = DEFINITIONAL_REPRESENTATION('',(#4622),#4630);
#4622 = ( BOUNDED_CURVE() B_SPLINE_CURVE(2,(#4623,#4624,#4625,#4626,
#4627,#4628,#4629),.UNSPECIFIED.,.T.,.F.) B_SPLINE_CURVE_WITH_KNOTS((1,2
    ,2,2,2,1),(-2.094395102393,0.,2.094395102393,4.188790204786,
6.28318530718,8.377580409573),.UNSPECIFIED.) CURVE() 
GEOMETRIC_REPRESENTATION_ITEM() RATIONAL_B_SPLINE_CURVE((1.,0.5,1.,0.5,
1.,0.5,1.)) REPRESENTATION_ITEM('') );
#4623 = CARTESIAN_POINT('',(4.4885E+03,45.));
#4624 = CARTESIAN_POINT('',(4.4885E+03,56.258330249198));
#4625 = CARTESIAN_POINT('',(4.49825E+03,50.629165124599));
#4626 = CARTESIAN_POINT('',(4.508E+03,45.));
#4627 = CARTESIAN_POINT('',(4.49825E+03,39.370834875401));
#4628 = CARTESIAN_POINT('',(4.4885E+03,33.741669750802));
#4629 = CARTESIAN_POINT('',(4.4885E+03,45.));
#4630 = ( GEOMETRIC_REPRESENTATION_CONTEXT(2) 
PARAMETRIC_REPRESENTATION_CONTEXT() REPRESENTATION_CONTEXT('2D SPACE',''
  ) );
#4631 = PCURVE('',#1266,#4632);
#4632 = DEFINITIONAL_REPRESENTATION('',(#4633),#4637);
#4633 = LINE('',#4634,#4635);
#4634 = CARTESIAN_POINT('',(0.,10.));
#4635 = VECTOR('',#4636,1.);
#4636 = DIRECTION('',(1.,0.));
#4637 = ( GEOMETRIC_REPRESENTATION_CONTEXT(2) 
PARAMETRIC_REPRESENTATION_CONTEXT() REPRESENTATION_CONTEXT('2D SPACE',''
  ) );
#4638 = FACE_BOUND('',#4639,.F.);
#4639 = EDGE_LOOP('',(#4640));
#4640 = ORIENTED_EDGE('',*,*,#4641,.T.);
#4641 = EDGE_CURVE('',#4642,#4642,#4644,.T.);
#4642 = VERTEX_POINT('',#4643);
#4643 = CARTESIAN_POINT('',(4.6235E+03,45.,0.));
#4644 = SURFACE_CURVE('',#4645,(#4650,#4661),.PCURVE_S1.);
#4645 = CIRCLE('',#4646,6.5);
#4646 = AXIS2_PLACEMENT_3D('',#4647,#4648,#4649);
#4647 = CARTESIAN_POINT('',(4.63E+03,45.,0.));
#4648 = DIRECTION('',(0.,0.,-1.));
#4649 = DIRECTION('',(-1.,0.,0.));
#4650 = PCURVE('',#72,#4651);
#4651 = DEFINITIONAL_REPRESENTATION('',(#4652),#4660);
#4652 = ( BOUNDED_CURVE() B_SPLINE_CURVE(2,(#4653,#4654,#4655,#4656,
#4657,#4658,#4659),.UNSPECIFIED.,.T.,.F.) B_SPLINE_CURVE_WITH_KNOTS((1,2
    ,2,2,2,1),(-2.094395102393,0.,2.094395102393,4.188790204786,
6.28318530718,8.377580409573),.UNSPECIFIED.) CURVE() 
GEOMETRIC_REPRESENTATION_ITEM() RATIONAL_B_SPLINE_CURVE((1.,0.5,1.,0.5,
1.,0.5,1.)) REPRESENTATION_ITEM('') );
#4653 = CARTESIAN_POINT('',(4.6235E+03,45.));
#4654 = CARTESIAN_POINT('',(4.6235E+03,56.258330249198));
#4655 = CARTESIAN_POINT('',(4.63325E+03,50.629165124599));
#4656 = CARTESIAN_POINT('',(4.643E+03,45.));
#4657 = CARTESIAN_POINT('',(4.63325E+03,39.370834875401));
#4658 = CARTESIAN_POINT('',(4.6235E+03,33.741669750802));
#4659 = CARTESIAN_POINT('',(4.6235E+03,45.));
#4660 = ( GEOMETRIC_REPRESENTATION_CONTEXT(2) 
PARAMETRIC_REPRESENTATION_CONTEXT() REPRESENTATION_CONTEXT('2D SPACE',''
  ) );
#4661 = PCURVE('',#1301,#4662);
#4662 = DEFINITIONAL_REPRESENTATION('',(#4663),#4667);
#4663 = LINE('',#4664,#4665);
#4664 = CARTESIAN_POINT('',(0.,10.));
#4665 = VECTOR('',#4666,1.);
#4666 = DIRECTION('',(1.,0.));
#4667 = ( GEOMETRIC_REPRESENTATION_CONTEXT(2) 
PARAMETRIC_REPRESENTATION_CONTEXT() REPRESENTATION_CONTEXT('2D SPACE',''
  ) );
#4668 = FACE_BOUND('',#4669,.F.);
#4669 = EDGE_LOOP('',(#4670));
#4670 = ORIENTED_EDGE('',*,*,#4671,.T.);
#4671 = EDGE_CURVE('',#4672,#4672,#4674,.T.);
#4672 = VERTEX_POINT('',#4673);
#4673 = CARTESIAN_POINT('',(4.7135E+03,45.,0.));
#4674 = SURFACE_CURVE('',#4675,(#4680,#4691),.PCURVE_S1.);
#4675 = CIRCLE('',#4676,6.5);
#4676 = AXIS2_PLACEMENT_3D('',#4677,#4678,#4679);
#4677 = CARTESIAN_POINT('',(4.72E+03,45.,0.));
#4678 = DIRECTION('',(0.,0.,-1.));
#4679 = DIRECTION('',(-1.,0.,0.));
#4680 = PCURVE('',#72,#4681);
#4681 = DEFINITIONAL_REPRESENTATION('',(#4682),#4690);
#4682 = ( BOUNDED_CURVE() B_SPLINE_CURVE(2,(#4683,#4684,#4685,#4686,
#4687,#4688,#4689),.UNSPECIFIED.,.T.,.F.) B_SPLINE_CURVE_WITH_KNOTS((1,2
    ,2,2,2,1),(-2.094395102393,0.,2.094395102393,4.188790204786,
6.28318530718,8.377580409573),.UNSPECIFIED.) CURVE() 
GEOMETRIC_REPRESENTATION_ITEM() RATIONAL_B_SPLINE_CURVE((1.,0.5,1.,0.5,
1.,0.5,1.)) REPRESENTATION_ITEM('') );
#4683 = CARTESIAN_POINT('',(4.7135E+03,45.));
#4684 = CARTESIAN_POINT('',(4.7135E+03,56.258330249198));
#4685 = CARTESIAN_POINT('',(4.72325E+03,50.629165124599));
#4686 = CARTESIAN_POINT('',(4.733E+03,45.));
#4687 = CARTESIAN_POINT('',(4.72325E+03,39.370834875401));
#4688 = CARTESIAN_POINT('',(4.7135E+03,33.741669750802));
#4689 = CARTESIAN_POINT('',(4.7135E+03,45.));
#4690 = ( GEOMETRIC_REPRESENTATION_CONTEXT(2) 
PARAMETRIC_REPRESENTATION_CONTEXT() REPRESENTATION_CONTEXT('2D SPACE',''
  ) );
#4691 = PCURVE('',#1336,#4692);
#4692 = DEFINITIONAL_REPRESENTATION('',(#4693),#4697);
#4693 = LINE('',#4694,#4695);
#4694 = CARTESIAN_POINT('',(0.,10.));
#4695 = VECTOR('',#4696,1.);
#4696 = DIRECTION('',(1.,0.));
#4697 = ( GEOMETRIC_REPRESENTATION_CONTEXT(2) 
PARAMETRIC_REPRESENTATION_CONTEXT() REPRESENTATION_CONTEXT('2D SPACE',''
  ) );
#4698 = FACE_BOUND('',#4699,.F.);
#4699 = EDGE_LOOP('',(#4700));
#4700 = ORIENTED_EDGE('',*,*,#4701,.T.);
#4701 = EDGE_CURVE('',#4702,#4702,#4704,.T.);
#4702 = VERTEX_POINT('',#4703);
#4703 = CARTESIAN_POINT('',(4.8035E+03,45.,0.));
#4704 = SURFACE_CURVE('',#4705,(#4710,#4721),.PCURVE_S1.);
#4705 = CIRCLE('',#4706,6.5);
#4706 = AXIS2_PLACEMENT_3D('',#4707,#4708,#4709);
#4707 = CARTESIAN_POINT('',(4.81E+03,45.,0.));
#4708 = DIRECTION('',(0.,0.,-1.));
#4709 = DIRECTION('',(-1.,0.,0.));
#4710 = PCURVE('',#72,#4711);
#4711 = DEFINITIONAL_REPRESENTATION('',(#4712),#4720);
#4712 = ( BOUNDED_CURVE() B_SPLINE_CURVE(2,(#4713,#4714,#4715,#4716,
#4717,#4718,#4719),.UNSPECIFIED.,.T.,.F.) B_SPLINE_CURVE_WITH_KNOTS((1,2
    ,2,2,2,1),(-2.094395102393,0.,2.094395102393,4.188790204786,
6.28318530718,8.377580409573),.UNSPECIFIED.) CURVE() 
GEOMETRIC_REPRESENTATION_ITEM() RATIONAL_B_SPLINE_CURVE((1.,0.5,1.,0.5,
1.,0.5,1.)) REPRESENTATION_ITEM('') );
#4713 = CARTESIAN_POINT('',(4.8035E+03,45.));
#4714 = CARTESIAN_POINT('',(4.8035E+03,56.258330249198));
#4715 = CARTESIAN_POINT('',(4.81325E+03,50.629165124599));
#4716 = CARTESIAN_POINT('',(4.823E+03,45.));
#4717 = CARTESIAN_POINT('',(4.81325E+03,39.370834875401));
#4718 = CARTESIAN_POINT('',(4.8035E+03,33.741669750802));
#4719 = CARTESIAN_POINT('',(4.8035E+03,45.));
#4720 = ( GEOMETRIC_REPRESENTATION_CONTEXT(2) 
PARAMETRIC_REPRESENTATION_CONTEXT() REPRESENTATION_CONTEXT('2D SPACE',''
  ) );
#4721 = PCURVE('',#1371,#4722);
#4722 = DEFINITIONAL_REPRESENTATION('',(#4723),#4727);
#4723 = LINE('',#4724,#4725);
#4724 = CARTESIAN_POINT('',(0.,10.));
#4725 = VECTOR('',#4726,1.);
#4726 = DIRECTION('',(1.,0.));
#4727 = ( GEOMETRIC_REPRESENTATION_CONTEXT(2) 
PARAMETRIC_REPRESENTATION_CONTEXT() REPRESENTATION_CONTEXT('2D SPACE',''
  ) );
#4728 = FACE_BOUND('',#4729,.F.);
#4729 = EDGE_LOOP('',(#4730));
#4730 = ORIENTED_EDGE('',*,*,#4731,.T.);
#4731 = EDGE_CURVE('',#4732,#4732,#4734,.T.);
#4732 = VERTEX_POINT('',#4733);
#4733 = CARTESIAN_POINT('',(4.8935E+03,45.,0.));
#4734 = SURFACE_CURVE('',#4735,(#4740,#4751),.PCURVE_S1.);
#4735 = CIRCLE('',#4736,6.5);
#4736 = AXIS2_PLACEMENT_3D('',#4737,#4738,#4739);
#4737 = CARTESIAN_POINT('',(4.9E+03,45.,0.));
#4738 = DIRECTION('',(0.,0.,-1.));
#4739 = DIRECTION('',(-1.,0.,0.));
#4740 = PCURVE('',#72,#4741);
#4741 = DEFINITIONAL_REPRESENTATION('',(#4742),#4750);
#4742 = ( BOUNDED_CURVE() B_SPLINE_CURVE(2,(#4743,#4744,#4745,#4746,
#4747,#4748,#4749),.UNSPECIFIED.,.T.,.F.) B_SPLINE_CURVE_WITH_KNOTS((1,2
    ,2,2,2,1),(-2.094395102393,0.,2.094395102393,4.188790204786,
6.28318530718,8.377580409573),.UNSPECIFIED.) CURVE() 
GEOMETRIC_REPRESENTATION_ITEM() RATIONAL_B_SPLINE_CURVE((1.,0.5,1.,0.5,
1.,0.5,1.)) REPRESENTATION_ITEM('') );
#4743 = CARTESIAN_POINT('',(4.8935E+03,45.));
#4744 = CARTESIAN_POINT('',(4.8935E+03,56.258330249198));
#4745 = CARTESIAN_POINT('',(4.90325E+03,50.629165124599));
#4746 = CARTESIAN_POINT('',(4.913E+03,45.));
#4747 = CARTESIAN_POINT('',(4.90325E+03,39.370834875401));
#4748 = CARTESIAN_POINT('',(4.8935E+03,33.741669750802));
#4749 = CARTESIAN_POINT('',(4.8935E+03,45.));
#4750 = ( GEOMETRIC_REPRESENTATION_CONTEXT(2) 
PARAMETRIC_REPRESENTATION_CONTEXT() REPRESENTATION_CONTEXT('2D SPACE',''
  ) );
#4751 = PCURVE('',#1406,#4752);
#4752 = DEFINITIONAL_REPRESENTATION('',(#4753),#4757);
#4753 = LINE('',#4754,#4755);
#4754 = CARTESIAN_POINT('',(0.,10.));
#4755 = VECTOR('',#4756,1.);
#4756 = DIRECTION('',(1.,0.));
#4757 = ( GEOMETRIC_REPRESENTATION_CONTEXT(2) 
PARAMETRIC_REPRESENTATION_CONTEXT() REPRESENTATION_CONTEXT('2D SPACE',''
  ) );
#4758 = FACE_BOUND('',#4759,.F.);
#4759 = EDGE_LOOP('',(#4760));
#4760 = ORIENTED_EDGE('',*,*,#4761,.T.);
#4761 = EDGE_CURVE('',#4762,#4762,#4764,.T.);
#4762 = VERTEX_POINT('',#4763);
#4763 = CARTESIAN_POINT('',(4.9835E+03,45.,0.));
#4764 = SURFACE_CURVE('',#4765,(#4770,#4781),.PCURVE_S1.);
#4765 = CIRCLE('',#4766,6.5);
#4766 = AXIS2_PLACEMENT_3D('',#4767,#4768,#4769);
#4767 = CARTESIAN_POINT('',(4.99E+03,45.,0.));
#4768 = DIRECTION('',(0.,0.,-1.));
#4769 = DIRECTION('',(-1.,0.,0.));
#4770 = PCURVE('',#72,#4771);
#4771 = DEFINITIONAL_REPRESENTATION('',(#4772),#4780);
#4772 = ( BOUNDED_CURVE() B_SPLINE_CURVE(2,(#4773,#4774,#4775,#4776,
#4777,#4778,#4779),.UNSPECIFIED.,.T.,.F.) B_SPLINE_CURVE_WITH_KNOTS((1,2
    ,2,2,2,1),(-2.094395102393,0.,2.094395102393,4.188790204786,
6.28318530718,8.377580409573),.UNSPECIFIED.) CURVE() 
GEOMETRIC_REPRESENTATION_ITEM() RATIONAL_B_SPLINE_CURVE((1.,0.5,1.,0.5,
1.,0.5,1.)) REPRESENTATION_ITEM('') );
#4773 = CARTESIAN_POINT('',(4.9835E+03,45.));
#4774 = CARTESIAN_POINT('',(4.9835E+03,56.258330249198));
#4775 = CARTESIAN_POINT('',(4.99325E+03,50.629165124599));
#4776 = CARTESIAN_POINT('',(5.003E+03,45.));
#4777 = CARTESIAN_POINT('',(4.99325E+03,39.370834875401));
#4778 = CARTESIAN_POINT('',(4.9835E+03,33.741669750802));
#4779 = CARTESIAN_POINT('',(4.9835E+03,45.));
#4780 = ( GEOMETRIC_REPRESENTATION_CONTEXT(2) 
PARAMETRIC_REPRESENTATION_CONTEXT() REPRESENTATION_CONTEXT('2D SPACE',''
  ) );
#4781 = PCURVE('',#1441,#4782);
#4782 = DEFINITIONAL_REPRESENTATION('',(#4783),#4787);
#4783 = LINE('',#4784,#4785);
#4784 = CARTESIAN_POINT('',(0.,10.));
#4785 = VECTOR('',#4786,1.);
#4786 = DIRECTION('',(1.,0.));
#4787 = ( GEOMETRIC_REPRESENTATION_CONTEXT(2) 
PARAMETRIC_REPRESENTATION_CONTEXT() REPRESENTATION_CONTEXT('2D SPACE',''
  ) );
#4788 = FACE_BOUND('',#4789,.F.);
#4789 = EDGE_LOOP('',(#4790));
#4790 = ORIENTED_EDGE('',*,*,#4791,.T.);
#4791 = EDGE_CURVE('',#4792,#4792,#4794,.T.);
#4792 = VERTEX_POINT('',#4793);
#4793 = CARTESIAN_POINT('',(5.0735E+03,45.,0.));
#4794 = SURFACE_CURVE('',#4795,(#4800,#4811),.PCURVE_S1.);
#4795 = CIRCLE('',#4796,6.5);
#4796 = AXIS2_PLACEMENT_3D('',#4797,#4798,#4799);
#4797 = CARTESIAN_POINT('',(5.08E+03,45.,0.));
#4798 = DIRECTION('',(0.,0.,-1.));
#4799 = DIRECTION('',(-1.,0.,0.));
#4800 = PCURVE('',#72,#4801);
#4801 = DEFINITIONAL_REPRESENTATION('',(#4802),#4810);
#4802 = ( BOUNDED_CURVE() B_SPLINE_CURVE(2,(#4803,#4804,#4805,#4806,
#4807,#4808,#4809),.UNSPECIFIED.,.T.,.F.) B_SPLINE_CURVE_WITH_KNOTS((1,2
    ,2,2,2,1),(-2.094395102393,0.,2.094395102393,4.188790204786,
6.28318530718,8.377580409573),.UNSPECIFIED.) CURVE() 
GEOMETRIC_REPRESENTATION_ITEM() RATIONAL_B_SPLINE_CURVE((1.,0.5,1.,0.5,
1.,0.5,1.)) REPRESENTATION_ITEM('') );
#4803 = CARTESIAN_POINT('',(5.0735E+03,45.));
#4804 = CARTESIAN_POINT('',(5.0735E+03,56.258330249198));
#4805 = CARTESIAN_POINT('',(5.08325E+03,50.629165124599));
#4806 = CARTESIAN_POINT('',(5.093E+03,45.));
#4807 = CARTESIAN_POINT('',(5.08325E+03,39.370834875401));
#4808 = CARTESIAN_POINT('',(5.0735E+03,33.741669750802));
#4809 = CARTESIAN_POINT('',(5.0735E+03,45.));
#4810 = ( GEOMETRIC_REPRESENTATION_CONTEXT(2) 
PARAMETRIC_REPRESENTATION_CONTEXT() REPRESENTATION_CONTEXT('2D SPACE',''
  ) );
#4811 = PCURVE('',#1476,#4812);
#4812 = DEFINITIONAL_REPRESENTATION('',(#4813),#4817);
#4813 = LINE('',#4814,#4815);
#4814 = CARTESIAN_POINT('',(0.,10.));
#4815 = VECTOR('',#4816,1.);
#4816 = DIRECTION('',(1.,0.));
#4817 = ( GEOMETRIC_REPRESENTATION_CONTEXT(2) 
PARAMETRIC_REPRESENTATION_CONTEXT() REPRESENTATION_CONTEXT('2D SPACE',''
  ) );
#4818 = FACE_BOUND('',#4819,.F.);
#4819 = EDGE_LOOP('',(#4820));
#4820 = ORIENTED_EDGE('',*,*,#4821,.T.);
#4821 = EDGE_CURVE('',#4822,#4822,#4824,.T.);
#4822 = VERTEX_POINT('',#4823);
#4823 = CARTESIAN_POINT('',(5.1635E+03,45.,0.));
#4824 = SURFACE_CURVE('',#4825,(#4830,#4841),.PCURVE_S1.);
#4825 = CIRCLE('',#4826,6.5);
#4826 = AXIS2_PLACEMENT_3D('',#4827,#4828,#4829);
#4827 = CARTESIAN_POINT('',(5.17E+03,45.,0.));
#4828 = DIRECTION('',(0.,0.,-1.));
#4829 = DIRECTION('',(-1.,0.,0.));
#4830 = PCURVE('',#72,#4831);
#4831 = DEFINITIONAL_REPRESENTATION('',(#4832),#4840);
#4832 = ( BOUNDED_CURVE() B_SPLINE_CURVE(2,(#4833,#4834,#4835,#4836,
#4837,#4838,#4839),.UNSPECIFIED.,.T.,.F.) B_SPLINE_CURVE_WITH_KNOTS((1,2
    ,2,2,2,1),(-2.094395102393,0.,2.094395102393,4.188790204786,
6.28318530718,8.377580409573),.UNSPECIFIED.) CURVE() 
GEOMETRIC_REPRESENTATION_ITEM() RATIONAL_B_SPLINE_CURVE((1.,0.5,1.,0.5,
1.,0.5,1.)) REPRESENTATION_ITEM('') );
#4833 = CARTESIAN_POINT('',(5.1635E+03,45.));
#4834 = CARTESIAN_POINT('',(5.1635E+03,56.258330249198));
#4835 = CARTESIAN_POINT('',(5.17325E+03,50.629165124599));
#4836 = CARTESIAN_POINT('',(5.183E+03,45.));
#4837 = CARTESIAN_POINT('',(5.17325E+03,39.370834875401));
#4838 = CARTESIAN_POINT('',(5.1635E+03,33.741669750802));
#4839 = CARTESIAN_POINT('',(5.1635E+03,45.));
#4840 = ( GEOMETRIC_REPRESENTATION_CONTEXT(2) 
PARAMETRIC_REPRESENTATION_CONTEXT() REPRESENTATION_CONTEXT('2D SPACE',''
  ) );
#4841 = PCURVE('',#1511,#4842);
#4842 = DEFINITIONAL_REPRESENTATION('',(#4843),#4847);
#4843 = LINE('',#4844,#4845);
#4844 = CARTESIAN_POINT('',(0.,10.));
#4845 = VECTOR('',#4846,1.);
#4846 = DIRECTION('',(1.,0.));
#4847 = ( GEOMETRIC_REPRESENTATION_CONTEXT(2) 
PARAMETRIC_REPRESENTATION_CONTEXT() REPRESENTATION_CONTEXT('2D SPACE',''
  ) );
#4848 = FACE_BOUND('',#4849,.F.);
#4849 = EDGE_LOOP('',(#4850));
#4850 = ORIENTED_EDGE('',*,*,#4851,.T.);
#4851 = EDGE_CURVE('',#4852,#4852,#4854,.T.);
#4852 = VERTEX_POINT('',#4853);
#4853 = CARTESIAN_POINT('',(5.2535E+03,45.,0.));
#4854 = SURFACE_CURVE('',#4855,(#4860,#4871),.PCURVE_S1.);
#4855 = CIRCLE('',#4856,6.5);
#4856 = AXIS2_PLACEMENT_3D('',#4857,#4858,#4859);
#4857 = CARTESIAN_POINT('',(5.26E+03,45.,0.));
#4858 = DIRECTION('',(0.,0.,-1.));
#4859 = DIRECTION('',(-1.,0.,0.));
#4860 = PCURVE('',#72,#4861);
#4861 = DEFINITIONAL_REPRESENTATION('',(#4862),#4870);
#4862 = ( BOUNDED_CURVE() B_SPLINE_CURVE(2,(#4863,#4864,#4865,#4866,
#4867,#4868,#4869),.UNSPECIFIED.,.T.,.F.) B_SPLINE_CURVE_WITH_KNOTS((1,2
    ,2,2,2,1),(-2.094395102393,0.,2.094395102393,4.188790204786,
6.28318530718,8.377580409573),.UNSPECIFIED.) CURVE() 
GEOMETRIC_REPRESENTATION_ITEM() RATIONAL_B_SPLINE_CURVE((1.,0.5,1.,0.5,
1.,0.5,1.)) REPRESENTATION_ITEM('') );
#4863 = CARTESIAN_POINT('',(5.2535E+03,45.));
#4864 = CARTESIAN_POINT('',(5.2535E+03,56.258330249198));
#4865 = CARTESIAN_POINT('',(5.26325E+03,50.629165124599));
#4866 = CARTESIAN_POINT('',(5.273E+03,45.));
#4867 = CARTESIAN_POINT('',(5.26325E+03,39.370834875401));
#4868 = CARTESIAN_POINT('',(5.2535E+03,33.741669750802));
#4869 = CARTESIAN_POINT('',(5.2535E+03,45.));
#4870 = ( GEOMETRIC_REPRESENTATION_CONTEXT(2) 
PARAMETRIC_REPRESENTATION_CONTEXT() REPRESENTATION_CONTEXT('2D SPACE',''
  ) );
#4871 = PCURVE('',#1546,#4872);
#4872 = DEFINITIONAL_REPRESENTATION('',(#4873),#4877);
#4873 = LINE('',#4874,#4875);
#4874 = CARTESIAN_POINT('',(0.,10.));
#4875 = VECTOR('',#4876,1.);
#4876 = DIRECTION('',(1.,0.));
#4877 = ( GEOMETRIC_REPRESENTATION_CONTEXT(2) 
PARAMETRIC_REPRESENTATION_CONTEXT() REPRESENTATION_CONTEXT('2D SPACE',''
  ) );
#4878 = FACE_BOUND('',#4879,.F.);
#4879 = EDGE_LOOP('',(#4880));
#4880 = ORIENTED_EDGE('',*,*,#4881,.T.);
#4881 = EDGE_CURVE('',#4882,#4882,#4884,.T.);
#4882 = VERTEX_POINT('',#4883);
#4883 = CARTESIAN_POINT('',(5.3435E+03,45.,0.));
#4884 = SURFACE_CURVE('',#4885,(#4890,#4901),.PCURVE_S1.);
#4885 = CIRCLE('',#4886,6.5);
#4886 = AXIS2_PLACEMENT_3D('',#4887,#4888,#4889);
#4887 = CARTESIAN_POINT('',(5.35E+03,45.,0.));
#4888 = DIRECTION('',(0.,0.,-1.));
#4889 = DIRECTION('',(-1.,0.,0.));
#4890 = PCURVE('',#72,#4891);
#4891 = DEFINITIONAL_REPRESENTATION('',(#4892),#4900);
#4892 = ( BOUNDED_CURVE() B_SPLINE_CURVE(2,(#4893,#4894,#4895,#4896,
#4897,#4898,#4899),.UNSPECIFIED.,.T.,.F.) B_SPLINE_CURVE_WITH_KNOTS((1,2
    ,2,2,2,1),(-2.094395102393,0.,2.094395102393,4.188790204786,
6.28318530718,8.377580409573),.UNSPECIFIED.) CURVE() 
GEOMETRIC_REPRESENTATION_ITEM() RATIONAL_B_SPLINE_CURVE((1.,0.5,1.,0.5,
1.,0.5,1.)) REPRESENTATION_ITEM('') );
#4893 = CARTESIAN_POINT('',(5.3435E+03,45.));
#4894 = CARTESIAN_POINT('',(5.3435E+03,56.258330249198));
#4895 = CARTESIAN_POINT('',(5.35325E+03,50.629165124599));
#4896 = CARTESIAN_POINT('',(5.363E+03,45.));
#4897 = CARTESIAN_POINT('',(5.35325E+03,39.370834875401));
#4898 = CARTESIAN_POINT('',(5.3435E+03,33.741669750802));
#4899 = CARTESIAN_POINT('',(5.3435E+03,45.));
#4900 = ( GEOMETRIC_REPRESENTATION_CONTEXT(2) 
PARAMETRIC_REPRESENTATION_CONTEXT() REPRESENTATION_CONTEXT('2D SPACE',''
  ) );
#4901 = PCURVE('',#1581,#4902);
#4902 = DEFINITIONAL_REPRESENTATION('',(#4903),#4907);
#4903 = LINE('',#4904,#4905);
#4904 = CARTESIAN_POINT('',(0.,10.));
#4905 = VECTOR('',#4906,1.);
#4906 = DIRECTION('',(1.,0.));
#4907 = ( GEOMETRIC_REPRESENTATION_CONTEXT(2) 
PARAMETRIC_REPRESENTATION_CONTEXT() REPRESENTATION_CONTEXT('2D SPACE',''
  ) );
#4908 = FACE_BOUND('',#4909,.F.);
#4909 = EDGE_LOOP('',(#4910));
#4910 = ORIENTED_EDGE('',*,*,#4911,.T.);
#4911 = EDGE_CURVE('',#4912,#4912,#4914,.T.);
#4912 = VERTEX_POINT('',#4913);
#4913 = CARTESIAN_POINT('',(5.4335E+03,45.,0.));
#4914 = SURFACE_CURVE('',#4915,(#4920,#4931),.PCURVE_S1.);
#4915 = CIRCLE('',#4916,6.5);
#4916 = AXIS2_PLACEMENT_3D('',#4917,#4918,#4919);
#4917 = CARTESIAN_POINT('',(5.44E+03,45.,0.));
#4918 = DIRECTION('',(0.,0.,-1.));
#4919 = DIRECTION('',(-1.,0.,0.));
#4920 = PCURVE('',#72,#4921);
#4921 = DEFINITIONAL_REPRESENTATION('',(#4922),#4930);
#4922 = ( BOUNDED_CURVE() B_SPLINE_CURVE(2,(#4923,#4924,#4925,#4926,
#4927,#4928,#4929),.UNSPECIFIED.,.T.,.F.) B_SPLINE_CURVE_WITH_KNOTS((1,2
    ,2,2,2,1),(-2.094395102393,0.,2.094395102393,4.188790204786,
6.28318530718,8.377580409573),.UNSPECIFIED.) CURVE() 
GEOMETRIC_REPRESENTATION_ITEM() RATIONAL_B_SPLINE_CURVE((1.,0.5,1.,0.5,
1.,0.5,1.)) REPRESENTATION_ITEM('') );
#4923 = CARTESIAN_POINT('',(5.4335E+03,45.));
#4924 = CARTESIAN_POINT('',(5.4335E+03,56.258330249198));
#4925 = CARTESIAN_POINT('',(5.44325E+03,50.629165124599));
#4926 = CARTESIAN_POINT('',(5.453E+03,45.));
#4927 = CARTESIAN_POINT('',(5.44325E+03,39.370834875401));
#4928 = CARTESIAN_POINT('',(5.4335E+03,33.741669750802));
#4929 = CARTESIAN_POINT('',(5.4335E+03,45.));
#4930 = ( GEOMETRIC_REPRESENTATION_CONTEXT(2) 
PARAMETRIC_REPRESENTATION_CONTEXT() REPRESENTATION_CONTEXT('2D SPACE',''
  ) );
#4931 = PCURVE('',#1616,#4932);
#4932 = DEFINITIONAL_REPRESENTATION('',(#4933),#4937);
#4933 = LINE('',#4934,#4935);
#4934 = CARTESIAN_POINT('',(0.,10.));
#4935 = VECTOR('',#4936,1.);
#4936 = DIRECTION('',(1.,0.));
#4937 = ( GEOMETRIC_REPRESENTATION_CONTEXT(2) 
PARAMETRIC_REPRESENTATION_CONTEXT() REPRESENTATION_CONTEXT('2D SPACE',''
  ) );
#4938 = FACE_BOUND('',#4939,.F.);
#4939 = EDGE_LOOP('',(#4940));
#4940 = ORIENTED_EDGE('',*,*,#4941,.T.);
#4941 = EDGE_CURVE('',#4942,#4942,#4944,.T.);
#4942 = VERTEX_POINT('',#4943);
#4943 = CARTESIAN_POINT('',(63.5,100.,0.));
#4944 = SURFACE_CURVE('',#4945,(#4950,#4961),.PCURVE_S1.);
#4945 = CIRCLE('',#4946,6.5);
#4946 = AXIS2_PLACEMENT_3D('',#4947,#4948,#4949);
#4947 = CARTESIAN_POINT('',(70.,100.,0.));
#4948 = DIRECTION('',(0.,0.,-1.));
#4949 = DIRECTION('',(-1.,0.,0.));
#4950 = PCURVE('',#72,#4951);
#4951 = DEFINITIONAL_REPRESENTATION('',(#4952),#4960);
#4952 = ( BOUNDED_CURVE() B_SPLINE_CURVE(2,(#4953,#4954,#4955,#4956,
#4957,#4958,#4959),.UNSPECIFIED.,.T.,.F.) B_SPLINE_CURVE_WITH_KNOTS((1,2
    ,2,2,2,1),(-2.094395102393,0.,2.094395102393,4.188790204786,
6.28318530718,8.377580409573),.UNSPECIFIED.) CURVE() 
GEOMETRIC_REPRESENTATION_ITEM() RATIONAL_B_SPLINE_CURVE((1.,0.5,1.,0.5,
1.,0.5,1.)) REPRESENTATION_ITEM('') );
#4953 = CARTESIAN_POINT('',(63.5,100.));
#4954 = CARTESIAN_POINT('',(63.5,111.25833024919));
#4955 = CARTESIAN_POINT('',(73.25,105.62916512459));
#4956 = CARTESIAN_POINT('',(83.,100.));
#4957 = CARTESIAN_POINT('',(73.25,94.370834875401));
#4958 = CARTESIAN_POINT('',(63.5,88.741669750802));
#4959 = CARTESIAN_POINT('',(63.5,100.));
#4960 = ( GEOMETRIC_REPRESENTATION_CONTEXT(2) 
PARAMETRIC_REPRESENTATION_CONTEXT() REPRESENTATION_CONTEXT('2D SPACE',''
  ) );
#4961 = PCURVE('',#1651,#4962);
#4962 = DEFINITIONAL_REPRESENTATION('',(#4963),#4967);
#4963 = LINE('',#4964,#4965);
#4964 = CARTESIAN_POINT('',(0.,10.));
#4965 = VECTOR('',#4966,1.);
#4966 = DIRECTION('',(1.,0.));
#4967 = ( GEOMETRIC_REPRESENTATION_CONTEXT(2) 
PARAMETRIC_REPRESENTATION_CONTEXT() REPRESENTATION_CONTEXT('2D SPACE',''
  ) );
#4968 = FACE_BOUND('',#4969,.F.);
#4969 = EDGE_LOOP('',(#4970));
#4970 = ORIENTED_EDGE('',*,*,#4971,.T.);
#4971 = EDGE_CURVE('',#4972,#4972,#4974,.T.);
#4972 = VERTEX_POINT('',#4973);
#4973 = CARTESIAN_POINT('',(153.5,100.,0.));
#4974 = SURFACE_CURVE('',#4975,(#4980,#4991),.PCURVE_S1.);
#4975 = CIRCLE('',#4976,6.5);
#4976 = AXIS2_PLACEMENT_3D('',#4977,#4978,#4979);
#4977 = CARTESIAN_POINT('',(160.,100.,0.));
#4978 = DIRECTION('',(0.,0.,-1.));
#4979 = DIRECTION('',(-1.,0.,0.));
#4980 = PCURVE('',#72,#4981);
#4981 = DEFINITIONAL_REPRESENTATION('',(#4982),#4990);
#4982 = ( BOUNDED_CURVE() B_SPLINE_CURVE(2,(#4983,#4984,#4985,#4986,
#4987,#4988,#4989),.UNSPECIFIED.,.T.,.F.) B_SPLINE_CURVE_WITH_KNOTS((1,2
    ,2,2,2,1),(-2.094395102393,0.,2.094395102393,4.188790204786,
6.28318530718,8.377580409573),.UNSPECIFIED.) CURVE() 
GEOMETRIC_REPRESENTATION_ITEM() RATIONAL_B_SPLINE_CURVE((1.,0.5,1.,0.5,
1.,0.5,1.)) REPRESENTATION_ITEM('') );
#4983 = CARTESIAN_POINT('',(153.5,100.));
#4984 = CARTESIAN_POINT('',(153.5,111.25833024919));
#4985 = CARTESIAN_POINT('',(163.25,105.62916512459));
#4986 = CARTESIAN_POINT('',(173.,100.));
#4987 = CARTESIAN_POINT('',(163.25,94.370834875401));
#4988 = CARTESIAN_POINT('',(153.5,88.741669750802));
#4989 = CARTESIAN_POINT('',(153.5,100.));
#4990 = ( GEOMETRIC_REPRESENTATION_CONTEXT(2) 
PARAMETRIC_REPRESENTATION_CONTEXT() REPRESENTATION_CONTEXT('2D SPACE',''
  ) );
#4991 = PCURVE('',#1686,#4992);
#4992 = DEFINITIONAL_REPRESENTATION('',(#4993),#4997);
#4993 = LINE('',#4994,#4995);
#4994 = CARTESIAN_POINT('',(0.,10.));
#4995 = VECTOR('',#4996,1.);
#4996 = DIRECTION('',(1.,0.));
#4997 = ( GEOMETRIC_REPRESENTATION_CONTEXT(2) 
PARAMETRIC_REPRESENTATION_CONTEXT() REPRESENTATION_CONTEXT('2D SPACE',''
  ) );
#4998 = FACE_BOUND('',#4999,.F.);
#4999 = EDGE_LOOP('',(#5000));
#5000 = ORIENTED_EDGE('',*,*,#5001,.T.);
#5001 = EDGE_CURVE('',#5002,#5002,#5004,.T.);
#5002 = VERTEX_POINT('',#5003);
#5003 = CARTESIAN_POINT('',(243.5,100.,0.));
#5004 = SURFACE_CURVE('',#5005,(#5010,#5021),.PCURVE_S1.);
#5005 = CIRCLE('',#5006,6.5);
#5006 = AXIS2_PLACEMENT_3D('',#5007,#5008,#5009);
#5007 = CARTESIAN_POINT('',(250.,100.,0.));
#5008 = DIRECTION('',(0.,0.,-1.));
#5009 = DIRECTION('',(-1.,0.,0.));
#5010 = PCURVE('',#72,#5011);
#5011 = DEFINITIONAL_REPRESENTATION('',(#5012),#5020);
#5012 = ( BOUNDED_CURVE() B_SPLINE_CURVE(2,(#5013,#5014,#5015,#5016,
#5017,#5018,#5019),.UNSPECIFIED.,.T.,.F.) B_SPLINE_CURVE_WITH_KNOTS((1,2
    ,2,2,2,1),(-2.094395102393,0.,2.094395102393,4.188790204786,
6.28318530718,8.377580409573),.UNSPECIFIED.) CURVE() 
GEOMETRIC_REPRESENTATION_ITEM() RATIONAL_B_SPLINE_CURVE((1.,0.5,1.,0.5,
1.,0.5,1.)) REPRESENTATION_ITEM('') );
#5013 = CARTESIAN_POINT('',(243.5,100.));
#5014 = CARTESIAN_POINT('',(243.5,111.25833024919));
#5015 = CARTESIAN_POINT('',(253.25,105.62916512459));
#5016 = CARTESIAN_POINT('',(263.,100.));
#5017 = CARTESIAN_POINT('',(253.25,94.370834875401));
#5018 = CARTESIAN_POINT('',(243.5,88.741669750802));
#5019 = CARTESIAN_POINT('',(243.5,100.));
#5020 = ( GEOMETRIC_REPRESENTATION_CONTEXT(2) 
PARAMETRIC_REPRESENTATION_CONTEXT() REPRESENTATION_CONTEXT('2D SPACE',''
  ) );
#5021 = PCURVE('',#1721,#5022);
#5022 = DEFINITIONAL_REPRESENTATION('',(#5023),#5027);
#5023 = LINE('',#5024,#5025);
#5024 = CARTESIAN_POINT('',(0.,10.));
#5025 = VECTOR('',#5026,1.);
#5026 = DIRECTION('',(1.,0.));
#5027 = ( GEOMETRIC_REPRESENTATION_CONTEXT(2) 
PARAMETRIC_REPRESENTATION_CONTEXT() REPRESENTATION_CONTEXT('2D SPACE',''
  ) );
#5028 = FACE_BOUND('',#5029,.F.);
#5029 = EDGE_LOOP('',(#5030));
#5030 = ORIENTED_EDGE('',*,*,#5031,.T.);
#5031 = EDGE_CURVE('',#5032,#5032,#5034,.T.);
#5032 = VERTEX_POINT('',#5033);
#5033 = CARTESIAN_POINT('',(333.5,100.,0.));
#5034 = SURFACE_CURVE('',#5035,(#5040,#5051),.PCURVE_S1.);
#5035 = CIRCLE('',#5036,6.5);
#5036 = AXIS2_PLACEMENT_3D('',#5037,#5038,#5039);
#5037 = CARTESIAN_POINT('',(340.,100.,0.));
#5038 = DIRECTION('',(0.,0.,-1.));
#5039 = DIRECTION('',(-1.,0.,0.));
#5040 = PCURVE('',#72,#5041);
#5041 = DEFINITIONAL_REPRESENTATION('',(#5042),#5050);
#5042 = ( BOUNDED_CURVE() B_SPLINE_CURVE(2,(#5043,#5044,#5045,#5046,
#5047,#5048,#5049),.UNSPECIFIED.,.T.,.F.) B_SPLINE_CURVE_WITH_KNOTS((1,2
    ,2,2,2,1),(-2.094395102393,0.,2.094395102393,4.188790204786,
6.28318530718,8.377580409573),.UNSPECIFIED.) CURVE() 
GEOMETRIC_REPRESENTATION_ITEM() RATIONAL_B_SPLINE_CURVE((1.,0.5,1.,0.5,
1.,0.5,1.)) REPRESENTATION_ITEM('') );
#5043 = CARTESIAN_POINT('',(333.5,100.));
#5044 = CARTESIAN_POINT('',(333.5,111.25833024919));
#5045 = CARTESIAN_POINT('',(343.25,105.62916512459));
#5046 = CARTESIAN_POINT('',(353.,100.));
#5047 = CARTESIAN_POINT('',(343.25,94.370834875401));
#5048 = CARTESIAN_POINT('',(333.5,88.741669750802));
#5049 = CARTESIAN_POINT('',(333.5,100.));
#5050 = ( GEOMETRIC_REPRESENTATION_CONTEXT(2) 
PARAMETRIC_REPRESENTATION_CONTEXT() REPRESENTATION_CONTEXT('2D SPACE',''
  ) );
#5051 = PCURVE('',#1756,#5052);
#5052 = DEFINITIONAL_REPRESENTATION('',(#5053),#5057);
#5053 = LINE('',#5054,#5055);
#5054 = CARTESIAN_POINT('',(0.,10.));
#5055 = VECTOR('',#5056,1.);
#5056 = DIRECTION('',(1.,0.));
#5057 = ( GEOMETRIC_REPRESENTATION_CONTEXT(2) 
PARAMETRIC_REPRESENTATION_CONTEXT() REPRESENTATION_CONTEXT('2D SPACE',''
  ) );
#5058 = FACE_BOUND('',#5059,.F.);
#5059 = EDGE_LOOP('',(#5060));
#5060 = ORIENTED_EDGE('',*,*,#5061,.T.);
#5061 = EDGE_CURVE('',#5062,#5062,#5064,.T.);
#5062 = VERTEX_POINT('',#5063);
#5063 = CARTESIAN_POINT('',(423.5,100.,0.));
#5064 = SURFACE_CURVE('',#5065,(#5070,#5081),.PCURVE_S1.);
#5065 = CIRCLE('',#5066,6.5);
#5066 = AXIS2_PLACEMENT_3D('',#5067,#5068,#5069);
#5067 = CARTESIAN_POINT('',(430.,100.,0.));
#5068 = DIRECTION('',(0.,0.,-1.));
#5069 = DIRECTION('',(-1.,0.,0.));
#5070 = PCURVE('',#72,#5071);
#5071 = DEFINITIONAL_REPRESENTATION('',(#5072),#5080);
#5072 = ( BOUNDED_CURVE() B_SPLINE_CURVE(2,(#5073,#5074,#5075,#5076,
#5077,#5078,#5079),.UNSPECIFIED.,.T.,.F.) B_SPLINE_CURVE_WITH_KNOTS((1,2
    ,2,2,2,1),(-2.094395102393,0.,2.094395102393,4.188790204786,
6.28318530718,8.377580409573),.UNSPECIFIED.) CURVE() 
GEOMETRIC_REPRESENTATION_ITEM() RATIONAL_B_SPLINE_CURVE((1.,0.5,1.,0.5,
1.,0.5,1.)) REPRESENTATION_ITEM('') );
#5073 = CARTESIAN_POINT('',(423.5,100.));
#5074 = CARTESIAN_POINT('',(423.5,111.25833024919));
#5075 = CARTESIAN_POINT('',(433.25,105.62916512459));
#5076 = CARTESIAN_POINT('',(443.,100.));
#5077 = CARTESIAN_POINT('',(433.25,94.370834875401));
#5078 = CARTESIAN_POINT('',(423.5,88.741669750802));
#5079 = CARTESIAN_POINT('',(423.5,100.));
#5080 = ( GEOMETRIC_REPRESENTATION_CONTEXT(2) 
PARAMETRIC_REPRESENTATION_CONTEXT() REPRESENTATION_CONTEXT('2D SPACE',''
  ) );
#5081 = PCURVE('',#1791,#5082);
#5082 = DEFINITIONAL_REPRESENTATION('',(#5083),#5087);
#5083 = LINE('',#5084,#5085);
#5084 = CARTESIAN_POINT('',(0.,10.));
#5085 = VECTOR('',#5086,1.);
#5086 = DIRECTION('',(1.,0.));
#5087 = ( GEOMETRIC_REPRESENTATION_CONTEXT(2) 
PARAMETRIC_REPRESENTATION_CONTEXT() REPRESENTATION_CONTEXT('2D SPACE',''
  ) );
#5088 = FACE_BOUND('',#5089,.F.);
#5089 = EDGE_LOOP('',(#5090));
#5090 = ORIENTED_EDGE('',*,*,#5091,.T.);
#5091 = EDGE_CURVE('',#5092,#5092,#5094,.T.);
#5092 = VERTEX_POINT('',#5093);
#5093 = CARTESIAN_POINT('',(513.5,100.,0.));
#5094 = SURFACE_CURVE('',#5095,(#5100,#5111),.PCURVE_S1.);
#5095 = CIRCLE('',#5096,6.5);
#5096 = AXIS2_PLACEMENT_3D('',#5097,#5098,#5099);
#5097 = CARTESIAN_POINT('',(520.,100.,0.));
#5098 = DIRECTION('',(0.,0.,-1.));
#5099 = DIRECTION('',(-1.,0.,0.));
#5100 = PCURVE('',#72,#5101);
#5101 = DEFINITIONAL_REPRESENTATION('',(#5102),#5110);
#5102 = ( BOUNDED_CURVE() B_SPLINE_CURVE(2,(#5103,#5104,#5105,#5106,
#5107,#5108,#5109),.UNSPECIFIED.,.T.,.F.) B_SPLINE_CURVE_WITH_KNOTS((1,2
    ,2,2,2,1),(-2.094395102393,0.,2.094395102393,4.188790204786,
6.28318530718,8.377580409573),.UNSPECIFIED.) CURVE() 
GEOMETRIC_REPRESENTATION_ITEM() RATIONAL_B_SPLINE_CURVE((1.,0.5,1.,0.5,
1.,0.5,1.)) REPRESENTATION_ITEM('') );
#5103 = CARTESIAN_POINT('',(513.5,100.));
#5104 = CARTESIAN_POINT('',(513.5,111.25833024919));
#5105 = CARTESIAN_POINT('',(523.25,105.62916512459));
#5106 = CARTESIAN_POINT('',(533.,100.));
#5107 = CARTESIAN_POINT('',(523.25,94.370834875401));
#5108 = CARTESIAN_POINT('',(513.5,88.741669750802));
#5109 = CARTESIAN_POINT('',(513.5,100.));
#5110 = ( GEOMETRIC_REPRESENTATION_CONTEXT(2) 
PARAMETRIC_REPRESENTATION_CONTEXT() REPRESENTATION_CONTEXT('2D SPACE',''
  ) );
#5111 = PCURVE('',#1826,#5112);
#5112 = DEFINITIONAL_REPRESENTATION('',(#5113),#5117);
#5113 = LINE('',#5114,#5115);
#5114 = CARTESIAN_POINT('',(0.,10.));
#5115 = VECTOR('',#5116,1.);
#5116 = DIRECTION('',(1.,0.));
#5117 = ( GEOMETRIC_REPRESENTATION_CONTEXT(2) 
PARAMETRIC_REPRESENTATION_CONTEXT() REPRESENTATION_CONTEXT('2D SPACE',''
  ) );
#5118 = FACE_BOUND('',#5119,.F.);
#5119 = EDGE_LOOP('',(#5120));
#5120 = ORIENTED_EDGE('',*,*,#5121,.T.);
#5121 = EDGE_CURVE('',#5122,#5122,#5124,.T.);
#5122 = VERTEX_POINT('',#5123);
#5123 = CARTESIAN_POINT('',(603.5,100.,0.));
#5124 = SURFACE_CURVE('',#5125,(#5130,#5141),.PCURVE_S1.);
#5125 = CIRCLE('',#5126,6.5);
#5126 = AXIS2_PLACEMENT_3D('',#5127,#5128,#5129);
#5127 = CARTESIAN_POINT('',(610.,100.,0.));
#5128 = DIRECTION('',(0.,0.,-1.));
#5129 = DIRECTION('',(-1.,0.,0.));
#5130 = PCURVE('',#72,#5131);
#5131 = DEFINITIONAL_REPRESENTATION('',(#5132),#5140);
#5132 = ( BOUNDED_CURVE() B_SPLINE_CURVE(2,(#5133,#5134,#5135,#5136,
#5137,#5138,#5139),.UNSPECIFIED.,.T.,.F.) B_SPLINE_CURVE_WITH_KNOTS((1,2
    ,2,2,2,1),(-2.094395102393,0.,2.094395102393,4.188790204786,
6.28318530718,8.377580409573),.UNSPECIFIED.) CURVE() 
GEOMETRIC_REPRESENTATION_ITEM() RATIONAL_B_SPLINE_CURVE((1.,0.5,1.,0.5,
1.,0.5,1.)) REPRESENTATION_ITEM('') );
#5133 = CARTESIAN_POINT('',(603.5,100.));
#5134 = CARTESIAN_POINT('',(603.5,111.25833024919));
#5135 = CARTESIAN_POINT('',(613.25,105.62916512459));
#5136 = CARTESIAN_POINT('',(623.,100.));
#5137 = CARTESIAN_POINT('',(613.25,94.370834875401));
#5138 = CARTESIAN_POINT('',(603.5,88.741669750802));
#5139 = CARTESIAN_POINT('',(603.5,100.));
#5140 = ( GEOMETRIC_REPRESENTATION_CONTEXT(2) 
PARAMETRIC_REPRESENTATION_CONTEXT() REPRESENTATION_CONTEXT('2D SPACE',''
  ) );
#5141 = PCURVE('',#1861,#5142);
#5142 = DEFINITIONAL_REPRESENTATION('',(#5143),#5147);
#5143 = LINE('',#5144,#5145);
#5144 = CARTESIAN_POINT('',(0.,10.));
#5145 = VECTOR('',#5146,1.);
#5146 = DIRECTION('',(1.,0.));
#5147 = ( GEOMETRIC_REPRESENTATION_CONTEXT(2) 
PARAMETRIC_REPRESENTATION_CONTEXT() REPRESENTATION_CONTEXT('2D SPACE',''
  ) );
#5148 = FACE_BOUND('',#5149,.F.);
#5149 = EDGE_LOOP('',(#5150));
#5150 = ORIENTED_EDGE('',*,*,#5151,.T.);
#5151 = EDGE_CURVE('',#5152,#5152,#5154,.T.);
#5152 = VERTEX_POINT('',#5153);
#5153 = CARTESIAN_POINT('',(693.5,100.,0.));
#5154 = SURFACE_CURVE('',#5155,(#5160,#5171),.PCURVE_S1.);
#5155 = CIRCLE('',#5156,6.5);
#5156 = AXIS2_PLACEMENT_3D('',#5157,#5158,#5159);
#5157 = CARTESIAN_POINT('',(700.,100.,0.));
#5158 = DIRECTION('',(0.,0.,-1.));
#5159 = DIRECTION('',(-1.,0.,0.));
#5160 = PCURVE('',#72,#5161);
#5161 = DEFINITIONAL_REPRESENTATION('',(#5162),#5170);
#5162 = ( BOUNDED_CURVE() B_SPLINE_CURVE(2,(#5163,#5164,#5165,#5166,
#5167,#5168,#5169),.UNSPECIFIED.,.T.,.F.) B_SPLINE_CURVE_WITH_KNOTS((1,2
    ,2,2,2,1),(-2.094395102393,0.,2.094395102393,4.188790204786,
6.28318530718,8.377580409573),.UNSPECIFIED.) CURVE() 
GEOMETRIC_REPRESENTATION_ITEM() RATIONAL_B_SPLINE_CURVE((1.,0.5,1.,0.5,
1.,0.5,1.)) REPRESENTATION_ITEM('') );
#5163 = CARTESIAN_POINT('',(693.5,100.));
#5164 = CARTESIAN_POINT('',(693.5,111.25833024919));
#5165 = CARTESIAN_POINT('',(703.25,105.62916512459));
#5166 = CARTESIAN_POINT('',(713.,100.));
#5167 = CARTESIAN_POINT('',(703.25,94.370834875401));
#5168 = CARTESIAN_POINT('',(693.5,88.741669750802));
#5169 = CARTESIAN_POINT('',(693.5,100.));
#5170 = ( GEOMETRIC_REPRESENTATION_CONTEXT(2) 
PARAMETRIC_REPRESENTATION_CONTEXT() REPRESENTATION_CONTEXT('2D SPACE',''
  ) );
#5171 = PCURVE('',#1896,#5172);
#5172 = DEFINITIONAL_REPRESENTATION('',(#5173),#5177);
#5173 = LINE('',#5174,#5175);
#5174 = CARTESIAN_POINT('',(0.,10.));
#5175 = VECTOR('',#5176,1.);
#5176 = DIRECTION('',(1.,0.));
#5177 = ( GEOMETRIC_REPRESENTATION_CONTEXT(2) 
PARAMETRIC_REPRESENTATION_CONTEXT() REPRESENTATION_CONTEXT('2D SPACE',''
  ) );
#5178 = FACE_BOUND('',#5179,.F.);
#5179 = EDGE_LOOP('',(#5180));
#5180 = ORIENTED_EDGE('',*,*,#5181,.T.);
#5181 = EDGE_CURVE('',#5182,#5182,#5184,.T.);
#5182 = VERTEX_POINT('',#5183);
#5183 = CARTESIAN_POINT('',(783.5,100.,0.));
#5184 = SURFACE_CURVE('',#5185,(#5190,#5201),.PCURVE_S1.);
#5185 = CIRCLE('',#5186,6.5);
#5186 = AXIS2_PLACEMENT_3D('',#5187,#5188,#5189);
#5187 = CARTESIAN_POINT('',(790.,100.,0.));
#5188 = DIRECTION('',(0.,0.,-1.));
#5189 = DIRECTION('',(-1.,0.,0.));
#5190 = PCURVE('',#72,#5191);
#5191 = DEFINITIONAL_REPRESENTATION('',(#5192),#5200);
#5192 = ( BOUNDED_CURVE() B_SPLINE_CURVE(2,(#5193,#5194,#5195,#5196,
#5197,#5198,#5199),.UNSPECIFIED.,.T.,.F.) B_SPLINE_CURVE_WITH_KNOTS((1,2
    ,2,2,2,1),(-2.094395102393,0.,2.094395102393,4.188790204786,
6.28318530718,8.377580409573),.UNSPECIFIED.) CURVE() 
GEOMETRIC_REPRESENTATION_ITEM() RATIONAL_B_SPLINE_CURVE((1.,0.5,1.,0.5,
1.,0.5,1.)) REPRESENTATION_ITEM('') );
#5193 = CARTESIAN_POINT('',(783.5,100.));
#5194 = CARTESIAN_POINT('',(783.5,111.25833024919));
#5195 = CARTESIAN_POINT('',(793.25,105.62916512459));
#5196 = CARTESIAN_POINT('',(803.,100.));
#5197 = CARTESIAN_POINT('',(793.25,94.370834875401));
#5198 = CARTESIAN_POINT('',(783.5,88.741669750802));
#5199 = CARTESIAN_POINT('',(783.5,100.));
#5200 = ( GEOMETRIC_REPRESENTATION_CONTEXT(2) 
PARAMETRIC_REPRESENTATION_CONTEXT() REPRESENTATION_CONTEXT('2D SPACE',''
  ) );
#5201 = PCURVE('',#1931,#5202);
#5202 = DEFINITIONAL_REPRESENTATION('',(#5203),#5207);
#5203 = LINE('',#5204,#5205);
#5204 = CARTESIAN_POINT('',(0.,10.));
#5205 = VECTOR('',#5206,1.);
#5206 = DIRECTION('',(1.,0.));
#5207 = ( GEOMETRIC_REPRESENTATION_CONTEXT(2) 
PARAMETRIC_REPRESENTATION_CONTEXT() REPRESENTATION_CONTEXT('2D SPACE',''
  ) );
#5208 = FACE_BOUND('',#5209,.F.);
#5209 = EDGE_LOOP('',(#5210));
#5210 = ORIENTED_EDGE('',*,*,#5211,.T.);
#5211 = EDGE_CURVE('',#5212,#5212,#5214,.T.);
#5212 = VERTEX_POINT('',#5213);
#5213 = CARTESIAN_POINT('',(873.5,100.,0.));
#5214 = SURFACE_CURVE('',#5215,(#5220,#5231),.PCURVE_S1.);
#5215 = CIRCLE('',#5216,6.5);
#5216 = AXIS2_PLACEMENT_3D('',#5217,#5218,#5219);
#5217 = CARTESIAN_POINT('',(880.,100.,0.));
#5218 = DIRECTION('',(0.,0.,-1.));
#5219 = DIRECTION('',(-1.,0.,0.));
#5220 = PCURVE('',#72,#5221);
#5221 = DEFINITIONAL_REPRESENTATION('',(#5222),#5230);
#5222 = ( BOUNDED_CURVE() B_SPLINE_CURVE(2,(#5223,#5224,#5225,#5226,
#5227,#5228,#5229),.UNSPECIFIED.,.T.,.F.) B_SPLINE_CURVE_WITH_KNOTS((1,2
    ,2,2,2,1),(-2.094395102393,0.,2.094395102393,4.188790204786,
6.28318530718,8.377580409573),.UNSPECIFIED.) CURVE() 
GEOMETRIC_REPRESENTATION_ITEM() RATIONAL_B_SPLINE_CURVE((1.,0.5,1.,0.5,
1.,0.5,1.)) REPRESENTATION_ITEM('') );
#5223 = CARTESIAN_POINT('',(873.5,100.));
#5224 = CARTESIAN_POINT('',(873.5,111.25833024919));
#5225 = CARTESIAN_POINT('',(883.25,105.62916512459));
#5226 = CARTESIAN_POINT('',(893.,100.));
#5227 = CARTESIAN_POINT('',(883.25,94.370834875401));
#5228 = CARTESIAN_POINT('',(873.5,88.741669750802));
#5229 = CARTESIAN_POINT('',(873.5,100.));
#5230 = ( GEOMETRIC_REPRESENTATION_CONTEXT(2) 
PARAMETRIC_REPRESENTATION_CONTEXT() REPRESENTATION_CONTEXT('2D SPACE',''
  ) );
#5231 = PCURVE('',#1966,#5232);
#5232 = DEFINITIONAL_REPRESENTATION('',(#5233),#5237);
#5233 = LINE('',#5234,#5235);
#5234 = CARTESIAN_POINT('',(0.,10.));
#5235 = VECTOR('',#5236,1.);
#5236 = DIRECTION('',(1.,0.));
#5237 = ( GEOMETRIC_REPRESENTATION_CONTEXT(2) 
PARAMETRIC_REPRESENTATION_CONTEXT() REPRESENTATION_CONTEXT('2D SPACE',''
  ) );
#5238 = FACE_BOUND('',#5239,.F.);
#5239 = EDGE_LOOP('',(#5240));
#5240 = ORIENTED_EDGE('',*,*,#5241,.T.);
#5241 = EDGE_CURVE('',#5242,#5242,#5244,.T.);
#5242 = VERTEX_POINT('',#5243);
#5243 = CARTESIAN_POINT('',(33.5,155.,0.));
#5244 = SURFACE_CURVE('',#5245,(#5250,#5261),.PCURVE_S1.);
#5245 = CIRCLE('',#5246,6.5);
#5246 = AXIS2_PLACEMENT_3D('',#5247,#5248,#5249);
#5247 = CARTESIAN_POINT('',(40.,155.,0.));
#5248 = DIRECTION('',(0.,0.,-1.));
#5249 = DIRECTION('',(-1.,0.,0.));
#5250 = PCURVE('',#72,#5251);
#5251 = DEFINITIONAL_REPRESENTATION('',(#5252),#5260);
#5252 = ( BOUNDED_CURVE() B_SPLINE_CURVE(2,(#5253,#5254,#5255,#5256,
#5257,#5258,#5259),.UNSPECIFIED.,.T.,.F.) B_SPLINE_CURVE_WITH_KNOTS((1,2
    ,2,2,2,1),(-2.094395102393,0.,2.094395102393,4.188790204786,
6.28318530718,8.377580409573),.UNSPECIFIED.) CURVE() 
GEOMETRIC_REPRESENTATION_ITEM() RATIONAL_B_SPLINE_CURVE((1.,0.5,1.,0.5,
1.,0.5,1.)) REPRESENTATION_ITEM('') );
#5253 = CARTESIAN_POINT('',(33.5,155.));
#5254 = CARTESIAN_POINT('',(33.5,166.25833024919));
#5255 = CARTESIAN_POINT('',(43.25,160.62916512459));
#5256 = CARTESIAN_POINT('',(53.,155.));
#5257 = CARTESIAN_POINT('',(43.25,149.3708348754));
#5258 = CARTESIAN_POINT('',(33.5,143.7416697508));
#5259 = CARTESIAN_POINT('',(33.5,155.));
#5260 = ( GEOMETRIC_REPRESENTATION_CONTEXT(2) 
PARAMETRIC_REPRESENTATION_CONTEXT() REPRESENTATION_CONTEXT('2D SPACE',''
  ) );
#5261 = PCURVE('',#2001,#5262);
#5262 = DEFINITIONAL_REPRESENTATION('',(#5263),#5267);
#5263 = LINE('',#5264,#5265);
#5264 = CARTESIAN_POINT('',(0.,10.));
#5265 = VECTOR('',#5266,1.);
#5266 = DIRECTION('',(1.,0.));
#5267 = ( GEOMETRIC_REPRESENTATION_CONTEXT(2) 
PARAMETRIC_REPRESENTATION_CONTEXT() REPRESENTATION_CONTEXT('2D SPACE',''
  ) );
#5268 = FACE_BOUND('',#5269,.F.);
#5269 = EDGE_LOOP('',(#5270));
#5270 = ORIENTED_EDGE('',*,*,#5271,.T.);
#5271 = EDGE_CURVE('',#5272,#5272,#5274,.T.);
#5272 = VERTEX_POINT('',#5273);
#5273 = CARTESIAN_POINT('',(123.5,155.,0.));
#5274 = SURFACE_CURVE('',#5275,(#5280,#5291),.PCURVE_S1.);
#5275 = CIRCLE('',#5276,6.5);
#5276 = AXIS2_PLACEMENT_3D('',#5277,#5278,#5279);
#5277 = CARTESIAN_POINT('',(130.,155.,0.));
#5278 = DIRECTION('',(0.,0.,-1.));
#5279 = DIRECTION('',(-1.,0.,0.));
#5280 = PCURVE('',#72,#5281);
#5281 = DEFINITIONAL_REPRESENTATION('',(#5282),#5290);
#5282 = ( BOUNDED_CURVE() B_SPLINE_CURVE(2,(#5283,#5284,#5285,#5286,
#5287,#5288,#5289),.UNSPECIFIED.,.T.,.F.) B_SPLINE_CURVE_WITH_KNOTS((1,2
    ,2,2,2,1),(-2.094395102393,0.,2.094395102393,4.188790204786,
6.28318530718,8.377580409573),.UNSPECIFIED.) CURVE() 
GEOMETRIC_REPRESENTATION_ITEM() RATIONAL_B_SPLINE_CURVE((1.,0.5,1.,0.5,
1.,0.5,1.)) REPRESENTATION_ITEM('') );
#5283 = CARTESIAN_POINT('',(123.5,155.));
#5284 = CARTESIAN_POINT('',(123.5,166.25833024919));
#5285 = CARTESIAN_POINT('',(133.25,160.62916512459));
#5286 = CARTESIAN_POINT('',(143.,155.));
#5287 = CARTESIAN_POINT('',(133.25,149.3708348754));
#5288 = CARTESIAN_POINT('',(123.5,143.7416697508));
#5289 = CARTESIAN_POINT('',(123.5,155.));
#5290 = ( GEOMETRIC_REPRESENTATION_CONTEXT(2) 
PARAMETRIC_REPRESENTATION_CONTEXT() REPRESENTATION_CONTEXT('2D SPACE',''
  ) );
#5291 = PCURVE('',#2036,#5292);
#5292 = DEFINITIONAL_REPRESENTATION('',(#5293),#5297);
#5293 = LINE('',#5294,#5295);
#5294 = CARTESIAN_POINT('',(0.,10.));
#5295 = VECTOR('',#5296,1.);
#5296 = DIRECTION('',(1.,0.));
#5297 = ( GEOMETRIC_REPRESENTATION_CONTEXT(2) 
PARAMETRIC_REPRESENTATION_CONTEXT() REPRESENTATION_CONTEXT('2D SPACE',''
  ) );
#5298 = FACE_BOUND('',#5299,.F.);
#5299 = EDGE_LOOP('',(#5300));
#5300 = ORIENTED_EDGE('',*,*,#5301,.T.);
#5301 = EDGE_CURVE('',#5302,#5302,#5304,.T.);
#5302 = VERTEX_POINT('',#5303);
#5303 = CARTESIAN_POINT('',(213.5,155.,0.));
#5304 = SURFACE_CURVE('',#5305,(#5310,#5321),.PCURVE_S1.);
#5305 = CIRCLE('',#5306,6.5);
#5306 = AXIS2_PLACEMENT_3D('',#5307,#5308,#5309);
#5307 = CARTESIAN_POINT('',(220.,155.,0.));
#5308 = DIRECTION('',(0.,0.,-1.));
#5309 = DIRECTION('',(-1.,0.,0.));
#5310 = PCURVE('',#72,#5311);
#5311 = DEFINITIONAL_REPRESENTATION('',(#5312),#5320);
#5312 = ( BOUNDED_CURVE() B_SPLINE_CURVE(2,(#5313,#5314,#5315,#5316,
#5317,#5318,#5319),.UNSPECIFIED.,.T.,.F.) B_SPLINE_CURVE_WITH_KNOTS((1,2
    ,2,2,2,1),(-2.094395102393,0.,2.094395102393,4.188790204786,
6.28318530718,8.377580409573),.UNSPECIFIED.) CURVE() 
GEOMETRIC_REPRESENTATION_ITEM() RATIONAL_B_SPLINE_CURVE((1.,0.5,1.,0.5,
1.,0.5,1.)) REPRESENTATION_ITEM('') );
#5313 = CARTESIAN_POINT('',(213.5,155.));
#5314 = CARTESIAN_POINT('',(213.5,166.25833024919));
#5315 = CARTESIAN_POINT('',(223.25,160.62916512459));
#5316 = CARTESIAN_POINT('',(233.,155.));
#5317 = CARTESIAN_POINT('',(223.25,149.3708348754));
#5318 = CARTESIAN_POINT('',(213.5,143.7416697508));
#5319 = CARTESIAN_POINT('',(213.5,155.));
#5320 = ( GEOMETRIC_REPRESENTATION_CONTEXT(2) 
PARAMETRIC_REPRESENTATION_CONTEXT() REPRESENTATION_CONTEXT('2D SPACE',''
  ) );
#5321 = PCURVE('',#2071,#5322);
#5322 = DEFINITIONAL_REPRESENTATION('',(#5323),#5327);
#5323 = LINE('',#5324,#5325);
#5324 = CARTESIAN_POINT('',(0.,10.));
#5325 = VECTOR('',#5326,1.);
#5326 = DIRECTION('',(1.,0.));
#5327 = ( GEOMETRIC_REPRESENTATION_CONTEXT(2) 
PARAMETRIC_REPRESENTATION_CONTEXT() REPRESENTATION_CONTEXT('2D SPACE',''
  ) );
#5328 = FACE_BOUND('',#5329,.F.);
#5329 = EDGE_LOOP('',(#5330));
#5330 = ORIENTED_EDGE('',*,*,#5331,.T.);
#5331 = EDGE_CURVE('',#5332,#5332,#5334,.T.);
#5332 = VERTEX_POINT('',#5333);
#5333 = CARTESIAN_POINT('',(303.5,155.,0.));
#5334 = SURFACE_CURVE('',#5335,(#5340,#5351),.PCURVE_S1.);
#5335 = CIRCLE('',#5336,6.5);
#5336 = AXIS2_PLACEMENT_3D('',#5337,#5338,#5339);
#5337 = CARTESIAN_POINT('',(310.,155.,0.));
#5338 = DIRECTION('',(0.,0.,-1.));
#5339 = DIRECTION('',(-1.,0.,0.));
#5340 = PCURVE('',#72,#5341);
#5341 = DEFINITIONAL_REPRESENTATION('',(#5342),#5350);
#5342 = ( BOUNDED_CURVE() B_SPLINE_CURVE(2,(#5343,#5344,#5345,#5346,
#5347,#5348,#5349),.UNSPECIFIED.,.T.,.F.) B_SPLINE_CURVE_WITH_KNOTS((1,2
    ,2,2,2,1),(-2.094395102393,0.,2.094395102393,4.188790204786,
6.28318530718,8.377580409573),.UNSPECIFIED.) CURVE() 
GEOMETRIC_REPRESENTATION_ITEM() RATIONAL_B_SPLINE_CURVE((1.,0.5,1.,0.5,
1.,0.5,1.)) REPRESENTATION_ITEM('') );
#5343 = CARTESIAN_POINT('',(303.5,155.));
#5344 = CARTESIAN_POINT('',(303.5,166.25833024919));
#5345 = CARTESIAN_POINT('',(313.25,160.62916512459));
#5346 = CARTESIAN_POINT('',(323.,155.));
#5347 = CARTESIAN_POINT('',(313.25,149.3708348754));
#5348 = CARTESIAN_POINT('',(303.5,143.7416697508));
#5349 = CARTESIAN_POINT('',(303.5,155.));
#5350 = ( GEOMETRIC_REPRESENTATION_CONTEXT(2) 
PARAMETRIC_REPRESENTATION_CONTEXT() REPRESENTATION_CONTEXT('2D SPACE',''
  ) );
#5351 = PCURVE('',#2106,#5352);
#5352 = DEFINITIONAL_REPRESENTATION('',(#5353),#5357);
#5353 = LINE('',#5354,#5355);
#5354 = CARTESIAN_POINT('',(0.,10.));
#5355 = VECTOR('',#5356,1.);
#5356 = DIRECTION('',(1.,0.));
#5357 = ( GEOMETRIC_REPRESENTATION_CONTEXT(2) 
PARAMETRIC_REPRESENTATION_CONTEXT() REPRESENTATION_CONTEXT('2D SPACE',''
  ) );
#5358 = FACE_BOUND('',#5359,.F.);
#5359 = EDGE_LOOP('',(#5360));
#5360 = ORIENTED_EDGE('',*,*,#5361,.T.);
#5361 = EDGE_CURVE('',#5362,#5362,#5364,.T.);
#5362 = VERTEX_POINT('',#5363);
#5363 = CARTESIAN_POINT('',(393.5,155.,0.));
#5364 = SURFACE_CURVE('',#5365,(#5370,#5381),.PCURVE_S1.);
#5365 = CIRCLE('',#5366,6.5);
#5366 = AXIS2_PLACEMENT_3D('',#5367,#5368,#5369);
#5367 = CARTESIAN_POINT('',(400.,155.,0.));
#5368 = DIRECTION('',(0.,0.,-1.));
#5369 = DIRECTION('',(-1.,0.,0.));
#5370 = PCURVE('',#72,#5371);
#5371 = DEFINITIONAL_REPRESENTATION('',(#5372),#5380);
#5372 = ( BOUNDED_CURVE() B_SPLINE_CURVE(2,(#5373,#5374,#5375,#5376,
#5377,#5378,#5379),.UNSPECIFIED.,.T.,.F.) B_SPLINE_CURVE_WITH_KNOTS((1,2
    ,2,2,2,1),(-2.094395102393,0.,2.094395102393,4.188790204786,
6.28318530718,8.377580409573),.UNSPECIFIED.) CURVE() 
GEOMETRIC_REPRESENTATION_ITEM() RATIONAL_B_SPLINE_CURVE((1.,0.5,1.,0.5,
1.,0.5,1.)) REPRESENTATION_ITEM('') );
#5373 = CARTESIAN_POINT('',(393.5,155.));
#5374 = CARTESIAN_POINT('',(393.5,166.25833024919));
#5375 = CARTESIAN_POINT('',(403.25,160.62916512459));
#5376 = CARTESIAN_POINT('',(413.,155.));
#5377 = CARTESIAN_POINT('',(403.25,149.3708348754));
#5378 = CARTESIAN_POINT('',(393.5,143.7416697508));
#5379 = CARTESIAN_POINT('',(393.5,155.));
#5380 = ( GEOMETRIC_REPRESENTATION_CONTEXT(2) 
PARAMETRIC_REPRESENTATION_CONTEXT() REPRESENTATION_CONTEXT('2D SPACE',''
  ) );
#5381 = PCURVE('',#2141,#5382);
#5382 = DEFINITIONAL_REPRESENTATION('',(#5383),#5387);
#5383 = LINE('',#5384,#5385);
#5384 = CARTESIAN_POINT('',(0.,10.));
#5385 = VECTOR('',#5386,1.);
#5386 = DIRECTION('',(1.,0.));
#5387 = ( GEOMETRIC_REPRESENTATION_CONTEXT(2) 
PARAMETRIC_REPRESENTATION_CONTEXT() REPRESENTATION_CONTEXT('2D SPACE',''
  ) );
#5388 = FACE_BOUND('',#5389,.F.);
#5389 = EDGE_LOOP('',(#5390));
#5390 = ORIENTED_EDGE('',*,*,#5391,.T.);
#5391 = EDGE_CURVE('',#5392,#5392,#5394,.T.);
#5392 = VERTEX_POINT('',#5393);
#5393 = CARTESIAN_POINT('',(483.5,155.,0.));
#5394 = SURFACE_CURVE('',#5395,(#5400,#5411),.PCURVE_S1.);
#5395 = CIRCLE('',#5396,6.5);
#5396 = AXIS2_PLACEMENT_3D('',#5397,#5398,#5399);
#5397 = CARTESIAN_POINT('',(490.,155.,0.));
#5398 = DIRECTION('',(0.,0.,-1.));
#5399 = DIRECTION('',(-1.,0.,0.));
#5400 = PCURVE('',#72,#5401);
#5401 = DEFINITIONAL_REPRESENTATION('',(#5402),#5410);
#5402 = ( BOUNDED_CURVE() B_SPLINE_CURVE(2,(#5403,#5404,#5405,#5406,
#5407,#5408,#5409),.UNSPECIFIED.,.T.,.F.) B_SPLINE_CURVE_WITH_KNOTS((1,2
    ,2,2,2,1),(-2.094395102393,0.,2.094395102393,4.188790204786,
6.28318530718,8.377580409573),.UNSPECIFIED.) CURVE() 
GEOMETRIC_REPRESENTATION_ITEM() RATIONAL_B_SPLINE_CURVE((1.,0.5,1.,0.5,
1.,0.5,1.)) REPRESENTATION_ITEM('') );
#5403 = CARTESIAN_POINT('',(483.5,155.));
#5404 = CARTESIAN_POINT('',(483.5,166.25833024919));
#5405 = CARTESIAN_POINT('',(493.25,160.62916512459));
#5406 = CARTESIAN_POINT('',(503.,155.));
#5407 = CARTESIAN_POINT('',(493.25,149.3708348754));
#5408 = CARTESIAN_POINT('',(483.5,143.7416697508));
#5409 = CARTESIAN_POINT('',(483.5,155.));
#5410 = ( GEOMETRIC_REPRESENTATION_CONTEXT(2) 
PARAMETRIC_REPRESENTATION_CONTEXT() REPRESENTATION_CONTEXT('2D SPACE',''
  ) );
#5411 = PCURVE('',#2176,#5412);
#5412 = DEFINITIONAL_REPRESENTATION('',(#5413),#5417);
#5413 = LINE('',#5414,#5415);
#5414 = CARTESIAN_POINT('',(0.,10.));
#5415 = VECTOR('',#5416,1.);
#5416 = DIRECTION('',(1.,0.));
#5417 = ( GEOMETRIC_REPRESENTATION_CONTEXT(2) 
PARAMETRIC_REPRESENTATION_CONTEXT() REPRESENTATION_CONTEXT('2D SPACE',''
  ) );
#5418 = FACE_BOUND('',#5419,.F.);
#5419 = EDGE_LOOP('',(#5420));
#5420 = ORIENTED_EDGE('',*,*,#5421,.T.);
#5421 = EDGE_CURVE('',#5422,#5422,#5424,.T.);
#5422 = VERTEX_POINT('',#5423);
#5423 = CARTESIAN_POINT('',(573.5,155.,0.));
#5424 = SURFACE_CURVE('',#5425,(#5430,#5441),.PCURVE_S1.);
#5425 = CIRCLE('',#5426,6.5);
#5426 = AXIS2_PLACEMENT_3D('',#5427,#5428,#5429);
#5427 = CARTESIAN_POINT('',(580.,155.,0.));
#5428 = DIRECTION('',(0.,0.,-1.));
#5429 = DIRECTION('',(-1.,0.,0.));
#5430 = PCURVE('',#72,#5431);
#5431 = DEFINITIONAL_REPRESENTATION('',(#5432),#5440);
#5432 = ( BOUNDED_CURVE() B_SPLINE_CURVE(2,(#5433,#5434,#5435,#5436,
#5437,#5438,#5439),.UNSPECIFIED.,.T.,.F.) B_SPLINE_CURVE_WITH_KNOTS((1,2
    ,2,2,2,1),(-2.094395102393,0.,2.094395102393,4.188790204786,
6.28318530718,8.377580409573),.UNSPECIFIED.) CURVE() 
GEOMETRIC_REPRESENTATION_ITEM() RATIONAL_B_SPLINE_CURVE((1.,0.5,1.,0.5,
1.,0.5,1.)) REPRESENTATION_ITEM('') );
#5433 = CARTESIAN_POINT('',(573.5,155.));
#5434 = CARTESIAN_POINT('',(573.5,166.25833024919));
#5435 = CARTESIAN_POINT('',(583.25,160.62916512459));
#5436 = CARTESIAN_POINT('',(593.,155.));
#5437 = CARTESIAN_POINT('',(583.25,149.3708348754));
#5438 = CARTESIAN_POINT('',(573.5,143.7416697508));
#5439 = CARTESIAN_POINT('',(573.5,155.));
#5440 = ( GEOMETRIC_REPRESENTATION_CONTEXT(2) 
PARAMETRIC_REPRESENTATION_CONTEXT() REPRESENTATION_CONTEXT('2D SPACE',''
  ) );
#5441 = PCURVE('',#2211,#5442);
#5442 = DEFINITIONAL_REPRESENTATION('',(#5443),#5447);
#5443 = LINE('',#5444,#5445);
#5444 = CARTESIAN_POINT('',(0.,10.));
#5445 = VECTOR('',#5446,1.);
#5446 = DIRECTION('',(1.,0.));
#5447 = ( GEOMETRIC_REPRESENTATION_CONTEXT(2) 
PARAMETRIC_REPRESENTATION_CONTEXT() REPRESENTATION_CONTEXT('2D SPACE',''
  ) );
#5448 = FACE_BOUND('',#5449,.F.);
#5449 = EDGE_LOOP('',(#5450));
#5450 = ORIENTED_EDGE('',*,*,#5451,.T.);
#5451 = EDGE_CURVE('',#5452,#5452,#5454,.T.);
#5452 = VERTEX_POINT('',#5453);
#5453 = CARTESIAN_POINT('',(663.5,155.,0.));
#5454 = SURFACE_CURVE('',#5455,(#5460,#5471),.PCURVE_S1.);
#5455 = CIRCLE('',#5456,6.5);
#5456 = AXIS2_PLACEMENT_3D('',#5457,#5458,#5459);
#5457 = CARTESIAN_POINT('',(670.,155.,0.));
#5458 = DIRECTION('',(0.,0.,-1.));
#5459 = DIRECTION('',(-1.,0.,0.));
#5460 = PCURVE('',#72,#5461);
#5461 = DEFINITIONAL_REPRESENTATION('',(#5462),#5470);
#5462 = ( BOUNDED_CURVE() B_SPLINE_CURVE(2,(#5463,#5464,#5465,#5466,
#5467,#5468,#5469),.UNSPECIFIED.,.T.,.F.) B_SPLINE_CURVE_WITH_KNOTS((1,2
    ,2,2,2,1),(-2.094395102393,0.,2.094395102393,4.188790204786,
6.28318530718,8.377580409573),.UNSPECIFIED.) CURVE() 
GEOMETRIC_REPRESENTATION_ITEM() RATIONAL_B_SPLINE_CURVE((1.,0.5,1.,0.5,
1.,0.5,1.)) REPRESENTATION_ITEM('') );
#5463 = CARTESIAN_POINT('',(663.5,155.));
#5464 = CARTESIAN_POINT('',(663.5,166.25833024919));
#5465 = CARTESIAN_POINT('',(673.25,160.62916512459));
#5466 = CARTESIAN_POINT('',(683.,155.));
#5467 = CARTESIAN_POINT('',(673.25,149.3708348754));
#5468 = CARTESIAN_POINT('',(663.5,143.7416697508));
#5469 = CARTESIAN_POINT('',(663.5,155.));
#5470 = ( GEOMETRIC_REPRESENTATION_CONTEXT(2) 
PARAMETRIC_REPRESENTATION_CONTEXT() REPRESENTATION_CONTEXT('2D SPACE',''
  ) );
#5471 = PCURVE('',#2246,#5472);
#5472 = DEFINITIONAL_REPRESENTATION('',(#5473),#5477);
#5473 = LINE('',#5474,#5475);
#5474 = CARTESIAN_POINT('',(0.,10.));
#5475 = VECTOR('',#5476,1.);
#5476 = DIRECTION('',(1.,0.));
#5477 = ( GEOMETRIC_REPRESENTATION_CONTEXT(2) 
PARAMETRIC_REPRESENTATION_CONTEXT() REPRESENTATION_CONTEXT('2D SPACE',''
  ) );
#5478 = FACE_BOUND('',#5479,.F.);
#5479 = EDGE_LOOP('',(#5480));
#5480 = ORIENTED_EDGE('',*,*,#5481,.T.);
#5481 = EDGE_CURVE('',#5482,#5482,#5484,.T.);
#5482 = VERTEX_POINT('',#5483);
#5483 = CARTESIAN_POINT('',(753.5,155.,0.));
#5484 = SURFACE_CURVE('',#5485,(#5490,#5501),.PCURVE_S1.);
#5485 = CIRCLE('',#5486,6.5);
#5486 = AXIS2_PLACEMENT_3D('',#5487,#5488,#5489);
#5487 = CARTESIAN_POINT('',(760.,155.,0.));
#5488 = DIRECTION('',(0.,0.,-1.));
#5489 = DIRECTION('',(-1.,0.,0.));
#5490 = PCURVE('',#72,#5491);
#5491 = DEFINITIONAL_REPRESENTATION('',(#5492),#5500);
#5492 = ( BOUNDED_CURVE() B_SPLINE_CURVE(2,(#5493,#5494,#5495,#5496,
#5497,#5498,#5499),.UNSPECIFIED.,.T.,.F.) B_SPLINE_CURVE_WITH_KNOTS((1,2
    ,2,2,2,1),(-2.094395102393,0.,2.094395102393,4.188790204786,
6.28318530718,8.377580409573),.UNSPECIFIED.) CURVE() 
GEOMETRIC_REPRESENTATION_ITEM() RATIONAL_B_SPLINE_CURVE((1.,0.5,1.,0.5,
1.,0.5,1.)) REPRESENTATION_ITEM('') );
#5493 = CARTESIAN_POINT('',(753.5,155.));
#5494 = CARTESIAN_POINT('',(753.5,166.25833024919));
#5495 = CARTESIAN_POINT('',(763.25,160.62916512459));
#5496 = CARTESIAN_POINT('',(773.,155.));
#5497 = CARTESIAN_POINT('',(763.25,149.3708348754));
#5498 = CARTESIAN_POINT('',(753.5,143.7416697508));
#5499 = CARTESIAN_POINT('',(753.5,155.));
#5500 = ( GEOMETRIC_REPRESENTATION_CONTEXT(2) 
PARAMETRIC_REPRESENTATION_CONTEXT() REPRESENTATION_CONTEXT('2D SPACE',''
  ) );
#5501 = PCURVE('',#2281,#5502);
#5502 = DEFINITIONAL_REPRESENTATION('',(#5503),#5507);
#5503 = LINE('',#5504,#5505);
#5504 = CARTESIAN_POINT('',(0.,10.));
#5505 = VECTOR('',#5506,1.);
#5506 = DIRECTION('',(1.,0.));
#5507 = ( GEOMETRIC_REPRESENTATION_CONTEXT(2) 
PARAMETRIC_REPRESENTATION_CONTEXT() REPRESENTATION_CONTEXT('2D SPACE',''
  ) );
#5508 = FACE_BOUND('',#5509,.F.);
#5509 = EDGE_LOOP('',(#5510));
#5510 = ORIENTED_EDGE('',*,*,#5511,.T.);
#5511 = EDGE_CURVE('',#5512,#5512,#5514,.T.);
#5512 = VERTEX_POINT('',#5513);
#5513 = CARTESIAN_POINT('',(843.5,155.,0.));
#5514 = SURFACE_CURVE('',#5515,(#5520,#5531),.PCURVE_S1.);
#5515 = CIRCLE('',#5516,6.5);
#5516 = AXIS2_PLACEMENT_3D('',#5517,#5518,#5519);
#5517 = CARTESIAN_POINT('',(850.,155.,0.));
#5518 = DIRECTION('',(0.,0.,-1.));
#5519 = DIRECTION('',(-1.,0.,0.));
#5520 = PCURVE('',#72,#5521);
#5521 = DEFINITIONAL_REPRESENTATION('',(#5522),#5530);
#5522 = ( BOUNDED_CURVE() B_SPLINE_CURVE(2,(#5523,#5524,#5525,#5526,
#5527,#5528,#5529),.UNSPECIFIED.,.T.,.F.) B_SPLINE_CURVE_WITH_KNOTS((1,2
    ,2,2,2,1),(-2.094395102393,0.,2.094395102393,4.188790204786,
6.28318530718,8.377580409573),.UNSPECIFIED.) CURVE() 
GEOMETRIC_REPRESENTATION_ITEM() RATIONAL_B_SPLINE_CURVE((1.,0.5,1.,0.5,
1.,0.5,1.)) REPRESENTATION_ITEM('') );
#5523 = CARTESIAN_POINT('',(843.5,155.));
#5524 = CARTESIAN_POINT('',(843.5,166.25833024919));
#5525 = CARTESIAN_POINT('',(853.25,160.62916512459));
#5526 = CARTESIAN_POINT('',(863.,155.));
#5527 = CARTESIAN_POINT('',(853.25,149.3708348754));
#5528 = CARTESIAN_POINT('',(843.5,143.7416697508));
#5529 = CARTESIAN_POINT('',(843.5,155.));
#5530 = ( GEOMETRIC_REPRESENTATION_CONTEXT(2) 
PARAMETRIC_REPRESENTATION_CONTEXT() REPRESENTATION_CONTEXT('2D SPACE',''
  ) );
#5531 = PCURVE('',#2316,#5532);
#5532 = DEFINITIONAL_REPRESENTATION('',(#5533),#5537);
#5533 = LINE('',#5534,#5535);
#5534 = CARTESIAN_POINT('',(0.,10.));
#5535 = VECTOR('',#5536,1.);
#5536 = DIRECTION('',(1.,0.));
#5537 = ( GEOMETRIC_REPRESENTATION_CONTEXT(2) 
PARAMETRIC_REPRESENTATION_CONTEXT() REPRESENTATION_CONTEXT('2D SPACE',''
  ) );
#5538 = FACE_BOUND('',#5539,.F.);
#5539 = EDGE_LOOP('',(#5540));
#5540 = ORIENTED_EDGE('',*,*,#5541,.T.);
#5541 = EDGE_CURVE('',#5542,#5542,#5544,.T.);
#5542 = VERTEX_POINT('',#5543);
#5543 = CARTESIAN_POINT('',(953.5,155.,0.));
#5544 = SURFACE_CURVE('',#5545,(#5550,#5561),.PCURVE_S1.);
#5545 = CIRCLE('',#5546,6.5);
#5546 = AXIS2_PLACEMENT_3D('',#5547,#5548,#5549);
#5547 = CARTESIAN_POINT('',(960.,155.,0.));
#5548 = DIRECTION('',(0.,0.,-1.));
#5549 = DIRECTION('',(-1.,0.,0.));
#5550 = PCURVE('',#72,#5551);
#5551 = DEFINITIONAL_REPRESENTATION('',(#5552),#5560);
#5552 = ( BOUNDED_CURVE() B_SPLINE_CURVE(2,(#5553,#5554,#5555,#5556,
#5557,#5558,#5559),.UNSPECIFIED.,.T.,.F.) B_SPLINE_CURVE_WITH_KNOTS((1,2
    ,2,2,2,1),(-2.094395102393,0.,2.094395102393,4.188790204786,
6.28318530718,8.377580409573),.UNSPECIFIED.) CURVE() 
GEOMETRIC_REPRESENTATION_ITEM() RATIONAL_B_SPLINE_CURVE((1.,0.5,1.,0.5,
1.,0.5,1.)) REPRESENTATION_ITEM('') );
#5553 = CARTESIAN_POINT('',(953.5,155.));
#5554 = CARTESIAN_POINT('',(953.5,166.25833024919));
#5555 = CARTESIAN_POINT('',(963.25,160.62916512459));
#5556 = CARTESIAN_POINT('',(973.,155.));
#5557 = CARTESIAN_POINT('',(963.25,149.3708348754));
#5558 = CARTESIAN_POINT('',(953.5,143.7416697508));
#5559 = CARTESIAN_POINT('',(953.5,155.));
#5560 = ( GEOMETRIC_REPRESENTATION_CONTEXT(2) 
PARAMETRIC_REPRESENTATION_CONTEXT() REPRESENTATION_CONTEXT('2D SPACE',''
  ) );
#5561 = PCURVE('',#2351,#5562);
#5562 = DEFINITIONAL_REPRESENTATION('',(#5563),#5567);
#5563 = LINE('',#5564,#5565);
#5564 = CARTESIAN_POINT('',(0.,10.));
#5565 = VECTOR('',#5566,1.);
#5566 = DIRECTION('',(1.,0.));
#5567 = ( GEOMETRIC_REPRESENTATION_CONTEXT(2) 
PARAMETRIC_REPRESENTATION_CONTEXT() REPRESENTATION_CONTEXT('2D SPACE',''
  ) );
#5568 = FACE_BOUND('',#5569,.F.);
#5569 = EDGE_LOOP('',(#5570));
#5570 = ORIENTED_EDGE('',*,*,#5571,.T.);
#5571 = EDGE_CURVE('',#5572,#5572,#5574,.T.);
#5572 = VERTEX_POINT('',#5573);
#5573 = CARTESIAN_POINT('',(1.0335E+03,155.,0.));
#5574 = SURFACE_CURVE('',#5575,(#5580,#5591),.PCURVE_S1.);
#5575 = CIRCLE('',#5576,6.5);
#5576 = AXIS2_PLACEMENT_3D('',#5577,#5578,#5579);
#5577 = CARTESIAN_POINT('',(1.04E+03,155.,0.));
#5578 = DIRECTION('',(0.,0.,-1.));
#5579 = DIRECTION('',(-1.,0.,0.));
#5580 = PCURVE('',#72,#5581);
#5581 = DEFINITIONAL_REPRESENTATION('',(#5582),#5590);
#5582 = ( BOUNDED_CURVE() B_SPLINE_CURVE(2,(#5583,#5584,#5585,#5586,
#5587,#5588,#5589),.UNSPECIFIED.,.T.,.F.) B_SPLINE_CURVE_WITH_KNOTS((1,2
    ,2,2,2,1),(-2.094395102393,0.,2.094395102393,4.188790204786,
6.28318530718,8.377580409573),.UNSPECIFIED.) CURVE() 
GEOMETRIC_REPRESENTATION_ITEM() RATIONAL_B_SPLINE_CURVE((1.,0.5,1.,0.5,
1.,0.5,1.)) REPRESENTATION_ITEM('') );
#5583 = CARTESIAN_POINT('',(1.0335E+03,155.));
#5584 = CARTESIAN_POINT('',(1.0335E+03,166.25833024919));
#5585 = CARTESIAN_POINT('',(1.04325E+03,160.62916512459));
#5586 = CARTESIAN_POINT('',(1.053E+03,155.));
#5587 = CARTESIAN_POINT('',(1.04325E+03,149.3708348754));
#5588 = CARTESIAN_POINT('',(1.0335E+03,143.7416697508));
#5589 = CARTESIAN_POINT('',(1.0335E+03,155.));
#5590 = ( GEOMETRIC_REPRESENTATION_CONTEXT(2) 
PARAMETRIC_REPRESENTATION_CONTEXT() REPRESENTATION_CONTEXT('2D SPACE',''
  ) );
#5591 = PCURVE('',#2386,#5592);
#5592 = DEFINITIONAL_REPRESENTATION('',(#5593),#5597);
#5593 = LINE('',#5594,#5595);
#5594 = CARTESIAN_POINT('',(0.,10.));
#5595 = VECTOR('',#5596,1.);
#5596 = DIRECTION('',(1.,0.));
#5597 = ( GEOMETRIC_REPRESENTATION_CONTEXT(2) 
PARAMETRIC_REPRESENTATION_CONTEXT() REPRESENTATION_CONTEXT('2D SPACE',''
  ) );
#5598 = FACE_BOUND('',#5599,.F.);
#5599 = EDGE_LOOP('',(#5600));
#5600 = ORIENTED_EDGE('',*,*,#5601,.T.);
#5601 = EDGE_CURVE('',#5602,#5602,#5604,.T.);
#5602 = VERTEX_POINT('',#5603);
#5603 = CARTESIAN_POINT('',(1.1135E+03,155.,0.));
#5604 = SURFACE_CURVE('',#5605,(#5610,#5621),.PCURVE_S1.);
#5605 = CIRCLE('',#5606,6.5);
#5606 = AXIS2_PLACEMENT_3D('',#5607,#5608,#5609);
#5607 = CARTESIAN_POINT('',(1.12E+03,155.,0.));
#5608 = DIRECTION('',(0.,0.,-1.));
#5609 = DIRECTION('',(-1.,0.,0.));
#5610 = PCURVE('',#72,#5611);
#5611 = DEFINITIONAL_REPRESENTATION('',(#5612),#5620);
#5612 = ( BOUNDED_CURVE() B_SPLINE_CURVE(2,(#5613,#5614,#5615,#5616,
#5617,#5618,#5619),.UNSPECIFIED.,.T.,.F.) B_SPLINE_CURVE_WITH_KNOTS((1,2
    ,2,2,2,1),(-2.094395102393,0.,2.094395102393,4.188790204786,
6.28318530718,8.377580409573),.UNSPECIFIED.) CURVE() 
GEOMETRIC_REPRESENTATION_ITEM() RATIONAL_B_SPLINE_CURVE((1.,0.5,1.,0.5,
1.,0.5,1.)) REPRESENTATION_ITEM('') );
#5613 = CARTESIAN_POINT('',(1.1135E+03,155.));
#5614 = CARTESIAN_POINT('',(1.1135E+03,166.25833024919));
#5615 = CARTESIAN_POINT('',(1.12325E+03,160.62916512459));
#5616 = CARTESIAN_POINT('',(1.133E+03,155.));
#5617 = CARTESIAN_POINT('',(1.12325E+03,149.3708348754));
#5618 = CARTESIAN_POINT('',(1.1135E+03,143.7416697508));
#5619 = CARTESIAN_POINT('',(1.1135E+03,155.));
#5620 = ( GEOMETRIC_REPRESENTATION_CONTEXT(2) 
PARAMETRIC_REPRESENTATION_CONTEXT() REPRESENTATION_CONTEXT('2D SPACE',''
  ) );
#5621 = PCURVE('',#2421,#5622);
#5622 = DEFINITIONAL_REPRESENTATION('',(#5623),#5627);
#5623 = LINE('',#5624,#5625);
#5624 = CARTESIAN_POINT('',(0.,10.));
#5625 = VECTOR('',#5626,1.);
#5626 = DIRECTION('',(1.,0.));
#5627 = ( GEOMETRIC_REPRESENTATION_CONTEXT(2) 
PARAMETRIC_REPRESENTATION_CONTEXT() REPRESENTATION_CONTEXT('2D SPACE',''
  ) );
#5628 = FACE_BOUND('',#5629,.F.);
#5629 = EDGE_LOOP('',(#5630));
#5630 = ORIENTED_EDGE('',*,*,#5631,.T.);
#5631 = EDGE_CURVE('',#5632,#5632,#5634,.T.);
#5632 = VERTEX_POINT('',#5633);
#5633 = CARTESIAN_POINT('',(1.1935E+03,155.,0.));
#5634 = SURFACE_CURVE('',#5635,(#5640,#5651),.PCURVE_S1.);
#5635 = CIRCLE('',#5636,6.5);
#5636 = AXIS2_PLACEMENT_3D('',#5637,#5638,#5639);
#5637 = CARTESIAN_POINT('',(1.2E+03,155.,0.));
#5638 = DIRECTION('',(0.,0.,-1.));
#5639 = DIRECTION('',(-1.,0.,0.));
#5640 = PCURVE('',#72,#5641);
#5641 = DEFINITIONAL_REPRESENTATION('',(#5642),#5650);
#5642 = ( BOUNDED_CURVE() B_SPLINE_CURVE(2,(#5643,#5644,#5645,#5646,
#5647,#5648,#5649),.UNSPECIFIED.,.T.,.F.) B_SPLINE_CURVE_WITH_KNOTS((1,2
    ,2,2,2,1),(-2.094395102393,0.,2.094395102393,4.188790204786,
6.28318530718,8.377580409573),.UNSPECIFIED.) CURVE() 
GEOMETRIC_REPRESENTATION_ITEM() RATIONAL_B_SPLINE_CURVE((1.,0.5,1.,0.5,
1.,0.5,1.)) REPRESENTATION_ITEM('') );
#5643 = CARTESIAN_POINT('',(1.1935E+03,155.));
#5644 = CARTESIAN_POINT('',(1.1935E+03,166.25833024919));
#5645 = CARTESIAN_POINT('',(1.20325E+03,160.62916512459));
#5646 = CARTESIAN_POINT('',(1.213E+03,155.));
#5647 = CARTESIAN_POINT('',(1.20325E+03,149.3708348754));
#5648 = CARTESIAN_POINT('',(1.1935E+03,143.7416697508));
#5649 = CARTESIAN_POINT('',(1.1935E+03,155.));
#5650 = ( GEOMETRIC_REPRESENTATION_CONTEXT(2) 
PARAMETRIC_REPRESENTATION_CONTEXT() REPRESENTATION_CONTEXT('2D SPACE',''
  ) );
#5651 = PCURVE('',#2456,#5652);
#5652 = DEFINITIONAL_REPRESENTATION('',(#5653),#5657);
#5653 = LINE('',#5654,#5655);
#5654 = CARTESIAN_POINT('',(0.,10.));
#5655 = VECTOR('',#5656,1.);
#5656 = DIRECTION('',(1.,0.));
#5657 = ( GEOMETRIC_REPRESENTATION_CONTEXT(2) 
PARAMETRIC_REPRESENTATION_CONTEXT() REPRESENTATION_CONTEXT('2D SPACE',''
  ) );
#5658 = FACE_BOUND('',#5659,.F.);
#5659 = EDGE_LOOP('',(#5660));
#5660 = ORIENTED_EDGE('',*,*,#5661,.T.);
#5661 = EDGE_CURVE('',#5662,#5662,#5664,.T.);
#5662 = VERTEX_POINT('',#5663);
#5663 = CARTESIAN_POINT('',(1.2735E+03,155.,0.));
#5664 = SURFACE_CURVE('',#5665,(#5670,#5681),.PCURVE_S1.);
#5665 = CIRCLE('',#5666,6.5);
#5666 = AXIS2_PLACEMENT_3D('',#5667,#5668,#5669);
#5667 = CARTESIAN_POINT('',(1.28E+03,155.,0.));
#5668 = DIRECTION('',(0.,0.,-1.));
#5669 = DIRECTION('',(-1.,0.,0.));
#5670 = PCURVE('',#72,#5671);
#5671 = DEFINITIONAL_REPRESENTATION('',(#5672),#5680);
#5672 = ( BOUNDED_CURVE() B_SPLINE_CURVE(2,(#5673,#5674,#5675,#5676,
#5677,#5678,#5679),.UNSPECIFIED.,.T.,.F.) B_SPLINE_CURVE_WITH_KNOTS((1,2
    ,2,2,2,1),(-2.094395102393,0.,2.094395102393,4.188790204786,
6.28318530718,8.377580409573),.UNSPECIFIED.) CURVE() 
GEOMETRIC_REPRESENTATION_ITEM() RATIONAL_B_SPLINE_CURVE((1.,0.5,1.,0.5,
1.,0.5,1.)) REPRESENTATION_ITEM('') );
#5673 = CARTESIAN_POINT('',(1.2735E+03,155.));
#5674 = CARTESIAN_POINT('',(1.2735E+03,166.25833024919));
#5675 = CARTESIAN_POINT('',(1.28325E+03,160.62916512459));
#5676 = CARTESIAN_POINT('',(1.293E+03,155.));
#5677 = CARTESIAN_POINT('',(1.28325E+03,149.3708348754));
#5678 = CARTESIAN_POINT('',(1.2735E+03,143.7416697508));
#5679 = CARTESIAN_POINT('',(1.2735E+03,155.));
#5680 = ( GEOMETRIC_REPRESENTATION_CONTEXT(2) 
PARAMETRIC_REPRESENTATION_CONTEXT() REPRESENTATION_CONTEXT('2D SPACE',''
  ) );
#5681 = PCURVE('',#2491,#5682);
#5682 = DEFINITIONAL_REPRESENTATION('',(#5683),#5687);
#5683 = LINE('',#5684,#5685);
#5684 = CARTESIAN_POINT('',(0.,10.));
#5685 = VECTOR('',#5686,1.);
#5686 = DIRECTION('',(1.,0.));
#5687 = ( GEOMETRIC_REPRESENTATION_CONTEXT(2) 
PARAMETRIC_REPRESENTATION_CONTEXT() REPRESENTATION_CONTEXT('2D SPACE',''
  ) );
#5688 = FACE_BOUND('',#5689,.F.);
#5689 = EDGE_LOOP('',(#5690));
#5690 = ORIENTED_EDGE('',*,*,#5691,.T.);
#5691 = EDGE_CURVE('',#5692,#5692,#5694,.T.);
#5692 = VERTEX_POINT('',#5693);
#5693 = CARTESIAN_POINT('',(1.3535E+03,155.,0.));
#5694 = SURFACE_CURVE('',#5695,(#5700,#5711),.PCURVE_S1.);
#5695 = CIRCLE('',#5696,6.5);
#5696 = AXIS2_PLACEMENT_3D('',#5697,#5698,#5699);
#5697 = CARTESIAN_POINT('',(1.36E+03,155.,0.));
#5698 = DIRECTION('',(0.,0.,-1.));
#5699 = DIRECTION('',(-1.,0.,0.));
#5700 = PCURVE('',#72,#5701);
#5701 = DEFINITIONAL_REPRESENTATION('',(#5702),#5710);
#5702 = ( BOUNDED_CURVE() B_SPLINE_CURVE(2,(#5703,#5704,#5705,#5706,
#5707,#5708,#5709),.UNSPECIFIED.,.T.,.F.) B_SPLINE_CURVE_WITH_KNOTS((1,2
    ,2,2,2,1),(-2.094395102393,0.,2.094395102393,4.188790204786,
6.28318530718,8.377580409573),.UNSPECIFIED.) CURVE() 
GEOMETRIC_REPRESENTATION_ITEM() RATIONAL_B_SPLINE_CURVE((1.,0.5,1.,0.5,
1.,0.5,1.)) REPRESENTATION_ITEM('') );
#5703 = CARTESIAN_POINT('',(1.3535E+03,155.));
#5704 = CARTESIAN_POINT('',(1.3535E+03,166.25833024919));
#5705 = CARTESIAN_POINT('',(1.36325E+03,160.62916512459));
#5706 = CARTESIAN_POINT('',(1.373E+03,155.));
#5707 = CARTESIAN_POINT('',(1.36325E+03,149.3708348754));
#5708 = CARTESIAN_POINT('',(1.3535E+03,143.7416697508));
#5709 = CARTESIAN_POINT('',(1.3535E+03,155.));
#5710 = ( GEOMETRIC_REPRESENTATION_CONTEXT(2) 
PARAMETRIC_REPRESENTATION_CONTEXT() REPRESENTATION_CONTEXT('2D SPACE',''
  ) );
#5711 = PCURVE('',#2526,#5712);
#5712 = DEFINITIONAL_REPRESENTATION('',(#5713),#5717);
#5713 = LINE('',#5714,#5715);
#5714 = CARTESIAN_POINT('',(0.,10.));
#5715 = VECTOR('',#5716,1.);
#5716 = DIRECTION('',(1.,0.));
#5717 = ( GEOMETRIC_REPRESENTATION_CONTEXT(2) 
PARAMETRIC_REPRESENTATION_CONTEXT() REPRESENTATION_CONTEXT('2D SPACE',''
  ) );
#5718 = FACE_BOUND('',#5719,.F.);
#5719 = EDGE_LOOP('',(#5720));
#5720 = ORIENTED_EDGE('',*,*,#5721,.T.);
#5721 = EDGE_CURVE('',#5722,#5722,#5724,.T.);
#5722 = VERTEX_POINT('',#5723);
#5723 = CARTESIAN_POINT('',(1.4335E+03,155.,0.));
#5724 = SURFACE_CURVE('',#5725,(#5730,#5741),.PCURVE_S1.);
#5725 = CIRCLE('',#5726,6.5);
#5726 = AXIS2_PLACEMENT_3D('',#5727,#5728,#5729);
#5727 = CARTESIAN_POINT('',(1.44E+03,155.,0.));
#5728 = DIRECTION('',(0.,0.,-1.));
#5729 = DIRECTION('',(-1.,0.,0.));
#5730 = PCURVE('',#72,#5731);
#5731 = DEFINITIONAL_REPRESENTATION('',(#5732),#5740);
#5732 = ( BOUNDED_CURVE() B_SPLINE_CURVE(2,(#5733,#5734,#5735,#5736,
#5737,#5738,#5739),.UNSPECIFIED.,.T.,.F.) B_SPLINE_CURVE_WITH_KNOTS((1,2
    ,2,2,2,1),(-2.094395102393,0.,2.094395102393,4.188790204786,
6.28318530718,8.377580409573),.UNSPECIFIED.) CURVE() 
GEOMETRIC_REPRESENTATION_ITEM() RATIONAL_B_SPLINE_CURVE((1.,0.5,1.,0.5,
1.,0.5,1.)) REPRESENTATION_ITEM('') );
#5733 = CARTESIAN_POINT('',(1.4335E+03,155.));
#5734 = CARTESIAN_POINT('',(1.4335E+03,166.25833024919));
#5735 = CARTESIAN_POINT('',(1.44325E+03,160.62916512459));
#5736 = CARTESIAN_POINT('',(1.453E+03,155.));
#5737 = CARTESIAN_POINT('',(1.44325E+03,149.3708348754));
#5738 = CARTESIAN_POINT('',(1.4335E+03,143.7416697508));
#5739 = CARTESIAN_POINT('',(1.4335E+03,155.));
#5740 = ( GEOMETRIC_REPRESENTATION_CONTEXT(2) 
PARAMETRIC_REPRESENTATION_CONTEXT() REPRESENTATION_CONTEXT('2D SPACE',''
  ) );
#5741 = PCURVE('',#2561,#5742);
#5742 = DEFINITIONAL_REPRESENTATION('',(#5743),#5747);
#5743 = LINE('',#5744,#5745);
#5744 = CARTESIAN_POINT('',(0.,10.));
#5745 = VECTOR('',#5746,1.);
#5746 = DIRECTION('',(1.,0.));
#5747 = ( GEOMETRIC_REPRESENTATION_CONTEXT(2) 
PARAMETRIC_REPRESENTATION_CONTEXT() REPRESENTATION_CONTEXT('2D SPACE',''
  ) );
#5748 = FACE_BOUND('',#5749,.F.);
#5749 = EDGE_LOOP('',(#5750));
#5750 = ORIENTED_EDGE('',*,*,#5751,.T.);
#5751 = EDGE_CURVE('',#5752,#5752,#5754,.T.);
#5752 = VERTEX_POINT('',#5753);
#5753 = CARTESIAN_POINT('',(1.6335E+03,155.,0.));
#5754 = SURFACE_CURVE('',#5755,(#5760,#5771),.PCURVE_S1.);
#5755 = CIRCLE('',#5756,6.5);
#5756 = AXIS2_PLACEMENT_3D('',#5757,#5758,#5759);
#5757 = CARTESIAN_POINT('',(1.64E+03,155.,0.));
#5758 = DIRECTION('',(0.,0.,-1.));
#5759 = DIRECTION('',(-1.,0.,0.));
#5760 = PCURVE('',#72,#5761);
#5761 = DEFINITIONAL_REPRESENTATION('',(#5762),#5770);
#5762 = ( BOUNDED_CURVE() B_SPLINE_CURVE(2,(#5763,#5764,#5765,#5766,
#5767,#5768,#5769),.UNSPECIFIED.,.T.,.F.) B_SPLINE_CURVE_WITH_KNOTS((1,2
    ,2,2,2,1),(-2.094395102393,0.,2.094395102393,4.188790204786,
6.28318530718,8.377580409573),.UNSPECIFIED.) CURVE() 
GEOMETRIC_REPRESENTATION_ITEM() RATIONAL_B_SPLINE_CURVE((1.,0.5,1.,0.5,
1.,0.5,1.)) REPRESENTATION_ITEM('') );
#5763 = CARTESIAN_POINT('',(1.6335E+03,155.));
#5764 = CARTESIAN_POINT('',(1.6335E+03,166.25833024919));
#5765 = CARTESIAN_POINT('',(1.64325E+03,160.62916512459));
#5766 = CARTESIAN_POINT('',(1.653E+03,155.));
#5767 = CARTESIAN_POINT('',(1.64325E+03,149.3708348754));
#5768 = CARTESIAN_POINT('',(1.6335E+03,143.7416697508));
#5769 = CARTESIAN_POINT('',(1.6335E+03,155.));
#5770 = ( GEOMETRIC_REPRESENTATION_CONTEXT(2) 
PARAMETRIC_REPRESENTATION_CONTEXT() REPRESENTATION_CONTEXT('2D SPACE',''
  ) );
#5771 = PCURVE('',#2596,#5772);
#5772 = DEFINITIONAL_REPRESENTATION('',(#5773),#5777);
#5773 = LINE('',#5774,#5775);
#5774 = CARTESIAN_POINT('',(0.,10.));
#5775 = VECTOR('',#5776,1.);
#5776 = DIRECTION('',(1.,0.));
#5777 = ( GEOMETRIC_REPRESENTATION_CONTEXT(2) 
PARAMETRIC_REPRESENTATION_CONTEXT() REPRESENTATION_CONTEXT('2D SPACE',''
  ) );
#5778 = FACE_BOUND('',#5779,.F.);
#5779 = EDGE_LOOP('',(#5780));
#5780 = ORIENTED_EDGE('',*,*,#5781,.T.);
#5781 = EDGE_CURVE('',#5782,#5782,#5784,.T.);
#5782 = VERTEX_POINT('',#5783);
#5783 = CARTESIAN_POINT('',(1.8335E+03,155.,0.));
#5784 = SURFACE_CURVE('',#5785,(#5790,#5801),.PCURVE_S1.);
#5785 = CIRCLE('',#5786,6.5);
#5786 = AXIS2_PLACEMENT_3D('',#5787,#5788,#5789);
#5787 = CARTESIAN_POINT('',(1.84E+03,155.,0.));
#5788 = DIRECTION('',(0.,0.,-1.));
#5789 = DIRECTION('',(-1.,0.,0.));
#5790 = PCURVE('',#72,#5791);
#5791 = DEFINITIONAL_REPRESENTATION('',(#5792),#5800);
#5792 = ( BOUNDED_CURVE() B_SPLINE_CURVE(2,(#5793,#5794,#5795,#5796,
#5797,#5798,#5799),.UNSPECIFIED.,.T.,.F.) B_SPLINE_CURVE_WITH_KNOTS((1,2
    ,2,2,2,1),(-2.094395102393,0.,2.094395102393,4.188790204786,
6.28318530718,8.377580409573),.UNSPECIFIED.) CURVE() 
GEOMETRIC_REPRESENTATION_ITEM() RATIONAL_B_SPLINE_CURVE((1.,0.5,1.,0.5,
1.,0.5,1.)) REPRESENTATION_ITEM('') );
#5793 = CARTESIAN_POINT('',(1.8335E+03,155.));
#5794 = CARTESIAN_POINT('',(1.8335E+03,166.25833024919));
#5795 = CARTESIAN_POINT('',(1.84325E+03,160.62916512459));
#5796 = CARTESIAN_POINT('',(1.853E+03,155.));
#5797 = CARTESIAN_POINT('',(1.84325E+03,149.3708348754));
#5798 = CARTESIAN_POINT('',(1.8335E+03,143.7416697508));
#5799 = CARTESIAN_POINT('',(1.8335E+03,155.));
#5800 = ( GEOMETRIC_REPRESENTATION_CONTEXT(2) 
PARAMETRIC_REPRESENTATION_CONTEXT() REPRESENTATION_CONTEXT('2D SPACE',''
  ) );
#5801 = PCURVE('',#2631,#5802);
#5802 = DEFINITIONAL_REPRESENTATION('',(#5803),#5807);
#5803 = LINE('',#5804,#5805);
#5804 = CARTESIAN_POINT('',(0.,10.));
#5805 = VECTOR('',#5806,1.);
#5806 = DIRECTION('',(1.,0.));
#5807 = ( GEOMETRIC_REPRESENTATION_CONTEXT(2) 
PARAMETRIC_REPRESENTATION_CONTEXT() REPRESENTATION_CONTEXT('2D SPACE',''
  ) );
#5808 = FACE_BOUND('',#5809,.F.);
#5809 = EDGE_LOOP('',(#5810));
#5810 = ORIENTED_EDGE('',*,*,#5811,.T.);
#5811 = EDGE_CURVE('',#5812,#5812,#5814,.T.);
#5812 = VERTEX_POINT('',#5813);
#5813 = CARTESIAN_POINT('',(2.0335E+03,155.,0.));
#5814 = SURFACE_CURVE('',#5815,(#5820,#5831),.PCURVE_S1.);
#5815 = CIRCLE('',#5816,6.5);
#5816 = AXIS2_PLACEMENT_3D('',#5817,#5818,#5819);
#5817 = CARTESIAN_POINT('',(2.04E+03,155.,0.));
#5818 = DIRECTION('',(0.,0.,-1.));
#5819 = DIRECTION('',(-1.,0.,0.));
#5820 = PCURVE('',#72,#5821);
#5821 = DEFINITIONAL_REPRESENTATION('',(#5822),#5830);
#5822 = ( BOUNDED_CURVE() B_SPLINE_CURVE(2,(#5823,#5824,#5825,#5826,
#5827,#5828,#5829),.UNSPECIFIED.,.T.,.F.) B_SPLINE_CURVE_WITH_KNOTS((1,2
    ,2,2,2,1),(-2.094395102393,0.,2.094395102393,4.188790204786,
6.28318530718,8.377580409573),.UNSPECIFIED.) CURVE() 
GEOMETRIC_REPRESENTATION_ITEM() RATIONAL_B_SPLINE_CURVE((1.,0.5,1.,0.5,
1.,0.5,1.)) REPRESENTATION_ITEM('') );
#5823 = CARTESIAN_POINT('',(2.0335E+03,155.));
#5824 = CARTESIAN_POINT('',(2.0335E+03,166.25833024919));
#5825 = CARTESIAN_POINT('',(2.04325E+03,160.62916512459));
#5826 = CARTESIAN_POINT('',(2.053E+03,155.));
#5827 = CARTESIAN_POINT('',(2.04325E+03,149.3708348754));
#5828 = CARTESIAN_POINT('',(2.0335E+03,143.7416697508));
#5829 = CARTESIAN_POINT('',(2.0335E+03,155.));
#5830 = ( GEOMETRIC_REPRESENTATION_CONTEXT(2) 
PARAMETRIC_REPRESENTATION_CONTEXT() REPRESENTATION_CONTEXT('2D SPACE',''
  ) );
#5831 = PCURVE('',#2666,#5832);
#5832 = DEFINITIONAL_REPRESENTATION('',(#5833),#5837);
#5833 = LINE('',#5834,#5835);
#5834 = CARTESIAN_POINT('',(0.,10.));
#5835 = VECTOR('',#5836,1.);
#5836 = DIRECTION('',(1.,0.));
#5837 = ( GEOMETRIC_REPRESENTATION_CONTEXT(2) 
PARAMETRIC_REPRESENTATION_CONTEXT() REPRESENTATION_CONTEXT('2D SPACE',''
  ) );
#5838 = FACE_BOUND('',#5839,.F.);
#5839 = EDGE_LOOP('',(#5840));
#5840 = ORIENTED_EDGE('',*,*,#5841,.T.);
#5841 = EDGE_CURVE('',#5842,#5842,#5844,.T.);
#5842 = VERTEX_POINT('',#5843);
#5843 = CARTESIAN_POINT('',(2.2335E+03,155.,0.));
#5844 = SURFACE_CURVE('',#5845,(#5850,#5861),.PCURVE_S1.);
#5845 = CIRCLE('',#5846,6.5);
#5846 = AXIS2_PLACEMENT_3D('',#5847,#5848,#5849);
#5847 = CARTESIAN_POINT('',(2.24E+03,155.,0.));
#5848 = DIRECTION('',(0.,0.,-1.));
#5849 = DIRECTION('',(-1.,0.,0.));
#5850 = PCURVE('',#72,#5851);
#5851 = DEFINITIONAL_REPRESENTATION('',(#5852),#5860);
#5852 = ( BOUNDED_CURVE() B_SPLINE_CURVE(2,(#5853,#5854,#5855,#5856,
#5857,#5858,#5859),.UNSPECIFIED.,.T.,.F.) B_SPLINE_CURVE_WITH_KNOTS((1,2
    ,2,2,2,1),(-2.094395102393,0.,2.094395102393,4.188790204786,
6.28318530718,8.377580409573),.UNSPECIFIED.) CURVE() 
GEOMETRIC_REPRESENTATION_ITEM() RATIONAL_B_SPLINE_CURVE((1.,0.5,1.,0.5,
1.,0.5,1.)) REPRESENTATION_ITEM('') );
#5853 = CARTESIAN_POINT('',(2.2335E+03,155.));
#5854 = CARTESIAN_POINT('',(2.2335E+03,166.25833024919));
#5855 = CARTESIAN_POINT('',(2.24325E+03,160.62916512459));
#5856 = CARTESIAN_POINT('',(2.253E+03,155.));
#5857 = CARTESIAN_POINT('',(2.24325E+03,149.3708348754));
#5858 = CARTESIAN_POINT('',(2.2335E+03,143.7416697508));
#5859 = CARTESIAN_POINT('',(2.2335E+03,155.));
#5860 = ( GEOMETRIC_REPRESENTATION_CONTEXT(2) 
PARAMETRIC_REPRESENTATION_CONTEXT() REPRESENTATION_CONTEXT('2D SPACE',''
  ) );
#5861 = PCURVE('',#2701,#5862);
#5862 = DEFINITIONAL_REPRESENTATION('',(#5863),#5867);
#5863 = LINE('',#5864,#5865);
#5864 = CARTESIAN_POINT('',(0.,10.));
#5865 = VECTOR('',#5866,1.);
#5866 = DIRECTION('',(1.,0.));
#5867 = ( GEOMETRIC_REPRESENTATION_CONTEXT(2) 
PARAMETRIC_REPRESENTATION_CONTEXT() REPRESENTATION_CONTEXT('2D SPACE',''
  ) );
#5868 = FACE_BOUND('',#5869,.F.);
#5869 = EDGE_LOOP('',(#5870));
#5870 = ORIENTED_EDGE('',*,*,#5871,.T.);
#5871 = EDGE_CURVE('',#5872,#5872,#5874,.T.);
#5872 = VERTEX_POINT('',#5873);
#5873 = CARTESIAN_POINT('',(2.5835E+03,155.,0.));
#5874 = SURFACE_CURVE('',#5875,(#5880,#5891),.PCURVE_S1.);
#5875 = CIRCLE('',#5876,6.5);
#5876 = AXIS2_PLACEMENT_3D('',#5877,#5878,#5879);
#5877 = CARTESIAN_POINT('',(2.59E+03,155.,0.));
#5878 = DIRECTION('',(0.,0.,-1.));
#5879 = DIRECTION('',(-1.,0.,0.));
#5880 = PCURVE('',#72,#5881);
#5881 = DEFINITIONAL_REPRESENTATION('',(#5882),#5890);
#5882 = ( BOUNDED_CURVE() B_SPLINE_CURVE(2,(#5883,#5884,#5885,#5886,
#5887,#5888,#5889),.UNSPECIFIED.,.T.,.F.) B_SPLINE_CURVE_WITH_KNOTS((1,2
    ,2,2,2,1),(-2.094395102393,0.,2.094395102393,4.188790204786,
6.28318530718,8.377580409573),.UNSPECIFIED.) CURVE() 
GEOMETRIC_REPRESENTATION_ITEM() RATIONAL_B_SPLINE_CURVE((1.,0.5,1.,0.5,
1.,0.5,1.)) REPRESENTATION_ITEM('') );
#5883 = CARTESIAN_POINT('',(2.5835E+03,155.));
#5884 = CARTESIAN_POINT('',(2.5835E+03,166.25833024919));
#5885 = CARTESIAN_POINT('',(2.59325E+03,160.62916512459));
#5886 = CARTESIAN_POINT('',(2.603E+03,155.));
#5887 = CARTESIAN_POINT('',(2.59325E+03,149.3708348754));
#5888 = CARTESIAN_POINT('',(2.5835E+03,143.7416697508));
#5889 = CARTESIAN_POINT('',(2.5835E+03,155.));
#5890 = ( GEOMETRIC_REPRESENTATION_CONTEXT(2) 
PARAMETRIC_REPRESENTATION_CONTEXT() REPRESENTATION_CONTEXT('2D SPACE',''
  ) );
#5891 = PCURVE('',#2736,#5892);
#5892 = DEFINITIONAL_REPRESENTATION('',(#5893),#5897);
#5893 = LINE('',#5894,#5895);
#5894 = CARTESIAN_POINT('',(0.,10.));
#5895 = VECTOR('',#5896,1.);
#5896 = DIRECTION('',(1.,0.));
#5897 = ( GEOMETRIC_REPRESENTATION_CONTEXT(2) 
PARAMETRIC_REPRESENTATION_CONTEXT() REPRESENTATION_CONTEXT('2D SPACE',''
  ) );
#5898 = FACE_BOUND('',#5899,.F.);
#5899 = EDGE_LOOP('',(#5900));
#5900 = ORIENTED_EDGE('',*,*,#5901,.T.);
#5901 = EDGE_CURVE('',#5902,#5902,#5904,.T.);
#5902 = VERTEX_POINT('',#5903);
#5903 = CARTESIAN_POINT('',(4.5635E+03,100.,0.));
#5904 = SURFACE_CURVE('',#5905,(#5910,#5921),.PCURVE_S1.);
#5905 = CIRCLE('',#5906,6.5);
#5906 = AXIS2_PLACEMENT_3D('',#5907,#5908,#5909);
#5907 = CARTESIAN_POINT('',(4.57E+03,100.,0.));
#5908 = DIRECTION('',(0.,0.,-1.));
#5909 = DIRECTION('',(-1.,0.,0.));
#5910 = PCURVE('',#72,#5911);
#5911 = DEFINITIONAL_REPRESENTATION('',(#5912),#5920);
#5912 = ( BOUNDED_CURVE() B_SPLINE_CURVE(2,(#5913,#5914,#5915,#5916,
#5917,#5918,#5919),.UNSPECIFIED.,.T.,.F.) B_SPLINE_CURVE_WITH_KNOTS((1,2
    ,2,2,2,1),(-2.094395102393,0.,2.094395102393,4.188790204786,
6.28318530718,8.377580409573),.UNSPECIFIED.) CURVE() 
GEOMETRIC_REPRESENTATION_ITEM() RATIONAL_B_SPLINE_CURVE((1.,0.5,1.,0.5,
1.,0.5,1.)) REPRESENTATION_ITEM('') );
#5913 = CARTESIAN_POINT('',(4.5635E+03,100.));
#5914 = CARTESIAN_POINT('',(4.5635E+03,111.25833024919));
#5915 = CARTESIAN_POINT('',(4.57325E+03,105.62916512459));
#5916 = CARTESIAN_POINT('',(4.583E+03,100.));
#5917 = CARTESIAN_POINT('',(4.57325E+03,94.370834875401));
#5918 = CARTESIAN_POINT('',(4.5635E+03,88.741669750802));
#5919 = CARTESIAN_POINT('',(4.5635E+03,100.));
#5920 = ( GEOMETRIC_REPRESENTATION_CONTEXT(2) 
PARAMETRIC_REPRESENTATION_CONTEXT() REPRESENTATION_CONTEXT('2D SPACE',''
  ) );
#5921 = PCURVE('',#2771,#5922);
#5922 = DEFINITIONAL_REPRESENTATION('',(#5923),#5927);
#5923 = LINE('',#5924,#5925);
#5924 = CARTESIAN_POINT('',(0.,10.));
#5925 = VECTOR('',#5926,1.);
#5926 = DIRECTION('',(1.,0.));
#5927 = ( GEOMETRIC_REPRESENTATION_CONTEXT(2) 
PARAMETRIC_REPRESENTATION_CONTEXT() REPRESENTATION_CONTEXT('2D SPACE',''
  ) );
#5928 = FACE_BOUND('',#5929,.F.);
#5929 = EDGE_LOOP('',(#5930));
#5930 = ORIENTED_EDGE('',*,*,#5931,.T.);
#5931 = EDGE_CURVE('',#5932,#5932,#5934,.T.);
#5932 = VERTEX_POINT('',#5933);
#5933 = CARTESIAN_POINT('',(4.6535E+03,100.,0.));
#5934 = SURFACE_CURVE('',#5935,(#5940,#5951),.PCURVE_S1.);
#5935 = CIRCLE('',#5936,6.5);
#5936 = AXIS2_PLACEMENT_3D('',#5937,#5938,#5939);
#5937 = CARTESIAN_POINT('',(4.66E+03,100.,0.));
#5938 = DIRECTION('',(0.,0.,-1.));
#5939 = DIRECTION('',(-1.,0.,0.));
#5940 = PCURVE('',#72,#5941);
#5941 = DEFINITIONAL_REPRESENTATION('',(#5942),#5950);
#5942 = ( BOUNDED_CURVE() B_SPLINE_CURVE(2,(#5943,#5944,#5945,#5946,
#5947,#5948,#5949),.UNSPECIFIED.,.T.,.F.) B_SPLINE_CURVE_WITH_KNOTS((1,2
    ,2,2,2,1),(-2.094395102393,0.,2.094395102393,4.188790204786,
6.28318530718,8.377580409573),.UNSPECIFIED.) CURVE() 
GEOMETRIC_REPRESENTATION_ITEM() RATIONAL_B_SPLINE_CURVE((1.,0.5,1.,0.5,
1.,0.5,1.)) REPRESENTATION_ITEM('') );
#5943 = CARTESIAN_POINT('',(4.6535E+03,100.));
#5944 = CARTESIAN_POINT('',(4.6535E+03,111.25833024919));
#5945 = CARTESIAN_POINT('',(4.66325E+03,105.62916512459));
#5946 = CARTESIAN_POINT('',(4.673E+03,100.));
#5947 = CARTESIAN_POINT('',(4.66325E+03,94.370834875401));
#5948 = CARTESIAN_POINT('',(4.6535E+03,88.741669750802));
#5949 = CARTESIAN_POINT('',(4.6535E+03,100.));
#5950 = ( GEOMETRIC_REPRESENTATION_CONTEXT(2) 
PARAMETRIC_REPRESENTATION_CONTEXT() REPRESENTATION_CONTEXT('2D SPACE',''
  ) );
#5951 = PCURVE('',#2806,#5952);
#5952 = DEFINITIONAL_REPRESENTATION('',(#5953),#5957);
#5953 = LINE('',#5954,#5955);
#5954 = CARTESIAN_POINT('',(0.,10.));
#5955 = VECTOR('',#5956,1.);
#5956 = DIRECTION('',(1.,0.));
#5957 = ( GEOMETRIC_REPRESENTATION_CONTEXT(2) 
PARAMETRIC_REPRESENTATION_CONTEXT() REPRESENTATION_CONTEXT('2D SPACE',''
  ) );
#5958 = FACE_BOUND('',#5959,.F.);
#5959 = EDGE_LOOP('',(#5960));
#5960 = ORIENTED_EDGE('',*,*,#5961,.T.);
#5961 = EDGE_CURVE('',#5962,#5962,#5964,.T.);
#5962 = VERTEX_POINT('',#5963);
#5963 = CARTESIAN_POINT('',(4.7435E+03,100.,0.));
#5964 = SURFACE_CURVE('',#5965,(#5970,#5981),.PCURVE_S1.);
#5965 = CIRCLE('',#5966,6.5);
#5966 = AXIS2_PLACEMENT_3D('',#5967,#5968,#5969);
#5967 = CARTESIAN_POINT('',(4.75E+03,100.,0.));
#5968 = DIRECTION('',(0.,0.,-1.));
#5969 = DIRECTION('',(-1.,0.,0.));
#5970 = PCURVE('',#72,#5971);
#5971 = DEFINITIONAL_REPRESENTATION('',(#5972),#5980);
#5972 = ( BOUNDED_CURVE() B_SPLINE_CURVE(2,(#5973,#5974,#5975,#5976,
#5977,#5978,#5979),.UNSPECIFIED.,.T.,.F.) B_SPLINE_CURVE_WITH_KNOTS((1,2
    ,2,2,2,1),(-2.094395102393,0.,2.094395102393,4.188790204786,
6.28318530718,8.377580409573),.UNSPECIFIED.) CURVE() 
GEOMETRIC_REPRESENTATION_ITEM() RATIONAL_B_SPLINE_CURVE((1.,0.5,1.,0.5,
1.,0.5,1.)) REPRESENTATION_ITEM('') );
#5973 = CARTESIAN_POINT('',(4.7435E+03,100.));
#5974 = CARTESIAN_POINT('',(4.7435E+03,111.25833024919));
#5975 = CARTESIAN_POINT('',(4.75325E+03,105.62916512459));
#5976 = CARTESIAN_POINT('',(4.763E+03,100.));
#5977 = CARTESIAN_POINT('',(4.75325E+03,94.370834875401));
#5978 = CARTESIAN_POINT('',(4.7435E+03,88.741669750802));
#5979 = CARTESIAN_POINT('',(4.7435E+03,100.));
#5980 = ( GEOMETRIC_REPRESENTATION_CONTEXT(2) 
PARAMETRIC_REPRESENTATION_CONTEXT() REPRESENTATION_CONTEXT('2D SPACE',''
  ) );
#5981 = PCURVE('',#2841,#5982);
#5982 = DEFINITIONAL_REPRESENTATION('',(#5983),#5987);
#5983 = LINE('',#5984,#5985);
#5984 = CARTESIAN_POINT('',(0.,10.));
#5985 = VECTOR('',#5986,1.);
#5986 = DIRECTION('',(1.,0.));
#5987 = ( GEOMETRIC_REPRESENTATION_CONTEXT(2) 
PARAMETRIC_REPRESENTATION_CONTEXT() REPRESENTATION_CONTEXT('2D SPACE',''
  ) );
#5988 = FACE_BOUND('',#5989,.F.);
#5989 = EDGE_LOOP('',(#5990));
#5990 = ORIENTED_EDGE('',*,*,#5991,.T.);
#5991 = EDGE_CURVE('',#5992,#5992,#5994,.T.);
#5992 = VERTEX_POINT('',#5993);
#5993 = CARTESIAN_POINT('',(4.8335E+03,100.,0.));
#5994 = SURFACE_CURVE('',#5995,(#6000,#6011),.PCURVE_S1.);
#5995 = CIRCLE('',#5996,6.5);
#5996 = AXIS2_PLACEMENT_3D('',#5997,#5998,#5999);
#5997 = CARTESIAN_POINT('',(4.84E+03,100.,0.));
#5998 = DIRECTION('',(0.,0.,-1.));
#5999 = DIRECTION('',(-1.,0.,0.));
#6000 = PCURVE('',#72,#6001);
#6001 = DEFINITIONAL_REPRESENTATION('',(#6002),#6010);
#6002 = ( BOUNDED_CURVE() B_SPLINE_CURVE(2,(#6003,#6004,#6005,#6006,
#6007,#6008,#6009),.UNSPECIFIED.,.T.,.F.) B_SPLINE_CURVE_WITH_KNOTS((1,2
    ,2,2,2,1),(-2.094395102393,0.,2.094395102393,4.188790204786,
6.28318530718,8.377580409573),.UNSPECIFIED.) CURVE() 
GEOMETRIC_REPRESENTATION_ITEM() RATIONAL_B_SPLINE_CURVE((1.,0.5,1.,0.5,
1.,0.5,1.)) REPRESENTATION_ITEM('') );
#6003 = CARTESIAN_POINT('',(4.8335E+03,100.));
#6004 = CARTESIAN_POINT('',(4.8335E+03,111.25833024919));
#6005 = CARTESIAN_POINT('',(4.84325E+03,105.62916512459));
#6006 = CARTESIAN_POINT('',(4.853E+03,100.));
#6007 = CARTESIAN_POINT('',(4.84325E+03,94.370834875401));
#6008 = CARTESIAN_POINT('',(4.8335E+03,88.741669750802));
#6009 = CARTESIAN_POINT('',(4.8335E+03,100.));
#6010 = ( GEOMETRIC_REPRESENTATION_CONTEXT(2) 
PARAMETRIC_REPRESENTATION_CONTEXT() REPRESENTATION_CONTEXT('2D SPACE',''
  ) );
#6011 = PCURVE('',#2876,#6012);
#6012 = DEFINITIONAL_REPRESENTATION('',(#6013),#6017);
#6013 = LINE('',#6014,#6015);
#6014 = CARTESIAN_POINT('',(0.,10.));
#6015 = VECTOR('',#6016,1.);
#6016 = DIRECTION('',(1.,0.));
#6017 = ( GEOMETRIC_REPRESENTATION_CONTEXT(2) 
PARAMETRIC_REPRESENTATION_CONTEXT() REPRESENTATION_CONTEXT('2D SPACE',''
  ) );
#6018 = FACE_BOUND('',#6019,.F.);
#6019 = EDGE_LOOP('',(#6020));
#6020 = ORIENTED_EDGE('',*,*,#6021,.T.);
#6021 = EDGE_CURVE('',#6022,#6022,#6024,.T.);
#6022 = VERTEX_POINT('',#6023);
#6023 = CARTESIAN_POINT('',(4.9235E+03,100.,0.));
#6024 = SURFACE_CURVE('',#6025,(#6030,#6041),.PCURVE_S1.);
#6025 = CIRCLE('',#6026,6.5);
#6026 = AXIS2_PLACEMENT_3D('',#6027,#6028,#6029);
#6027 = CARTESIAN_POINT('',(4.93E+03,100.,0.));
#6028 = DIRECTION('',(0.,0.,-1.));
#6029 = DIRECTION('',(-1.,0.,0.));
#6030 = PCURVE('',#72,#6031);
#6031 = DEFINITIONAL_REPRESENTATION('',(#6032),#6040);
#6032 = ( BOUNDED_CURVE() B_SPLINE_CURVE(2,(#6033,#6034,#6035,#6036,
#6037,#6038,#6039),.UNSPECIFIED.,.T.,.F.) B_SPLINE_CURVE_WITH_KNOTS((1,2
    ,2,2,2,1),(-2.094395102393,0.,2.094395102393,4.188790204786,
6.28318530718,8.377580409573),.UNSPECIFIED.) CURVE() 
GEOMETRIC_REPRESENTATION_ITEM() RATIONAL_B_SPLINE_CURVE((1.,0.5,1.,0.5,
1.,0.5,1.)) REPRESENTATION_ITEM('') );
#6033 = CARTESIAN_POINT('',(4.9235E+03,100.));
#6034 = CARTESIAN_POINT('',(4.9235E+03,111.25833024919));
#6035 = CARTESIAN_POINT('',(4.93325E+03,105.62916512459));
#6036 = CARTESIAN_POINT('',(4.943E+03,100.));
#6037 = CARTESIAN_POINT('',(4.93325E+03,94.370834875401));
#6038 = CARTESIAN_POINT('',(4.9235E+03,88.741669750802));
#6039 = CARTESIAN_POINT('',(4.9235E+03,100.));
#6040 = ( GEOMETRIC_REPRESENTATION_CONTEXT(2) 
PARAMETRIC_REPRESENTATION_CONTEXT() REPRESENTATION_CONTEXT('2D SPACE',''
  ) );
#6041 = PCURVE('',#2911,#6042);
#6042 = DEFINITIONAL_REPRESENTATION('',(#6043),#6047);
#6043 = LINE('',#6044,#6045);
#6044 = CARTESIAN_POINT('',(0.,10.));
#6045 = VECTOR('',#6046,1.);
#6046 = DIRECTION('',(1.,0.));
#6047 = ( GEOMETRIC_REPRESENTATION_CONTEXT(2) 
PARAMETRIC_REPRESENTATION_CONTEXT() REPRESENTATION_CONTEXT('2D SPACE',''
  ) );
#6048 = FACE_BOUND('',#6049,.F.);
#6049 = EDGE_LOOP('',(#6050));
#6050 = ORIENTED_EDGE('',*,*,#6051,.T.);
#6051 = EDGE_CURVE('',#6052,#6052,#6054,.T.);
#6052 = VERTEX_POINT('',#6053);
#6053 = CARTESIAN_POINT('',(5.0135E+03,100.,0.));
#6054 = SURFACE_CURVE('',#6055,(#6060,#6071),.PCURVE_S1.);
#6055 = CIRCLE('',#6056,6.5);
#6056 = AXIS2_PLACEMENT_3D('',#6057,#6058,#6059);
#6057 = CARTESIAN_POINT('',(5.02E+03,100.,0.));
#6058 = DIRECTION('',(0.,0.,-1.));
#6059 = DIRECTION('',(-1.,0.,0.));
#6060 = PCURVE('',#72,#6061);
#6061 = DEFINITIONAL_REPRESENTATION('',(#6062),#6070);
#6062 = ( BOUNDED_CURVE() B_SPLINE_CURVE(2,(#6063,#6064,#6065,#6066,
#6067,#6068,#6069),.UNSPECIFIED.,.T.,.F.) B_SPLINE_CURVE_WITH_KNOTS((1,2
    ,2,2,2,1),(-2.094395102393,0.,2.094395102393,4.188790204786,
6.28318530718,8.377580409573),.UNSPECIFIED.) CURVE() 
GEOMETRIC_REPRESENTATION_ITEM() RATIONAL_B_SPLINE_CURVE((1.,0.5,1.,0.5,
1.,0.5,1.)) REPRESENTATION_ITEM('') );
#6063 = CARTESIAN_POINT('',(5.0135E+03,100.));
#6064 = CARTESIAN_POINT('',(5.0135E+03,111.25833024919));
#6065 = CARTESIAN_POINT('',(5.02325E+03,105.62916512459));
#6066 = CARTESIAN_POINT('',(5.033E+03,100.));
#6067 = CARTESIAN_POINT('',(5.02325E+03,94.370834875401));
#6068 = CARTESIAN_POINT('',(5.0135E+03,88.741669750802));
#6069 = CARTESIAN_POINT('',(5.0135E+03,100.));
#6070 = ( GEOMETRIC_REPRESENTATION_CONTEXT(2) 
PARAMETRIC_REPRESENTATION_CONTEXT() REPRESENTATION_CONTEXT('2D SPACE',''
  ) );
#6071 = PCURVE('',#2946,#6072);
#6072 = DEFINITIONAL_REPRESENTATION('',(#6073),#6077);
#6073 = LINE('',#6074,#6075);
#6074 = CARTESIAN_POINT('',(0.,10.));
#6075 = VECTOR('',#6076,1.);
#6076 = DIRECTION('',(1.,0.));
#6077 = ( GEOMETRIC_REPRESENTATION_CONTEXT(2) 
PARAMETRIC_REPRESENTATION_CONTEXT() REPRESENTATION_CONTEXT('2D SPACE',''
  ) );
#6078 = FACE_BOUND('',#6079,.F.);
#6079 = EDGE_LOOP('',(#6080));
#6080 = ORIENTED_EDGE('',*,*,#6081,.T.);
#6081 = EDGE_CURVE('',#6082,#6082,#6084,.T.);
#6082 = VERTEX_POINT('',#6083);
#6083 = CARTESIAN_POINT('',(5.1035E+03,100.,0.));
#6084 = SURFACE_CURVE('',#6085,(#6090,#6101),.PCURVE_S1.);
#6085 = CIRCLE('',#6086,6.5);
#6086 = AXIS2_PLACEMENT_3D('',#6087,#6088,#6089);
#6087 = CARTESIAN_POINT('',(5.11E+03,100.,0.));
#6088 = DIRECTION('',(0.,0.,-1.));
#6089 = DIRECTION('',(-1.,0.,0.));
#6090 = PCURVE('',#72,#6091);
#6091 = DEFINITIONAL_REPRESENTATION('',(#6092),#6100);
#6092 = ( BOUNDED_CURVE() B_SPLINE_CURVE(2,(#6093,#6094,#6095,#6096,
#6097,#6098,#6099),.UNSPECIFIED.,.T.,.F.) B_SPLINE_CURVE_WITH_KNOTS((1,2
    ,2,2,2,1),(-2.094395102393,0.,2.094395102393,4.188790204786,
6.28318530718,8.377580409573),.UNSPECIFIED.) CURVE() 
GEOMETRIC_REPRESENTATION_ITEM() RATIONAL_B_SPLINE_CURVE((1.,0.5,1.,0.5,
1.,0.5,1.)) REPRESENTATION_ITEM('') );
#6093 = CARTESIAN_POINT('',(5.1035E+03,100.));
#6094 = CARTESIAN_POINT('',(5.1035E+03,111.25833024919));
#6095 = CARTESIAN_POINT('',(5.11325E+03,105.62916512459));
#6096 = CARTESIAN_POINT('',(5.123E+03,100.));
#6097 = CARTESIAN_POINT('',(5.11325E+03,94.370834875401));
#6098 = CARTESIAN_POINT('',(5.1035E+03,88.741669750802));
#6099 = CARTESIAN_POINT('',(5.1035E+03,100.));
#6100 = ( GEOMETRIC_REPRESENTATION_CONTEXT(2) 
PARAMETRIC_REPRESENTATION_CONTEXT() REPRESENTATION_CONTEXT('2D SPACE',''
  ) );
#6101 = PCURVE('',#2981,#6102);
#6102 = DEFINITIONAL_REPRESENTATION('',(#6103),#6107);
#6103 = LINE('',#6104,#6105);
#6104 = CARTESIAN_POINT('',(0.,10.));
#6105 = VECTOR('',#6106,1.);
#6106 = DIRECTION('',(1.,0.));
#6107 = ( GEOMETRIC_REPRESENTATION_CONTEXT(2) 
PARAMETRIC_REPRESENTATION_CONTEXT() REPRESENTATION_CONTEXT('2D SPACE',''
  ) );
#6108 = FACE_BOUND('',#6109,.F.);
#6109 = EDGE_LOOP('',(#6110));
#6110 = ORIENTED_EDGE('',*,*,#6111,.T.);
#6111 = EDGE_CURVE('',#6112,#6112,#6114,.T.);
#6112 = VERTEX_POINT('',#6113);
#6113 = CARTESIAN_POINT('',(5.1935E+03,100.,0.));
#6114 = SURFACE_CURVE('',#6115,(#6120,#6131),.PCURVE_S1.);
#6115 = CIRCLE('',#6116,6.5);
#6116 = AXIS2_PLACEMENT_3D('',#6117,#6118,#6119);
#6117 = CARTESIAN_POINT('',(5.2E+03,100.,0.));
#6118 = DIRECTION('',(0.,0.,-1.));
#6119 = DIRECTION('',(-1.,0.,0.));
#6120 = PCURVE('',#72,#6121);
#6121 = DEFINITIONAL_REPRESENTATION('',(#6122),#6130);
#6122 = ( BOUNDED_CURVE() B_SPLINE_CURVE(2,(#6123,#6124,#6125,#6126,
#6127,#6128,#6129),.UNSPECIFIED.,.T.,.F.) B_SPLINE_CURVE_WITH_KNOTS((1,2
    ,2,2,2,1),(-2.094395102393,0.,2.094395102393,4.188790204786,
6.28318530718,8.377580409573),.UNSPECIFIED.) CURVE() 
GEOMETRIC_REPRESENTATION_ITEM() RATIONAL_B_SPLINE_CURVE((1.,0.5,1.,0.5,
1.,0.5,1.)) REPRESENTATION_ITEM('') );
#6123 = CARTESIAN_POINT('',(5.1935E+03,100.));
#6124 = CARTESIAN_POINT('',(5.1935E+03,111.25833024919));
#6125 = CARTESIAN_POINT('',(5.20325E+03,105.62916512459));
#6126 = CARTESIAN_POINT('',(5.213E+03,100.));
#6127 = CARTESIAN_POINT('',(5.20325E+03,94.370834875401));
#6128 = CARTESIAN_POINT('',(5.1935E+03,88.741669750802));
#6129 = CARTESIAN_POINT('',(5.1935E+03,100.));
#6130 = ( GEOMETRIC_REPRESENTATION_CONTEXT(2) 
PARAMETRIC_REPRESENTATION_CONTEXT() REPRESENTATION_CONTEXT('2D SPACE',''
  ) );
#6131 = PCURVE('',#3016,#6132);
#6132 = DEFINITIONAL_REPRESENTATION('',(#6133),#6137);
#6133 = LINE('',#6134,#6135);
#6134 = CARTESIAN_POINT('',(0.,10.));
#6135 = VECTOR('',#6136,1.);
#6136 = DIRECTION('',(1.,0.));
#6137 = ( GEOMETRIC_REPRESENTATION_CONTEXT(2) 
PARAMETRIC_REPRESENTATION_CONTEXT() REPRESENTATION_CONTEXT('2D SPACE',''
  ) );
#6138 = FACE_BOUND('',#6139,.F.);
#6139 = EDGE_LOOP('',(#6140));
#6140 = ORIENTED_EDGE('',*,*,#6141,.T.);
#6141 = EDGE_CURVE('',#6142,#6142,#6144,.T.);
#6142 = VERTEX_POINT('',#6143);
#6143 = CARTESIAN_POINT('',(5.2835E+03,100.,0.));
#6144 = SURFACE_CURVE('',#6145,(#6150,#6161),.PCURVE_S1.);
#6145 = CIRCLE('',#6146,6.5);
#6146 = AXIS2_PLACEMENT_3D('',#6147,#6148,#6149);
#6147 = CARTESIAN_POINT('',(5.29E+03,100.,0.));
#6148 = DIRECTION('',(0.,0.,-1.));
#6149 = DIRECTION('',(-1.,0.,0.));
#6150 = PCURVE('',#72,#6151);
#6151 = DEFINITIONAL_REPRESENTATION('',(#6152),#6160);
#6152 = ( BOUNDED_CURVE() B_SPLINE_CURVE(2,(#6153,#6154,#6155,#6156,
#6157,#6158,#6159),.UNSPECIFIED.,.T.,.F.) B_SPLINE_CURVE_WITH_KNOTS((1,2
    ,2,2,2,1),(-2.094395102393,0.,2.094395102393,4.188790204786,
6.28318530718,8.377580409573),.UNSPECIFIED.) CURVE() 
GEOMETRIC_REPRESENTATION_ITEM() RATIONAL_B_SPLINE_CURVE((1.,0.5,1.,0.5,
1.,0.5,1.)) REPRESENTATION_ITEM('') );
#6153 = CARTESIAN_POINT('',(5.2835E+03,100.));
#6154 = CARTESIAN_POINT('',(5.2835E+03,111.25833024919));
#6155 = CARTESIAN_POINT('',(5.29325E+03,105.62916512459));
#6156 = CARTESIAN_POINT('',(5.303E+03,100.));
#6157 = CARTESIAN_POINT('',(5.29325E+03,94.370834875401));
#6158 = CARTESIAN_POINT('',(5.2835E+03,88.741669750802));
#6159 = CARTESIAN_POINT('',(5.2835E+03,100.));
#6160 = ( GEOMETRIC_REPRESENTATION_CONTEXT(2) 
PARAMETRIC_REPRESENTATION_CONTEXT() REPRESENTATION_CONTEXT('2D SPACE',''
  ) );
#6161 = PCURVE('',#3051,#6162);
#6162 = DEFINITIONAL_REPRESENTATION('',(#6163),#6167);
#6163 = LINE('',#6164,#6165);
#6164 = CARTESIAN_POINT('',(0.,10.));
#6165 = VECTOR('',#6166,1.);
#6166 = DIRECTION('',(1.,0.));
#6167 = ( GEOMETRIC_REPRESENTATION_CONTEXT(2) 
PARAMETRIC_REPRESENTATION_CONTEXT() REPRESENTATION_CONTEXT('2D SPACE',''
  ) );
#6168 = FACE_BOUND('',#6169,.F.);
#6169 = EDGE_LOOP('',(#6170));
#6170 = ORIENTED_EDGE('',*,*,#6171,.T.);
#6171 = EDGE_CURVE('',#6172,#6172,#6174,.T.);
#6172 = VERTEX_POINT('',#6173);
#6173 = CARTESIAN_POINT('',(5.3735E+03,100.,0.));
#6174 = SURFACE_CURVE('',#6175,(#6180,#6191),.PCURVE_S1.);
#6175 = CIRCLE('',#6176,6.5);
#6176 = AXIS2_PLACEMENT_3D('',#6177,#6178,#6179);
#6177 = CARTESIAN_POINT('',(5.38E+03,100.,0.));
#6178 = DIRECTION('',(0.,0.,-1.));
#6179 = DIRECTION('',(-1.,0.,0.));
#6180 = PCURVE('',#72,#6181);
#6181 = DEFINITIONAL_REPRESENTATION('',(#6182),#6190);
#6182 = ( BOUNDED_CURVE() B_SPLINE_CURVE(2,(#6183,#6184,#6185,#6186,
#6187,#6188,#6189),.UNSPECIFIED.,.T.,.F.) B_SPLINE_CURVE_WITH_KNOTS((1,2
    ,2,2,2,1),(-2.094395102393,0.,2.094395102393,4.188790204786,
6.28318530718,8.377580409573),.UNSPECIFIED.) CURVE() 
GEOMETRIC_REPRESENTATION_ITEM() RATIONAL_B_SPLINE_CURVE((1.,0.5,1.,0.5,
1.,0.5,1.)) REPRESENTATION_ITEM('') );
#6183 = CARTESIAN_POINT('',(5.3735E+03,100.));
#6184 = CARTESIAN_POINT('',(5.3735E+03,111.25833024919));
#6185 = CARTESIAN_POINT('',(5.38325E+03,105.62916512459));
#6186 = CARTESIAN_POINT('',(5.393E+03,100.));
#6187 = CARTESIAN_POINT('',(5.38325E+03,94.370834875401));
#6188 = CARTESIAN_POINT('',(5.3735E+03,88.741669750802));
#6189 = CARTESIAN_POINT('',(5.3735E+03,100.));
#6190 = ( GEOMETRIC_REPRESENTATION_CONTEXT(2) 
PARAMETRIC_REPRESENTATION_CONTEXT() REPRESENTATION_CONTEXT('2D SPACE',''
  ) );
#6191 = PCURVE('',#3086,#6192);
#6192 = DEFINITIONAL_REPRESENTATION('',(#6193),#6197);
#6193 = LINE('',#6194,#6195);
#6194 = CARTESIAN_POINT('',(0.,10.));
#6195 = VECTOR('',#6196,1.);
#6196 = DIRECTION('',(1.,0.));
#6197 = ( GEOMETRIC_REPRESENTATION_CONTEXT(2) 
PARAMETRIC_REPRESENTATION_CONTEXT() REPRESENTATION_CONTEXT('2D SPACE',''
  ) );
#6198 = FACE_BOUND('',#6199,.F.);
#6199 = EDGE_LOOP('',(#6200));
#6200 = ORIENTED_EDGE('',*,*,#6201,.T.);
#6201 = EDGE_CURVE('',#6202,#6202,#6204,.T.);
#6202 = VERTEX_POINT('',#6203);
#6203 = CARTESIAN_POINT('',(2.9335E+03,155.,0.));
#6204 = SURFACE_CURVE('',#6205,(#6210,#6221),.PCURVE_S1.);
#6205 = CIRCLE('',#6206,6.5);
#6206 = AXIS2_PLACEMENT_3D('',#6207,#6208,#6209);
#6207 = CARTESIAN_POINT('',(2.94E+03,155.,0.));
#6208 = DIRECTION('',(0.,0.,-1.));
#6209 = DIRECTION('',(-1.,0.,0.));
#6210 = PCURVE('',#72,#6211);
#6211 = DEFINITIONAL_REPRESENTATION('',(#6212),#6220);
#6212 = ( BOUNDED_CURVE() B_SPLINE_CURVE(2,(#6213,#6214,#6215,#6216,
#6217,#6218,#6219),.UNSPECIFIED.,.T.,.F.) B_SPLINE_CURVE_WITH_KNOTS((1,2
    ,2,2,2,1),(-2.094395102393,0.,2.094395102393,4.188790204786,
6.28318530718,8.377580409573),.UNSPECIFIED.) CURVE() 
GEOMETRIC_REPRESENTATION_ITEM() RATIONAL_B_SPLINE_CURVE((1.,0.5,1.,0.5,
1.,0.5,1.)) REPRESENTATION_ITEM('') );
#6213 = CARTESIAN_POINT('',(2.9335E+03,155.));
#6214 = CARTESIAN_POINT('',(2.9335E+03,166.25833024919));
#6215 = CARTESIAN_POINT('',(2.94325E+03,160.62916512459));
#6216 = CARTESIAN_POINT('',(2.953E+03,155.));
#6217 = CARTESIAN_POINT('',(2.94325E+03,149.3708348754));
#6218 = CARTESIAN_POINT('',(2.9335E+03,143.7416697508));
#6219 = CARTESIAN_POINT('',(2.9335E+03,155.));
#6220 = ( GEOMETRIC_REPRESENTATION_CONTEXT(2) 
PARAMETRIC_REPRESENTATION_CONTEXT() REPRESENTATION_CONTEXT('2D SPACE',''
  ) );
#6221 = PCURVE('',#3121,#6222);
#6222 = DEFINITIONAL_REPRESENTATION('',(#6223),#6227);
#6223 = LINE('',#6224,#6225);
#6224 = CARTESIAN_POINT('',(0.,10.));
#6225 = VECTOR('',#6226,1.);
#6226 = DIRECTION('',(1.,0.));
#6227 = ( GEOMETRIC_REPRESENTATION_CONTEXT(2) 
PARAMETRIC_REPRESENTATION_CONTEXT() REPRESENTATION_CONTEXT('2D SPACE',''
  ) );
#6228 = FACE_BOUND('',#6229,.F.);
#6229 = EDGE_LOOP('',(#6230));
#6230 = ORIENTED_EDGE('',*,*,#6231,.T.);
#6231 = EDGE_CURVE('',#6232,#6232,#6234,.T.);
#6232 = VERTEX_POINT('',#6233);
#6233 = CARTESIAN_POINT('',(3.2635E+03,155.,0.));
#6234 = SURFACE_CURVE('',#6235,(#6240,#6251),.PCURVE_S1.);
#6235 = CIRCLE('',#6236,6.5);
#6236 = AXIS2_PLACEMENT_3D('',#6237,#6238,#6239);
#6237 = CARTESIAN_POINT('',(3.27E+03,155.,0.));
#6238 = DIRECTION('',(0.,0.,-1.));
#6239 = DIRECTION('',(-1.,0.,0.));
#6240 = PCURVE('',#72,#6241);
#6241 = DEFINITIONAL_REPRESENTATION('',(#6242),#6250);
#6242 = ( BOUNDED_CURVE() B_SPLINE_CURVE(2,(#6243,#6244,#6245,#6246,
#6247,#6248,#6249),.UNSPECIFIED.,.T.,.F.) B_SPLINE_CURVE_WITH_KNOTS((1,2
    ,2,2,2,1),(-2.094395102393,0.,2.094395102393,4.188790204786,
6.28318530718,8.377580409573),.UNSPECIFIED.) CURVE() 
GEOMETRIC_REPRESENTATION_ITEM() RATIONAL_B_SPLINE_CURVE((1.,0.5,1.,0.5,
1.,0.5,1.)) REPRESENTATION_ITEM('') );
#6243 = CARTESIAN_POINT('',(3.2635E+03,155.));
#6244 = CARTESIAN_POINT('',(3.2635E+03,166.25833024919));
#6245 = CARTESIAN_POINT('',(3.27325E+03,160.62916512459));
#6246 = CARTESIAN_POINT('',(3.283E+03,155.));
#6247 = CARTESIAN_POINT('',(3.27325E+03,149.3708348754));
#6248 = CARTESIAN_POINT('',(3.2635E+03,143.7416697508));
#6249 = CARTESIAN_POINT('',(3.2635E+03,155.));
#6250 = ( GEOMETRIC_REPRESENTATION_CONTEXT(2) 
PARAMETRIC_REPRESENTATION_CONTEXT() REPRESENTATION_CONTEXT('2D SPACE',''
  ) );
#6251 = PCURVE('',#3156,#6252);
#6252 = DEFINITIONAL_REPRESENTATION('',(#6253),#6257);
#6253 = LINE('',#6254,#6255);
#6254 = CARTESIAN_POINT('',(0.,10.));
#6255 = VECTOR('',#6256,1.);
#6256 = DIRECTION('',(1.,0.));
#6257 = ( GEOMETRIC_REPRESENTATION_CONTEXT(2) 
PARAMETRIC_REPRESENTATION_CONTEXT() REPRESENTATION_CONTEXT('2D SPACE',''
  ) );
#6258 = FACE_BOUND('',#6259,.F.);
#6259 = EDGE_LOOP('',(#6260));
#6260 = ORIENTED_EDGE('',*,*,#6261,.T.);
#6261 = EDGE_CURVE('',#6262,#6262,#6264,.T.);
#6262 = VERTEX_POINT('',#6263);
#6263 = CARTESIAN_POINT('',(3.6135E+03,155.,0.));
#6264 = SURFACE_CURVE('',#6265,(#6270,#6281),.PCURVE_S1.);
#6265 = CIRCLE('',#6266,6.5);
#6266 = AXIS2_PLACEMENT_3D('',#6267,#6268,#6269);
#6267 = CARTESIAN_POINT('',(3.62E+03,155.,0.));
#6268 = DIRECTION('',(0.,0.,-1.));
#6269 = DIRECTION('',(-1.,0.,0.));
#6270 = PCURVE('',#72,#6271);
#6271 = DEFINITIONAL_REPRESENTATION('',(#6272),#6280);
#6272 = ( BOUNDED_CURVE() B_SPLINE_CURVE(2,(#6273,#6274,#6275,#6276,
#6277,#6278,#6279),.UNSPECIFIED.,.T.,.F.) B_SPLINE_CURVE_WITH_KNOTS((1,2
    ,2,2,2,1),(-2.094395102393,0.,2.094395102393,4.188790204786,
6.28318530718,8.377580409573),.UNSPECIFIED.) CURVE() 
GEOMETRIC_REPRESENTATION_ITEM() RATIONAL_B_SPLINE_CURVE((1.,0.5,1.,0.5,
1.,0.5,1.)) REPRESENTATION_ITEM('') );
#6273 = CARTESIAN_POINT('',(3.6135E+03,155.));
#6274 = CARTESIAN_POINT('',(3.6135E+03,166.25833024919));
#6275 = CARTESIAN_POINT('',(3.62325E+03,160.62916512459));
#6276 = CARTESIAN_POINT('',(3.633E+03,155.));
#6277 = CARTESIAN_POINT('',(3.62325E+03,149.3708348754));
#6278 = CARTESIAN_POINT('',(3.6135E+03,143.7416697508));
#6279 = CARTESIAN_POINT('',(3.6135E+03,155.));
#6280 = ( GEOMETRIC_REPRESENTATION_CONTEXT(2) 
PARAMETRIC_REPRESENTATION_CONTEXT() REPRESENTATION_CONTEXT('2D SPACE',''
  ) );
#6281 = PCURVE('',#3191,#6282);
#6282 = DEFINITIONAL_REPRESENTATION('',(#6283),#6287);
#6283 = LINE('',#6284,#6285);
#6284 = CARTESIAN_POINT('',(0.,10.));
#6285 = VECTOR('',#6286,1.);
#6286 = DIRECTION('',(1.,0.));
#6287 = ( GEOMETRIC_REPRESENTATION_CONTEXT(2) 
PARAMETRIC_REPRESENTATION_CONTEXT() REPRESENTATION_CONTEXT('2D SPACE',''
  ) );
#6288 = FACE_BOUND('',#6289,.F.);
#6289 = EDGE_LOOP('',(#6290));
#6290 = ORIENTED_EDGE('',*,*,#6291,.T.);
#6291 = EDGE_CURVE('',#6292,#6292,#6294,.T.);
#6292 = VERTEX_POINT('',#6293);
#6293 = CARTESIAN_POINT('',(3.9635E+03,155.,0.));
#6294 = SURFACE_CURVE('',#6295,(#6300,#6311),.PCURVE_S1.);
#6295 = CIRCLE('',#6296,6.5);
#6296 = AXIS2_PLACEMENT_3D('',#6297,#6298,#6299);
#6297 = CARTESIAN_POINT('',(3.97E+03,155.,0.));
#6298 = DIRECTION('',(0.,0.,-1.));
#6299 = DIRECTION('',(-1.,0.,0.));
#6300 = PCURVE('',#72,#6301);
#6301 = DEFINITIONAL_REPRESENTATION('',(#6302),#6310);
#6302 = ( BOUNDED_CURVE() B_SPLINE_CURVE(2,(#6303,#6304,#6305,#6306,
#6307,#6308,#6309),.UNSPECIFIED.,.T.,.F.) B_SPLINE_CURVE_WITH_KNOTS((1,2
    ,2,2,2,1),(-2.094395102393,0.,2.094395102393,4.188790204786,
6.28318530718,8.377580409573),.UNSPECIFIED.) CURVE() 
GEOMETRIC_REPRESENTATION_ITEM() RATIONAL_B_SPLINE_CURVE((1.,0.5,1.,0.5,
1.,0.5,1.)) REPRESENTATION_ITEM('') );
#6303 = CARTESIAN_POINT('',(3.9635E+03,155.));
#6304 = CARTESIAN_POINT('',(3.9635E+03,166.25833024919));
#6305 = CARTESIAN_POINT('',(3.97325E+03,160.62916512459));
#6306 = CARTESIAN_POINT('',(3.983E+03,155.));
#6307 = CARTESIAN_POINT('',(3.97325E+03,149.3708348754));
#6308 = CARTESIAN_POINT('',(3.9635E+03,143.7416697508));
#6309 = CARTESIAN_POINT('',(3.9635E+03,155.));
#6310 = ( GEOMETRIC_REPRESENTATION_CONTEXT(2) 
PARAMETRIC_REPRESENTATION_CONTEXT() REPRESENTATION_CONTEXT('2D SPACE',''
  ) );
#6311 = PCURVE('',#3226,#6312);
#6312 = DEFINITIONAL_REPRESENTATION('',(#6313),#6317);
#6313 = LINE('',#6314,#6315);
#6314 = CARTESIAN_POINT('',(0.,10.));
#6315 = VECTOR('',#6316,1.);
#6316 = DIRECTION('',(1.,0.));
#6317 = ( GEOMETRIC_REPRESENTATION_CONTEXT(2) 
PARAMETRIC_REPRESENTATION_CONTEXT() REPRESENTATION_CONTEXT('2D SPACE',''
  ) );
#6318 = FACE_BOUND('',#6319,.F.);
#6319 = EDGE_LOOP('',(#6320));
#6320 = ORIENTED_EDGE('',*,*,#6321,.T.);
#6321 = EDGE_CURVE('',#6322,#6322,#6324,.T.);
#6322 = VERTEX_POINT('',#6323);
#6323 = CARTESIAN_POINT('',(4.1135E+03,155.,0.));
#6324 = SURFACE_CURVE('',#6325,(#6330,#6341),.PCURVE_S1.);
#6325 = CIRCLE('',#6326,6.5);
#6326 = AXIS2_PLACEMENT_3D('',#6327,#6328,#6329);
#6327 = CARTESIAN_POINT('',(4.12E+03,155.,0.));
#6328 = DIRECTION('',(0.,0.,-1.));
#6329 = DIRECTION('',(-1.,0.,0.));
#6330 = PCURVE('',#72,#6331);
#6331 = DEFINITIONAL_REPRESENTATION('',(#6332),#6340);
#6332 = ( BOUNDED_CURVE() B_SPLINE_CURVE(2,(#6333,#6334,#6335,#6336,
#6337,#6338,#6339),.UNSPECIFIED.,.T.,.F.) B_SPLINE_CURVE_WITH_KNOTS((1,2
    ,2,2,2,1),(-2.094395102393,0.,2.094395102393,4.188790204786,
6.28318530718,8.377580409573),.UNSPECIFIED.) CURVE() 
GEOMETRIC_REPRESENTATION_ITEM() RATIONAL_B_SPLINE_CURVE((1.,0.5,1.,0.5,
1.,0.5,1.)) REPRESENTATION_ITEM('') );
#6333 = CARTESIAN_POINT('',(4.1135E+03,155.));
#6334 = CARTESIAN_POINT('',(4.1135E+03,166.25833024919));
#6335 = CARTESIAN_POINT('',(4.12325E+03,160.62916512459));
#6336 = CARTESIAN_POINT('',(4.133E+03,155.));
#6337 = CARTESIAN_POINT('',(4.12325E+03,149.3708348754));
#6338 = CARTESIAN_POINT('',(4.1135E+03,143.7416697508));
#6339 = CARTESIAN_POINT('',(4.1135E+03,155.));
#6340 = ( GEOMETRIC_REPRESENTATION_CONTEXT(2) 
PARAMETRIC_REPRESENTATION_CONTEXT() REPRESENTATION_CONTEXT('2D SPACE',''
  ) );
#6341 = PCURVE('',#3261,#6342);
#6342 = DEFINITIONAL_REPRESENTATION('',(#6343),#6347);
#6343 = LINE('',#6344,#6345);
#6344 = CARTESIAN_POINT('',(0.,10.));
#6345 = VECTOR('',#6346,1.);
#6346 = DIRECTION('',(1.,0.));
#6347 = ( GEOMETRIC_REPRESENTATION_CONTEXT(2) 
PARAMETRIC_REPRESENTATION_CONTEXT() REPRESENTATION_CONTEXT('2D SPACE',''
  ) );
#6348 = FACE_BOUND('',#6349,.F.);
#6349 = EDGE_LOOP('',(#6350));
#6350 = ORIENTED_EDGE('',*,*,#6351,.T.);
#6351 = EDGE_CURVE('',#6352,#6352,#6354,.T.);
#6352 = VERTEX_POINT('',#6353);
#6353 = CARTESIAN_POINT('',(4.2635E+03,155.,0.));
#6354 = SURFACE_CURVE('',#6355,(#6360,#6371),.PCURVE_S1.);
#6355 = CIRCLE('',#6356,6.5);
#6356 = AXIS2_PLACEMENT_3D('',#6357,#6358,#6359);
#6357 = CARTESIAN_POINT('',(4.27E+03,155.,0.));
#6358 = DIRECTION('',(0.,0.,-1.));
#6359 = DIRECTION('',(-1.,0.,0.));
#6360 = PCURVE('',#72,#6361);
#6361 = DEFINITIONAL_REPRESENTATION('',(#6362),#6370);
#6362 = ( BOUNDED_CURVE() B_SPLINE_CURVE(2,(#6363,#6364,#6365,#6366,
#6367,#6368,#6369),.UNSPECIFIED.,.T.,.F.) B_SPLINE_CURVE_WITH_KNOTS((1,2
    ,2,2,2,1),(-2.094395102393,0.,2.094395102393,4.188790204786,
6.28318530718,8.377580409573),.UNSPECIFIED.) CURVE() 
GEOMETRIC_REPRESENTATION_ITEM() RATIONAL_B_SPLINE_CURVE((1.,0.5,1.,0.5,
1.,0.5,1.)) REPRESENTATION_ITEM('') );
#6363 = CARTESIAN_POINT('',(4.2635E+03,155.));
#6364 = CARTESIAN_POINT('',(4.2635E+03,166.25833024919));
#6365 = CARTESIAN_POINT('',(4.27325E+03,160.62916512459));
#6366 = CARTESIAN_POINT('',(4.283E+03,155.));
#6367 = CARTESIAN_POINT('',(4.27325E+03,149.3708348754));
#6368 = CARTESIAN_POINT('',(4.2635E+03,143.7416697508));
#6369 = CARTESIAN_POINT('',(4.2635E+03,155.));
#6370 = ( GEOMETRIC_REPRESENTATION_CONTEXT(2) 
PARAMETRIC_REPRESENTATION_CONTEXT() REPRESENTATION_CONTEXT('2D SPACE',''
  ) );
#6371 = PCURVE('',#3296,#6372);
#6372 = DEFINITIONAL_REPRESENTATION('',(#6373),#6377);
#6373 = LINE('',#6374,#6375);
#6374 = CARTESIAN_POINT('',(0.,10.));
#6375 = VECTOR('',#6376,1.);
#6376 = DIRECTION('',(1.,0.));
#6377 = ( GEOMETRIC_REPRESENTATION_CONTEXT(2) 
PARAMETRIC_REPRESENTATION_CONTEXT() REPRESENTATION_CONTEXT('2D SPACE',''
  ) );
#6378 = FACE_BOUND('',#6379,.F.);
#6379 = EDGE_LOOP('',(#6380));
#6380 = ORIENTED_EDGE('',*,*,#6381,.T.);
#6381 = EDGE_CURVE('',#6382,#6382,#6384,.T.);
#6382 = VERTEX_POINT('',#6383);
#6383 = CARTESIAN_POINT('',(4.4135E+03,155.,0.));
#6384 = SURFACE_CURVE('',#6385,(#6390,#6401),.PCURVE_S1.);
#6385 = CIRCLE('',#6386,6.5);
#6386 = AXIS2_PLACEMENT_3D('',#6387,#6388,#6389);
#6387 = CARTESIAN_POINT('',(4.42E+03,155.,0.));
#6388 = DIRECTION('',(0.,0.,-1.));
#6389 = DIRECTION('',(-1.,0.,0.));
#6390 = PCURVE('',#72,#6391);
#6391 = DEFINITIONAL_REPRESENTATION('',(#6392),#6400);
#6392 = ( BOUNDED_CURVE() B_SPLINE_CURVE(2,(#6393,#6394,#6395,#6396,
#6397,#6398,#6399),.UNSPECIFIED.,.T.,.F.) B_SPLINE_CURVE_WITH_KNOTS((1,2
    ,2,2,2,1),(-2.094395102393,0.,2.094395102393,4.188790204786,
6.28318530718,8.377580409573),.UNSPECIFIED.) CURVE() 
GEOMETRIC_REPRESENTATION_ITEM() RATIONAL_B_SPLINE_CURVE((1.,0.5,1.,0.5,
1.,0.5,1.)) REPRESENTATION_ITEM('') );
#6393 = CARTESIAN_POINT('',(4.4135E+03,155.));
#6394 = CARTESIAN_POINT('',(4.4135E+03,166.25833024919));
#6395 = CARTESIAN_POINT('',(4.42325E+03,160.62916512459));
#6396 = CARTESIAN_POINT('',(4.433E+03,155.));
#6397 = CARTESIAN_POINT('',(4.42325E+03,149.3708348754));
#6398 = CARTESIAN_POINT('',(4.4135E+03,143.7416697508));
#6399 = CARTESIAN_POINT('',(4.4135E+03,155.));
#6400 = ( GEOMETRIC_REPRESENTATION_CONTEXT(2) 
PARAMETRIC_REPRESENTATION_CONTEXT() REPRESENTATION_CONTEXT('2D SPACE',''
  ) );
#6401 = PCURVE('',#3331,#6402);
#6402 = DEFINITIONAL_REPRESENTATION('',(#6403),#6407);
#6403 = LINE('',#6404,#6405);
#6404 = CARTESIAN_POINT('',(0.,10.));
#6405 = VECTOR('',#6406,1.);
#6406 = DIRECTION('',(1.,0.));
#6407 = ( GEOMETRIC_REPRESENTATION_CONTEXT(2) 
PARAMETRIC_REPRESENTATION_CONTEXT() REPRESENTATION_CONTEXT('2D SPACE',''
  ) );
#6408 = FACE_BOUND('',#6409,.F.);
#6409 = EDGE_LOOP('',(#6410));
#6410 = ORIENTED_EDGE('',*,*,#6411,.T.);
#6411 = EDGE_CURVE('',#6412,#6412,#6414,.T.);
#6412 = VERTEX_POINT('',#6413);
#6413 = CARTESIAN_POINT('',(4.5935E+03,155.,0.));
#6414 = SURFACE_CURVE('',#6415,(#6420,#6431),.PCURVE_S1.);
#6415 = CIRCLE('',#6416,6.5);
#6416 = AXIS2_PLACEMENT_3D('',#6417,#6418,#6419);
#6417 = CARTESIAN_POINT('',(4.6E+03,155.,0.));
#6418 = DIRECTION('',(0.,0.,-1.));
#6419 = DIRECTION('',(-1.,0.,0.));
#6420 = PCURVE('',#72,#6421);
#6421 = DEFINITIONAL_REPRESENTATION('',(#6422),#6430);
#6422 = ( BOUNDED_CURVE() B_SPLINE_CURVE(2,(#6423,#6424,#6425,#6426,
#6427,#6428,#6429),.UNSPECIFIED.,.T.,.F.) B_SPLINE_CURVE_WITH_KNOTS((1,2
    ,2,2,2,1),(-2.094395102393,0.,2.094395102393,4.188790204786,
6.28318530718,8.377580409573),.UNSPECIFIED.) CURVE() 
GEOMETRIC_REPRESENTATION_ITEM() RATIONAL_B_SPLINE_CURVE((1.,0.5,1.,0.5,
1.,0.5,1.)) REPRESENTATION_ITEM('') );
#6423 = CARTESIAN_POINT('',(4.5935E+03,155.));
#6424 = CARTESIAN_POINT('',(4.5935E+03,166.25833024919));
#6425 = CARTESIAN_POINT('',(4.60325E+03,160.62916512459));
#6426 = CARTESIAN_POINT('',(4.613E+03,155.));
#6427 = CARTESIAN_POINT('',(4.60325E+03,149.3708348754));
#6428 = CARTESIAN_POINT('',(4.5935E+03,143.7416697508));
#6429 = CARTESIAN_POINT('',(4.5935E+03,155.));
#6430 = ( GEOMETRIC_REPRESENTATION_CONTEXT(2) 
PARAMETRIC_REPRESENTATION_CONTEXT() REPRESENTATION_CONTEXT('2D SPACE',''
  ) );
#6431 = PCURVE('',#3366,#6432);
#6432 = DEFINITIONAL_REPRESENTATION('',(#6433),#6437);
#6433 = LINE('',#6434,#6435);
#6434 = CARTESIAN_POINT('',(0.,10.));
#6435 = VECTOR('',#6436,1.);
#6436 = DIRECTION('',(1.,0.));
#6437 = ( GEOMETRIC_REPRESENTATION_CONTEXT(2) 
PARAMETRIC_REPRESENTATION_CONTEXT() REPRESENTATION_CONTEXT('2D SPACE',''
  ) );
#6438 = FACE_BOUND('',#6439,.F.);
#6439 = EDGE_LOOP('',(#6440));
#6440 = ORIENTED_EDGE('',*,*,#6441,.T.);
#6441 = EDGE_CURVE('',#6442,#6442,#6444,.T.);
#6442 = VERTEX_POINT('',#6443);
#6443 = CARTESIAN_POINT('',(4.6835E+03,155.,0.));
#6444 = SURFACE_CURVE('',#6445,(#6450,#6461),.PCURVE_S1.);
#6445 = CIRCLE('',#6446,6.5);
#6446 = AXIS2_PLACEMENT_3D('',#6447,#6448,#6449);
#6447 = CARTESIAN_POINT('',(4.69E+03,155.,0.));
#6448 = DIRECTION('',(0.,0.,-1.));
#6449 = DIRECTION('',(-1.,0.,0.));
#6450 = PCURVE('',#72,#6451);
#6451 = DEFINITIONAL_REPRESENTATION('',(#6452),#6460);
#6452 = ( BOUNDED_CURVE() B_SPLINE_CURVE(2,(#6453,#6454,#6455,#6456,
#6457,#6458,#6459),.UNSPECIFIED.,.T.,.F.) B_SPLINE_CURVE_WITH_KNOTS((1,2
    ,2,2,2,1),(-2.094395102393,0.,2.094395102393,4.188790204786,
6.28318530718,8.377580409573),.UNSPECIFIED.) CURVE() 
GEOMETRIC_REPRESENTATION_ITEM() RATIONAL_B_SPLINE_CURVE((1.,0.5,1.,0.5,
1.,0.5,1.)) REPRESENTATION_ITEM('') );
#6453 = CARTESIAN_POINT('',(4.6835E+03,155.));
#6454 = CARTESIAN_POINT('',(4.6835E+03,166.25833024919));
#6455 = CARTESIAN_POINT('',(4.69325E+03,160.62916512459));
#6456 = CARTESIAN_POINT('',(4.703E+03,155.));
#6457 = CARTESIAN_POINT('',(4.69325E+03,149.3708348754));
#6458 = CARTESIAN_POINT('',(4.6835E+03,143.7416697508));
#6459 = CARTESIAN_POINT('',(4.6835E+03,155.));
#6460 = ( GEOMETRIC_REPRESENTATION_CONTEXT(2) 
PARAMETRIC_REPRESENTATION_CONTEXT() REPRESENTATION_CONTEXT('2D SPACE',''
  ) );
#6461 = PCURVE('',#3401,#6462);
#6462 = DEFINITIONAL_REPRESENTATION('',(#6463),#6467);
#6463 = LINE('',#6464,#6465);
#6464 = CARTESIAN_POINT('',(0.,10.));
#6465 = VECTOR('',#6466,1.);
#6466 = DIRECTION('',(1.,0.));
#6467 = ( GEOMETRIC_REPRESENTATION_CONTEXT(2) 
PARAMETRIC_REPRESENTATION_CONTEXT() REPRESENTATION_CONTEXT('2D SPACE',''
  ) );
#6468 = FACE_BOUND('',#6469,.F.);
#6469 = EDGE_LOOP('',(#6470));
#6470 = ORIENTED_EDGE('',*,*,#6471,.T.);
#6471 = EDGE_CURVE('',#6472,#6472,#6474,.T.);
#6472 = VERTEX_POINT('',#6473);
#6473 = CARTESIAN_POINT('',(4.7735E+03,155.,0.));
#6474 = SURFACE_CURVE('',#6475,(#6480,#6491),.PCURVE_S1.);
#6475 = CIRCLE('',#6476,6.5);
#6476 = AXIS2_PLACEMENT_3D('',#6477,#6478,#6479);
#6477 = CARTESIAN_POINT('',(4.78E+03,155.,0.));
#6478 = DIRECTION('',(0.,0.,-1.));
#6479 = DIRECTION('',(-1.,0.,0.));
#6480 = PCURVE('',#72,#6481);
#6481 = DEFINITIONAL_REPRESENTATION('',(#6482),#6490);
#6482 = ( BOUNDED_CURVE() B_SPLINE_CURVE(2,(#6483,#6484,#6485,#6486,
#6487,#6488,#6489),.UNSPECIFIED.,.T.,.F.) B_SPLINE_CURVE_WITH_KNOTS((1,2
    ,2,2,2,1),(-2.094395102393,0.,2.094395102393,4.188790204786,
6.28318530718,8.377580409573),.UNSPECIFIED.) CURVE() 
GEOMETRIC_REPRESENTATION_ITEM() RATIONAL_B_SPLINE_CURVE((1.,0.5,1.,0.5,
1.,0.5,1.)) REPRESENTATION_ITEM('') );
#6483 = CARTESIAN_POINT('',(4.7735E+03,155.));
#6484 = CARTESIAN_POINT('',(4.7735E+03,166.25833024919));
#6485 = CARTESIAN_POINT('',(4.78325E+03,160.62916512459));
#6486 = CARTESIAN_POINT('',(4.793E+03,155.));
#6487 = CARTESIAN_POINT('',(4.78325E+03,149.3708348754));
#6488 = CARTESIAN_POINT('',(4.7735E+03,143.7416697508));
#6489 = CARTESIAN_POINT('',(4.7735E+03,155.));
#6490 = ( GEOMETRIC_REPRESENTATION_CONTEXT(2) 
PARAMETRIC_REPRESENTATION_CONTEXT() REPRESENTATION_CONTEXT('2D SPACE',''
  ) );
#6491 = PCURVE('',#3436,#6492);
#6492 = DEFINITIONAL_REPRESENTATION('',(#6493),#6497);
#6493 = LINE('',#6494,#6495);
#6494 = CARTESIAN_POINT('',(0.,10.));
#6495 = VECTOR('',#6496,1.);
#6496 = DIRECTION('',(1.,0.));
#6497 = ( GEOMETRIC_REPRESENTATION_CONTEXT(2) 
PARAMETRIC_REPRESENTATION_CONTEXT() REPRESENTATION_CONTEXT('2D SPACE',''
  ) );
#6498 = FACE_BOUND('',#6499,.F.);
#6499 = EDGE_LOOP('',(#6500));
#6500 = ORIENTED_EDGE('',*,*,#6501,.T.);
#6501 = EDGE_CURVE('',#6502,#6502,#6504,.T.);
#6502 = VERTEX_POINT('',#6503);
#6503 = CARTESIAN_POINT('',(4.8635E+03,155.,0.));
#6504 = SURFACE_CURVE('',#6505,(#6510,#6521),.PCURVE_S1.);
#6505 = CIRCLE('',#6506,6.5);
#6506 = AXIS2_PLACEMENT_3D('',#6507,#6508,#6509);
#6507 = CARTESIAN_POINT('',(4.87E+03,155.,0.));
#6508 = DIRECTION('',(0.,0.,-1.));
#6509 = DIRECTION('',(-1.,0.,0.));
#6510 = PCURVE('',#72,#6511);
#6511 = DEFINITIONAL_REPRESENTATION('',(#6512),#6520);
#6512 = ( BOUNDED_CURVE() B_SPLINE_CURVE(2,(#6513,#6514,#6515,#6516,
#6517,#6518,#6519),.UNSPECIFIED.,.T.,.F.) B_SPLINE_CURVE_WITH_KNOTS((1,2
    ,2,2,2,1),(-2.094395102393,0.,2.094395102393,4.188790204786,
6.28318530718,8.377580409573),.UNSPECIFIED.) CURVE() 
GEOMETRIC_REPRESENTATION_ITEM() RATIONAL_B_SPLINE_CURVE((1.,0.5,1.,0.5,
1.,0.5,1.)) REPRESENTATION_ITEM('') );
#6513 = CARTESIAN_POINT('',(4.8635E+03,155.));
#6514 = CARTESIAN_POINT('',(4.8635E+03,166.25833024919));
#6515 = CARTESIAN_POINT('',(4.87325E+03,160.62916512459));
#6516 = CARTESIAN_POINT('',(4.883E+03,155.));
#6517 = CARTESIAN_POINT('',(4.87325E+03,149.3708348754));
#6518 = CARTESIAN_POINT('',(4.8635E+03,143.7416697508));
#6519 = CARTESIAN_POINT('',(4.8635E+03,155.));
#6520 = ( GEOMETRIC_REPRESENTATION_CONTEXT(2) 
PARAMETRIC_REPRESENTATION_CONTEXT() REPRESENTATION_CONTEXT('2D SPACE',''
  ) );
#6521 = PCURVE('',#3471,#6522);
#6522 = DEFINITIONAL_REPRESENTATION('',(#6523),#6527);
#6523 = LINE('',#6524,#6525);
#6524 = CARTESIAN_POINT('',(0.,10.));
#6525 = VECTOR('',#6526,1.);
#6526 = DIRECTION('',(1.,0.));
#6527 = ( GEOMETRIC_REPRESENTATION_CONTEXT(2) 
PARAMETRIC_REPRESENTATION_CONTEXT() REPRESENTATION_CONTEXT('2D SPACE',''
  ) );
#6528 = FACE_BOUND('',#6529,.F.);
#6529 = EDGE_LOOP('',(#6530));
#6530 = ORIENTED_EDGE('',*,*,#6531,.T.);
#6531 = EDGE_CURVE('',#6532,#6532,#6534,.T.);
#6532 = VERTEX_POINT('',#6533);
#6533 = CARTESIAN_POINT('',(4.9535E+03,155.,0.));
#6534 = SURFACE_CURVE('',#6535,(#6540,#6551),.PCURVE_S1.);
#6535 = CIRCLE('',#6536,6.5);
#6536 = AXIS2_PLACEMENT_3D('',#6537,#6538,#6539);
#6537 = CARTESIAN_POINT('',(4.96E+03,155.,0.));
#6538 = DIRECTION('',(0.,0.,-1.));
#6539 = DIRECTION('',(-1.,0.,0.));
#6540 = PCURVE('',#72,#6541);
#6541 = DEFINITIONAL_REPRESENTATION('',(#6542),#6550);
#6542 = ( BOUNDED_CURVE() B_SPLINE_CURVE(2,(#6543,#6544,#6545,#6546,
#6547,#6548,#6549),.UNSPECIFIED.,.T.,.F.) B_SPLINE_CURVE_WITH_KNOTS((1,2
    ,2,2,2,1),(-2.094395102393,0.,2.094395102393,4.188790204786,
6.28318530718,8.377580409573),.UNSPECIFIED.) CURVE() 
GEOMETRIC_REPRESENTATION_ITEM() RATIONAL_B_SPLINE_CURVE((1.,0.5,1.,0.5,
1.,0.5,1.)) REPRESENTATION_ITEM('') );
#6543 = CARTESIAN_POINT('',(4.9535E+03,155.));
#6544 = CARTESIAN_POINT('',(4.9535E+03,166.25833024919));
#6545 = CARTESIAN_POINT('',(4.96325E+03,160.62916512459));
#6546 = CARTESIAN_POINT('',(4.973E+03,155.));
#6547 = CARTESIAN_POINT('',(4.96325E+03,149.3708348754));
#6548 = CARTESIAN_POINT('',(4.9535E+03,143.7416697508));
#6549 = CARTESIAN_POINT('',(4.9535E+03,155.));
#6550 = ( GEOMETRIC_REPRESENTATION_CONTEXT(2) 
PARAMETRIC_REPRESENTATION_CONTEXT() REPRESENTATION_CONTEXT('2D SPACE',''
  ) );
#6551 = PCURVE('',#3506,#6552);
#6552 = DEFINITIONAL_REPRESENTATION('',(#6553),#6557);
#6553 = LINE('',#6554,#6555);
#6554 = CARTESIAN_POINT('',(0.,10.));
#6555 = VECTOR('',#6556,1.);
#6556 = DIRECTION('',(1.,0.));
#6557 = ( GEOMETRIC_REPRESENTATION_CONTEXT(2) 
PARAMETRIC_REPRESENTATION_CONTEXT() REPRESENTATION_CONTEXT('2D SPACE',''
  ) );
#6558 = FACE_BOUND('',#6559,.F.);
#6559 = EDGE_LOOP('',(#6560));
#6560 = ORIENTED_EDGE('',*,*,#6561,.T.);
#6561 = EDGE_CURVE('',#6562,#6562,#6564,.T.);
#6562 = VERTEX_POINT('',#6563);
#6563 = CARTESIAN_POINT('',(5.0435E+03,155.,0.));
#6564 = SURFACE_CURVE('',#6565,(#6570,#6581),.PCURVE_S1.);
#6565 = CIRCLE('',#6566,6.5);
#6566 = AXIS2_PLACEMENT_3D('',#6567,#6568,#6569);
#6567 = CARTESIAN_POINT('',(5.05E+03,155.,0.));
#6568 = DIRECTION('',(0.,0.,-1.));
#6569 = DIRECTION('',(-1.,0.,0.));
#6570 = PCURVE('',#72,#6571);
#6571 = DEFINITIONAL_REPRESENTATION('',(#6572),#6580);
#6572 = ( BOUNDED_CURVE() B_SPLINE_CURVE(2,(#6573,#6574,#6575,#6576,
#6577,#6578,#6579),.UNSPECIFIED.,.T.,.F.) B_SPLINE_CURVE_WITH_KNOTS((1,2
    ,2,2,2,1),(-2.094395102393,0.,2.094395102393,4.188790204786,
6.28318530718,8.377580409573),.UNSPECIFIED.) CURVE() 
GEOMETRIC_REPRESENTATION_ITEM() RATIONAL_B_SPLINE_CURVE((1.,0.5,1.,0.5,
1.,0.5,1.)) REPRESENTATION_ITEM('') );
#6573 = CARTESIAN_POINT('',(5.0435E+03,155.));
#6574 = CARTESIAN_POINT('',(5.0435E+03,166.25833024919));
#6575 = CARTESIAN_POINT('',(5.05325E+03,160.62916512459));
#6576 = CARTESIAN_POINT('',(5.063E+03,155.));
#6577 = CARTESIAN_POINT('',(5.05325E+03,149.3708348754));
#6578 = CARTESIAN_POINT('',(5.0435E+03,143.7416697508));
#6579 = CARTESIAN_POINT('',(5.0435E+03,155.));
#6580 = ( GEOMETRIC_REPRESENTATION_CONTEXT(2) 
PARAMETRIC_REPRESENTATION_CONTEXT() REPRESENTATION_CONTEXT('2D SPACE',''
  ) );
#6581 = PCURVE('',#3541,#6582);
#6582 = DEFINITIONAL_REPRESENTATION('',(#6583),#6587);
#6583 = LINE('',#6584,#6585);
#6584 = CARTESIAN_POINT('',(0.,10.));
#6585 = VECTOR('',#6586,1.);
#6586 = DIRECTION('',(1.,0.));
#6587 = ( GEOMETRIC_REPRESENTATION_CONTEXT(2) 
PARAMETRIC_REPRESENTATION_CONTEXT() REPRESENTATION_CONTEXT('2D SPACE',''
  ) );
#6588 = FACE_BOUND('',#6589,.F.);
#6589 = EDGE_LOOP('',(#6590));
#6590 = ORIENTED_EDGE('',*,*,#6591,.T.);
#6591 = EDGE_CURVE('',#6592,#6592,#6594,.T.);
#6592 = VERTEX_POINT('',#6593);
#6593 = CARTESIAN_POINT('',(5.1335E+03,155.,0.));
#6594 = SURFACE_CURVE('',#6595,(#6600,#6611),.PCURVE_S1.);
#6595 = CIRCLE('',#6596,6.5);
#6596 = AXIS2_PLACEMENT_3D('',#6597,#6598,#6599);
#6597 = CARTESIAN_POINT('',(5.14E+03,155.,0.));
#6598 = DIRECTION('',(0.,0.,-1.));
#6599 = DIRECTION('',(-1.,0.,0.));
#6600 = PCURVE('',#72,#6601);
#6601 = DEFINITIONAL_REPRESENTATION('',(#6602),#6610);
#6602 = ( BOUNDED_CURVE() B_SPLINE_CURVE(2,(#6603,#6604,#6605,#6606,
#6607,#6608,#6609),.UNSPECIFIED.,.T.,.F.) B_SPLINE_CURVE_WITH_KNOTS((1,2
    ,2,2,2,1),(-2.094395102393,0.,2.094395102393,4.188790204786,
6.28318530718,8.377580409573),.UNSPECIFIED.) CURVE() 
GEOMETRIC_REPRESENTATION_ITEM() RATIONAL_B_SPLINE_CURVE((1.,0.5,1.,0.5,
1.,0.5,1.)) REPRESENTATION_ITEM('') );
#6603 = CARTESIAN_POINT('',(5.1335E+03,155.));
#6604 = CARTESIAN_POINT('',(5.1335E+03,166.25833024919));
#6605 = CARTESIAN_POINT('',(5.14325E+03,160.62916512459));
#6606 = CARTESIAN_POINT('',(5.153E+03,155.));
#6607 = CARTESIAN_POINT('',(5.14325E+03,149.3708348754));
#6608 = CARTESIAN_POINT('',(5.1335E+03,143.7416697508));
#6609 = CARTESIAN_POINT('',(5.1335E+03,155.));
#6610 = ( GEOMETRIC_REPRESENTATION_CONTEXT(2) 
PARAMETRIC_REPRESENTATION_CONTEXT() REPRESENTATION_CONTEXT('2D SPACE',''
  ) );
#6611 = PCURVE('',#3576,#6612);
#6612 = DEFINITIONAL_REPRESENTATION('',(#6613),#6617);
#6613 = LINE('',#6614,#6615);
#6614 = CARTESIAN_POINT('',(0.,10.));
#6615 = VECTOR('',#6616,1.);
#6616 = DIRECTION('',(1.,0.));
#6617 = ( GEOMETRIC_REPRESENTATION_CONTEXT(2) 
PARAMETRIC_REPRESENTATION_CONTEXT() REPRESENTATION_CONTEXT('2D SPACE',''
  ) );
#6618 = FACE_BOUND('',#6619,.F.);
#6619 = EDGE_LOOP('',(#6620));
#6620 = ORIENTED_EDGE('',*,*,#6621,.T.);
#6621 = EDGE_CURVE('',#6622,#6622,#6624,.T.);
#6622 = VERTEX_POINT('',#6623);
#6623 = CARTESIAN_POINT('',(5.2235E+03,155.,0.));
#6624 = SURFACE_CURVE('',#6625,(#6630,#6641),.PCURVE_S1.);
#6625 = CIRCLE('',#6626,6.5);
#6626 = AXIS2_PLACEMENT_3D('',#6627,#6628,#6629);
#6627 = CARTESIAN_POINT('',(5.23E+03,155.,0.));
#6628 = DIRECTION('',(0.,0.,-1.));
#6629 = DIRECTION('',(-1.,0.,0.));
#6630 = PCURVE('',#72,#6631);
#6631 = DEFINITIONAL_REPRESENTATION('',(#6632),#6640);
#6632 = ( BOUNDED_CURVE() B_SPLINE_CURVE(2,(#6633,#6634,#6635,#6636,
#6637,#6638,#6639),.UNSPECIFIED.,.T.,.F.) B_SPLINE_CURVE_WITH_KNOTS((1,2
    ,2,2,2,1),(-2.094395102393,0.,2.094395102393,4.188790204786,
6.28318530718,8.377580409573),.UNSPECIFIED.) CURVE() 
GEOMETRIC_REPRESENTATION_ITEM() RATIONAL_B_SPLINE_CURVE((1.,0.5,1.,0.5,
1.,0.5,1.)) REPRESENTATION_ITEM('') );
#6633 = CARTESIAN_POINT('',(5.2235E+03,155.));
#6634 = CARTESIAN_POINT('',(5.2235E+03,166.25833024919));
#6635 = CARTESIAN_POINT('',(5.23325E+03,160.62916512459));
#6636 = CARTESIAN_POINT('',(5.243E+03,155.));
#6637 = CARTESIAN_POINT('',(5.23325E+03,149.3708348754));
#6638 = CARTESIAN_POINT('',(5.2235E+03,143.7416697508));
#6639 = CARTESIAN_POINT('',(5.2235E+03,155.));
#6640 = ( GEOMETRIC_REPRESENTATION_CONTEXT(2) 
PARAMETRIC_REPRESENTATION_CONTEXT() REPRESENTATION_CONTEXT('2D SPACE',''
  ) );
#6641 = PCURVE('',#3611,#6642);
#6642 = DEFINITIONAL_REPRESENTATION('',(#6643),#6647);
#6643 = LINE('',#6644,#6645);
#6644 = CARTESIAN_POINT('',(0.,10.));
#6645 = VECTOR('',#6646,1.);
#6646 = DIRECTION('',(1.,0.));
#6647 = ( GEOMETRIC_REPRESENTATION_CONTEXT(2) 
PARAMETRIC_REPRESENTATION_CONTEXT() REPRESENTATION_CONTEXT('2D SPACE',''
  ) );
#6648 = FACE_BOUND('',#6649,.F.);
#6649 = EDGE_LOOP('',(#6650));
#6650 = ORIENTED_EDGE('',*,*,#6651,.T.);
#6651 = EDGE_CURVE('',#6652,#6652,#6654,.T.);
#6652 = VERTEX_POINT('',#6653);
#6653 = CARTESIAN_POINT('',(5.3135E+03,155.,0.));
#6654 = SURFACE_CURVE('',#6655,(#6660,#6671),.PCURVE_S1.);
#6655 = CIRCLE('',#6656,6.5);
#6656 = AXIS2_PLACEMENT_3D('',#6657,#6658,#6659);
#6657 = CARTESIAN_POINT('',(5.32E+03,155.,0.));
#6658 = DIRECTION('',(0.,0.,-1.));
#6659 = DIRECTION('',(-1.,0.,0.));
#6660 = PCURVE('',#72,#6661);
#6661 = DEFINITIONAL_REPRESENTATION('',(#6662),#6670);
#6662 = ( BOUNDED_CURVE() B_SPLINE_CURVE(2,(#6663,#6664,#6665,#6666,
#6667,#6668,#6669),.UNSPECIFIED.,.T.,.F.) B_SPLINE_CURVE_WITH_KNOTS((1,2
    ,2,2,2,1),(-2.094395102393,0.,2.094395102393,4.188790204786,
6.28318530718,8.377580409573),.UNSPECIFIED.) CURVE() 
GEOMETRIC_REPRESENTATION_ITEM() RATIONAL_B_SPLINE_CURVE((1.,0.5,1.,0.5,
1.,0.5,1.)) REPRESENTATION_ITEM('') );
#6663 = CARTESIAN_POINT('',(5.3135E+03,155.));
#6664 = CARTESIAN_POINT('',(5.3135E+03,166.25833024919));
#6665 = CARTESIAN_POINT('',(5.32325E+03,160.62916512459));
#6666 = CARTESIAN_POINT('',(5.333E+03,155.));
#6667 = CARTESIAN_POINT('',(5.32325E+03,149.3708348754));
#6668 = CARTESIAN_POINT('',(5.3135E+03,143.7416697508));
#6669 = CARTESIAN_POINT('',(5.3135E+03,155.));
#6670 = ( GEOMETRIC_REPRESENTATION_CONTEXT(2) 
PARAMETRIC_REPRESENTATION_CONTEXT() REPRESENTATION_CONTEXT('2D SPACE',''
  ) );
#6671 = PCURVE('',#3646,#6672);
#6672 = DEFINITIONAL_REPRESENTATION('',(#6673),#6677);
#6673 = LINE('',#6674,#6675);
#6674 = CARTESIAN_POINT('',(0.,10.));
#6675 = VECTOR('',#6676,1.);
#6676 = DIRECTION('',(1.,0.));
#6677 = ( GEOMETRIC_REPRESENTATION_CONTEXT(2) 
PARAMETRIC_REPRESENTATION_CONTEXT() REPRESENTATION_CONTEXT('2D SPACE',''
  ) );
#6678 = FACE_BOUND('',#6679,.F.);
#6679 = EDGE_LOOP('',(#6680));
#6680 = ORIENTED_EDGE('',*,*,#6681,.T.);
#6681 = EDGE_CURVE('',#6682,#6682,#6684,.T.);
#6682 = VERTEX_POINT('',#6683);
#6683 = CARTESIAN_POINT('',(5.4035E+03,155.,0.));
#6684 = SURFACE_CURVE('',#6685,(#6690,#6701),.PCURVE_S1.);
#6685 = CIRCLE('',#6686,6.5);
#6686 = AXIS2_PLACEMENT_3D('',#6687,#6688,#6689);
#6687 = CARTESIAN_POINT('',(5.41E+03,155.,0.));
#6688 = DIRECTION('',(0.,0.,-1.));
#6689 = DIRECTION('',(-1.,0.,0.));
#6690 = PCURVE('',#72,#6691);
#6691 = DEFINITIONAL_REPRESENTATION('',(#6692),#6700);
#6692 = ( BOUNDED_CURVE() B_SPLINE_CURVE(2,(#6693,#6694,#6695,#6696,
#6697,#6698,#6699),.UNSPECIFIED.,.T.,.F.) B_SPLINE_CURVE_WITH_KNOTS((1,2
    ,2,2,2,1),(-2.094395102393,0.,2.094395102393,4.188790204786,
6.28318530718,8.377580409573),.UNSPECIFIED.) CURVE() 
GEOMETRIC_REPRESENTATION_ITEM() RATIONAL_B_SPLINE_CURVE((1.,0.5,1.,0.5,
1.,0.5,1.)) REPRESENTATION_ITEM('') );
#6693 = CARTESIAN_POINT('',(5.4035E+03,155.));
#6694 = CARTESIAN_POINT('',(5.4035E+03,166.25833024919));
#6695 = CARTESIAN_POINT('',(5.41325E+03,160.62916512459));
#6696 = CARTESIAN_POINT('',(5.423E+03,155.));
#6697 = CARTESIAN_POINT('',(5.41325E+03,149.3708348754));
#6698 = CARTESIAN_POINT('',(5.4035E+03,143.7416697508));
#6699 = CARTESIAN_POINT('',(5.4035E+03,155.));
#6700 = ( GEOMETRIC_REPRESENTATION_CONTEXT(2) 
PARAMETRIC_REPRESENTATION_CONTEXT() REPRESENTATION_CONTEXT('2D SPACE',''
  ) );
#6701 = PCURVE('',#3681,#6702);
#6702 = DEFINITIONAL_REPRESENTATION('',(#6703),#6707);
#6703 = LINE('',#6704,#6705);
#6704 = CARTESIAN_POINT('',(0.,10.));
#6705 = VECTOR('',#6706,1.);
#6706 = DIRECTION('',(1.,0.));
#6707 = ( GEOMETRIC_REPRESENTATION_CONTEXT(2) 
PARAMETRIC_REPRESENTATION_CONTEXT() REPRESENTATION_CONTEXT('2D SPACE',''
  ) );
#6708 = ADVANCED_FACE('',(#6709),#202,.T.);
#6709 = FACE_BOUND('',#6710,.T.);
#6710 = EDGE_LOOP('',(#6711,#6712,#6713,#6714));
#6711 = ORIENTED_EDGE('',*,*,#188,.F.);
#6712 = ORIENTED_EDGE('',*,*,#3747,.T.);
#6713 = ORIENTED_EDGE('',*,*,#3721,.T.);
#6714 = ORIENTED_EDGE('',*,*,#219,.F.);
#6715 = ADVANCED_FACE('',(#6716),#286,.F.);
#6716 = FACE_BOUND('',#6717,.F.);
#6717 = EDGE_LOOP('',(#6718,#6719,#6740,#6741));
#6718 = ORIENTED_EDGE('',*,*,#3771,.F.);
#6719 = ORIENTED_EDGE('',*,*,#6720,.F.);
#6720 = EDGE_CURVE('',#266,#3772,#6721,.T.);
#6721 = SEAM_CURVE('',#6722,(#6726,#6733),.PCURVE_S1.);
#6722 = LINE('',#6723,#6724);
#6723 = CARTESIAN_POINT('',(93.5,45.,10.));
#6724 = VECTOR('',#6725,1.);
#6725 = DIRECTION('',(0.,0.,-1.));
#6726 = PCURVE('',#286,#6727);
#6727 = DEFINITIONAL_REPRESENTATION('',(#6728),#6732);
#6728 = LINE('',#6729,#6730);
#6729 = CARTESIAN_POINT('',(6.28318530718,-0.));
#6730 = VECTOR('',#6731,1.);
#6731 = DIRECTION('',(0.,1.));
#6732 = ( GEOMETRIC_REPRESENTATION_CONTEXT(2) 
PARAMETRIC_REPRESENTATION_CONTEXT() REPRESENTATION_CONTEXT('2D SPACE',''
  ) );
#6733 = PCURVE('',#286,#6734);
#6734 = DEFINITIONAL_REPRESENTATION('',(#6735),#6739);
#6735 = LINE('',#6736,#6737);
#6736 = CARTESIAN_POINT('',(0.,-0.));
#6737 = VECTOR('',#6738,1.);
#6738 = DIRECTION('',(0.,1.));
#6739 = ( GEOMETRIC_REPRESENTATION_CONTEXT(2) 
PARAMETRIC_REPRESENTATION_CONTEXT() REPRESENTATION_CONTEXT('2D SPACE',''
  ) );
#6740 = ORIENTED_EDGE('',*,*,#265,.T.);
#6741 = ORIENTED_EDGE('',*,*,#6720,.T.);
#6742 = ADVANCED_FACE('',(#6743),#321,.F.);
#6743 = FACE_BOUND('',#6744,.F.);
#6744 = EDGE_LOOP('',(#6745,#6746,#6767,#6768));
#6745 = ORIENTED_EDGE('',*,*,#3801,.F.);
#6746 = ORIENTED_EDGE('',*,*,#6747,.F.);
#6747 = EDGE_CURVE('',#301,#3802,#6748,.T.);
#6748 = SEAM_CURVE('',#6749,(#6753,#6760),.PCURVE_S1.);
#6749 = LINE('',#6750,#6751);
#6750 = CARTESIAN_POINT('',(183.5,45.,10.));
#6751 = VECTOR('',#6752,1.);
#6752 = DIRECTION('',(0.,0.,-1.));
#6753 = PCURVE('',#321,#6754);
#6754 = DEFINITIONAL_REPRESENTATION('',(#6755),#6759);
#6755 = LINE('',#6756,#6757);
#6756 = CARTESIAN_POINT('',(6.28318530718,-0.));
#6757 = VECTOR('',#6758,1.);
#6758 = DIRECTION('',(0.,1.));
#6759 = ( GEOMETRIC_REPRESENTATION_CONTEXT(2) 
PARAMETRIC_REPRESENTATION_CONTEXT() REPRESENTATION_CONTEXT('2D SPACE',''
  ) );
#6760 = PCURVE('',#321,#6761);
#6761 = DEFINITIONAL_REPRESENTATION('',(#6762),#6766);
#6762 = LINE('',#6763,#6764);
#6763 = CARTESIAN_POINT('',(0.,-0.));
#6764 = VECTOR('',#6765,1.);
#6765 = DIRECTION('',(0.,1.));
#6766 = ( GEOMETRIC_REPRESENTATION_CONTEXT(2) 
PARAMETRIC_REPRESENTATION_CONTEXT() REPRESENTATION_CONTEXT('2D SPACE',''
  ) );
#6767 = ORIENTED_EDGE('',*,*,#300,.T.);
#6768 = ORIENTED_EDGE('',*,*,#6747,.T.);
#6769 = ADVANCED_FACE('',(#6770),#356,.F.);
#6770 = FACE_BOUND('',#6771,.F.);
#6771 = EDGE_LOOP('',(#6772,#6773,#6794,#6795));
#6772 = ORIENTED_EDGE('',*,*,#3831,.F.);
#6773 = ORIENTED_EDGE('',*,*,#6774,.F.);
#6774 = EDGE_CURVE('',#336,#3832,#6775,.T.);
#6775 = SEAM_CURVE('',#6776,(#6780,#6787),.PCURVE_S1.);
#6776 = LINE('',#6777,#6778);
#6777 = CARTESIAN_POINT('',(273.5,45.,10.));
#6778 = VECTOR('',#6779,1.);
#6779 = DIRECTION('',(0.,0.,-1.));
#6780 = PCURVE('',#356,#6781);
#6781 = DEFINITIONAL_REPRESENTATION('',(#6782),#6786);
#6782 = LINE('',#6783,#6784);
#6783 = CARTESIAN_POINT('',(6.28318530718,-0.));
#6784 = VECTOR('',#6785,1.);
#6785 = DIRECTION('',(0.,1.));
#6786 = ( GEOMETRIC_REPRESENTATION_CONTEXT(2) 
PARAMETRIC_REPRESENTATION_CONTEXT() REPRESENTATION_CONTEXT('2D SPACE',''
  ) );
#6787 = PCURVE('',#356,#6788);
#6788 = DEFINITIONAL_REPRESENTATION('',(#6789),#6793);
#6789 = LINE('',#6790,#6791);
#6790 = CARTESIAN_POINT('',(0.,-0.));
#6791 = VECTOR('',#6792,1.);
#6792 = DIRECTION('',(0.,1.));
#6793 = ( GEOMETRIC_REPRESENTATION_CONTEXT(2) 
PARAMETRIC_REPRESENTATION_CONTEXT() REPRESENTATION_CONTEXT('2D SPACE',''
  ) );
#6794 = ORIENTED_EDGE('',*,*,#335,.T.);
#6795 = ORIENTED_EDGE('',*,*,#6774,.T.);
#6796 = ADVANCED_FACE('',(#6797),#391,.F.);
#6797 = FACE_BOUND('',#6798,.F.);
#6798 = EDGE_LOOP('',(#6799,#6800,#6821,#6822));
#6799 = ORIENTED_EDGE('',*,*,#3861,.F.);
#6800 = ORIENTED_EDGE('',*,*,#6801,.F.);
#6801 = EDGE_CURVE('',#371,#3862,#6802,.T.);
#6802 = SEAM_CURVE('',#6803,(#6807,#6814),.PCURVE_S1.);
#6803 = LINE('',#6804,#6805);
#6804 = CARTESIAN_POINT('',(363.5,45.,10.));
#6805 = VECTOR('',#6806,1.);
#6806 = DIRECTION('',(0.,0.,-1.));
#6807 = PCURVE('',#391,#6808);
#6808 = DEFINITIONAL_REPRESENTATION('',(#6809),#6813);
#6809 = LINE('',#6810,#6811);
#6810 = CARTESIAN_POINT('',(6.28318530718,-0.));
#6811 = VECTOR('',#6812,1.);
#6812 = DIRECTION('',(0.,1.));
#6813 = ( GEOMETRIC_REPRESENTATION_CONTEXT(2) 
PARAMETRIC_REPRESENTATION_CONTEXT() REPRESENTATION_CONTEXT('2D SPACE',''
  ) );
#6814 = PCURVE('',#391,#6815);
#6815 = DEFINITIONAL_REPRESENTATION('',(#6816),#6820);
#6816 = LINE('',#6817,#6818);
#6817 = CARTESIAN_POINT('',(0.,-0.));
#6818 = VECTOR('',#6819,1.);
#6819 = DIRECTION('',(0.,1.));
#6820 = ( GEOMETRIC_REPRESENTATION_CONTEXT(2) 
PARAMETRIC_REPRESENTATION_CONTEXT() REPRESENTATION_CONTEXT('2D SPACE',''
  ) );
#6821 = ORIENTED_EDGE('',*,*,#370,.T.);
#6822 = ORIENTED_EDGE('',*,*,#6801,.T.);
#6823 = ADVANCED_FACE('',(#6824),#426,.F.);
#6824 = FACE_BOUND('',#6825,.F.);
#6825 = EDGE_LOOP('',(#6826,#6827,#6848,#6849));
#6826 = ORIENTED_EDGE('',*,*,#3891,.F.);
#6827 = ORIENTED_EDGE('',*,*,#6828,.F.);
#6828 = EDGE_CURVE('',#406,#3892,#6829,.T.);
#6829 = SEAM_CURVE('',#6830,(#6834,#6841),.PCURVE_S1.);
#6830 = LINE('',#6831,#6832);
#6831 = CARTESIAN_POINT('',(453.5,45.,10.));
#6832 = VECTOR('',#6833,1.);
#6833 = DIRECTION('',(0.,0.,-1.));
#6834 = PCURVE('',#426,#6835);
#6835 = DEFINITIONAL_REPRESENTATION('',(#6836),#6840);
#6836 = LINE('',#6837,#6838);
#6837 = CARTESIAN_POINT('',(6.28318530718,-0.));
#6838 = VECTOR('',#6839,1.);
#6839 = DIRECTION('',(0.,1.));
#6840 = ( GEOMETRIC_REPRESENTATION_CONTEXT(2) 
PARAMETRIC_REPRESENTATION_CONTEXT() REPRESENTATION_CONTEXT('2D SPACE',''
  ) );
#6841 = PCURVE('',#426,#6842);
#6842 = DEFINITIONAL_REPRESENTATION('',(#6843),#6847);
#6843 = LINE('',#6844,#6845);
#6844 = CARTESIAN_POINT('',(0.,-0.));
#6845 = VECTOR('',#6846,1.);
#6846 = DIRECTION('',(0.,1.));
#6847 = ( GEOMETRIC_REPRESENTATION_CONTEXT(2) 
PARAMETRIC_REPRESENTATION_CONTEXT() REPRESENTATION_CONTEXT('2D SPACE',''
  ) );
#6848 = ORIENTED_EDGE('',*,*,#405,.T.);
#6849 = ORIENTED_EDGE('',*,*,#6828,.T.);
#6850 = ADVANCED_FACE('',(#6851),#461,.F.);
#6851 = FACE_BOUND('',#6852,.F.);
#6852 = EDGE_LOOP('',(#6853,#6854,#6875,#6876));
#6853 = ORIENTED_EDGE('',*,*,#3921,.F.);
#6854 = ORIENTED_EDGE('',*,*,#6855,.F.);
#6855 = EDGE_CURVE('',#441,#3922,#6856,.T.);
#6856 = SEAM_CURVE('',#6857,(#6861,#6868),.PCURVE_S1.);
#6857 = LINE('',#6858,#6859);
#6858 = CARTESIAN_POINT('',(543.5,45.,10.));
#6859 = VECTOR('',#6860,1.);
#6860 = DIRECTION('',(0.,0.,-1.));
#6861 = PCURVE('',#461,#6862);
#6862 = DEFINITIONAL_REPRESENTATION('',(#6863),#6867);
#6863 = LINE('',#6864,#6865);
#6864 = CARTESIAN_POINT('',(6.28318530718,-0.));
#6865 = VECTOR('',#6866,1.);
#6866 = DIRECTION('',(0.,1.));
#6867 = ( GEOMETRIC_REPRESENTATION_CONTEXT(2) 
PARAMETRIC_REPRESENTATION_CONTEXT() REPRESENTATION_CONTEXT('2D SPACE',''
  ) );
#6868 = PCURVE('',#461,#6869);
#6869 = DEFINITIONAL_REPRESENTATION('',(#6870),#6874);
#6870 = LINE('',#6871,#6872);
#6871 = CARTESIAN_POINT('',(0.,-0.));
#6872 = VECTOR('',#6873,1.);
#6873 = DIRECTION('',(0.,1.));
#6874 = ( GEOMETRIC_REPRESENTATION_CONTEXT(2) 
PARAMETRIC_REPRESENTATION_CONTEXT() REPRESENTATION_CONTEXT('2D SPACE',''
  ) );
#6875 = ORIENTED_EDGE('',*,*,#440,.T.);
#6876 = ORIENTED_EDGE('',*,*,#6855,.T.);
#6877 = ADVANCED_FACE('',(#6878),#496,.F.);
#6878 = FACE_BOUND('',#6879,.F.);
#6879 = EDGE_LOOP('',(#6880,#6881,#6902,#6903));
#6880 = ORIENTED_EDGE('',*,*,#3951,.F.);
#6881 = ORIENTED_EDGE('',*,*,#6882,.F.);
#6882 = EDGE_CURVE('',#476,#3952,#6883,.T.);
#6883 = SEAM_CURVE('',#6884,(#6888,#6895),.PCURVE_S1.);
#6884 = LINE('',#6885,#6886);
#6885 = CARTESIAN_POINT('',(633.5,45.,10.));
#6886 = VECTOR('',#6887,1.);
#6887 = DIRECTION('',(0.,0.,-1.));
#6888 = PCURVE('',#496,#6889);
#6889 = DEFINITIONAL_REPRESENTATION('',(#6890),#6894);
#6890 = LINE('',#6891,#6892);
#6891 = CARTESIAN_POINT('',(6.28318530718,-0.));
#6892 = VECTOR('',#6893,1.);
#6893 = DIRECTION('',(0.,1.));
#6894 = ( GEOMETRIC_REPRESENTATION_CONTEXT(2) 
PARAMETRIC_REPRESENTATION_CONTEXT() REPRESENTATION_CONTEXT('2D SPACE',''
  ) );
#6895 = PCURVE('',#496,#6896);
#6896 = DEFINITIONAL_REPRESENTATION('',(#6897),#6901);
#6897 = LINE('',#6898,#6899);
#6898 = CARTESIAN_POINT('',(0.,-0.));
#6899 = VECTOR('',#6900,1.);
#6900 = DIRECTION('',(0.,1.));
#6901 = ( GEOMETRIC_REPRESENTATION_CONTEXT(2) 
PARAMETRIC_REPRESENTATION_CONTEXT() REPRESENTATION_CONTEXT('2D SPACE',''
  ) );
#6902 = ORIENTED_EDGE('',*,*,#475,.T.);
#6903 = ORIENTED_EDGE('',*,*,#6882,.T.);
#6904 = ADVANCED_FACE('',(#6905),#531,.F.);
#6905 = FACE_BOUND('',#6906,.F.);
#6906 = EDGE_LOOP('',(#6907,#6908,#6929,#6930));
#6907 = ORIENTED_EDGE('',*,*,#3981,.F.);
#6908 = ORIENTED_EDGE('',*,*,#6909,.F.);
#6909 = EDGE_CURVE('',#511,#3982,#6910,.T.);
#6910 = SEAM_CURVE('',#6911,(#6915,#6922),.PCURVE_S1.);
#6911 = LINE('',#6912,#6913);
#6912 = CARTESIAN_POINT('',(723.5,45.,10.));
#6913 = VECTOR('',#6914,1.);
#6914 = DIRECTION('',(0.,0.,-1.));
#6915 = PCURVE('',#531,#6916);
#6916 = DEFINITIONAL_REPRESENTATION('',(#6917),#6921);
#6917 = LINE('',#6918,#6919);
#6918 = CARTESIAN_POINT('',(6.28318530718,-0.));
#6919 = VECTOR('',#6920,1.);
#6920 = DIRECTION('',(0.,1.));
#6921 = ( GEOMETRIC_REPRESENTATION_CONTEXT(2) 
PARAMETRIC_REPRESENTATION_CONTEXT() REPRESENTATION_CONTEXT('2D SPACE',''
  ) );
#6922 = PCURVE('',#531,#6923);
#6923 = DEFINITIONAL_REPRESENTATION('',(#6924),#6928);
#6924 = LINE('',#6925,#6926);
#6925 = CARTESIAN_POINT('',(0.,-0.));
#6926 = VECTOR('',#6927,1.);
#6927 = DIRECTION('',(0.,1.));
#6928 = ( GEOMETRIC_REPRESENTATION_CONTEXT(2) 
PARAMETRIC_REPRESENTATION_CONTEXT() REPRESENTATION_CONTEXT('2D SPACE',''
  ) );
#6929 = ORIENTED_EDGE('',*,*,#510,.T.);
#6930 = ORIENTED_EDGE('',*,*,#6909,.T.);
#6931 = ADVANCED_FACE('',(#6932),#566,.F.);
#6932 = FACE_BOUND('',#6933,.F.);
#6933 = EDGE_LOOP('',(#6934,#6935,#6956,#6957));
#6934 = ORIENTED_EDGE('',*,*,#4011,.F.);
#6935 = ORIENTED_EDGE('',*,*,#6936,.F.);
#6936 = EDGE_CURVE('',#546,#4012,#6937,.T.);
#6937 = SEAM_CURVE('',#6938,(#6942,#6949),.PCURVE_S1.);
#6938 = LINE('',#6939,#6940);
#6939 = CARTESIAN_POINT('',(813.5,45.,10.));
#6940 = VECTOR('',#6941,1.);
#6941 = DIRECTION('',(0.,0.,-1.));
#6942 = PCURVE('',#566,#6943);
#6943 = DEFINITIONAL_REPRESENTATION('',(#6944),#6948);
#6944 = LINE('',#6945,#6946);
#6945 = CARTESIAN_POINT('',(6.28318530718,-0.));
#6946 = VECTOR('',#6947,1.);
#6947 = DIRECTION('',(0.,1.));
#6948 = ( GEOMETRIC_REPRESENTATION_CONTEXT(2) 
PARAMETRIC_REPRESENTATION_CONTEXT() REPRESENTATION_CONTEXT('2D SPACE',''
  ) );
#6949 = PCURVE('',#566,#6950);
#6950 = DEFINITIONAL_REPRESENTATION('',(#6951),#6955);
#6951 = LINE('',#6952,#6953);
#6952 = CARTESIAN_POINT('',(0.,-0.));
#6953 = VECTOR('',#6954,1.);
#6954 = DIRECTION('',(0.,1.));
#6955 = ( GEOMETRIC_REPRESENTATION_CONTEXT(2) 
PARAMETRIC_REPRESENTATION_CONTEXT() REPRESENTATION_CONTEXT('2D SPACE',''
  ) );
#6956 = ORIENTED_EDGE('',*,*,#545,.T.);
#6957 = ORIENTED_EDGE('',*,*,#6936,.T.);
#6958 = ADVANCED_FACE('',(#6959),#601,.F.);
#6959 = FACE_BOUND('',#6960,.F.);
#6960 = EDGE_LOOP('',(#6961,#6962,#6983,#6984));
#6961 = ORIENTED_EDGE('',*,*,#4041,.F.);
#6962 = ORIENTED_EDGE('',*,*,#6963,.F.);
#6963 = EDGE_CURVE('',#581,#4042,#6964,.T.);
#6964 = SEAM_CURVE('',#6965,(#6969,#6976),.PCURVE_S1.);
#6965 = LINE('',#6966,#6967);
#6966 = CARTESIAN_POINT('',(913.5,45.,10.));
#6967 = VECTOR('',#6968,1.);
#6968 = DIRECTION('',(0.,0.,-1.));
#6969 = PCURVE('',#601,#6970);
#6970 = DEFINITIONAL_REPRESENTATION('',(#6971),#6975);
#6971 = LINE('',#6972,#6973);
#6972 = CARTESIAN_POINT('',(6.28318530718,-0.));
#6973 = VECTOR('',#6974,1.);
#6974 = DIRECTION('',(0.,1.));
#6975 = ( GEOMETRIC_REPRESENTATION_CONTEXT(2) 
PARAMETRIC_REPRESENTATION_CONTEXT() REPRESENTATION_CONTEXT('2D SPACE',''
  ) );
#6976 = PCURVE('',#601,#6977);
#6977 = DEFINITIONAL_REPRESENTATION('',(#6978),#6982);
#6978 = LINE('',#6979,#6980);
#6979 = CARTESIAN_POINT('',(0.,-0.));
#6980 = VECTOR('',#6981,1.);
#6981 = DIRECTION('',(0.,1.));
#6982 = ( GEOMETRIC_REPRESENTATION_CONTEXT(2) 
PARAMETRIC_REPRESENTATION_CONTEXT() REPRESENTATION_CONTEXT('2D SPACE',''
  ) );
#6983 = ORIENTED_EDGE('',*,*,#580,.T.);
#6984 = ORIENTED_EDGE('',*,*,#6963,.T.);
#6985 = ADVANCED_FACE('',(#6986),#636,.F.);
#6986 = FACE_BOUND('',#6987,.F.);
#6987 = EDGE_LOOP('',(#6988,#6989,#7010,#7011));
#6988 = ORIENTED_EDGE('',*,*,#4071,.F.);
#6989 = ORIENTED_EDGE('',*,*,#6990,.F.);
#6990 = EDGE_CURVE('',#616,#4072,#6991,.T.);
#6991 = SEAM_CURVE('',#6992,(#6996,#7003),.PCURVE_S1.);
#6992 = LINE('',#6993,#6994);
#6993 = CARTESIAN_POINT('',(993.5,45.,10.));
#6994 = VECTOR('',#6995,1.);
#6995 = DIRECTION('',(0.,0.,-1.));
#6996 = PCURVE('',#636,#6997);
#6997 = DEFINITIONAL_REPRESENTATION('',(#6998),#7002);
#6998 = LINE('',#6999,#7000);
#6999 = CARTESIAN_POINT('',(6.28318530718,-0.));
#7000 = VECTOR('',#7001,1.);
#7001 = DIRECTION('',(0.,1.));
#7002 = ( GEOMETRIC_REPRESENTATION_CONTEXT(2) 
PARAMETRIC_REPRESENTATION_CONTEXT() REPRESENTATION_CONTEXT('2D SPACE',''
  ) );
#7003 = PCURVE('',#636,#7004);
#7004 = DEFINITIONAL_REPRESENTATION('',(#7005),#7009);
#7005 = LINE('',#7006,#7007);
#7006 = CARTESIAN_POINT('',(0.,-0.));
#7007 = VECTOR('',#7008,1.);
#7008 = DIRECTION('',(0.,1.));
#7009 = ( GEOMETRIC_REPRESENTATION_CONTEXT(2) 
PARAMETRIC_REPRESENTATION_CONTEXT() REPRESENTATION_CONTEXT('2D SPACE',''
  ) );
#7010 = ORIENTED_EDGE('',*,*,#615,.T.);
#7011 = ORIENTED_EDGE('',*,*,#6990,.T.);
#7012 = ADVANCED_FACE('',(#7013),#671,.F.);
#7013 = FACE_BOUND('',#7014,.F.);
#7014 = EDGE_LOOP('',(#7015,#7016,#7037,#7038));
#7015 = ORIENTED_EDGE('',*,*,#4101,.F.);
#7016 = ORIENTED_EDGE('',*,*,#7017,.F.);
#7017 = EDGE_CURVE('',#651,#4102,#7018,.T.);
#7018 = SEAM_CURVE('',#7019,(#7023,#7030),.PCURVE_S1.);
#7019 = LINE('',#7020,#7021);
#7020 = CARTESIAN_POINT('',(1.0735E+03,45.,10.));
#7021 = VECTOR('',#7022,1.);
#7022 = DIRECTION('',(0.,0.,-1.));
#7023 = PCURVE('',#671,#7024);
#7024 = DEFINITIONAL_REPRESENTATION('',(#7025),#7029);
#7025 = LINE('',#7026,#7027);
#7026 = CARTESIAN_POINT('',(6.28318530718,-0.));
#7027 = VECTOR('',#7028,1.);
#7028 = DIRECTION('',(0.,1.));
#7029 = ( GEOMETRIC_REPRESENTATION_CONTEXT(2) 
PARAMETRIC_REPRESENTATION_CONTEXT() REPRESENTATION_CONTEXT('2D SPACE',''
  ) );
#7030 = PCURVE('',#671,#7031);
#7031 = DEFINITIONAL_REPRESENTATION('',(#7032),#7036);
#7032 = LINE('',#7033,#7034);
#7033 = CARTESIAN_POINT('',(0.,-0.));
#7034 = VECTOR('',#7035,1.);
#7035 = DIRECTION('',(0.,1.));
#7036 = ( GEOMETRIC_REPRESENTATION_CONTEXT(2) 
PARAMETRIC_REPRESENTATION_CONTEXT() REPRESENTATION_CONTEXT('2D SPACE',''
  ) );
#7037 = ORIENTED_EDGE('',*,*,#650,.T.);
#7038 = ORIENTED_EDGE('',*,*,#7017,.T.);
#7039 = ADVANCED_FACE('',(#7040),#706,.F.);
#7040 = FACE_BOUND('',#7041,.F.);
#7041 = EDGE_LOOP('',(#7042,#7043,#7064,#7065));
#7042 = ORIENTED_EDGE('',*,*,#4131,.F.);
#7043 = ORIENTED_EDGE('',*,*,#7044,.F.);
#7044 = EDGE_CURVE('',#686,#4132,#7045,.T.);
#7045 = SEAM_CURVE('',#7046,(#7050,#7057),.PCURVE_S1.);
#7046 = LINE('',#7047,#7048);
#7047 = CARTESIAN_POINT('',(1.1535E+03,45.,10.));
#7048 = VECTOR('',#7049,1.);
#7049 = DIRECTION('',(0.,0.,-1.));
#7050 = PCURVE('',#706,#7051);
#7051 = DEFINITIONAL_REPRESENTATION('',(#7052),#7056);
#7052 = LINE('',#7053,#7054);
#7053 = CARTESIAN_POINT('',(6.28318530718,-0.));
#7054 = VECTOR('',#7055,1.);
#7055 = DIRECTION('',(0.,1.));
#7056 = ( GEOMETRIC_REPRESENTATION_CONTEXT(2) 
PARAMETRIC_REPRESENTATION_CONTEXT() REPRESENTATION_CONTEXT('2D SPACE',''
  ) );
#7057 = PCURVE('',#706,#7058);
#7058 = DEFINITIONAL_REPRESENTATION('',(#7059),#7063);
#7059 = LINE('',#7060,#7061);
#7060 = CARTESIAN_POINT('',(0.,-0.));
#7061 = VECTOR('',#7062,1.);
#7062 = DIRECTION('',(0.,1.));
#7063 = ( GEOMETRIC_REPRESENTATION_CONTEXT(2) 
PARAMETRIC_REPRESENTATION_CONTEXT() REPRESENTATION_CONTEXT('2D SPACE',''
  ) );
#7064 = ORIENTED_EDGE('',*,*,#685,.T.);
#7065 = ORIENTED_EDGE('',*,*,#7044,.T.);
#7066 = ADVANCED_FACE('',(#7067),#741,.F.);
#7067 = FACE_BOUND('',#7068,.F.);
#7068 = EDGE_LOOP('',(#7069,#7070,#7091,#7092));
#7069 = ORIENTED_EDGE('',*,*,#4161,.F.);
#7070 = ORIENTED_EDGE('',*,*,#7071,.F.);
#7071 = EDGE_CURVE('',#721,#4162,#7072,.T.);
#7072 = SEAM_CURVE('',#7073,(#7077,#7084),.PCURVE_S1.);
#7073 = LINE('',#7074,#7075);
#7074 = CARTESIAN_POINT('',(1.2335E+03,45.,10.));
#7075 = VECTOR('',#7076,1.);
#7076 = DIRECTION('',(0.,0.,-1.));
#7077 = PCURVE('',#741,#7078);
#7078 = DEFINITIONAL_REPRESENTATION('',(#7079),#7083);
#7079 = LINE('',#7080,#7081);
#7080 = CARTESIAN_POINT('',(6.28318530718,-0.));
#7081 = VECTOR('',#7082,1.);
#7082 = DIRECTION('',(0.,1.));
#7083 = ( GEOMETRIC_REPRESENTATION_CONTEXT(2) 
PARAMETRIC_REPRESENTATION_CONTEXT() REPRESENTATION_CONTEXT('2D SPACE',''
  ) );
#7084 = PCURVE('',#741,#7085);
#7085 = DEFINITIONAL_REPRESENTATION('',(#7086),#7090);
#7086 = LINE('',#7087,#7088);
#7087 = CARTESIAN_POINT('',(0.,-0.));
#7088 = VECTOR('',#7089,1.);
#7089 = DIRECTION('',(0.,1.));
#7090 = ( GEOMETRIC_REPRESENTATION_CONTEXT(2) 
PARAMETRIC_REPRESENTATION_CONTEXT() REPRESENTATION_CONTEXT('2D SPACE',''
  ) );
#7091 = ORIENTED_EDGE('',*,*,#720,.T.);
#7092 = ORIENTED_EDGE('',*,*,#7071,.T.);
#7093 = ADVANCED_FACE('',(#7094),#776,.F.);
#7094 = FACE_BOUND('',#7095,.F.);
#7095 = EDGE_LOOP('',(#7096,#7097,#7118,#7119));
#7096 = ORIENTED_EDGE('',*,*,#4191,.F.);
#7097 = ORIENTED_EDGE('',*,*,#7098,.F.);
#7098 = EDGE_CURVE('',#756,#4192,#7099,.T.);
#7099 = SEAM_CURVE('',#7100,(#7104,#7111),.PCURVE_S1.);
#7100 = LINE('',#7101,#7102);
#7101 = CARTESIAN_POINT('',(1.3135E+03,45.,10.));
#7102 = VECTOR('',#7103,1.);
#7103 = DIRECTION('',(0.,0.,-1.));
#7104 = PCURVE('',#776,#7105);
#7105 = DEFINITIONAL_REPRESENTATION('',(#7106),#7110);
#7106 = LINE('',#7107,#7108);
#7107 = CARTESIAN_POINT('',(6.28318530718,-0.));
#7108 = VECTOR('',#7109,1.);
#7109 = DIRECTION('',(0.,1.));
#7110 = ( GEOMETRIC_REPRESENTATION_CONTEXT(2) 
PARAMETRIC_REPRESENTATION_CONTEXT() REPRESENTATION_CONTEXT('2D SPACE',''
  ) );
#7111 = PCURVE('',#776,#7112);
#7112 = DEFINITIONAL_REPRESENTATION('',(#7113),#7117);
#7113 = LINE('',#7114,#7115);
#7114 = CARTESIAN_POINT('',(0.,-0.));
#7115 = VECTOR('',#7116,1.);
#7116 = DIRECTION('',(0.,1.));
#7117 = ( GEOMETRIC_REPRESENTATION_CONTEXT(2) 
PARAMETRIC_REPRESENTATION_CONTEXT() REPRESENTATION_CONTEXT('2D SPACE',''
  ) );
#7118 = ORIENTED_EDGE('',*,*,#755,.T.);
#7119 = ORIENTED_EDGE('',*,*,#7098,.T.);
#7120 = ADVANCED_FACE('',(#7121),#811,.F.);
#7121 = FACE_BOUND('',#7122,.F.);
#7122 = EDGE_LOOP('',(#7123,#7124,#7145,#7146));
#7123 = ORIENTED_EDGE('',*,*,#4221,.F.);
#7124 = ORIENTED_EDGE('',*,*,#7125,.F.);
#7125 = EDGE_CURVE('',#791,#4222,#7126,.T.);
#7126 = SEAM_CURVE('',#7127,(#7131,#7138),.PCURVE_S1.);
#7127 = LINE('',#7128,#7129);
#7128 = CARTESIAN_POINT('',(1.3935E+03,45.,10.));
#7129 = VECTOR('',#7130,1.);
#7130 = DIRECTION('',(0.,0.,-1.));
#7131 = PCURVE('',#811,#7132);
#7132 = DEFINITIONAL_REPRESENTATION('',(#7133),#7137);
#7133 = LINE('',#7134,#7135);
#7134 = CARTESIAN_POINT('',(6.28318530718,-0.));
#7135 = VECTOR('',#7136,1.);
#7136 = DIRECTION('',(0.,1.));
#7137 = ( GEOMETRIC_REPRESENTATION_CONTEXT(2) 
PARAMETRIC_REPRESENTATION_CONTEXT() REPRESENTATION_CONTEXT('2D SPACE',''
  ) );
#7138 = PCURVE('',#811,#7139);
#7139 = DEFINITIONAL_REPRESENTATION('',(#7140),#7144);
#7140 = LINE('',#7141,#7142);
#7141 = CARTESIAN_POINT('',(0.,-0.));
#7142 = VECTOR('',#7143,1.);
#7143 = DIRECTION('',(0.,1.));
#7144 = ( GEOMETRIC_REPRESENTATION_CONTEXT(2) 
PARAMETRIC_REPRESENTATION_CONTEXT() REPRESENTATION_CONTEXT('2D SPACE',''
  ) );
#7145 = ORIENTED_EDGE('',*,*,#790,.T.);
#7146 = ORIENTED_EDGE('',*,*,#7125,.T.);
#7147 = ADVANCED_FACE('',(#7148),#846,.F.);
#7148 = FACE_BOUND('',#7149,.F.);
#7149 = EDGE_LOOP('',(#7150,#7151,#7172,#7173));
#7150 = ORIENTED_EDGE('',*,*,#4251,.F.);
#7151 = ORIENTED_EDGE('',*,*,#7152,.F.);
#7152 = EDGE_CURVE('',#826,#4252,#7153,.T.);
#7153 = SEAM_CURVE('',#7154,(#7158,#7165),.PCURVE_S1.);
#7154 = LINE('',#7155,#7156);
#7155 = CARTESIAN_POINT('',(1.5335E+03,45.,10.));
#7156 = VECTOR('',#7157,1.);
#7157 = DIRECTION('',(0.,0.,-1.));
#7158 = PCURVE('',#846,#7159);
#7159 = DEFINITIONAL_REPRESENTATION('',(#7160),#7164);
#7160 = LINE('',#7161,#7162);
#7161 = CARTESIAN_POINT('',(6.28318530718,-0.));
#7162 = VECTOR('',#7163,1.);
#7163 = DIRECTION('',(0.,1.));
#7164 = ( GEOMETRIC_REPRESENTATION_CONTEXT(2) 
PARAMETRIC_REPRESENTATION_CONTEXT() REPRESENTATION_CONTEXT('2D SPACE',''
  ) );
#7165 = PCURVE('',#846,#7166);
#7166 = DEFINITIONAL_REPRESENTATION('',(#7167),#7171);
#7167 = LINE('',#7168,#7169);
#7168 = CARTESIAN_POINT('',(0.,-0.));
#7169 = VECTOR('',#7170,1.);
#7170 = DIRECTION('',(0.,1.));
#7171 = ( GEOMETRIC_REPRESENTATION_CONTEXT(2) 
PARAMETRIC_REPRESENTATION_CONTEXT() REPRESENTATION_CONTEXT('2D SPACE',''
  ) );
#7172 = ORIENTED_EDGE('',*,*,#825,.T.);
#7173 = ORIENTED_EDGE('',*,*,#7152,.T.);
#7174 = ADVANCED_FACE('',(#7175),#881,.F.);
#7175 = FACE_BOUND('',#7176,.F.);
#7176 = EDGE_LOOP('',(#7177,#7178,#7199,#7200));
#7177 = ORIENTED_EDGE('',*,*,#4281,.F.);
#7178 = ORIENTED_EDGE('',*,*,#7179,.F.);
#7179 = EDGE_CURVE('',#861,#4282,#7180,.T.);
#7180 = SEAM_CURVE('',#7181,(#7185,#7192),.PCURVE_S1.);
#7181 = LINE('',#7182,#7183);
#7182 = CARTESIAN_POINT('',(1.7335E+03,45.,10.));
#7183 = VECTOR('',#7184,1.);
#7184 = DIRECTION('',(0.,0.,-1.));
#7185 = PCURVE('',#881,#7186);
#7186 = DEFINITIONAL_REPRESENTATION('',(#7187),#7191);
#7187 = LINE('',#7188,#7189);
#7188 = CARTESIAN_POINT('',(6.28318530718,-0.));
#7189 = VECTOR('',#7190,1.);
#7190 = DIRECTION('',(0.,1.));
#7191 = ( GEOMETRIC_REPRESENTATION_CONTEXT(2) 
PARAMETRIC_REPRESENTATION_CONTEXT() REPRESENTATION_CONTEXT('2D SPACE',''
  ) );
#7192 = PCURVE('',#881,#7193);
#7193 = DEFINITIONAL_REPRESENTATION('',(#7194),#7198);
#7194 = LINE('',#7195,#7196);
#7195 = CARTESIAN_POINT('',(0.,-0.));
#7196 = VECTOR('',#7197,1.);
#7197 = DIRECTION('',(0.,1.));
#7198 = ( GEOMETRIC_REPRESENTATION_CONTEXT(2) 
PARAMETRIC_REPRESENTATION_CONTEXT() REPRESENTATION_CONTEXT('2D SPACE',''
  ) );
#7199 = ORIENTED_EDGE('',*,*,#860,.T.);
#7200 = ORIENTED_EDGE('',*,*,#7179,.T.);
#7201 = ADVANCED_FACE('',(#7202),#916,.F.);
#7202 = FACE_BOUND('',#7203,.F.);
#7203 = EDGE_LOOP('',(#7204,#7205,#7226,#7227));
#7204 = ORIENTED_EDGE('',*,*,#4311,.F.);
#7205 = ORIENTED_EDGE('',*,*,#7206,.F.);
#7206 = EDGE_CURVE('',#896,#4312,#7207,.T.);
#7207 = SEAM_CURVE('',#7208,(#7212,#7219),.PCURVE_S1.);
#7208 = LINE('',#7209,#7210);
#7209 = CARTESIAN_POINT('',(1.9335E+03,45.,10.));
#7210 = VECTOR('',#7211,1.);
#7211 = DIRECTION('',(0.,0.,-1.));
#7212 = PCURVE('',#916,#7213);
#7213 = DEFINITIONAL_REPRESENTATION('',(#7214),#7218);
#7214 = LINE('',#7215,#7216);
#7215 = CARTESIAN_POINT('',(6.28318530718,-0.));
#7216 = VECTOR('',#7217,1.);
#7217 = DIRECTION('',(0.,1.));
#7218 = ( GEOMETRIC_REPRESENTATION_CONTEXT(2) 
PARAMETRIC_REPRESENTATION_CONTEXT() REPRESENTATION_CONTEXT('2D SPACE',''
  ) );
#7219 = PCURVE('',#916,#7220);
#7220 = DEFINITIONAL_REPRESENTATION('',(#7221),#7225);
#7221 = LINE('',#7222,#7223);
#7222 = CARTESIAN_POINT('',(0.,-0.));
#7223 = VECTOR('',#7224,1.);
#7224 = DIRECTION('',(0.,1.));
#7225 = ( GEOMETRIC_REPRESENTATION_CONTEXT(2) 
PARAMETRIC_REPRESENTATION_CONTEXT() REPRESENTATION_CONTEXT('2D SPACE',''
  ) );
#7226 = ORIENTED_EDGE('',*,*,#895,.T.);
#7227 = ORIENTED_EDGE('',*,*,#7206,.T.);
#7228 = ADVANCED_FACE('',(#7229),#951,.F.);
#7229 = FACE_BOUND('',#7230,.F.);
#7230 = EDGE_LOOP('',(#7231,#7232,#7253,#7254));
#7231 = ORIENTED_EDGE('',*,*,#4341,.F.);
#7232 = ORIENTED_EDGE('',*,*,#7233,.F.);
#7233 = EDGE_CURVE('',#931,#4342,#7234,.T.);
#7234 = SEAM_CURVE('',#7235,(#7239,#7246),.PCURVE_S1.);
#7235 = LINE('',#7236,#7237);
#7236 = CARTESIAN_POINT('',(2.1335E+03,45.,10.));
#7237 = VECTOR('',#7238,1.);
#7238 = DIRECTION('',(0.,0.,-1.));
#7239 = PCURVE('',#951,#7240);
#7240 = DEFINITIONAL_REPRESENTATION('',(#7241),#7245);
#7241 = LINE('',#7242,#7243);
#7242 = CARTESIAN_POINT('',(6.28318530718,-0.));
#7243 = VECTOR('',#7244,1.);
#7244 = DIRECTION('',(0.,1.));
#7245 = ( GEOMETRIC_REPRESENTATION_CONTEXT(2) 
PARAMETRIC_REPRESENTATION_CONTEXT() REPRESENTATION_CONTEXT('2D SPACE',''
  ) );
#7246 = PCURVE('',#951,#7247);
#7247 = DEFINITIONAL_REPRESENTATION('',(#7248),#7252);
#7248 = LINE('',#7249,#7250);
#7249 = CARTESIAN_POINT('',(0.,-0.));
#7250 = VECTOR('',#7251,1.);
#7251 = DIRECTION('',(0.,1.));
#7252 = ( GEOMETRIC_REPRESENTATION_CONTEXT(2) 
PARAMETRIC_REPRESENTATION_CONTEXT() REPRESENTATION_CONTEXT('2D SPACE',''
  ) );
#7253 = ORIENTED_EDGE('',*,*,#930,.T.);
#7254 = ORIENTED_EDGE('',*,*,#7233,.T.);
#7255 = ADVANCED_FACE('',(#7256),#986,.F.);
#7256 = FACE_BOUND('',#7257,.F.);
#7257 = EDGE_LOOP('',(#7258,#7259,#7280,#7281));
#7258 = ORIENTED_EDGE('',*,*,#4371,.F.);
#7259 = ORIENTED_EDGE('',*,*,#7260,.F.);
#7260 = EDGE_CURVE('',#966,#4372,#7261,.T.);
#7261 = SEAM_CURVE('',#7262,(#7266,#7273),.PCURVE_S1.);
#7262 = LINE('',#7263,#7264);
#7263 = CARTESIAN_POINT('',(2.4085E+03,45.,10.));
#7264 = VECTOR('',#7265,1.);
#7265 = DIRECTION('',(0.,0.,-1.));
#7266 = PCURVE('',#986,#7267);
#7267 = DEFINITIONAL_REPRESENTATION('',(#7268),#7272);
#7268 = LINE('',#7269,#7270);
#7269 = CARTESIAN_POINT('',(6.28318530718,-0.));
#7270 = VECTOR('',#7271,1.);
#7271 = DIRECTION('',(0.,1.));
#7272 = ( GEOMETRIC_REPRESENTATION_CONTEXT(2) 
PARAMETRIC_REPRESENTATION_CONTEXT() REPRESENTATION_CONTEXT('2D SPACE',''
  ) );
#7273 = PCURVE('',#986,#7274);
#7274 = DEFINITIONAL_REPRESENTATION('',(#7275),#7279);
#7275 = LINE('',#7276,#7277);
#7276 = CARTESIAN_POINT('',(0.,-0.));
#7277 = VECTOR('',#7278,1.);
#7278 = DIRECTION('',(0.,1.));
#7279 = ( GEOMETRIC_REPRESENTATION_CONTEXT(2) 
PARAMETRIC_REPRESENTATION_CONTEXT() REPRESENTATION_CONTEXT('2D SPACE',''
  ) );
#7280 = ORIENTED_EDGE('',*,*,#965,.T.);
#7281 = ORIENTED_EDGE('',*,*,#7260,.T.);
#7282 = ADVANCED_FACE('',(#7283),#1021,.F.);
#7283 = FACE_BOUND('',#7284,.F.);
#7284 = EDGE_LOOP('',(#7285,#7286,#7307,#7308));
#7285 = ORIENTED_EDGE('',*,*,#4401,.F.);
#7286 = ORIENTED_EDGE('',*,*,#7287,.F.);
#7287 = EDGE_CURVE('',#1001,#4402,#7288,.T.);
#7288 = SEAM_CURVE('',#7289,(#7293,#7300),.PCURVE_S1.);
#7289 = LINE('',#7290,#7291);
#7290 = CARTESIAN_POINT('',(2.7585E+03,45.,10.));
#7291 = VECTOR('',#7292,1.);
#7292 = DIRECTION('',(0.,0.,-1.));
#7293 = PCURVE('',#1021,#7294);
#7294 = DEFINITIONAL_REPRESENTATION('',(#7295),#7299);
#7295 = LINE('',#7296,#7297);
#7296 = CARTESIAN_POINT('',(6.28318530718,-0.));
#7297 = VECTOR('',#7298,1.);
#7298 = DIRECTION('',(0.,1.));
#7299 = ( GEOMETRIC_REPRESENTATION_CONTEXT(2) 
PARAMETRIC_REPRESENTATION_CONTEXT() REPRESENTATION_CONTEXT('2D SPACE',''
  ) );
#7300 = PCURVE('',#1021,#7301);
#7301 = DEFINITIONAL_REPRESENTATION('',(#7302),#7306);
#7302 = LINE('',#7303,#7304);
#7303 = CARTESIAN_POINT('',(0.,-0.));
#7304 = VECTOR('',#7305,1.);
#7305 = DIRECTION('',(0.,1.));
#7306 = ( GEOMETRIC_REPRESENTATION_CONTEXT(2) 
PARAMETRIC_REPRESENTATION_CONTEXT() REPRESENTATION_CONTEXT('2D SPACE',''
  ) );
#7307 = ORIENTED_EDGE('',*,*,#1000,.T.);
#7308 = ORIENTED_EDGE('',*,*,#7287,.T.);
#7309 = ADVANCED_FACE('',(#7310),#1056,.F.);
#7310 = FACE_BOUND('',#7311,.F.);
#7311 = EDGE_LOOP('',(#7312,#7313,#7334,#7335));
#7312 = ORIENTED_EDGE('',*,*,#4431,.F.);
#7313 = ORIENTED_EDGE('',*,*,#7314,.F.);
#7314 = EDGE_CURVE('',#1036,#4432,#7315,.T.);
#7315 = SEAM_CURVE('',#7316,(#7320,#7327),.PCURVE_S1.);
#7316 = LINE('',#7317,#7318);
#7317 = CARTESIAN_POINT('',(3.1085E+03,45.,10.));
#7318 = VECTOR('',#7319,1.);
#7319 = DIRECTION('',(0.,0.,-1.));
#7320 = PCURVE('',#1056,#7321);
#7321 = DEFINITIONAL_REPRESENTATION('',(#7322),#7326);
#7322 = LINE('',#7323,#7324);
#7323 = CARTESIAN_POINT('',(6.28318530718,-0.));
#7324 = VECTOR('',#7325,1.);
#7325 = DIRECTION('',(0.,1.));
#7326 = ( GEOMETRIC_REPRESENTATION_CONTEXT(2) 
PARAMETRIC_REPRESENTATION_CONTEXT() REPRESENTATION_CONTEXT('2D SPACE',''
  ) );
#7327 = PCURVE('',#1056,#7328);
#7328 = DEFINITIONAL_REPRESENTATION('',(#7329),#7333);
#7329 = LINE('',#7330,#7331);
#7330 = CARTESIAN_POINT('',(0.,-0.));
#7331 = VECTOR('',#7332,1.);
#7332 = DIRECTION('',(0.,1.));
#7333 = ( GEOMETRIC_REPRESENTATION_CONTEXT(2) 
PARAMETRIC_REPRESENTATION_CONTEXT() REPRESENTATION_CONTEXT('2D SPACE',''
  ) );
#7334 = ORIENTED_EDGE('',*,*,#1035,.T.);
#7335 = ORIENTED_EDGE('',*,*,#7314,.T.);
#7336 = ADVANCED_FACE('',(#7337),#1091,.F.);
#7337 = FACE_BOUND('',#7338,.F.);
#7338 = EDGE_LOOP('',(#7339,#7340,#7361,#7362));
#7339 = ORIENTED_EDGE('',*,*,#4461,.F.);
#7340 = ORIENTED_EDGE('',*,*,#7341,.F.);
#7341 = EDGE_CURVE('',#1071,#4462,#7342,.T.);
#7342 = SEAM_CURVE('',#7343,(#7347,#7354),.PCURVE_S1.);
#7343 = LINE('',#7344,#7345);
#7344 = CARTESIAN_POINT('',(3.4385E+03,45.,10.));
#7345 = VECTOR('',#7346,1.);
#7346 = DIRECTION('',(0.,0.,-1.));
#7347 = PCURVE('',#1091,#7348);
#7348 = DEFINITIONAL_REPRESENTATION('',(#7349),#7353);
#7349 = LINE('',#7350,#7351);
#7350 = CARTESIAN_POINT('',(6.28318530718,-0.));
#7351 = VECTOR('',#7352,1.);
#7352 = DIRECTION('',(0.,1.));
#7353 = ( GEOMETRIC_REPRESENTATION_CONTEXT(2) 
PARAMETRIC_REPRESENTATION_CONTEXT() REPRESENTATION_CONTEXT('2D SPACE',''
  ) );
#7354 = PCURVE('',#1091,#7355);
#7355 = DEFINITIONAL_REPRESENTATION('',(#7356),#7360);
#7356 = LINE('',#7357,#7358);
#7357 = CARTESIAN_POINT('',(0.,-0.));
#7358 = VECTOR('',#7359,1.);
#7359 = DIRECTION('',(0.,1.));
#7360 = ( GEOMETRIC_REPRESENTATION_CONTEXT(2) 
PARAMETRIC_REPRESENTATION_CONTEXT() REPRESENTATION_CONTEXT('2D SPACE',''
  ) );
#7361 = ORIENTED_EDGE('',*,*,#1070,.T.);
#7362 = ORIENTED_EDGE('',*,*,#7341,.T.);
#7363 = ADVANCED_FACE('',(#7364),#1126,.F.);
#7364 = FACE_BOUND('',#7365,.F.);
#7365 = EDGE_LOOP('',(#7366,#7367,#7388,#7389));
#7366 = ORIENTED_EDGE('',*,*,#4491,.F.);
#7367 = ORIENTED_EDGE('',*,*,#7368,.F.);
#7368 = EDGE_CURVE('',#1106,#4492,#7369,.T.);
#7369 = SEAM_CURVE('',#7370,(#7374,#7381),.PCURVE_S1.);
#7370 = LINE('',#7371,#7372);
#7371 = CARTESIAN_POINT('',(3.7885E+03,45.,10.));
#7372 = VECTOR('',#7373,1.);
#7373 = DIRECTION('',(0.,0.,-1.));
#7374 = PCURVE('',#1126,#7375);
#7375 = DEFINITIONAL_REPRESENTATION('',(#7376),#7380);
#7376 = LINE('',#7377,#7378);
#7377 = CARTESIAN_POINT('',(6.28318530718,-0.));
#7378 = VECTOR('',#7379,1.);
#7379 = DIRECTION('',(0.,1.));
#7380 = ( GEOMETRIC_REPRESENTATION_CONTEXT(2) 
PARAMETRIC_REPRESENTATION_CONTEXT() REPRESENTATION_CONTEXT('2D SPACE',''
  ) );
#7381 = PCURVE('',#1126,#7382);
#7382 = DEFINITIONAL_REPRESENTATION('',(#7383),#7387);
#7383 = LINE('',#7384,#7385);
#7384 = CARTESIAN_POINT('',(0.,-0.));
#7385 = VECTOR('',#7386,1.);
#7386 = DIRECTION('',(0.,1.));
#7387 = ( GEOMETRIC_REPRESENTATION_CONTEXT(2) 
PARAMETRIC_REPRESENTATION_CONTEXT() REPRESENTATION_CONTEXT('2D SPACE',''
  ) );
#7388 = ORIENTED_EDGE('',*,*,#1105,.T.);
#7389 = ORIENTED_EDGE('',*,*,#7368,.T.);
#7390 = ADVANCED_FACE('',(#7391),#1161,.F.);
#7391 = FACE_BOUND('',#7392,.F.);
#7392 = EDGE_LOOP('',(#7393,#7394,#7415,#7416));
#7393 = ORIENTED_EDGE('',*,*,#4521,.F.);
#7394 = ORIENTED_EDGE('',*,*,#7395,.F.);
#7395 = EDGE_CURVE('',#1141,#4522,#7396,.T.);
#7396 = SEAM_CURVE('',#7397,(#7401,#7408),.PCURVE_S1.);
#7397 = LINE('',#7398,#7399);
#7398 = CARTESIAN_POINT('',(4.0385E+03,45.,10.));
#7399 = VECTOR('',#7400,1.);
#7400 = DIRECTION('',(0.,0.,-1.));
#7401 = PCURVE('',#1161,#7402);
#7402 = DEFINITIONAL_REPRESENTATION('',(#7403),#7407);
#7403 = LINE('',#7404,#7405);
#7404 = CARTESIAN_POINT('',(6.28318530718,-0.));
#7405 = VECTOR('',#7406,1.);
#7406 = DIRECTION('',(0.,1.));
#7407 = ( GEOMETRIC_REPRESENTATION_CONTEXT(2) 
PARAMETRIC_REPRESENTATION_CONTEXT() REPRESENTATION_CONTEXT('2D SPACE',''
  ) );
#7408 = PCURVE('',#1161,#7409);
#7409 = DEFINITIONAL_REPRESENTATION('',(#7410),#7414);
#7410 = LINE('',#7411,#7412);
#7411 = CARTESIAN_POINT('',(0.,-0.));
#7412 = VECTOR('',#7413,1.);
#7413 = DIRECTION('',(0.,1.));
#7414 = ( GEOMETRIC_REPRESENTATION_CONTEXT(2) 
PARAMETRIC_REPRESENTATION_CONTEXT() REPRESENTATION_CONTEXT('2D SPACE',''
  ) );
#7415 = ORIENTED_EDGE('',*,*,#1140,.T.);
#7416 = ORIENTED_EDGE('',*,*,#7395,.T.);
#7417 = ADVANCED_FACE('',(#7418),#1196,.F.);
#7418 = FACE_BOUND('',#7419,.F.);
#7419 = EDGE_LOOP('',(#7420,#7421,#7442,#7443));
#7420 = ORIENTED_EDGE('',*,*,#4551,.F.);
#7421 = ORIENTED_EDGE('',*,*,#7422,.F.);
#7422 = EDGE_CURVE('',#1176,#4552,#7423,.T.);
#7423 = SEAM_CURVE('',#7424,(#7428,#7435),.PCURVE_S1.);
#7424 = LINE('',#7425,#7426);
#7425 = CARTESIAN_POINT('',(4.1885E+03,45.,10.));
#7426 = VECTOR('',#7427,1.);
#7427 = DIRECTION('',(0.,0.,-1.));
#7428 = PCURVE('',#1196,#7429);
#7429 = DEFINITIONAL_REPRESENTATION('',(#7430),#7434);
#7430 = LINE('',#7431,#7432);
#7431 = CARTESIAN_POINT('',(6.28318530718,-0.));
#7432 = VECTOR('',#7433,1.);
#7433 = DIRECTION('',(0.,1.));
#7434 = ( GEOMETRIC_REPRESENTATION_CONTEXT(2) 
PARAMETRIC_REPRESENTATION_CONTEXT() REPRESENTATION_CONTEXT('2D SPACE',''
  ) );
#7435 = PCURVE('',#1196,#7436);
#7436 = DEFINITIONAL_REPRESENTATION('',(#7437),#7441);
#7437 = LINE('',#7438,#7439);
#7438 = CARTESIAN_POINT('',(0.,-0.));
#7439 = VECTOR('',#7440,1.);
#7440 = DIRECTION('',(0.,1.));
#7441 = ( GEOMETRIC_REPRESENTATION_CONTEXT(2) 
PARAMETRIC_REPRESENTATION_CONTEXT() REPRESENTATION_CONTEXT('2D SPACE',''
  ) );
#7442 = ORIENTED_EDGE('',*,*,#1175,.T.);
#7443 = ORIENTED_EDGE('',*,*,#7422,.T.);
#7444 = ADVANCED_FACE('',(#7445),#1231,.F.);
#7445 = FACE_BOUND('',#7446,.F.);
#7446 = EDGE_LOOP('',(#7447,#7448,#7469,#7470));
#7447 = ORIENTED_EDGE('',*,*,#4581,.F.);
#7448 = ORIENTED_EDGE('',*,*,#7449,.F.);
#7449 = EDGE_CURVE('',#1211,#4582,#7450,.T.);
#7450 = SEAM_CURVE('',#7451,(#7455,#7462),.PCURVE_S1.);
#7451 = LINE('',#7452,#7453);
#7452 = CARTESIAN_POINT('',(4.3385E+03,45.,10.));
#7453 = VECTOR('',#7454,1.);
#7454 = DIRECTION('',(0.,0.,-1.));
#7455 = PCURVE('',#1231,#7456);
#7456 = DEFINITIONAL_REPRESENTATION('',(#7457),#7461);
#7457 = LINE('',#7458,#7459);
#7458 = CARTESIAN_POINT('',(6.28318530718,-0.));
#7459 = VECTOR('',#7460,1.);
#7460 = DIRECTION('',(0.,1.));
#7461 = ( GEOMETRIC_REPRESENTATION_CONTEXT(2) 
PARAMETRIC_REPRESENTATION_CONTEXT() REPRESENTATION_CONTEXT('2D SPACE',''
  ) );
#7462 = PCURVE('',#1231,#7463);
#7463 = DEFINITIONAL_REPRESENTATION('',(#7464),#7468);
#7464 = LINE('',#7465,#7466);
#7465 = CARTESIAN_POINT('',(0.,-0.));
#7466 = VECTOR('',#7467,1.);
#7467 = DIRECTION('',(0.,1.));
#7468 = ( GEOMETRIC_REPRESENTATION_CONTEXT(2) 
PARAMETRIC_REPRESENTATION_CONTEXT() REPRESENTATION_CONTEXT('2D SPACE',''
  ) );
#7469 = ORIENTED_EDGE('',*,*,#1210,.T.);
#7470 = ORIENTED_EDGE('',*,*,#7449,.T.);
#7471 = ADVANCED_FACE('',(#7472),#1266,.F.);
#7472 = FACE_BOUND('',#7473,.F.);
#7473 = EDGE_LOOP('',(#7474,#7475,#7496,#7497));
#7474 = ORIENTED_EDGE('',*,*,#4611,.F.);
#7475 = ORIENTED_EDGE('',*,*,#7476,.F.);
#7476 = EDGE_CURVE('',#1246,#4612,#7477,.T.);
#7477 = SEAM_CURVE('',#7478,(#7482,#7489),.PCURVE_S1.);
#7478 = LINE('',#7479,#7480);
#7479 = CARTESIAN_POINT('',(4.4885E+03,45.,10.));
#7480 = VECTOR('',#7481,1.);
#7481 = DIRECTION('',(0.,0.,-1.));
#7482 = PCURVE('',#1266,#7483);
#7483 = DEFINITIONAL_REPRESENTATION('',(#7484),#7488);
#7484 = LINE('',#7485,#7486);
#7485 = CARTESIAN_POINT('',(6.28318530718,-0.));
#7486 = VECTOR('',#7487,1.);
#7487 = DIRECTION('',(0.,1.));
#7488 = ( GEOMETRIC_REPRESENTATION_CONTEXT(2) 
PARAMETRIC_REPRESENTATION_CONTEXT() REPRESENTATION_CONTEXT('2D SPACE',''
  ) );
#7489 = PCURVE('',#1266,#7490);
#7490 = DEFINITIONAL_REPRESENTATION('',(#7491),#7495);
#7491 = LINE('',#7492,#7493);
#7492 = CARTESIAN_POINT('',(0.,-0.));
#7493 = VECTOR('',#7494,1.);
#7494 = DIRECTION('',(0.,1.));
#7495 = ( GEOMETRIC_REPRESENTATION_CONTEXT(2) 
PARAMETRIC_REPRESENTATION_CONTEXT() REPRESENTATION_CONTEXT('2D SPACE',''
  ) );
#7496 = ORIENTED_EDGE('',*,*,#1245,.T.);
#7497 = ORIENTED_EDGE('',*,*,#7476,.T.);
#7498 = ADVANCED_FACE('',(#7499),#1301,.F.);
#7499 = FACE_BOUND('',#7500,.F.);
#7500 = EDGE_LOOP('',(#7501,#7502,#7523,#7524));
#7501 = ORIENTED_EDGE('',*,*,#4641,.F.);
#7502 = ORIENTED_EDGE('',*,*,#7503,.F.);
#7503 = EDGE_CURVE('',#1281,#4642,#7504,.T.);
#7504 = SEAM_CURVE('',#7505,(#7509,#7516),.PCURVE_S1.);
#7505 = LINE('',#7506,#7507);
#7506 = CARTESIAN_POINT('',(4.6235E+03,45.,10.));
#7507 = VECTOR('',#7508,1.);
#7508 = DIRECTION('',(0.,0.,-1.));
#7509 = PCURVE('',#1301,#7510);
#7510 = DEFINITIONAL_REPRESENTATION('',(#7511),#7515);
#7511 = LINE('',#7512,#7513);
#7512 = CARTESIAN_POINT('',(6.28318530718,-0.));
#7513 = VECTOR('',#7514,1.);
#7514 = DIRECTION('',(0.,1.));
#7515 = ( GEOMETRIC_REPRESENTATION_CONTEXT(2) 
PARAMETRIC_REPRESENTATION_CONTEXT() REPRESENTATION_CONTEXT('2D SPACE',''
  ) );
#7516 = PCURVE('',#1301,#7517);
#7517 = DEFINITIONAL_REPRESENTATION('',(#7518),#7522);
#7518 = LINE('',#7519,#7520);
#7519 = CARTESIAN_POINT('',(0.,-0.));
#7520 = VECTOR('',#7521,1.);
#7521 = DIRECTION('',(0.,1.));
#7522 = ( GEOMETRIC_REPRESENTATION_CONTEXT(2) 
PARAMETRIC_REPRESENTATION_CONTEXT() REPRESENTATION_CONTEXT('2D SPACE',''
  ) );
#7523 = ORIENTED_EDGE('',*,*,#1280,.T.);
#7524 = ORIENTED_EDGE('',*,*,#7503,.T.);
#7525 = ADVANCED_FACE('',(#7526),#1336,.F.);
#7526 = FACE_BOUND('',#7527,.F.);
#7527 = EDGE_LOOP('',(#7528,#7529,#7550,#7551));
#7528 = ORIENTED_EDGE('',*,*,#4671,.F.);
#7529 = ORIENTED_EDGE('',*,*,#7530,.F.);
#7530 = EDGE_CURVE('',#1316,#4672,#7531,.T.);
#7531 = SEAM_CURVE('',#7532,(#7536,#7543),.PCURVE_S1.);
#7532 = LINE('',#7533,#7534);
#7533 = CARTESIAN_POINT('',(4.7135E+03,45.,10.));
#7534 = VECTOR('',#7535,1.);
#7535 = DIRECTION('',(0.,0.,-1.));
#7536 = PCURVE('',#1336,#7537);
#7537 = DEFINITIONAL_REPRESENTATION('',(#7538),#7542);
#7538 = LINE('',#7539,#7540);
#7539 = CARTESIAN_POINT('',(6.28318530718,-0.));
#7540 = VECTOR('',#7541,1.);
#7541 = DIRECTION('',(0.,1.));
#7542 = ( GEOMETRIC_REPRESENTATION_CONTEXT(2) 
PARAMETRIC_REPRESENTATION_CONTEXT() REPRESENTATION_CONTEXT('2D SPACE',''
  ) );
#7543 = PCURVE('',#1336,#7544);
#7544 = DEFINITIONAL_REPRESENTATION('',(#7545),#7549);
#7545 = LINE('',#7546,#7547);
#7546 = CARTESIAN_POINT('',(0.,-0.));
#7547 = VECTOR('',#7548,1.);
#7548 = DIRECTION('',(0.,1.));
#7549 = ( GEOMETRIC_REPRESENTATION_CONTEXT(2) 
PARAMETRIC_REPRESENTATION_CONTEXT() REPRESENTATION_CONTEXT('2D SPACE',''
  ) );
#7550 = ORIENTED_EDGE('',*,*,#1315,.T.);
#7551 = ORIENTED_EDGE('',*,*,#7530,.T.);
#7552 = ADVANCED_FACE('',(#7553),#1371,.F.);
#7553 = FACE_BOUND('',#7554,.F.);
#7554 = EDGE_LOOP('',(#7555,#7556,#7577,#7578));
#7555 = ORIENTED_EDGE('',*,*,#4701,.F.);
#7556 = ORIENTED_EDGE('',*,*,#7557,.F.);
#7557 = EDGE_CURVE('',#1351,#4702,#7558,.T.);
#7558 = SEAM_CURVE('',#7559,(#7563,#7570),.PCURVE_S1.);
#7559 = LINE('',#7560,#7561);
#7560 = CARTESIAN_POINT('',(4.8035E+03,45.,10.));
#7561 = VECTOR('',#7562,1.);
#7562 = DIRECTION('',(0.,0.,-1.));
#7563 = PCURVE('',#1371,#7564);
#7564 = DEFINITIONAL_REPRESENTATION('',(#7565),#7569);
#7565 = LINE('',#7566,#7567);
#7566 = CARTESIAN_POINT('',(6.28318530718,-0.));
#7567 = VECTOR('',#7568,1.);
#7568 = DIRECTION('',(0.,1.));
#7569 = ( GEOMETRIC_REPRESENTATION_CONTEXT(2) 
PARAMETRIC_REPRESENTATION_CONTEXT() REPRESENTATION_CONTEXT('2D SPACE',''
  ) );
#7570 = PCURVE('',#1371,#7571);
#7571 = DEFINITIONAL_REPRESENTATION('',(#7572),#7576);
#7572 = LINE('',#7573,#7574);
#7573 = CARTESIAN_POINT('',(0.,-0.));
#7574 = VECTOR('',#7575,1.);
#7575 = DIRECTION('',(0.,1.));
#7576 = ( GEOMETRIC_REPRESENTATION_CONTEXT(2) 
PARAMETRIC_REPRESENTATION_CONTEXT() REPRESENTATION_CONTEXT('2D SPACE',''
  ) );
#7577 = ORIENTED_EDGE('',*,*,#1350,.T.);
#7578 = ORIENTED_EDGE('',*,*,#7557,.T.);
#7579 = ADVANCED_FACE('',(#7580),#1406,.F.);
#7580 = FACE_BOUND('',#7581,.F.);
#7581 = EDGE_LOOP('',(#7582,#7583,#7604,#7605));
#7582 = ORIENTED_EDGE('',*,*,#4731,.F.);
#7583 = ORIENTED_EDGE('',*,*,#7584,.F.);
#7584 = EDGE_CURVE('',#1386,#4732,#7585,.T.);
#7585 = SEAM_CURVE('',#7586,(#7590,#7597),.PCURVE_S1.);
#7586 = LINE('',#7587,#7588);
#7587 = CARTESIAN_POINT('',(4.8935E+03,45.,10.));
#7588 = VECTOR('',#7589,1.);
#7589 = DIRECTION('',(0.,0.,-1.));
#7590 = PCURVE('',#1406,#7591);
#7591 = DEFINITIONAL_REPRESENTATION('',(#7592),#7596);
#7592 = LINE('',#7593,#7594);
#7593 = CARTESIAN_POINT('',(6.28318530718,-0.));
#7594 = VECTOR('',#7595,1.);
#7595 = DIRECTION('',(0.,1.));
#7596 = ( GEOMETRIC_REPRESENTATION_CONTEXT(2) 
PARAMETRIC_REPRESENTATION_CONTEXT() REPRESENTATION_CONTEXT('2D SPACE',''
  ) );
#7597 = PCURVE('',#1406,#7598);
#7598 = DEFINITIONAL_REPRESENTATION('',(#7599),#7603);
#7599 = LINE('',#7600,#7601);
#7600 = CARTESIAN_POINT('',(0.,-0.));
#7601 = VECTOR('',#7602,1.);
#7602 = DIRECTION('',(0.,1.));
#7603 = ( GEOMETRIC_REPRESENTATION_CONTEXT(2) 
PARAMETRIC_REPRESENTATION_CONTEXT() REPRESENTATION_CONTEXT('2D SPACE',''
  ) );
#7604 = ORIENTED_EDGE('',*,*,#1385,.T.);
#7605 = ORIENTED_EDGE('',*,*,#7584,.T.);
#7606 = ADVANCED_FACE('',(#7607),#1441,.F.);
#7607 = FACE_BOUND('',#7608,.F.);
#7608 = EDGE_LOOP('',(#7609,#7610,#7631,#7632));
#7609 = ORIENTED_EDGE('',*,*,#4761,.F.);
#7610 = ORIENTED_EDGE('',*,*,#7611,.F.);
#7611 = EDGE_CURVE('',#1421,#4762,#7612,.T.);
#7612 = SEAM_CURVE('',#7613,(#7617,#7624),.PCURVE_S1.);
#7613 = LINE('',#7614,#7615);
#7614 = CARTESIAN_POINT('',(4.9835E+03,45.,10.));
#7615 = VECTOR('',#7616,1.);
#7616 = DIRECTION('',(0.,0.,-1.));
#7617 = PCURVE('',#1441,#7618);
#7618 = DEFINITIONAL_REPRESENTATION('',(#7619),#7623);
#7619 = LINE('',#7620,#7621);
#7620 = CARTESIAN_POINT('',(6.28318530718,-0.));
#7621 = VECTOR('',#7622,1.);
#7622 = DIRECTION('',(0.,1.));
#7623 = ( GEOMETRIC_REPRESENTATION_CONTEXT(2) 
PARAMETRIC_REPRESENTATION_CONTEXT() REPRESENTATION_CONTEXT('2D SPACE',''
  ) );
#7624 = PCURVE('',#1441,#7625);
#7625 = DEFINITIONAL_REPRESENTATION('',(#7626),#7630);
#7626 = LINE('',#7627,#7628);
#7627 = CARTESIAN_POINT('',(0.,-0.));
#7628 = VECTOR('',#7629,1.);
#7629 = DIRECTION('',(0.,1.));
#7630 = ( GEOMETRIC_REPRESENTATION_CONTEXT(2) 
PARAMETRIC_REPRESENTATION_CONTEXT() REPRESENTATION_CONTEXT('2D SPACE',''
  ) );
#7631 = ORIENTED_EDGE('',*,*,#1420,.T.);
#7632 = ORIENTED_EDGE('',*,*,#7611,.T.);
#7633 = ADVANCED_FACE('',(#7634),#1476,.F.);
#7634 = FACE_BOUND('',#7635,.F.);
#7635 = EDGE_LOOP('',(#7636,#7637,#7658,#7659));
#7636 = ORIENTED_EDGE('',*,*,#4791,.F.);
#7637 = ORIENTED_EDGE('',*,*,#7638,.F.);
#7638 = EDGE_CURVE('',#1456,#4792,#7639,.T.);
#7639 = SEAM_CURVE('',#7640,(#7644,#7651),.PCURVE_S1.);
#7640 = LINE('',#7641,#7642);
#7641 = CARTESIAN_POINT('',(5.0735E+03,45.,10.));
#7642 = VECTOR('',#7643,1.);
#7643 = DIRECTION('',(0.,0.,-1.));
#7644 = PCURVE('',#1476,#7645);
#7645 = DEFINITIONAL_REPRESENTATION('',(#7646),#7650);
#7646 = LINE('',#7647,#7648);
#7647 = CARTESIAN_POINT('',(6.28318530718,-0.));
#7648 = VECTOR('',#7649,1.);
#7649 = DIRECTION('',(0.,1.));
#7650 = ( GEOMETRIC_REPRESENTATION_CONTEXT(2) 
PARAMETRIC_REPRESENTATION_CONTEXT() REPRESENTATION_CONTEXT('2D SPACE',''
  ) );
#7651 = PCURVE('',#1476,#7652);
#7652 = DEFINITIONAL_REPRESENTATION('',(#7653),#7657);
#7653 = LINE('',#7654,#7655);
#7654 = CARTESIAN_POINT('',(0.,-0.));
#7655 = VECTOR('',#7656,1.);
#7656 = DIRECTION('',(0.,1.));
#7657 = ( GEOMETRIC_REPRESENTATION_CONTEXT(2) 
PARAMETRIC_REPRESENTATION_CONTEXT() REPRESENTATION_CONTEXT('2D SPACE',''
  ) );
#7658 = ORIENTED_EDGE('',*,*,#1455,.T.);
#7659 = ORIENTED_EDGE('',*,*,#7638,.T.);
#7660 = ADVANCED_FACE('',(#7661),#1511,.F.);
#7661 = FACE_BOUND('',#7662,.F.);
#7662 = EDGE_LOOP('',(#7663,#7664,#7685,#7686));
#7663 = ORIENTED_EDGE('',*,*,#4821,.F.);
#7664 = ORIENTED_EDGE('',*,*,#7665,.F.);
#7665 = EDGE_CURVE('',#1491,#4822,#7666,.T.);
#7666 = SEAM_CURVE('',#7667,(#7671,#7678),.PCURVE_S1.);
#7667 = LINE('',#7668,#7669);
#7668 = CARTESIAN_POINT('',(5.1635E+03,45.,10.));
#7669 = VECTOR('',#7670,1.);
#7670 = DIRECTION('',(0.,0.,-1.));
#7671 = PCURVE('',#1511,#7672);
#7672 = DEFINITIONAL_REPRESENTATION('',(#7673),#7677);
#7673 = LINE('',#7674,#7675);
#7674 = CARTESIAN_POINT('',(6.28318530718,-0.));
#7675 = VECTOR('',#7676,1.);
#7676 = DIRECTION('',(0.,1.));
#7677 = ( GEOMETRIC_REPRESENTATION_CONTEXT(2) 
PARAMETRIC_REPRESENTATION_CONTEXT() REPRESENTATION_CONTEXT('2D SPACE',''
  ) );
#7678 = PCURVE('',#1511,#7679);
#7679 = DEFINITIONAL_REPRESENTATION('',(#7680),#7684);
#7680 = LINE('',#7681,#7682);
#7681 = CARTESIAN_POINT('',(0.,-0.));
#7682 = VECTOR('',#7683,1.);
#7683 = DIRECTION('',(0.,1.));
#7684 = ( GEOMETRIC_REPRESENTATION_CONTEXT(2) 
PARAMETRIC_REPRESENTATION_CONTEXT() REPRESENTATION_CONTEXT('2D SPACE',''
  ) );
#7685 = ORIENTED_EDGE('',*,*,#1490,.T.);
#7686 = ORIENTED_EDGE('',*,*,#7665,.T.);
#7687 = ADVANCED_FACE('',(#7688),#1546,.F.);
#7688 = FACE_BOUND('',#7689,.F.);
#7689 = EDGE_LOOP('',(#7690,#7691,#7712,#7713));
#7690 = ORIENTED_EDGE('',*,*,#4851,.F.);
#7691 = ORIENTED_EDGE('',*,*,#7692,.F.);
#7692 = EDGE_CURVE('',#1526,#4852,#7693,.T.);
#7693 = SEAM_CURVE('',#7694,(#7698,#7705),.PCURVE_S1.);
#7694 = LINE('',#7695,#7696);
#7695 = CARTESIAN_POINT('',(5.2535E+03,45.,10.));
#7696 = VECTOR('',#7697,1.);
#7697 = DIRECTION('',(0.,0.,-1.));
#7698 = PCURVE('',#1546,#7699);
#7699 = DEFINITIONAL_REPRESENTATION('',(#7700),#7704);
#7700 = LINE('',#7701,#7702);
#7701 = CARTESIAN_POINT('',(6.28318530718,-0.));
#7702 = VECTOR('',#7703,1.);
#7703 = DIRECTION('',(0.,1.));
#7704 = ( GEOMETRIC_REPRESENTATION_CONTEXT(2) 
PARAMETRIC_REPRESENTATION_CONTEXT() REPRESENTATION_CONTEXT('2D SPACE',''
  ) );
#7705 = PCURVE('',#1546,#7706);
#7706 = DEFINITIONAL_REPRESENTATION('',(#7707),#7711);
#7707 = LINE('',#7708,#7709);
#7708 = CARTESIAN_POINT('',(0.,-0.));
#7709 = VECTOR('',#7710,1.);
#7710 = DIRECTION('',(0.,1.));
#7711 = ( GEOMETRIC_REPRESENTATION_CONTEXT(2) 
PARAMETRIC_REPRESENTATION_CONTEXT() REPRESENTATION_CONTEXT('2D SPACE',''
  ) );
#7712 = ORIENTED_EDGE('',*,*,#1525,.T.);
#7713 = ORIENTED_EDGE('',*,*,#7692,.T.);
#7714 = ADVANCED_FACE('',(#7715),#1581,.F.);
#7715 = FACE_BOUND('',#7716,.F.);
#7716 = EDGE_LOOP('',(#7717,#7718,#7739,#7740));
#7717 = ORIENTED_EDGE('',*,*,#4881,.F.);
#7718 = ORIENTED_EDGE('',*,*,#7719,.F.);
#7719 = EDGE_CURVE('',#1561,#4882,#7720,.T.);
#7720 = SEAM_CURVE('',#7721,(#7725,#7732),.PCURVE_S1.);
#7721 = LINE('',#7722,#7723);
#7722 = CARTESIAN_POINT('',(5.3435E+03,45.,10.));
#7723 = VECTOR('',#7724,1.);
#7724 = DIRECTION('',(0.,0.,-1.));
#7725 = PCURVE('',#1581,#7726);
#7726 = DEFINITIONAL_REPRESENTATION('',(#7727),#7731);
#7727 = LINE('',#7728,#7729);
#7728 = CARTESIAN_POINT('',(6.28318530718,-0.));
#7729 = VECTOR('',#7730,1.);
#7730 = DIRECTION('',(0.,1.));
#7731 = ( GEOMETRIC_REPRESENTATION_CONTEXT(2) 
PARAMETRIC_REPRESENTATION_CONTEXT() REPRESENTATION_CONTEXT('2D SPACE',''
  ) );
#7732 = PCURVE('',#1581,#7733);
#7733 = DEFINITIONAL_REPRESENTATION('',(#7734),#7738);
#7734 = LINE('',#7735,#7736);
#7735 = CARTESIAN_POINT('',(0.,-0.));
#7736 = VECTOR('',#7737,1.);
#7737 = DIRECTION('',(0.,1.));
#7738 = ( GEOMETRIC_REPRESENTATION_CONTEXT(2) 
PARAMETRIC_REPRESENTATION_CONTEXT() REPRESENTATION_CONTEXT('2D SPACE',''
  ) );
#7739 = ORIENTED_EDGE('',*,*,#1560,.T.);
#7740 = ORIENTED_EDGE('',*,*,#7719,.T.);
#7741 = ADVANCED_FACE('',(#7742),#1616,.F.);
#7742 = FACE_BOUND('',#7743,.F.);
#7743 = EDGE_LOOP('',(#7744,#7745,#7766,#7767));
#7744 = ORIENTED_EDGE('',*,*,#4911,.F.);
#7745 = ORIENTED_EDGE('',*,*,#7746,.F.);
#7746 = EDGE_CURVE('',#1596,#4912,#7747,.T.);
#7747 = SEAM_CURVE('',#7748,(#7752,#7759),.PCURVE_S1.);
#7748 = LINE('',#7749,#7750);
#7749 = CARTESIAN_POINT('',(5.4335E+03,45.,10.));
#7750 = VECTOR('',#7751,1.);
#7751 = DIRECTION('',(0.,0.,-1.));
#7752 = PCURVE('',#1616,#7753);
#7753 = DEFINITIONAL_REPRESENTATION('',(#7754),#7758);
#7754 = LINE('',#7755,#7756);
#7755 = CARTESIAN_POINT('',(6.28318530718,-0.));
#7756 = VECTOR('',#7757,1.);
#7757 = DIRECTION('',(0.,1.));
#7758 = ( GEOMETRIC_REPRESENTATION_CONTEXT(2) 
PARAMETRIC_REPRESENTATION_CONTEXT() REPRESENTATION_CONTEXT('2D SPACE',''
  ) );
#7759 = PCURVE('',#1616,#7760);
#7760 = DEFINITIONAL_REPRESENTATION('',(#7761),#7765);
#7761 = LINE('',#7762,#7763);
#7762 = CARTESIAN_POINT('',(0.,-0.));
#7763 = VECTOR('',#7764,1.);
#7764 = DIRECTION('',(0.,1.));
#7765 = ( GEOMETRIC_REPRESENTATION_CONTEXT(2) 
PARAMETRIC_REPRESENTATION_CONTEXT() REPRESENTATION_CONTEXT('2D SPACE',''
  ) );
#7766 = ORIENTED_EDGE('',*,*,#1595,.T.);
#7767 = ORIENTED_EDGE('',*,*,#7746,.T.);
#7768 = ADVANCED_FACE('',(#7769),#1651,.F.);
#7769 = FACE_BOUND('',#7770,.F.);
#7770 = EDGE_LOOP('',(#7771,#7772,#7793,#7794));
#7771 = ORIENTED_EDGE('',*,*,#4941,.F.);
#7772 = ORIENTED_EDGE('',*,*,#7773,.F.);
#7773 = EDGE_CURVE('',#1631,#4942,#7774,.T.);
#7774 = SEAM_CURVE('',#7775,(#7779,#7786),.PCURVE_S1.);
#7775 = LINE('',#7776,#7777);
#7776 = CARTESIAN_POINT('',(63.5,100.,10.));
#7777 = VECTOR('',#7778,1.);
#7778 = DIRECTION('',(0.,0.,-1.));
#7779 = PCURVE('',#1651,#7780);
#7780 = DEFINITIONAL_REPRESENTATION('',(#7781),#7785);
#7781 = LINE('',#7782,#7783);
#7782 = CARTESIAN_POINT('',(6.28318530718,-0.));
#7783 = VECTOR('',#7784,1.);
#7784 = DIRECTION('',(0.,1.));
#7785 = ( GEOMETRIC_REPRESENTATION_CONTEXT(2) 
PARAMETRIC_REPRESENTATION_CONTEXT() REPRESENTATION_CONTEXT('2D SPACE',''
  ) );
#7786 = PCURVE('',#1651,#7787);
#7787 = DEFINITIONAL_REPRESENTATION('',(#7788),#7792);
#7788 = LINE('',#7789,#7790);
#7789 = CARTESIAN_POINT('',(0.,-0.));
#7790 = VECTOR('',#7791,1.);
#7791 = DIRECTION('',(0.,1.));
#7792 = ( GEOMETRIC_REPRESENTATION_CONTEXT(2) 
PARAMETRIC_REPRESENTATION_CONTEXT() REPRESENTATION_CONTEXT('2D SPACE',''
  ) );
#7793 = ORIENTED_EDGE('',*,*,#1630,.T.);
#7794 = ORIENTED_EDGE('',*,*,#7773,.T.);
#7795 = ADVANCED_FACE('',(#7796),#1686,.F.);
#7796 = FACE_BOUND('',#7797,.F.);
#7797 = EDGE_LOOP('',(#7798,#7799,#7820,#7821));
#7798 = ORIENTED_EDGE('',*,*,#4971,.F.);
#7799 = ORIENTED_EDGE('',*,*,#7800,.F.);
#7800 = EDGE_CURVE('',#1666,#4972,#7801,.T.);
#7801 = SEAM_CURVE('',#7802,(#7806,#7813),.PCURVE_S1.);
#7802 = LINE('',#7803,#7804);
#7803 = CARTESIAN_POINT('',(153.5,100.,10.));
#7804 = VECTOR('',#7805,1.);
#7805 = DIRECTION('',(0.,0.,-1.));
#7806 = PCURVE('',#1686,#7807);
#7807 = DEFINITIONAL_REPRESENTATION('',(#7808),#7812);
#7808 = LINE('',#7809,#7810);
#7809 = CARTESIAN_POINT('',(6.28318530718,-0.));
#7810 = VECTOR('',#7811,1.);
#7811 = DIRECTION('',(0.,1.));
#7812 = ( GEOMETRIC_REPRESENTATION_CONTEXT(2) 
PARAMETRIC_REPRESENTATION_CONTEXT() REPRESENTATION_CONTEXT('2D SPACE',''
  ) );
#7813 = PCURVE('',#1686,#7814);
#7814 = DEFINITIONAL_REPRESENTATION('',(#7815),#7819);
#7815 = LINE('',#7816,#7817);
#7816 = CARTESIAN_POINT('',(0.,-0.));
#7817 = VECTOR('',#7818,1.);
#7818 = DIRECTION('',(0.,1.));
#7819 = ( GEOMETRIC_REPRESENTATION_CONTEXT(2) 
PARAMETRIC_REPRESENTATION_CONTEXT() REPRESENTATION_CONTEXT('2D SPACE',''
  ) );
#7820 = ORIENTED_EDGE('',*,*,#1665,.T.);
#7821 = ORIENTED_EDGE('',*,*,#7800,.T.);
#7822 = ADVANCED_FACE('',(#7823),#1721,.F.);
#7823 = FACE_BOUND('',#7824,.F.);
#7824 = EDGE_LOOP('',(#7825,#7826,#7847,#7848));
#7825 = ORIENTED_EDGE('',*,*,#5001,.F.);
#7826 = ORIENTED_EDGE('',*,*,#7827,.F.);
#7827 = EDGE_CURVE('',#1701,#5002,#7828,.T.);
#7828 = SEAM_CURVE('',#7829,(#7833,#7840),.PCURVE_S1.);
#7829 = LINE('',#7830,#7831);
#7830 = CARTESIAN_POINT('',(243.5,100.,10.));
#7831 = VECTOR('',#7832,1.);
#7832 = DIRECTION('',(0.,0.,-1.));
#7833 = PCURVE('',#1721,#7834);
#7834 = DEFINITIONAL_REPRESENTATION('',(#7835),#7839);
#7835 = LINE('',#7836,#7837);
#7836 = CARTESIAN_POINT('',(6.28318530718,-0.));
#7837 = VECTOR('',#7838,1.);
#7838 = DIRECTION('',(0.,1.));
#7839 = ( GEOMETRIC_REPRESENTATION_CONTEXT(2) 
PARAMETRIC_REPRESENTATION_CONTEXT() REPRESENTATION_CONTEXT('2D SPACE',''
  ) );
#7840 = PCURVE('',#1721,#7841);
#7841 = DEFINITIONAL_REPRESENTATION('',(#7842),#7846);
#7842 = LINE('',#7843,#7844);
#7843 = CARTESIAN_POINT('',(0.,-0.));
#7844 = VECTOR('',#7845,1.);
#7845 = DIRECTION('',(0.,1.));
#7846 = ( GEOMETRIC_REPRESENTATION_CONTEXT(2) 
PARAMETRIC_REPRESENTATION_CONTEXT() REPRESENTATION_CONTEXT('2D SPACE',''
  ) );
#7847 = ORIENTED_EDGE('',*,*,#1700,.T.);
#7848 = ORIENTED_EDGE('',*,*,#7827,.T.);
#7849 = ADVANCED_FACE('',(#7850),#1756,.F.);
#7850 = FACE_BOUND('',#7851,.F.);
#7851 = EDGE_LOOP('',(#7852,#7853,#7874,#7875));
#7852 = ORIENTED_EDGE('',*,*,#5031,.F.);
#7853 = ORIENTED_EDGE('',*,*,#7854,.F.);
#7854 = EDGE_CURVE('',#1736,#5032,#7855,.T.);
#7855 = SEAM_CURVE('',#7856,(#7860,#7867),.PCURVE_S1.);
#7856 = LINE('',#7857,#7858);
#7857 = CARTESIAN_POINT('',(333.5,100.,10.));
#7858 = VECTOR('',#7859,1.);
#7859 = DIRECTION('',(0.,0.,-1.));
#7860 = PCURVE('',#1756,#7861);
#7861 = DEFINITIONAL_REPRESENTATION('',(#7862),#7866);
#7862 = LINE('',#7863,#7864);
#7863 = CARTESIAN_POINT('',(6.28318530718,-0.));
#7864 = VECTOR('',#7865,1.);
#7865 = DIRECTION('',(0.,1.));
#7866 = ( GEOMETRIC_REPRESENTATION_CONTEXT(2) 
PARAMETRIC_REPRESENTATION_CONTEXT() REPRESENTATION_CONTEXT('2D SPACE',''
  ) );
#7867 = PCURVE('',#1756,#7868);
#7868 = DEFINITIONAL_REPRESENTATION('',(#7869),#7873);
#7869 = LINE('',#7870,#7871);
#7870 = CARTESIAN_POINT('',(0.,-0.));
#7871 = VECTOR('',#7872,1.);
#7872 = DIRECTION('',(0.,1.));
#7873 = ( GEOMETRIC_REPRESENTATION_CONTEXT(2) 
PARAMETRIC_REPRESENTATION_CONTEXT() REPRESENTATION_CONTEXT('2D SPACE',''
  ) );
#7874 = ORIENTED_EDGE('',*,*,#1735,.T.);
#7875 = ORIENTED_EDGE('',*,*,#7854,.T.);
#7876 = ADVANCED_FACE('',(#7877),#1791,.F.);
#7877 = FACE_BOUND('',#7878,.F.);
#7878 = EDGE_LOOP('',(#7879,#7880,#7901,#7902));
#7879 = ORIENTED_EDGE('',*,*,#5061,.F.);
#7880 = ORIENTED_EDGE('',*,*,#7881,.F.);
#7881 = EDGE_CURVE('',#1771,#5062,#7882,.T.);
#7882 = SEAM_CURVE('',#7883,(#7887,#7894),.PCURVE_S1.);
#7883 = LINE('',#7884,#7885);
#7884 = CARTESIAN_POINT('',(423.5,100.,10.));
#7885 = VECTOR('',#7886,1.);
#7886 = DIRECTION('',(0.,0.,-1.));
#7887 = PCURVE('',#1791,#7888);
#7888 = DEFINITIONAL_REPRESENTATION('',(#7889),#7893);
#7889 = LINE('',#7890,#7891);
#7890 = CARTESIAN_POINT('',(6.28318530718,-0.));
#7891 = VECTOR('',#7892,1.);
#7892 = DIRECTION('',(0.,1.));
#7893 = ( GEOMETRIC_REPRESENTATION_CONTEXT(2) 
PARAMETRIC_REPRESENTATION_CONTEXT() REPRESENTATION_CONTEXT('2D SPACE',''
  ) );
#7894 = PCURVE('',#1791,#7895);
#7895 = DEFINITIONAL_REPRESENTATION('',(#7896),#7900);
#7896 = LINE('',#7897,#7898);
#7897 = CARTESIAN_POINT('',(0.,-0.));
#7898 = VECTOR('',#7899,1.);
#7899 = DIRECTION('',(0.,1.));
#7900 = ( GEOMETRIC_REPRESENTATION_CONTEXT(2) 
PARAMETRIC_REPRESENTATION_CONTEXT() REPRESENTATION_CONTEXT('2D SPACE',''
  ) );
#7901 = ORIENTED_EDGE('',*,*,#1770,.T.);
#7902 = ORIENTED_EDGE('',*,*,#7881,.T.);
#7903 = ADVANCED_FACE('',(#7904),#1826,.F.);
#7904 = FACE_BOUND('',#7905,.F.);
#7905 = EDGE_LOOP('',(#7906,#7907,#7928,#7929));
#7906 = ORIENTED_EDGE('',*,*,#5091,.F.);
#7907 = ORIENTED_EDGE('',*,*,#7908,.F.);
#7908 = EDGE_CURVE('',#1806,#5092,#7909,.T.);
#7909 = SEAM_CURVE('',#7910,(#7914,#7921),.PCURVE_S1.);
#7910 = LINE('',#7911,#7912);
#7911 = CARTESIAN_POINT('',(513.5,100.,10.));
#7912 = VECTOR('',#7913,1.);
#7913 = DIRECTION('',(0.,0.,-1.));
#7914 = PCURVE('',#1826,#7915);
#7915 = DEFINITIONAL_REPRESENTATION('',(#7916),#7920);
#7916 = LINE('',#7917,#7918);
#7917 = CARTESIAN_POINT('',(6.28318530718,-0.));
#7918 = VECTOR('',#7919,1.);
#7919 = DIRECTION('',(0.,1.));
#7920 = ( GEOMETRIC_REPRESENTATION_CONTEXT(2) 
PARAMETRIC_REPRESENTATION_CONTEXT() REPRESENTATION_CONTEXT('2D SPACE',''
  ) );
#7921 = PCURVE('',#1826,#7922);
#7922 = DEFINITIONAL_REPRESENTATION('',(#7923),#7927);
#7923 = LINE('',#7924,#7925);
#7924 = CARTESIAN_POINT('',(0.,-0.));
#7925 = VECTOR('',#7926,1.);
#7926 = DIRECTION('',(0.,1.));
#7927 = ( GEOMETRIC_REPRESENTATION_CONTEXT(2) 
PARAMETRIC_REPRESENTATION_CONTEXT() REPRESENTATION_CONTEXT('2D SPACE',''
  ) );
#7928 = ORIENTED_EDGE('',*,*,#1805,.T.);
#7929 = ORIENTED_EDGE('',*,*,#7908,.T.);
#7930 = ADVANCED_FACE('',(#7931),#1861,.F.);
#7931 = FACE_BOUND('',#7932,.F.);
#7932 = EDGE_LOOP('',(#7933,#7934,#7955,#7956));
#7933 = ORIENTED_EDGE('',*,*,#5121,.F.);
#7934 = ORIENTED_EDGE('',*,*,#7935,.F.);
#7935 = EDGE_CURVE('',#1841,#5122,#7936,.T.);
#7936 = SEAM_CURVE('',#7937,(#7941,#7948),.PCURVE_S1.);
#7937 = LINE('',#7938,#7939);
#7938 = CARTESIAN_POINT('',(603.5,100.,10.));
#7939 = VECTOR('',#7940,1.);
#7940 = DIRECTION('',(0.,0.,-1.));
#7941 = PCURVE('',#1861,#7942);
#7942 = DEFINITIONAL_REPRESENTATION('',(#7943),#7947);
#7943 = LINE('',#7944,#7945);
#7944 = CARTESIAN_POINT('',(6.28318530718,-0.));
#7945 = VECTOR('',#7946,1.);
#7946 = DIRECTION('',(0.,1.));
#7947 = ( GEOMETRIC_REPRESENTATION_CONTEXT(2) 
PARAMETRIC_REPRESENTATION_CONTEXT() REPRESENTATION_CONTEXT('2D SPACE',''
  ) );
#7948 = PCURVE('',#1861,#7949);
#7949 = DEFINITIONAL_REPRESENTATION('',(#7950),#7954);
#7950 = LINE('',#7951,#7952);
#7951 = CARTESIAN_POINT('',(0.,-0.));
#7952 = VECTOR('',#7953,1.);
#7953 = DIRECTION('',(0.,1.));
#7954 = ( GEOMETRIC_REPRESENTATION_CONTEXT(2) 
PARAMETRIC_REPRESENTATION_CONTEXT() REPRESENTATION_CONTEXT('2D SPACE',''
  ) );
#7955 = ORIENTED_EDGE('',*,*,#1840,.T.);
#7956 = ORIENTED_EDGE('',*,*,#7935,.T.);
#7957 = ADVANCED_FACE('',(#7958),#1896,.F.);
#7958 = FACE_BOUND('',#7959,.F.);
#7959 = EDGE_LOOP('',(#7960,#7961,#7982,#7983));
#7960 = ORIENTED_EDGE('',*,*,#5151,.F.);
#7961 = ORIENTED_EDGE('',*,*,#7962,.F.);
#7962 = EDGE_CURVE('',#1876,#5152,#7963,.T.);
#7963 = SEAM_CURVE('',#7964,(#7968,#7975),.PCURVE_S1.);
#7964 = LINE('',#7965,#7966);
#7965 = CARTESIAN_POINT('',(693.5,100.,10.));
#7966 = VECTOR('',#7967,1.);
#7967 = DIRECTION('',(0.,0.,-1.));
#7968 = PCURVE('',#1896,#7969);
#7969 = DEFINITIONAL_REPRESENTATION('',(#7970),#7974);
#7970 = LINE('',#7971,#7972);
#7971 = CARTESIAN_POINT('',(6.28318530718,-0.));
#7972 = VECTOR('',#7973,1.);
#7973 = DIRECTION('',(0.,1.));
#7974 = ( GEOMETRIC_REPRESENTATION_CONTEXT(2) 
PARAMETRIC_REPRESENTATION_CONTEXT() REPRESENTATION_CONTEXT('2D SPACE',''
  ) );
#7975 = PCURVE('',#1896,#7976);
#7976 = DEFINITIONAL_REPRESENTATION('',(#7977),#7981);
#7977 = LINE('',#7978,#7979);
#7978 = CARTESIAN_POINT('',(0.,-0.));
#7979 = VECTOR('',#7980,1.);
#7980 = DIRECTION('',(0.,1.));
#7981 = ( GEOMETRIC_REPRESENTATION_CONTEXT(2) 
PARAMETRIC_REPRESENTATION_CONTEXT() REPRESENTATION_CONTEXT('2D SPACE',''
  ) );
#7982 = ORIENTED_EDGE('',*,*,#1875,.T.);
#7983 = ORIENTED_EDGE('',*,*,#7962,.T.);
#7984 = ADVANCED_FACE('',(#7985),#1931,.F.);
#7985 = FACE_BOUND('',#7986,.F.);
#7986 = EDGE_LOOP('',(#7987,#7988,#8009,#8010));
#7987 = ORIENTED_EDGE('',*,*,#5181,.F.);
#7988 = ORIENTED_EDGE('',*,*,#7989,.F.);
#7989 = EDGE_CURVE('',#1911,#5182,#7990,.T.);
#7990 = SEAM_CURVE('',#7991,(#7995,#8002),.PCURVE_S1.);
#7991 = LINE('',#7992,#7993);
#7992 = CARTESIAN_POINT('',(783.5,100.,10.));
#7993 = VECTOR('',#7994,1.);
#7994 = DIRECTION('',(0.,0.,-1.));
#7995 = PCURVE('',#1931,#7996);
#7996 = DEFINITIONAL_REPRESENTATION('',(#7997),#8001);
#7997 = LINE('',#7998,#7999);
#7998 = CARTESIAN_POINT('',(6.28318530718,-0.));
#7999 = VECTOR('',#8000,1.);
#8000 = DIRECTION('',(0.,1.));
#8001 = ( GEOMETRIC_REPRESENTATION_CONTEXT(2) 
PARAMETRIC_REPRESENTATION_CONTEXT() REPRESENTATION_CONTEXT('2D SPACE',''
  ) );
#8002 = PCURVE('',#1931,#8003);
#8003 = DEFINITIONAL_REPRESENTATION('',(#8004),#8008);
#8004 = LINE('',#8005,#8006);
#8005 = CARTESIAN_POINT('',(0.,-0.));
#8006 = VECTOR('',#8007,1.);
#8007 = DIRECTION('',(0.,1.));
#8008 = ( GEOMETRIC_REPRESENTATION_CONTEXT(2) 
PARAMETRIC_REPRESENTATION_CONTEXT() REPRESENTATION_CONTEXT('2D SPACE',''
  ) );
#8009 = ORIENTED_EDGE('',*,*,#1910,.T.);
#8010 = ORIENTED_EDGE('',*,*,#7989,.T.);
#8011 = ADVANCED_FACE('',(#8012),#1966,.F.);
#8012 = FACE_BOUND('',#8013,.F.);
#8013 = EDGE_LOOP('',(#8014,#8015,#8036,#8037));
#8014 = ORIENTED_EDGE('',*,*,#5211,.F.);
#8015 = ORIENTED_EDGE('',*,*,#8016,.F.);
#8016 = EDGE_CURVE('',#1946,#5212,#8017,.T.);
#8017 = SEAM_CURVE('',#8018,(#8022,#8029),.PCURVE_S1.);
#8018 = LINE('',#8019,#8020);
#8019 = CARTESIAN_POINT('',(873.5,100.,10.));
#8020 = VECTOR('',#8021,1.);
#8021 = DIRECTION('',(0.,0.,-1.));
#8022 = PCURVE('',#1966,#8023);
#8023 = DEFINITIONAL_REPRESENTATION('',(#8024),#8028);
#8024 = LINE('',#8025,#8026);
#8025 = CARTESIAN_POINT('',(6.28318530718,-0.));
#8026 = VECTOR('',#8027,1.);
#8027 = DIRECTION('',(0.,1.));
#8028 = ( GEOMETRIC_REPRESENTATION_CONTEXT(2) 
PARAMETRIC_REPRESENTATION_CONTEXT() REPRESENTATION_CONTEXT('2D SPACE',''
  ) );
#8029 = PCURVE('',#1966,#8030);
#8030 = DEFINITIONAL_REPRESENTATION('',(#8031),#8035);
#8031 = LINE('',#8032,#8033);
#8032 = CARTESIAN_POINT('',(0.,-0.));
#8033 = VECTOR('',#8034,1.);
#8034 = DIRECTION('',(0.,1.));
#8035 = ( GEOMETRIC_REPRESENTATION_CONTEXT(2) 
PARAMETRIC_REPRESENTATION_CONTEXT() REPRESENTATION_CONTEXT('2D SPACE',''
  ) );
#8036 = ORIENTED_EDGE('',*,*,#1945,.T.);
#8037 = ORIENTED_EDGE('',*,*,#8016,.T.);
#8038 = ADVANCED_FACE('',(#8039),#2001,.F.);
#8039 = FACE_BOUND('',#8040,.F.);
#8040 = EDGE_LOOP('',(#8041,#8042,#8063,#8064));
#8041 = ORIENTED_EDGE('',*,*,#5241,.F.);
#8042 = ORIENTED_EDGE('',*,*,#8043,.F.);
#8043 = EDGE_CURVE('',#1981,#5242,#8044,.T.);
#8044 = SEAM_CURVE('',#8045,(#8049,#8056),.PCURVE_S1.);
#8045 = LINE('',#8046,#8047);
#8046 = CARTESIAN_POINT('',(33.5,155.,10.));
#8047 = VECTOR('',#8048,1.);
#8048 = DIRECTION('',(0.,0.,-1.));
#8049 = PCURVE('',#2001,#8050);
#8050 = DEFINITIONAL_REPRESENTATION('',(#8051),#8055);
#8051 = LINE('',#8052,#8053);
#8052 = CARTESIAN_POINT('',(6.28318530718,-0.));
#8053 = VECTOR('',#8054,1.);
#8054 = DIRECTION('',(0.,1.));
#8055 = ( GEOMETRIC_REPRESENTATION_CONTEXT(2) 
PARAMETRIC_REPRESENTATION_CONTEXT() REPRESENTATION_CONTEXT('2D SPACE',''
  ) );
#8056 = PCURVE('',#2001,#8057);
#8057 = DEFINITIONAL_REPRESENTATION('',(#8058),#8062);
#8058 = LINE('',#8059,#8060);
#8059 = CARTESIAN_POINT('',(0.,-0.));
#8060 = VECTOR('',#8061,1.);
#8061 = DIRECTION('',(0.,1.));
#8062 = ( GEOMETRIC_REPRESENTATION_CONTEXT(2) 
PARAMETRIC_REPRESENTATION_CONTEXT() REPRESENTATION_CONTEXT('2D SPACE',''
  ) );
#8063 = ORIENTED_EDGE('',*,*,#1980,.T.);
#8064 = ORIENTED_EDGE('',*,*,#8043,.T.);
#8065 = ADVANCED_FACE('',(#8066),#2036,.F.);
#8066 = FACE_BOUND('',#8067,.F.);
#8067 = EDGE_LOOP('',(#8068,#8069,#8090,#8091));
#8068 = ORIENTED_EDGE('',*,*,#5271,.F.);
#8069 = ORIENTED_EDGE('',*,*,#8070,.F.);
#8070 = EDGE_CURVE('',#2016,#5272,#8071,.T.);
#8071 = SEAM_CURVE('',#8072,(#8076,#8083),.PCURVE_S1.);
#8072 = LINE('',#8073,#8074);
#8073 = CARTESIAN_POINT('',(123.5,155.,10.));
#8074 = VECTOR('',#8075,1.);
#8075 = DIRECTION('',(0.,0.,-1.));
#8076 = PCURVE('',#2036,#8077);
#8077 = DEFINITIONAL_REPRESENTATION('',(#8078),#8082);
#8078 = LINE('',#8079,#8080);
#8079 = CARTESIAN_POINT('',(6.28318530718,-0.));
#8080 = VECTOR('',#8081,1.);
#8081 = DIRECTION('',(0.,1.));
#8082 = ( GEOMETRIC_REPRESENTATION_CONTEXT(2) 
PARAMETRIC_REPRESENTATION_CONTEXT() REPRESENTATION_CONTEXT('2D SPACE',''
  ) );
#8083 = PCURVE('',#2036,#8084);
#8084 = DEFINITIONAL_REPRESENTATION('',(#8085),#8089);
#8085 = LINE('',#8086,#8087);
#8086 = CARTESIAN_POINT('',(0.,-0.));
#8087 = VECTOR('',#8088,1.);
#8088 = DIRECTION('',(0.,1.));
#8089 = ( GEOMETRIC_REPRESENTATION_CONTEXT(2) 
PARAMETRIC_REPRESENTATION_CONTEXT() REPRESENTATION_CONTEXT('2D SPACE',''
  ) );
#8090 = ORIENTED_EDGE('',*,*,#2015,.T.);
#8091 = ORIENTED_EDGE('',*,*,#8070,.T.);
#8092 = ADVANCED_FACE('',(#8093),#2071,.F.);
#8093 = FACE_BOUND('',#8094,.F.);
#8094 = EDGE_LOOP('',(#8095,#8096,#8117,#8118));
#8095 = ORIENTED_EDGE('',*,*,#5301,.F.);
#8096 = ORIENTED_EDGE('',*,*,#8097,.F.);
#8097 = EDGE_CURVE('',#2051,#5302,#8098,.T.);
#8098 = SEAM_CURVE('',#8099,(#8103,#8110),.PCURVE_S1.);
#8099 = LINE('',#8100,#8101);
#8100 = CARTESIAN_POINT('',(213.5,155.,10.));
#8101 = VECTOR('',#8102,1.);
#8102 = DIRECTION('',(0.,0.,-1.));
#8103 = PCURVE('',#2071,#8104);
#8104 = DEFINITIONAL_REPRESENTATION('',(#8105),#8109);
#8105 = LINE('',#8106,#8107);
#8106 = CARTESIAN_POINT('',(6.28318530718,-0.));
#8107 = VECTOR('',#8108,1.);
#8108 = DIRECTION('',(0.,1.));
#8109 = ( GEOMETRIC_REPRESENTATION_CONTEXT(2) 
PARAMETRIC_REPRESENTATION_CONTEXT() REPRESENTATION_CONTEXT('2D SPACE',''
  ) );
#8110 = PCURVE('',#2071,#8111);
#8111 = DEFINITIONAL_REPRESENTATION('',(#8112),#8116);
#8112 = LINE('',#8113,#8114);
#8113 = CARTESIAN_POINT('',(0.,-0.));
#8114 = VECTOR('',#8115,1.);
#8115 = DIRECTION('',(0.,1.));
#8116 = ( GEOMETRIC_REPRESENTATION_CONTEXT(2) 
PARAMETRIC_REPRESENTATION_CONTEXT() REPRESENTATION_CONTEXT('2D SPACE',''
  ) );
#8117 = ORIENTED_EDGE('',*,*,#2050,.T.);
#8118 = ORIENTED_EDGE('',*,*,#8097,.T.);
#8119 = ADVANCED_FACE('',(#8120),#2106,.F.);
#8120 = FACE_BOUND('',#8121,.F.);
#8121 = EDGE_LOOP('',(#8122,#8123,#8144,#8145));
#8122 = ORIENTED_EDGE('',*,*,#5331,.F.);
#8123 = ORIENTED_EDGE('',*,*,#8124,.F.);
#8124 = EDGE_CURVE('',#2086,#5332,#8125,.T.);
#8125 = SEAM_CURVE('',#8126,(#8130,#8137),.PCURVE_S1.);
#8126 = LINE('',#8127,#8128);
#8127 = CARTESIAN_POINT('',(303.5,155.,10.));
#8128 = VECTOR('',#8129,1.);
#8129 = DIRECTION('',(0.,0.,-1.));
#8130 = PCURVE('',#2106,#8131);
#8131 = DEFINITIONAL_REPRESENTATION('',(#8132),#8136);
#8132 = LINE('',#8133,#8134);
#8133 = CARTESIAN_POINT('',(6.28318530718,-0.));
#8134 = VECTOR('',#8135,1.);
#8135 = DIRECTION('',(0.,1.));
#8136 = ( GEOMETRIC_REPRESENTATION_CONTEXT(2) 
PARAMETRIC_REPRESENTATION_CONTEXT() REPRESENTATION_CONTEXT('2D SPACE',''
  ) );
#8137 = PCURVE('',#2106,#8138);
#8138 = DEFINITIONAL_REPRESENTATION('',(#8139),#8143);
#8139 = LINE('',#8140,#8141);
#8140 = CARTESIAN_POINT('',(0.,-0.));
#8141 = VECTOR('',#8142,1.);
#8142 = DIRECTION('',(0.,1.));
#8143 = ( GEOMETRIC_REPRESENTATION_CONTEXT(2) 
PARAMETRIC_REPRESENTATION_CONTEXT() REPRESENTATION_CONTEXT('2D SPACE',''
  ) );
#8144 = ORIENTED_EDGE('',*,*,#2085,.T.);
#8145 = ORIENTED_EDGE('',*,*,#8124,.T.);
#8146 = ADVANCED_FACE('',(#8147),#2141,.F.);
#8147 = FACE_BOUND('',#8148,.F.);
#8148 = EDGE_LOOP('',(#8149,#8150,#8171,#8172));
#8149 = ORIENTED_EDGE('',*,*,#5361,.F.);
#8150 = ORIENTED_EDGE('',*,*,#8151,.F.);
#8151 = EDGE_CURVE('',#2121,#5362,#8152,.T.);
#8152 = SEAM_CURVE('',#8153,(#8157,#8164),.PCURVE_S1.);
#8153 = LINE('',#8154,#8155);
#8154 = CARTESIAN_POINT('',(393.5,155.,10.));
#8155 = VECTOR('',#8156,1.);
#8156 = DIRECTION('',(0.,0.,-1.));
#8157 = PCURVE('',#2141,#8158);
#8158 = DEFINITIONAL_REPRESENTATION('',(#8159),#8163);
#8159 = LINE('',#8160,#8161);
#8160 = CARTESIAN_POINT('',(6.28318530718,-0.));
#8161 = VECTOR('',#8162,1.);
#8162 = DIRECTION('',(0.,1.));
#8163 = ( GEOMETRIC_REPRESENTATION_CONTEXT(2) 
PARAMETRIC_REPRESENTATION_CONTEXT() REPRESENTATION_CONTEXT('2D SPACE',''
  ) );
#8164 = PCURVE('',#2141,#8165);
#8165 = DEFINITIONAL_REPRESENTATION('',(#8166),#8170);
#8166 = LINE('',#8167,#8168);
#8167 = CARTESIAN_POINT('',(0.,-0.));
#8168 = VECTOR('',#8169,1.);
#8169 = DIRECTION('',(0.,1.));
#8170 = ( GEOMETRIC_REPRESENTATION_CONTEXT(2) 
PARAMETRIC_REPRESENTATION_CONTEXT() REPRESENTATION_CONTEXT('2D SPACE',''
  ) );
#8171 = ORIENTED_EDGE('',*,*,#2120,.T.);
#8172 = ORIENTED_EDGE('',*,*,#8151,.T.);
#8173 = ADVANCED_FACE('',(#8174),#2176,.F.);
#8174 = FACE_BOUND('',#8175,.F.);
#8175 = EDGE_LOOP('',(#8176,#8177,#8198,#8199));
#8176 = ORIENTED_EDGE('',*,*,#5391,.F.);
#8177 = ORIENTED_EDGE('',*,*,#8178,.F.);
#8178 = EDGE_CURVE('',#2156,#5392,#8179,.T.);
#8179 = SEAM_CURVE('',#8180,(#8184,#8191),.PCURVE_S1.);
#8180 = LINE('',#8181,#8182);
#8181 = CARTESIAN_POINT('',(483.5,155.,10.));
#8182 = VECTOR('',#8183,1.);
#8183 = DIRECTION('',(0.,0.,-1.));
#8184 = PCURVE('',#2176,#8185);
#8185 = DEFINITIONAL_REPRESENTATION('',(#8186),#8190);
#8186 = LINE('',#8187,#8188);
#8187 = CARTESIAN_POINT('',(6.28318530718,-0.));
#8188 = VECTOR('',#8189,1.);
#8189 = DIRECTION('',(0.,1.));
#8190 = ( GEOMETRIC_REPRESENTATION_CONTEXT(2) 
PARAMETRIC_REPRESENTATION_CONTEXT() REPRESENTATION_CONTEXT('2D SPACE',''
  ) );
#8191 = PCURVE('',#2176,#8192);
#8192 = DEFINITIONAL_REPRESENTATION('',(#8193),#8197);
#8193 = LINE('',#8194,#8195);
#8194 = CARTESIAN_POINT('',(0.,-0.));
#8195 = VECTOR('',#8196,1.);
#8196 = DIRECTION('',(0.,1.));
#8197 = ( GEOMETRIC_REPRESENTATION_CONTEXT(2) 
PARAMETRIC_REPRESENTATION_CONTEXT() REPRESENTATION_CONTEXT('2D SPACE',''
  ) );
#8198 = ORIENTED_EDGE('',*,*,#2155,.T.);
#8199 = ORIENTED_EDGE('',*,*,#8178,.T.);
#8200 = ADVANCED_FACE('',(#8201),#2211,.F.);
#8201 = FACE_BOUND('',#8202,.F.);
#8202 = EDGE_LOOP('',(#8203,#8204,#8225,#8226));
#8203 = ORIENTED_EDGE('',*,*,#5421,.F.);
#8204 = ORIENTED_EDGE('',*,*,#8205,.F.);
#8205 = EDGE_CURVE('',#2191,#5422,#8206,.T.);
#8206 = SEAM_CURVE('',#8207,(#8211,#8218),.PCURVE_S1.);
#8207 = LINE('',#8208,#8209);
#8208 = CARTESIAN_POINT('',(573.5,155.,10.));
#8209 = VECTOR('',#8210,1.);
#8210 = DIRECTION('',(0.,0.,-1.));
#8211 = PCURVE('',#2211,#8212);
#8212 = DEFINITIONAL_REPRESENTATION('',(#8213),#8217);
#8213 = LINE('',#8214,#8215);
#8214 = CARTESIAN_POINT('',(6.28318530718,-0.));
#8215 = VECTOR('',#8216,1.);
#8216 = DIRECTION('',(0.,1.));
#8217 = ( GEOMETRIC_REPRESENTATION_CONTEXT(2) 
PARAMETRIC_REPRESENTATION_CONTEXT() REPRESENTATION_CONTEXT('2D SPACE',''
  ) );
#8218 = PCURVE('',#2211,#8219);
#8219 = DEFINITIONAL_REPRESENTATION('',(#8220),#8224);
#8220 = LINE('',#8221,#8222);
#8221 = CARTESIAN_POINT('',(0.,-0.));
#8222 = VECTOR('',#8223,1.);
#8223 = DIRECTION('',(0.,1.));
#8224 = ( GEOMETRIC_REPRESENTATION_CONTEXT(2) 
PARAMETRIC_REPRESENTATION_CONTEXT() REPRESENTATION_CONTEXT('2D SPACE',''
  ) );
#8225 = ORIENTED_EDGE('',*,*,#2190,.T.);
#8226 = ORIENTED_EDGE('',*,*,#8205,.T.);
#8227 = ADVANCED_FACE('',(#8228),#2246,.F.);
#8228 = FACE_BOUND('',#8229,.F.);
#8229 = EDGE_LOOP('',(#8230,#8231,#8252,#8253));
#8230 = ORIENTED_EDGE('',*,*,#5451,.F.);
#8231 = ORIENTED_EDGE('',*,*,#8232,.F.);
#8232 = EDGE_CURVE('',#2226,#5452,#8233,.T.);
#8233 = SEAM_CURVE('',#8234,(#8238,#8245),.PCURVE_S1.);
#8234 = LINE('',#8235,#8236);
#8235 = CARTESIAN_POINT('',(663.5,155.,10.));
#8236 = VECTOR('',#8237,1.);
#8237 = DIRECTION('',(0.,0.,-1.));
#8238 = PCURVE('',#2246,#8239);
#8239 = DEFINITIONAL_REPRESENTATION('',(#8240),#8244);
#8240 = LINE('',#8241,#8242);
#8241 = CARTESIAN_POINT('',(6.28318530718,-0.));
#8242 = VECTOR('',#8243,1.);
#8243 = DIRECTION('',(0.,1.));
#8244 = ( GEOMETRIC_REPRESENTATION_CONTEXT(2) 
PARAMETRIC_REPRESENTATION_CONTEXT() REPRESENTATION_CONTEXT('2D SPACE',''
  ) );
#8245 = PCURVE('',#2246,#8246);
#8246 = DEFINITIONAL_REPRESENTATION('',(#8247),#8251);
#8247 = LINE('',#8248,#8249);
#8248 = CARTESIAN_POINT('',(0.,-0.));
#8249 = VECTOR('',#8250,1.);
#8250 = DIRECTION('',(0.,1.));
#8251 = ( GEOMETRIC_REPRESENTATION_CONTEXT(2) 
PARAMETRIC_REPRESENTATION_CONTEXT() REPRESENTATION_CONTEXT('2D SPACE',''
  ) );
#8252 = ORIENTED_EDGE('',*,*,#2225,.T.);
#8253 = ORIENTED_EDGE('',*,*,#8232,.T.);
#8254 = ADVANCED_FACE('',(#8255),#2281,.F.);
#8255 = FACE_BOUND('',#8256,.F.);
#8256 = EDGE_LOOP('',(#8257,#8258,#8279,#8280));
#8257 = ORIENTED_EDGE('',*,*,#5481,.F.);
#8258 = ORIENTED_EDGE('',*,*,#8259,.F.);
#8259 = EDGE_CURVE('',#2261,#5482,#8260,.T.);
#8260 = SEAM_CURVE('',#8261,(#8265,#8272),.PCURVE_S1.);
#8261 = LINE('',#8262,#8263);
#8262 = CARTESIAN_POINT('',(753.5,155.,10.));
#8263 = VECTOR('',#8264,1.);
#8264 = DIRECTION('',(0.,0.,-1.));
#8265 = PCURVE('',#2281,#8266);
#8266 = DEFINITIONAL_REPRESENTATION('',(#8267),#8271);
#8267 = LINE('',#8268,#8269);
#8268 = CARTESIAN_POINT('',(6.28318530718,-0.));
#8269 = VECTOR('',#8270,1.);
#8270 = DIRECTION('',(0.,1.));
#8271 = ( GEOMETRIC_REPRESENTATION_CONTEXT(2) 
PARAMETRIC_REPRESENTATION_CONTEXT() REPRESENTATION_CONTEXT('2D SPACE',''
  ) );
#8272 = PCURVE('',#2281,#8273);
#8273 = DEFINITIONAL_REPRESENTATION('',(#8274),#8278);
#8274 = LINE('',#8275,#8276);
#8275 = CARTESIAN_POINT('',(0.,-0.));
#8276 = VECTOR('',#8277,1.);
#8277 = DIRECTION('',(0.,1.));
#8278 = ( GEOMETRIC_REPRESENTATION_CONTEXT(2) 
PARAMETRIC_REPRESENTATION_CONTEXT() REPRESENTATION_CONTEXT('2D SPACE',''
  ) );
#8279 = ORIENTED_EDGE('',*,*,#2260,.T.);
#8280 = ORIENTED_EDGE('',*,*,#8259,.T.);
#8281 = ADVANCED_FACE('',(#8282),#2316,.F.);
#8282 = FACE_BOUND('',#8283,.F.);
#8283 = EDGE_LOOP('',(#8284,#8285,#8306,#8307));
#8284 = ORIENTED_EDGE('',*,*,#5511,.F.);
#8285 = ORIENTED_EDGE('',*,*,#8286,.F.);
#8286 = EDGE_CURVE('',#2296,#5512,#8287,.T.);
#8287 = SEAM_CURVE('',#8288,(#8292,#8299),.PCURVE_S1.);
#8288 = LINE('',#8289,#8290);
#8289 = CARTESIAN_POINT('',(843.5,155.,10.));
#8290 = VECTOR('',#8291,1.);
#8291 = DIRECTION('',(0.,0.,-1.));
#8292 = PCURVE('',#2316,#8293);
#8293 = DEFINITIONAL_REPRESENTATION('',(#8294),#8298);
#8294 = LINE('',#8295,#8296);
#8295 = CARTESIAN_POINT('',(6.28318530718,-0.));
#8296 = VECTOR('',#8297,1.);
#8297 = DIRECTION('',(0.,1.));
#8298 = ( GEOMETRIC_REPRESENTATION_CONTEXT(2) 
PARAMETRIC_REPRESENTATION_CONTEXT() REPRESENTATION_CONTEXT('2D SPACE',''
  ) );
#8299 = PCURVE('',#2316,#8300);
#8300 = DEFINITIONAL_REPRESENTATION('',(#8301),#8305);
#8301 = LINE('',#8302,#8303);
#8302 = CARTESIAN_POINT('',(0.,-0.));
#8303 = VECTOR('',#8304,1.);
#8304 = DIRECTION('',(0.,1.));
#8305 = ( GEOMETRIC_REPRESENTATION_CONTEXT(2) 
PARAMETRIC_REPRESENTATION_CONTEXT() REPRESENTATION_CONTEXT('2D SPACE',''
  ) );
#8306 = ORIENTED_EDGE('',*,*,#2295,.T.);
#8307 = ORIENTED_EDGE('',*,*,#8286,.T.);
#8308 = ADVANCED_FACE('',(#8309),#2351,.F.);
#8309 = FACE_BOUND('',#8310,.F.);
#8310 = EDGE_LOOP('',(#8311,#8312,#8333,#8334));
#8311 = ORIENTED_EDGE('',*,*,#5541,.F.);
#8312 = ORIENTED_EDGE('',*,*,#8313,.F.);
#8313 = EDGE_CURVE('',#2331,#5542,#8314,.T.);
#8314 = SEAM_CURVE('',#8315,(#8319,#8326),.PCURVE_S1.);
#8315 = LINE('',#8316,#8317);
#8316 = CARTESIAN_POINT('',(953.5,155.,10.));
#8317 = VECTOR('',#8318,1.);
#8318 = DIRECTION('',(0.,0.,-1.));
#8319 = PCURVE('',#2351,#8320);
#8320 = DEFINITIONAL_REPRESENTATION('',(#8321),#8325);
#8321 = LINE('',#8322,#8323);
#8322 = CARTESIAN_POINT('',(6.28318530718,-0.));
#8323 = VECTOR('',#8324,1.);
#8324 = DIRECTION('',(0.,1.));
#8325 = ( GEOMETRIC_REPRESENTATION_CONTEXT(2) 
PARAMETRIC_REPRESENTATION_CONTEXT() REPRESENTATION_CONTEXT('2D SPACE',''
  ) );
#8326 = PCURVE('',#2351,#8327);
#8327 = DEFINITIONAL_REPRESENTATION('',(#8328),#8332);
#8328 = LINE('',#8329,#8330);
#8329 = CARTESIAN_POINT('',(0.,-0.));
#8330 = VECTOR('',#8331,1.);
#8331 = DIRECTION('',(0.,1.));
#8332 = ( GEOMETRIC_REPRESENTATION_CONTEXT(2) 
PARAMETRIC_REPRESENTATION_CONTEXT() REPRESENTATION_CONTEXT('2D SPACE',''
  ) );
#8333 = ORIENTED_EDGE('',*,*,#2330,.T.);
#8334 = ORIENTED_EDGE('',*,*,#8313,.T.);
#8335 = ADVANCED_FACE('',(#8336),#2386,.F.);
#8336 = FACE_BOUND('',#8337,.F.);
#8337 = EDGE_LOOP('',(#8338,#8339,#8360,#8361));
#8338 = ORIENTED_EDGE('',*,*,#5571,.F.);
#8339 = ORIENTED_EDGE('',*,*,#8340,.F.);
#8340 = EDGE_CURVE('',#2366,#5572,#8341,.T.);
#8341 = SEAM_CURVE('',#8342,(#8346,#8353),.PCURVE_S1.);
#8342 = LINE('',#8343,#8344);
#8343 = CARTESIAN_POINT('',(1.0335E+03,155.,10.));
#8344 = VECTOR('',#8345,1.);
#8345 = DIRECTION('',(0.,0.,-1.));
#8346 = PCURVE('',#2386,#8347);
#8347 = DEFINITIONAL_REPRESENTATION('',(#8348),#8352);
#8348 = LINE('',#8349,#8350);
#8349 = CARTESIAN_POINT('',(6.28318530718,-0.));
#8350 = VECTOR('',#8351,1.);
#8351 = DIRECTION('',(0.,1.));
#8352 = ( GEOMETRIC_REPRESENTATION_CONTEXT(2) 
PARAMETRIC_REPRESENTATION_CONTEXT() REPRESENTATION_CONTEXT('2D SPACE',''
  ) );
#8353 = PCURVE('',#2386,#8354);
#8354 = DEFINITIONAL_REPRESENTATION('',(#8355),#8359);
#8355 = LINE('',#8356,#8357);
#8356 = CARTESIAN_POINT('',(0.,-0.));
#8357 = VECTOR('',#8358,1.);
#8358 = DIRECTION('',(0.,1.));
#8359 = ( GEOMETRIC_REPRESENTATION_CONTEXT(2) 
PARAMETRIC_REPRESENTATION_CONTEXT() REPRESENTATION_CONTEXT('2D SPACE',''
  ) );
#8360 = ORIENTED_EDGE('',*,*,#2365,.T.);
#8361 = ORIENTED_EDGE('',*,*,#8340,.T.);
#8362 = ADVANCED_FACE('',(#8363),#2421,.F.);
#8363 = FACE_BOUND('',#8364,.F.);
#8364 = EDGE_LOOP('',(#8365,#8366,#8387,#8388));
#8365 = ORIENTED_EDGE('',*,*,#5601,.F.);
#8366 = ORIENTED_EDGE('',*,*,#8367,.F.);
#8367 = EDGE_CURVE('',#2401,#5602,#8368,.T.);
#8368 = SEAM_CURVE('',#8369,(#8373,#8380),.PCURVE_S1.);
#8369 = LINE('',#8370,#8371);
#8370 = CARTESIAN_POINT('',(1.1135E+03,155.,10.));
#8371 = VECTOR('',#8372,1.);
#8372 = DIRECTION('',(0.,0.,-1.));
#8373 = PCURVE('',#2421,#8374);
#8374 = DEFINITIONAL_REPRESENTATION('',(#8375),#8379);
#8375 = LINE('',#8376,#8377);
#8376 = CARTESIAN_POINT('',(6.28318530718,-0.));
#8377 = VECTOR('',#8378,1.);
#8378 = DIRECTION('',(0.,1.));
#8379 = ( GEOMETRIC_REPRESENTATION_CONTEXT(2) 
PARAMETRIC_REPRESENTATION_CONTEXT() REPRESENTATION_CONTEXT('2D SPACE',''
  ) );
#8380 = PCURVE('',#2421,#8381);
#8381 = DEFINITIONAL_REPRESENTATION('',(#8382),#8386);
#8382 = LINE('',#8383,#8384);
#8383 = CARTESIAN_POINT('',(0.,-0.));
#8384 = VECTOR('',#8385,1.);
#8385 = DIRECTION('',(0.,1.));
#8386 = ( GEOMETRIC_REPRESENTATION_CONTEXT(2) 
PARAMETRIC_REPRESENTATION_CONTEXT() REPRESENTATION_CONTEXT('2D SPACE',''
  ) );
#8387 = ORIENTED_EDGE('',*,*,#2400,.T.);
#8388 = ORIENTED_EDGE('',*,*,#8367,.T.);
#8389 = ADVANCED_FACE('',(#8390),#2456,.F.);
#8390 = FACE_BOUND('',#8391,.F.);
#8391 = EDGE_LOOP('',(#8392,#8393,#8414,#8415));
#8392 = ORIENTED_EDGE('',*,*,#5631,.F.);
#8393 = ORIENTED_EDGE('',*,*,#8394,.F.);
#8394 = EDGE_CURVE('',#2436,#5632,#8395,.T.);
#8395 = SEAM_CURVE('',#8396,(#8400,#8407),.PCURVE_S1.);
#8396 = LINE('',#8397,#8398);
#8397 = CARTESIAN_POINT('',(1.1935E+03,155.,10.));
#8398 = VECTOR('',#8399,1.);
#8399 = DIRECTION('',(0.,0.,-1.));
#8400 = PCURVE('',#2456,#8401);
#8401 = DEFINITIONAL_REPRESENTATION('',(#8402),#8406);
#8402 = LINE('',#8403,#8404);
#8403 = CARTESIAN_POINT('',(6.28318530718,-0.));
#8404 = VECTOR('',#8405,1.);
#8405 = DIRECTION('',(0.,1.));
#8406 = ( GEOMETRIC_REPRESENTATION_CONTEXT(2) 
PARAMETRIC_REPRESENTATION_CONTEXT() REPRESENTATION_CONTEXT('2D SPACE',''
  ) );
#8407 = PCURVE('',#2456,#8408);
#8408 = DEFINITIONAL_REPRESENTATION('',(#8409),#8413);
#8409 = LINE('',#8410,#8411);
#8410 = CARTESIAN_POINT('',(0.,-0.));
#8411 = VECTOR('',#8412,1.);
#8412 = DIRECTION('',(0.,1.));
#8413 = ( GEOMETRIC_REPRESENTATION_CONTEXT(2) 
PARAMETRIC_REPRESENTATION_CONTEXT() REPRESENTATION_CONTEXT('2D SPACE',''
  ) );
#8414 = ORIENTED_EDGE('',*,*,#2435,.T.);
#8415 = ORIENTED_EDGE('',*,*,#8394,.T.);
#8416 = ADVANCED_FACE('',(#8417),#2491,.F.);
#8417 = FACE_BOUND('',#8418,.F.);
#8418 = EDGE_LOOP('',(#8419,#8420,#8441,#8442));
#8419 = ORIENTED_EDGE('',*,*,#5661,.F.);
#8420 = ORIENTED_EDGE('',*,*,#8421,.F.);
#8421 = EDGE_CURVE('',#2471,#5662,#8422,.T.);
#8422 = SEAM_CURVE('',#8423,(#8427,#8434),.PCURVE_S1.);
#8423 = LINE('',#8424,#8425);
#8424 = CARTESIAN_POINT('',(1.2735E+03,155.,10.));
#8425 = VECTOR('',#8426,1.);
#8426 = DIRECTION('',(0.,0.,-1.));
#8427 = PCURVE('',#2491,#8428);
#8428 = DEFINITIONAL_REPRESENTATION('',(#8429),#8433);
#8429 = LINE('',#8430,#8431);
#8430 = CARTESIAN_POINT('',(6.28318530718,-0.));
#8431 = VECTOR('',#8432,1.);
#8432 = DIRECTION('',(0.,1.));
#8433 = ( GEOMETRIC_REPRESENTATION_CONTEXT(2) 
PARAMETRIC_REPRESENTATION_CONTEXT() REPRESENTATION_CONTEXT('2D SPACE',''
  ) );
#8434 = PCURVE('',#2491,#8435);
#8435 = DEFINITIONAL_REPRESENTATION('',(#8436),#8440);
#8436 = LINE('',#8437,#8438);
#8437 = CARTESIAN_POINT('',(0.,-0.));
#8438 = VECTOR('',#8439,1.);
#8439 = DIRECTION('',(0.,1.));
#8440 = ( GEOMETRIC_REPRESENTATION_CONTEXT(2) 
PARAMETRIC_REPRESENTATION_CONTEXT() REPRESENTATION_CONTEXT('2D SPACE',''
  ) );
#8441 = ORIENTED_EDGE('',*,*,#2470,.T.);
#8442 = ORIENTED_EDGE('',*,*,#8421,.T.);
#8443 = ADVANCED_FACE('',(#8444),#2526,.F.);
#8444 = FACE_BOUND('',#8445,.F.);
#8445 = EDGE_LOOP('',(#8446,#8447,#8468,#8469));
#8446 = ORIENTED_EDGE('',*,*,#5691,.F.);
#8447 = ORIENTED_EDGE('',*,*,#8448,.F.);
#8448 = EDGE_CURVE('',#2506,#5692,#8449,.T.);
#8449 = SEAM_CURVE('',#8450,(#8454,#8461),.PCURVE_S1.);
#8450 = LINE('',#8451,#8452);
#8451 = CARTESIAN_POINT('',(1.3535E+03,155.,10.));
#8452 = VECTOR('',#8453,1.);
#8453 = DIRECTION('',(0.,0.,-1.));
#8454 = PCURVE('',#2526,#8455);
#8455 = DEFINITIONAL_REPRESENTATION('',(#8456),#8460);
#8456 = LINE('',#8457,#8458);
#8457 = CARTESIAN_POINT('',(6.28318530718,-0.));
#8458 = VECTOR('',#8459,1.);
#8459 = DIRECTION('',(0.,1.));
#8460 = ( GEOMETRIC_REPRESENTATION_CONTEXT(2) 
PARAMETRIC_REPRESENTATION_CONTEXT() REPRESENTATION_CONTEXT('2D SPACE',''
  ) );
#8461 = PCURVE('',#2526,#8462);
#8462 = DEFINITIONAL_REPRESENTATION('',(#8463),#8467);
#8463 = LINE('',#8464,#8465);
#8464 = CARTESIAN_POINT('',(0.,-0.));
#8465 = VECTOR('',#8466,1.);
#8466 = DIRECTION('',(0.,1.));
#8467 = ( GEOMETRIC_REPRESENTATION_CONTEXT(2) 
PARAMETRIC_REPRESENTATION_CONTEXT() REPRESENTATION_CONTEXT('2D SPACE',''
  ) );
#8468 = ORIENTED_EDGE('',*,*,#2505,.T.);
#8469 = ORIENTED_EDGE('',*,*,#8448,.T.);
#8470 = ADVANCED_FACE('',(#8471),#2561,.F.);
#8471 = FACE_BOUND('',#8472,.F.);
#8472 = EDGE_LOOP('',(#8473,#8474,#8495,#8496));
#8473 = ORIENTED_EDGE('',*,*,#5721,.F.);
#8474 = ORIENTED_EDGE('',*,*,#8475,.F.);
#8475 = EDGE_CURVE('',#2541,#5722,#8476,.T.);
#8476 = SEAM_CURVE('',#8477,(#8481,#8488),.PCURVE_S1.);
#8477 = LINE('',#8478,#8479);
#8478 = CARTESIAN_POINT('',(1.4335E+03,155.,10.));
#8479 = VECTOR('',#8480,1.);
#8480 = DIRECTION('',(0.,0.,-1.));
#8481 = PCURVE('',#2561,#8482);
#8482 = DEFINITIONAL_REPRESENTATION('',(#8483),#8487);
#8483 = LINE('',#8484,#8485);
#8484 = CARTESIAN_POINT('',(6.28318530718,-0.));
#8485 = VECTOR('',#8486,1.);
#8486 = DIRECTION('',(0.,1.));
#8487 = ( GEOMETRIC_REPRESENTATION_CONTEXT(2) 
PARAMETRIC_REPRESENTATION_CONTEXT() REPRESENTATION_CONTEXT('2D SPACE',''
  ) );
#8488 = PCURVE('',#2561,#8489);
#8489 = DEFINITIONAL_REPRESENTATION('',(#8490),#8494);
#8490 = LINE('',#8491,#8492);
#8491 = CARTESIAN_POINT('',(0.,-0.));
#8492 = VECTOR('',#8493,1.);
#8493 = DIRECTION('',(0.,1.));
#8494 = ( GEOMETRIC_REPRESENTATION_CONTEXT(2) 
PARAMETRIC_REPRESENTATION_CONTEXT() REPRESENTATION_CONTEXT('2D SPACE',''
  ) );
#8495 = ORIENTED_EDGE('',*,*,#2540,.T.);
#8496 = ORIENTED_EDGE('',*,*,#8475,.T.);
#8497 = ADVANCED_FACE('',(#8498),#2596,.F.);
#8498 = FACE_BOUND('',#8499,.F.);
#8499 = EDGE_LOOP('',(#8500,#8501,#8522,#8523));
#8500 = ORIENTED_EDGE('',*,*,#5751,.F.);
#8501 = ORIENTED_EDGE('',*,*,#8502,.F.);
#8502 = EDGE_CURVE('',#2576,#5752,#8503,.T.);
#8503 = SEAM_CURVE('',#8504,(#8508,#8515),.PCURVE_S1.);
#8504 = LINE('',#8505,#8506);
#8505 = CARTESIAN_POINT('',(1.6335E+03,155.,10.));
#8506 = VECTOR('',#8507,1.);
#8507 = DIRECTION('',(0.,0.,-1.));
#8508 = PCURVE('',#2596,#8509);
#8509 = DEFINITIONAL_REPRESENTATION('',(#8510),#8514);
#8510 = LINE('',#8511,#8512);
#8511 = CARTESIAN_POINT('',(6.28318530718,-0.));
#8512 = VECTOR('',#8513,1.);
#8513 = DIRECTION('',(0.,1.));
#8514 = ( GEOMETRIC_REPRESENTATION_CONTEXT(2) 
PARAMETRIC_REPRESENTATION_CONTEXT() REPRESENTATION_CONTEXT('2D SPACE',''
  ) );
#8515 = PCURVE('',#2596,#8516);
#8516 = DEFINITIONAL_REPRESENTATION('',(#8517),#8521);
#8517 = LINE('',#8518,#8519);
#8518 = CARTESIAN_POINT('',(0.,-0.));
#8519 = VECTOR('',#8520,1.);
#8520 = DIRECTION('',(0.,1.));
#8521 = ( GEOMETRIC_REPRESENTATION_CONTEXT(2) 
PARAMETRIC_REPRESENTATION_CONTEXT() REPRESENTATION_CONTEXT('2D SPACE',''
  ) );
#8522 = ORIENTED_EDGE('',*,*,#2575,.T.);
#8523 = ORIENTED_EDGE('',*,*,#8502,.T.);
#8524 = ADVANCED_FACE('',(#8525),#2631,.F.);
#8525 = FACE_BOUND('',#8526,.F.);
#8526 = EDGE_LOOP('',(#8527,#8528,#8549,#8550));
#8527 = ORIENTED_EDGE('',*,*,#5781,.F.);
#8528 = ORIENTED_EDGE('',*,*,#8529,.F.);
#8529 = EDGE_CURVE('',#2611,#5782,#8530,.T.);
#8530 = SEAM_CURVE('',#8531,(#8535,#8542),.PCURVE_S1.);
#8531 = LINE('',#8532,#8533);
#8532 = CARTESIAN_POINT('',(1.8335E+03,155.,10.));
#8533 = VECTOR('',#8534,1.);
#8534 = DIRECTION('',(0.,0.,-1.));
#8535 = PCURVE('',#2631,#8536);
#8536 = DEFINITIONAL_REPRESENTATION('',(#8537),#8541);
#8537 = LINE('',#8538,#8539);
#8538 = CARTESIAN_POINT('',(6.28318530718,-0.));
#8539 = VECTOR('',#8540,1.);
#8540 = DIRECTION('',(0.,1.));
#8541 = ( GEOMETRIC_REPRESENTATION_CONTEXT(2) 
PARAMETRIC_REPRESENTATION_CONTEXT() REPRESENTATION_CONTEXT('2D SPACE',''
  ) );
#8542 = PCURVE('',#2631,#8543);
#8543 = DEFINITIONAL_REPRESENTATION('',(#8544),#8548);
#8544 = LINE('',#8545,#8546);
#8545 = CARTESIAN_POINT('',(0.,-0.));
#8546 = VECTOR('',#8547,1.);
#8547 = DIRECTION('',(0.,1.));
#8548 = ( GEOMETRIC_REPRESENTATION_CONTEXT(2) 
PARAMETRIC_REPRESENTATION_CONTEXT() REPRESENTATION_CONTEXT('2D SPACE',''
  ) );
#8549 = ORIENTED_EDGE('',*,*,#2610,.T.);
#8550 = ORIENTED_EDGE('',*,*,#8529,.T.);
#8551 = ADVANCED_FACE('',(#8552),#2666,.F.);
#8552 = FACE_BOUND('',#8553,.F.);
#8553 = EDGE_LOOP('',(#8554,#8555,#8576,#8577));
#8554 = ORIENTED_EDGE('',*,*,#5811,.F.);
#8555 = ORIENTED_EDGE('',*,*,#8556,.F.);
#8556 = EDGE_CURVE('',#2646,#5812,#8557,.T.);
#8557 = SEAM_CURVE('',#8558,(#8562,#8569),.PCURVE_S1.);
#8558 = LINE('',#8559,#8560);
#8559 = CARTESIAN_POINT('',(2.0335E+03,155.,10.));
#8560 = VECTOR('',#8561,1.);
#8561 = DIRECTION('',(0.,0.,-1.));
#8562 = PCURVE('',#2666,#8563);
#8563 = DEFINITIONAL_REPRESENTATION('',(#8564),#8568);
#8564 = LINE('',#8565,#8566);
#8565 = CARTESIAN_POINT('',(6.28318530718,-0.));
#8566 = VECTOR('',#8567,1.);
#8567 = DIRECTION('',(0.,1.));
#8568 = ( GEOMETRIC_REPRESENTATION_CONTEXT(2) 
PARAMETRIC_REPRESENTATION_CONTEXT() REPRESENTATION_CONTEXT('2D SPACE',''
  ) );
#8569 = PCURVE('',#2666,#8570);
#8570 = DEFINITIONAL_REPRESENTATION('',(#8571),#8575);
#8571 = LINE('',#8572,#8573);
#8572 = CARTESIAN_POINT('',(0.,-0.));
#8573 = VECTOR('',#8574,1.);
#8574 = DIRECTION('',(0.,1.));
#8575 = ( GEOMETRIC_REPRESENTATION_CONTEXT(2) 
PARAMETRIC_REPRESENTATION_CONTEXT() REPRESENTATION_CONTEXT('2D SPACE',''
  ) );
#8576 = ORIENTED_EDGE('',*,*,#2645,.T.);
#8577 = ORIENTED_EDGE('',*,*,#8556,.T.);
#8578 = ADVANCED_FACE('',(#8579),#2701,.F.);
#8579 = FACE_BOUND('',#8580,.F.);
#8580 = EDGE_LOOP('',(#8581,#8582,#8603,#8604));
#8581 = ORIENTED_EDGE('',*,*,#5841,.F.);
#8582 = ORIENTED_EDGE('',*,*,#8583,.F.);
#8583 = EDGE_CURVE('',#2681,#5842,#8584,.T.);
#8584 = SEAM_CURVE('',#8585,(#8589,#8596),.PCURVE_S1.);
#8585 = LINE('',#8586,#8587);
#8586 = CARTESIAN_POINT('',(2.2335E+03,155.,10.));
#8587 = VECTOR('',#8588,1.);
#8588 = DIRECTION('',(0.,0.,-1.));
#8589 = PCURVE('',#2701,#8590);
#8590 = DEFINITIONAL_REPRESENTATION('',(#8591),#8595);
#8591 = LINE('',#8592,#8593);
#8592 = CARTESIAN_POINT('',(6.28318530718,-0.));
#8593 = VECTOR('',#8594,1.);
#8594 = DIRECTION('',(0.,1.));
#8595 = ( GEOMETRIC_REPRESENTATION_CONTEXT(2) 
PARAMETRIC_REPRESENTATION_CONTEXT() REPRESENTATION_CONTEXT('2D SPACE',''
  ) );
#8596 = PCURVE('',#2701,#8597);
#8597 = DEFINITIONAL_REPRESENTATION('',(#8598),#8602);
#8598 = LINE('',#8599,#8600);
#8599 = CARTESIAN_POINT('',(0.,-0.));
#8600 = VECTOR('',#8601,1.);
#8601 = DIRECTION('',(0.,1.));
#8602 = ( GEOMETRIC_REPRESENTATION_CONTEXT(2) 
PARAMETRIC_REPRESENTATION_CONTEXT() REPRESENTATION_CONTEXT('2D SPACE',''
  ) );
#8603 = ORIENTED_EDGE('',*,*,#2680,.T.);
#8604 = ORIENTED_EDGE('',*,*,#8583,.T.);
#8605 = ADVANCED_FACE('',(#8606),#2736,.F.);
#8606 = FACE_BOUND('',#8607,.F.);
#8607 = EDGE_LOOP('',(#8608,#8609,#8630,#8631));
#8608 = ORIENTED_EDGE('',*,*,#5871,.F.);
#8609 = ORIENTED_EDGE('',*,*,#8610,.F.);
#8610 = EDGE_CURVE('',#2716,#5872,#8611,.T.);
#8611 = SEAM_CURVE('',#8612,(#8616,#8623),.PCURVE_S1.);
#8612 = LINE('',#8613,#8614);
#8613 = CARTESIAN_POINT('',(2.5835E+03,155.,10.));
#8614 = VECTOR('',#8615,1.);
#8615 = DIRECTION('',(0.,0.,-1.));
#8616 = PCURVE('',#2736,#8617);
#8617 = DEFINITIONAL_REPRESENTATION('',(#8618),#8622);
#8618 = LINE('',#8619,#8620);
#8619 = CARTESIAN_POINT('',(6.28318530718,-0.));
#8620 = VECTOR('',#8621,1.);
#8621 = DIRECTION('',(0.,1.));
#8622 = ( GEOMETRIC_REPRESENTATION_CONTEXT(2) 
PARAMETRIC_REPRESENTATION_CONTEXT() REPRESENTATION_CONTEXT('2D SPACE',''
  ) );
#8623 = PCURVE('',#2736,#8624);
#8624 = DEFINITIONAL_REPRESENTATION('',(#8625),#8629);
#8625 = LINE('',#8626,#8627);
#8626 = CARTESIAN_POINT('',(0.,-0.));
#8627 = VECTOR('',#8628,1.);
#8628 = DIRECTION('',(0.,1.));
#8629 = ( GEOMETRIC_REPRESENTATION_CONTEXT(2) 
PARAMETRIC_REPRESENTATION_CONTEXT() REPRESENTATION_CONTEXT('2D SPACE',''
  ) );
#8630 = ORIENTED_EDGE('',*,*,#2715,.T.);
#8631 = ORIENTED_EDGE('',*,*,#8610,.T.);
#8632 = ADVANCED_FACE('',(#8633),#2771,.F.);
#8633 = FACE_BOUND('',#8634,.F.);
#8634 = EDGE_LOOP('',(#8635,#8636,#8657,#8658));
#8635 = ORIENTED_EDGE('',*,*,#5901,.F.);
#8636 = ORIENTED_EDGE('',*,*,#8637,.F.);
#8637 = EDGE_CURVE('',#2751,#5902,#8638,.T.);
#8638 = SEAM_CURVE('',#8639,(#8643,#8650),.PCURVE_S1.);
#8639 = LINE('',#8640,#8641);
#8640 = CARTESIAN_POINT('',(4.5635E+03,100.,10.));
#8641 = VECTOR('',#8642,1.);
#8642 = DIRECTION('',(0.,0.,-1.));
#8643 = PCURVE('',#2771,#8644);
#8644 = DEFINITIONAL_REPRESENTATION('',(#8645),#8649);
#8645 = LINE('',#8646,#8647);
#8646 = CARTESIAN_POINT('',(6.28318530718,-0.));
#8647 = VECTOR('',#8648,1.);
#8648 = DIRECTION('',(0.,1.));
#8649 = ( GEOMETRIC_REPRESENTATION_CONTEXT(2) 
PARAMETRIC_REPRESENTATION_CONTEXT() REPRESENTATION_CONTEXT('2D SPACE',''
  ) );
#8650 = PCURVE('',#2771,#8651);
#8651 = DEFINITIONAL_REPRESENTATION('',(#8652),#8656);
#8652 = LINE('',#8653,#8654);
#8653 = CARTESIAN_POINT('',(0.,-0.));
#8654 = VECTOR('',#8655,1.);
#8655 = DIRECTION('',(0.,1.));
#8656 = ( GEOMETRIC_REPRESENTATION_CONTEXT(2) 
PARAMETRIC_REPRESENTATION_CONTEXT() REPRESENTATION_CONTEXT('2D SPACE',''
  ) );
#8657 = ORIENTED_EDGE('',*,*,#2750,.T.);
#8658 = ORIENTED_EDGE('',*,*,#8637,.T.);
#8659 = ADVANCED_FACE('',(#8660),#2806,.F.);
#8660 = FACE_BOUND('',#8661,.F.);
#8661 = EDGE_LOOP('',(#8662,#8663,#8684,#8685));
#8662 = ORIENTED_EDGE('',*,*,#5931,.F.);
#8663 = ORIENTED_EDGE('',*,*,#8664,.F.);
#8664 = EDGE_CURVE('',#2786,#5932,#8665,.T.);
#8665 = SEAM_CURVE('',#8666,(#8670,#8677),.PCURVE_S1.);
#8666 = LINE('',#8667,#8668);
#8667 = CARTESIAN_POINT('',(4.6535E+03,100.,10.));
#8668 = VECTOR('',#8669,1.);
#8669 = DIRECTION('',(0.,0.,-1.));
#8670 = PCURVE('',#2806,#8671);
#8671 = DEFINITIONAL_REPRESENTATION('',(#8672),#8676);
#8672 = LINE('',#8673,#8674);
#8673 = CARTESIAN_POINT('',(6.28318530718,-0.));
#8674 = VECTOR('',#8675,1.);
#8675 = DIRECTION('',(0.,1.));
#8676 = ( GEOMETRIC_REPRESENTATION_CONTEXT(2) 
PARAMETRIC_REPRESENTATION_CONTEXT() REPRESENTATION_CONTEXT('2D SPACE',''
  ) );
#8677 = PCURVE('',#2806,#8678);
#8678 = DEFINITIONAL_REPRESENTATION('',(#8679),#8683);
#8679 = LINE('',#8680,#8681);
#8680 = CARTESIAN_POINT('',(0.,-0.));
#8681 = VECTOR('',#8682,1.);
#8682 = DIRECTION('',(0.,1.));
#8683 = ( GEOMETRIC_REPRESENTATION_CONTEXT(2) 
PARAMETRIC_REPRESENTATION_CONTEXT() REPRESENTATION_CONTEXT('2D SPACE',''
  ) );
#8684 = ORIENTED_EDGE('',*,*,#2785,.T.);
#8685 = ORIENTED_EDGE('',*,*,#8664,.T.);
#8686 = ADVANCED_FACE('',(#8687),#2841,.F.);
#8687 = FACE_BOUND('',#8688,.F.);
#8688 = EDGE_LOOP('',(#8689,#8690,#8711,#8712));
#8689 = ORIENTED_EDGE('',*,*,#5961,.F.);
#8690 = ORIENTED_EDGE('',*,*,#8691,.F.);
#8691 = EDGE_CURVE('',#2821,#5962,#8692,.T.);
#8692 = SEAM_CURVE('',#8693,(#8697,#8704),.PCURVE_S1.);
#8693 = LINE('',#8694,#8695);
#8694 = CARTESIAN_POINT('',(4.7435E+03,100.,10.));
#8695 = VECTOR('',#8696,1.);
#8696 = DIRECTION('',(0.,0.,-1.));
#8697 = PCURVE('',#2841,#8698);
#8698 = DEFINITIONAL_REPRESENTATION('',(#8699),#8703);
#8699 = LINE('',#8700,#8701);
#8700 = CARTESIAN_POINT('',(6.28318530718,-0.));
#8701 = VECTOR('',#8702,1.);
#8702 = DIRECTION('',(0.,1.));
#8703 = ( GEOMETRIC_REPRESENTATION_CONTEXT(2) 
PARAMETRIC_REPRESENTATION_CONTEXT() REPRESENTATION_CONTEXT('2D SPACE',''
  ) );
#8704 = PCURVE('',#2841,#8705);
#8705 = DEFINITIONAL_REPRESENTATION('',(#8706),#8710);
#8706 = LINE('',#8707,#8708);
#8707 = CARTESIAN_POINT('',(0.,-0.));
#8708 = VECTOR('',#8709,1.);
#8709 = DIRECTION('',(0.,1.));
#8710 = ( GEOMETRIC_REPRESENTATION_CONTEXT(2) 
PARAMETRIC_REPRESENTATION_CONTEXT() REPRESENTATION_CONTEXT('2D SPACE',''
  ) );
#8711 = ORIENTED_EDGE('',*,*,#2820,.T.);
#8712 = ORIENTED_EDGE('',*,*,#8691,.T.);
#8713 = ADVANCED_FACE('',(#8714),#2876,.F.);
#8714 = FACE_BOUND('',#8715,.F.);
#8715 = EDGE_LOOP('',(#8716,#8717,#8738,#8739));
#8716 = ORIENTED_EDGE('',*,*,#5991,.F.);
#8717 = ORIENTED_EDGE('',*,*,#8718,.F.);
#8718 = EDGE_CURVE('',#2856,#5992,#8719,.T.);
#8719 = SEAM_CURVE('',#8720,(#8724,#8731),.PCURVE_S1.);
#8720 = LINE('',#8721,#8722);
#8721 = CARTESIAN_POINT('',(4.8335E+03,100.,10.));
#8722 = VECTOR('',#8723,1.);
#8723 = DIRECTION('',(0.,0.,-1.));
#8724 = PCURVE('',#2876,#8725);
#8725 = DEFINITIONAL_REPRESENTATION('',(#8726),#8730);
#8726 = LINE('',#8727,#8728);
#8727 = CARTESIAN_POINT('',(6.28318530718,-0.));
#8728 = VECTOR('',#8729,1.);
#8729 = DIRECTION('',(0.,1.));
#8730 = ( GEOMETRIC_REPRESENTATION_CONTEXT(2) 
PARAMETRIC_REPRESENTATION_CONTEXT() REPRESENTATION_CONTEXT('2D SPACE',''
  ) );
#8731 = PCURVE('',#2876,#8732);
#8732 = DEFINITIONAL_REPRESENTATION('',(#8733),#8737);
#8733 = LINE('',#8734,#8735);
#8734 = CARTESIAN_POINT('',(0.,-0.));
#8735 = VECTOR('',#8736,1.);
#8736 = DIRECTION('',(0.,1.));
#8737 = ( GEOMETRIC_REPRESENTATION_CONTEXT(2) 
PARAMETRIC_REPRESENTATION_CONTEXT() REPRESENTATION_CONTEXT('2D SPACE',''
  ) );
#8738 = ORIENTED_EDGE('',*,*,#2855,.T.);
#8739 = ORIENTED_EDGE('',*,*,#8718,.T.);
#8740 = ADVANCED_FACE('',(#8741),#2911,.F.);
#8741 = FACE_BOUND('',#8742,.F.);
#8742 = EDGE_LOOP('',(#8743,#8744,#8765,#8766));
#8743 = ORIENTED_EDGE('',*,*,#6021,.F.);
#8744 = ORIENTED_EDGE('',*,*,#8745,.F.);
#8745 = EDGE_CURVE('',#2891,#6022,#8746,.T.);
#8746 = SEAM_CURVE('',#8747,(#8751,#8758),.PCURVE_S1.);
#8747 = LINE('',#8748,#8749);
#8748 = CARTESIAN_POINT('',(4.9235E+03,100.,10.));
#8749 = VECTOR('',#8750,1.);
#8750 = DIRECTION('',(0.,0.,-1.));
#8751 = PCURVE('',#2911,#8752);
#8752 = DEFINITIONAL_REPRESENTATION('',(#8753),#8757);
#8753 = LINE('',#8754,#8755);
#8754 = CARTESIAN_POINT('',(6.28318530718,-0.));
#8755 = VECTOR('',#8756,1.);
#8756 = DIRECTION('',(0.,1.));
#8757 = ( GEOMETRIC_REPRESENTATION_CONTEXT(2) 
PARAMETRIC_REPRESENTATION_CONTEXT() REPRESENTATION_CONTEXT('2D SPACE',''
  ) );
#8758 = PCURVE('',#2911,#8759);
#8759 = DEFINITIONAL_REPRESENTATION('',(#8760),#8764);
#8760 = LINE('',#8761,#8762);
#8761 = CARTESIAN_POINT('',(0.,-0.));
#8762 = VECTOR('',#8763,1.);
#8763 = DIRECTION('',(0.,1.));
#8764 = ( GEOMETRIC_REPRESENTATION_CONTEXT(2) 
PARAMETRIC_REPRESENTATION_CONTEXT() REPRESENTATION_CONTEXT('2D SPACE',''
  ) );
#8765 = ORIENTED_EDGE('',*,*,#2890,.T.);
#8766 = ORIENTED_EDGE('',*,*,#8745,.T.);
#8767 = ADVANCED_FACE('',(#8768),#2946,.F.);
#8768 = FACE_BOUND('',#8769,.F.);
#8769 = EDGE_LOOP('',(#8770,#8771,#8792,#8793));
#8770 = ORIENTED_EDGE('',*,*,#6051,.F.);
#8771 = ORIENTED_EDGE('',*,*,#8772,.F.);
#8772 = EDGE_CURVE('',#2926,#6052,#8773,.T.);
#8773 = SEAM_CURVE('',#8774,(#8778,#8785),.PCURVE_S1.);
#8774 = LINE('',#8775,#8776);
#8775 = CARTESIAN_POINT('',(5.0135E+03,100.,10.));
#8776 = VECTOR('',#8777,1.);
#8777 = DIRECTION('',(0.,0.,-1.));
#8778 = PCURVE('',#2946,#8779);
#8779 = DEFINITIONAL_REPRESENTATION('',(#8780),#8784);
#8780 = LINE('',#8781,#8782);
#8781 = CARTESIAN_POINT('',(6.28318530718,-0.));
#8782 = VECTOR('',#8783,1.);
#8783 = DIRECTION('',(0.,1.));
#8784 = ( GEOMETRIC_REPRESENTATION_CONTEXT(2) 
PARAMETRIC_REPRESENTATION_CONTEXT() REPRESENTATION_CONTEXT('2D SPACE',''
  ) );
#8785 = PCURVE('',#2946,#8786);
#8786 = DEFINITIONAL_REPRESENTATION('',(#8787),#8791);
#8787 = LINE('',#8788,#8789);
#8788 = CARTESIAN_POINT('',(0.,-0.));
#8789 = VECTOR('',#8790,1.);
#8790 = DIRECTION('',(0.,1.));
#8791 = ( GEOMETRIC_REPRESENTATION_CONTEXT(2) 
PARAMETRIC_REPRESENTATION_CONTEXT() REPRESENTATION_CONTEXT('2D SPACE',''
  ) );
#8792 = ORIENTED_EDGE('',*,*,#2925,.T.);
#8793 = ORIENTED_EDGE('',*,*,#8772,.T.);
#8794 = ADVANCED_FACE('',(#8795),#2981,.F.);
#8795 = FACE_BOUND('',#8796,.F.);
#8796 = EDGE_LOOP('',(#8797,#8798,#8819,#8820));
#8797 = ORIENTED_EDGE('',*,*,#6081,.F.);
#8798 = ORIENTED_EDGE('',*,*,#8799,.F.);
#8799 = EDGE_CURVE('',#2961,#6082,#8800,.T.);
#8800 = SEAM_CURVE('',#8801,(#8805,#8812),.PCURVE_S1.);
#8801 = LINE('',#8802,#8803);
#8802 = CARTESIAN_POINT('',(5.1035E+03,100.,10.));
#8803 = VECTOR('',#8804,1.);
#8804 = DIRECTION('',(0.,0.,-1.));
#8805 = PCURVE('',#2981,#8806);
#8806 = DEFINITIONAL_REPRESENTATION('',(#8807),#8811);
#8807 = LINE('',#8808,#8809);
#8808 = CARTESIAN_POINT('',(6.28318530718,-0.));
#8809 = VECTOR('',#8810,1.);
#8810 = DIRECTION('',(0.,1.));
#8811 = ( GEOMETRIC_REPRESENTATION_CONTEXT(2) 
PARAMETRIC_REPRESENTATION_CONTEXT() REPRESENTATION_CONTEXT('2D SPACE',''
  ) );
#8812 = PCURVE('',#2981,#8813);
#8813 = DEFINITIONAL_REPRESENTATION('',(#8814),#8818);
#8814 = LINE('',#8815,#8816);
#8815 = CARTESIAN_POINT('',(0.,-0.));
#8816 = VECTOR('',#8817,1.);
#8817 = DIRECTION('',(0.,1.));
#8818 = ( GEOMETRIC_REPRESENTATION_CONTEXT(2) 
PARAMETRIC_REPRESENTATION_CONTEXT() REPRESENTATION_CONTEXT('2D SPACE',''
  ) );
#8819 = ORIENTED_EDGE('',*,*,#2960,.T.);
#8820 = ORIENTED_EDGE('',*,*,#8799,.T.);
#8821 = ADVANCED_FACE('',(#8822),#3016,.F.);
#8822 = FACE_BOUND('',#8823,.F.);
#8823 = EDGE_LOOP('',(#8824,#8825,#8846,#8847));
#8824 = ORIENTED_EDGE('',*,*,#6111,.F.);
#8825 = ORIENTED_EDGE('',*,*,#8826,.F.);
#8826 = EDGE_CURVE('',#2996,#6112,#8827,.T.);
#8827 = SEAM_CURVE('',#8828,(#8832,#8839),.PCURVE_S1.);
#8828 = LINE('',#8829,#8830);
#8829 = CARTESIAN_POINT('',(5.1935E+03,100.,10.));
#8830 = VECTOR('',#8831,1.);
#8831 = DIRECTION('',(0.,0.,-1.));
#8832 = PCURVE('',#3016,#8833);
#8833 = DEFINITIONAL_REPRESENTATION('',(#8834),#8838);
#8834 = LINE('',#8835,#8836);
#8835 = CARTESIAN_POINT('',(6.28318530718,-0.));
#8836 = VECTOR('',#8837,1.);
#8837 = DIRECTION('',(0.,1.));
#8838 = ( GEOMETRIC_REPRESENTATION_CONTEXT(2) 
PARAMETRIC_REPRESENTATION_CONTEXT() REPRESENTATION_CONTEXT('2D SPACE',''
  ) );
#8839 = PCURVE('',#3016,#8840);
#8840 = DEFINITIONAL_REPRESENTATION('',(#8841),#8845);
#8841 = LINE('',#8842,#8843);
#8842 = CARTESIAN_POINT('',(0.,-0.));
#8843 = VECTOR('',#8844,1.);
#8844 = DIRECTION('',(0.,1.));
#8845 = ( GEOMETRIC_REPRESENTATION_CONTEXT(2) 
PARAMETRIC_REPRESENTATION_CONTEXT() REPRESENTATION_CONTEXT('2D SPACE',''
  ) );
#8846 = ORIENTED_EDGE('',*,*,#2995,.T.);
#8847 = ORIENTED_EDGE('',*,*,#8826,.T.);
#8848 = ADVANCED_FACE('',(#8849),#3051,.F.);
#8849 = FACE_BOUND('',#8850,.F.);
#8850 = EDGE_LOOP('',(#8851,#8852,#8873,#8874));
#8851 = ORIENTED_EDGE('',*,*,#6141,.F.);
#8852 = ORIENTED_EDGE('',*,*,#8853,.F.);
#8853 = EDGE_CURVE('',#3031,#6142,#8854,.T.);
#8854 = SEAM_CURVE('',#8855,(#8859,#8866),.PCURVE_S1.);
#8855 = LINE('',#8856,#8857);
#8856 = CARTESIAN_POINT('',(5.2835E+03,100.,10.));
#8857 = VECTOR('',#8858,1.);
#8858 = DIRECTION('',(0.,0.,-1.));
#8859 = PCURVE('',#3051,#8860);
#8860 = DEFINITIONAL_REPRESENTATION('',(#8861),#8865);
#8861 = LINE('',#8862,#8863);
#8862 = CARTESIAN_POINT('',(6.28318530718,-0.));
#8863 = VECTOR('',#8864,1.);
#8864 = DIRECTION('',(0.,1.));
#8865 = ( GEOMETRIC_REPRESENTATION_CONTEXT(2) 
PARAMETRIC_REPRESENTATION_CONTEXT() REPRESENTATION_CONTEXT('2D SPACE',''
  ) );
#8866 = PCURVE('',#3051,#8867);
#8867 = DEFINITIONAL_REPRESENTATION('',(#8868),#8872);
#8868 = LINE('',#8869,#8870);
#8869 = CARTESIAN_POINT('',(0.,-0.));
#8870 = VECTOR('',#8871,1.);
#8871 = DIRECTION('',(0.,1.));
#8872 = ( GEOMETRIC_REPRESENTATION_CONTEXT(2) 
PARAMETRIC_REPRESENTATION_CONTEXT() REPRESENTATION_CONTEXT('2D SPACE',''
  ) );
#8873 = ORIENTED_EDGE('',*,*,#3030,.T.);
#8874 = ORIENTED_EDGE('',*,*,#8853,.T.);
#8875 = ADVANCED_FACE('',(#8876),#3086,.F.);
#8876 = FACE_BOUND('',#8877,.F.);
#8877 = EDGE_LOOP('',(#8878,#8879,#8900,#8901));
#8878 = ORIENTED_EDGE('',*,*,#6171,.F.);
#8879 = ORIENTED_EDGE('',*,*,#8880,.F.);
#8880 = EDGE_CURVE('',#3066,#6172,#8881,.T.);
#8881 = SEAM_CURVE('',#8882,(#8886,#8893),.PCURVE_S1.);
#8882 = LINE('',#8883,#8884);
#8883 = CARTESIAN_POINT('',(5.3735E+03,100.,10.));
#8884 = VECTOR('',#8885,1.);
#8885 = DIRECTION('',(0.,0.,-1.));
#8886 = PCURVE('',#3086,#8887);
#8887 = DEFINITIONAL_REPRESENTATION('',(#8888),#8892);
#8888 = LINE('',#8889,#8890);
#8889 = CARTESIAN_POINT('',(6.28318530718,-0.));
#8890 = VECTOR('',#8891,1.);
#8891 = DIRECTION('',(0.,1.));
#8892 = ( GEOMETRIC_REPRESENTATION_CONTEXT(2) 
PARAMETRIC_REPRESENTATION_CONTEXT() REPRESENTATION_CONTEXT('2D SPACE',''
  ) );
#8893 = PCURVE('',#3086,#8894);
#8894 = DEFINITIONAL_REPRESENTATION('',(#8895),#8899);
#8895 = LINE('',#8896,#8897);
#8896 = CARTESIAN_POINT('',(0.,-0.));
#8897 = VECTOR('',#8898,1.);
#8898 = DIRECTION('',(0.,1.));
#8899 = ( GEOMETRIC_REPRESENTATION_CONTEXT(2) 
PARAMETRIC_REPRESENTATION_CONTEXT() REPRESENTATION_CONTEXT('2D SPACE',''
  ) );
#8900 = ORIENTED_EDGE('',*,*,#3065,.T.);
#8901 = ORIENTED_EDGE('',*,*,#8880,.T.);
#8902 = ADVANCED_FACE('',(#8903),#3121,.F.);
#8903 = FACE_BOUND('',#8904,.F.);
#8904 = EDGE_LOOP('',(#8905,#8906,#8927,#8928));
#8905 = ORIENTED_EDGE('',*,*,#6201,.F.);
#8906 = ORIENTED_EDGE('',*,*,#8907,.F.);
#8907 = EDGE_CURVE('',#3101,#6202,#8908,.T.);
#8908 = SEAM_CURVE('',#8909,(#8913,#8920),.PCURVE_S1.);
#8909 = LINE('',#8910,#8911);
#8910 = CARTESIAN_POINT('',(2.9335E+03,155.,10.));
#8911 = VECTOR('',#8912,1.);
#8912 = DIRECTION('',(0.,0.,-1.));
#8913 = PCURVE('',#3121,#8914);
#8914 = DEFINITIONAL_REPRESENTATION('',(#8915),#8919);
#8915 = LINE('',#8916,#8917);
#8916 = CARTESIAN_POINT('',(6.28318530718,-0.));
#8917 = VECTOR('',#8918,1.);
#8918 = DIRECTION('',(0.,1.));
#8919 = ( GEOMETRIC_REPRESENTATION_CONTEXT(2) 
PARAMETRIC_REPRESENTATION_CONTEXT() REPRESENTATION_CONTEXT('2D SPACE',''
  ) );
#8920 = PCURVE('',#3121,#8921);
#8921 = DEFINITIONAL_REPRESENTATION('',(#8922),#8926);
#8922 = LINE('',#8923,#8924);
#8923 = CARTESIAN_POINT('',(0.,-0.));
#8924 = VECTOR('',#8925,1.);
#8925 = DIRECTION('',(0.,1.));
#8926 = ( GEOMETRIC_REPRESENTATION_CONTEXT(2) 
PARAMETRIC_REPRESENTATION_CONTEXT() REPRESENTATION_CONTEXT('2D SPACE',''
  ) );
#8927 = ORIENTED_EDGE('',*,*,#3100,.T.);
#8928 = ORIENTED_EDGE('',*,*,#8907,.T.);
#8929 = ADVANCED_FACE('',(#8930),#3156,.F.);
#8930 = FACE_BOUND('',#8931,.F.);
#8931 = EDGE_LOOP('',(#8932,#8933,#8954,#8955));
#8932 = ORIENTED_EDGE('',*,*,#6231,.F.);
#8933 = ORIENTED_EDGE('',*,*,#8934,.F.);
#8934 = EDGE_CURVE('',#3136,#6232,#8935,.T.);
#8935 = SEAM_CURVE('',#8936,(#8940,#8947),.PCURVE_S1.);
#8936 = LINE('',#8937,#8938);
#8937 = CARTESIAN_POINT('',(3.2635E+03,155.,10.));
#8938 = VECTOR('',#8939,1.);
#8939 = DIRECTION('',(0.,0.,-1.));
#8940 = PCURVE('',#3156,#8941);
#8941 = DEFINITIONAL_REPRESENTATION('',(#8942),#8946);
#8942 = LINE('',#8943,#8944);
#8943 = CARTESIAN_POINT('',(6.28318530718,-0.));
#8944 = VECTOR('',#8945,1.);
#8945 = DIRECTION('',(0.,1.));
#8946 = ( GEOMETRIC_REPRESENTATION_CONTEXT(2) 
PARAMETRIC_REPRESENTATION_CONTEXT() REPRESENTATION_CONTEXT('2D SPACE',''
  ) );
#8947 = PCURVE('',#3156,#8948);
#8948 = DEFINITIONAL_REPRESENTATION('',(#8949),#8953);
#8949 = LINE('',#8950,#8951);
#8950 = CARTESIAN_POINT('',(0.,-0.));
#8951 = VECTOR('',#8952,1.);
#8952 = DIRECTION('',(0.,1.));
#8953 = ( GEOMETRIC_REPRESENTATION_CONTEXT(2) 
PARAMETRIC_REPRESENTATION_CONTEXT() REPRESENTATION_CONTEXT('2D SPACE',''
  ) );
#8954 = ORIENTED_EDGE('',*,*,#3135,.T.);
#8955 = ORIENTED_EDGE('',*,*,#8934,.T.);
#8956 = ADVANCED_FACE('',(#8957),#3191,.F.);
#8957 = FACE_BOUND('',#8958,.F.);
#8958 = EDGE_LOOP('',(#8959,#8960,#8981,#8982));
#8959 = ORIENTED_EDGE('',*,*,#6261,.F.);
#8960 = ORIENTED_EDGE('',*,*,#8961,.F.);
#8961 = EDGE_CURVE('',#3171,#6262,#8962,.T.);
#8962 = SEAM_CURVE('',#8963,(#8967,#8974),.PCURVE_S1.);
#8963 = LINE('',#8964,#8965);
#8964 = CARTESIAN_POINT('',(3.6135E+03,155.,10.));
#8965 = VECTOR('',#8966,1.);
#8966 = DIRECTION('',(0.,0.,-1.));
#8967 = PCURVE('',#3191,#8968);
#8968 = DEFINITIONAL_REPRESENTATION('',(#8969),#8973);
#8969 = LINE('',#8970,#8971);
#8970 = CARTESIAN_POINT('',(6.28318530718,-0.));
#8971 = VECTOR('',#8972,1.);
#8972 = DIRECTION('',(0.,1.));
#8973 = ( GEOMETRIC_REPRESENTATION_CONTEXT(2) 
PARAMETRIC_REPRESENTATION_CONTEXT() REPRESENTATION_CONTEXT('2D SPACE',''
  ) );
#8974 = PCURVE('',#3191,#8975);
#8975 = DEFINITIONAL_REPRESENTATION('',(#8976),#8980);
#8976 = LINE('',#8977,#8978);
#8977 = CARTESIAN_POINT('',(0.,-0.));
#8978 = VECTOR('',#8979,1.);
#8979 = DIRECTION('',(0.,1.));
#8980 = ( GEOMETRIC_REPRESENTATION_CONTEXT(2) 
PARAMETRIC_REPRESENTATION_CONTEXT() REPRESENTATION_CONTEXT('2D SPACE',''
  ) );
#8981 = ORIENTED_EDGE('',*,*,#3170,.T.);
#8982 = ORIENTED_EDGE('',*,*,#8961,.T.);
#8983 = ADVANCED_FACE('',(#8984),#3226,.F.);
#8984 = FACE_BOUND('',#8985,.F.);
#8985 = EDGE_LOOP('',(#8986,#8987,#9008,#9009));
#8986 = ORIENTED_EDGE('',*,*,#6291,.F.);
#8987 = ORIENTED_EDGE('',*,*,#8988,.F.);
#8988 = EDGE_CURVE('',#3206,#6292,#8989,.T.);
#8989 = SEAM_CURVE('',#8990,(#8994,#9001),.PCURVE_S1.);
#8990 = LINE('',#8991,#8992);
#8991 = CARTESIAN_POINT('',(3.9635E+03,155.,10.));
#8992 = VECTOR('',#8993,1.);
#8993 = DIRECTION('',(0.,0.,-1.));
#8994 = PCURVE('',#3226,#8995);
#8995 = DEFINITIONAL_REPRESENTATION('',(#8996),#9000);
#8996 = LINE('',#8997,#8998);
#8997 = CARTESIAN_POINT('',(6.28318530718,-0.));
#8998 = VECTOR('',#8999,1.);
#8999 = DIRECTION('',(0.,1.));
#9000 = ( GEOMETRIC_REPRESENTATION_CONTEXT(2) 
PARAMETRIC_REPRESENTATION_CONTEXT() REPRESENTATION_CONTEXT('2D SPACE',''
  ) );
#9001 = PCURVE('',#3226,#9002);
#9002 = DEFINITIONAL_REPRESENTATION('',(#9003),#9007);
#9003 = LINE('',#9004,#9005);
#9004 = CARTESIAN_POINT('',(0.,-0.));
#9005 = VECTOR('',#9006,1.);
#9006 = DIRECTION('',(0.,1.));
#9007 = ( GEOMETRIC_REPRESENTATION_CONTEXT(2) 
PARAMETRIC_REPRESENTATION_CONTEXT() REPRESENTATION_CONTEXT('2D SPACE',''
  ) );
#9008 = ORIENTED_EDGE('',*,*,#3205,.T.);
#9009 = ORIENTED_EDGE('',*,*,#8988,.T.);
#9010 = ADVANCED_FACE('',(#9011),#3261,.F.);
#9011 = FACE_BOUND('',#9012,.F.);
#9012 = EDGE_LOOP('',(#9013,#9014,#9035,#9036));
#9013 = ORIENTED_EDGE('',*,*,#6321,.F.);
#9014 = ORIENTED_EDGE('',*,*,#9015,.F.);
#9015 = EDGE_CURVE('',#3241,#6322,#9016,.T.);
#9016 = SEAM_CURVE('',#9017,(#9021,#9028),.PCURVE_S1.);
#9017 = LINE('',#9018,#9019);
#9018 = CARTESIAN_POINT('',(4.1135E+03,155.,10.));
#9019 = VECTOR('',#9020,1.);
#9020 = DIRECTION('',(0.,0.,-1.));
#9021 = PCURVE('',#3261,#9022);
#9022 = DEFINITIONAL_REPRESENTATION('',(#9023),#9027);
#9023 = LINE('',#9024,#9025);
#9024 = CARTESIAN_POINT('',(6.28318530718,-0.));
#9025 = VECTOR('',#9026,1.);
#9026 = DIRECTION('',(0.,1.));
#9027 = ( GEOMETRIC_REPRESENTATION_CONTEXT(2) 
PARAMETRIC_REPRESENTATION_CONTEXT() REPRESENTATION_CONTEXT('2D SPACE',''
  ) );
#9028 = PCURVE('',#3261,#9029);
#9029 = DEFINITIONAL_REPRESENTATION('',(#9030),#9034);
#9030 = LINE('',#9031,#9032);
#9031 = CARTESIAN_POINT('',(0.,-0.));
#9032 = VECTOR('',#9033,1.);
#9033 = DIRECTION('',(0.,1.));
#9034 = ( GEOMETRIC_REPRESENTATION_CONTEXT(2) 
PARAMETRIC_REPRESENTATION_CONTEXT() REPRESENTATION_CONTEXT('2D SPACE',''
  ) );
#9035 = ORIENTED_EDGE('',*,*,#3240,.T.);
#9036 = ORIENTED_EDGE('',*,*,#9015,.T.);
#9037 = ADVANCED_FACE('',(#9038),#3296,.F.);
#9038 = FACE_BOUND('',#9039,.F.);
#9039 = EDGE_LOOP('',(#9040,#9041,#9062,#9063));
#9040 = ORIENTED_EDGE('',*,*,#6351,.F.);
#9041 = ORIENTED_EDGE('',*,*,#9042,.F.);
#9042 = EDGE_CURVE('',#3276,#6352,#9043,.T.);
#9043 = SEAM_CURVE('',#9044,(#9048,#9055),.PCURVE_S1.);
#9044 = LINE('',#9045,#9046);
#9045 = CARTESIAN_POINT('',(4.2635E+03,155.,10.));
#9046 = VECTOR('',#9047,1.);
#9047 = DIRECTION('',(0.,0.,-1.));
#9048 = PCURVE('',#3296,#9049);
#9049 = DEFINITIONAL_REPRESENTATION('',(#9050),#9054);
#9050 = LINE('',#9051,#9052);
#9051 = CARTESIAN_POINT('',(6.28318530718,-0.));
#9052 = VECTOR('',#9053,1.);
#9053 = DIRECTION('',(0.,1.));
#9054 = ( GEOMETRIC_REPRESENTATION_CONTEXT(2) 
PARAMETRIC_REPRESENTATION_CONTEXT() REPRESENTATION_CONTEXT('2D SPACE',''
  ) );
#9055 = PCURVE('',#3296,#9056);
#9056 = DEFINITIONAL_REPRESENTATION('',(#9057),#9061);
#9057 = LINE('',#9058,#9059);
#9058 = CARTESIAN_POINT('',(0.,-0.));
#9059 = VECTOR('',#9060,1.);
#9060 = DIRECTION('',(0.,1.));
#9061 = ( GEOMETRIC_REPRESENTATION_CONTEXT(2) 
PARAMETRIC_REPRESENTATION_CONTEXT() REPRESENTATION_CONTEXT('2D SPACE',''
  ) );
#9062 = ORIENTED_EDGE('',*,*,#3275,.T.);
#9063 = ORIENTED_EDGE('',*,*,#9042,.T.);
#9064 = ADVANCED_FACE('',(#9065),#3331,.F.);
#9065 = FACE_BOUND('',#9066,.F.);
#9066 = EDGE_LOOP('',(#9067,#9068,#9089,#9090));
#9067 = ORIENTED_EDGE('',*,*,#6381,.F.);
#9068 = ORIENTED_EDGE('',*,*,#9069,.F.);
#9069 = EDGE_CURVE('',#3311,#6382,#9070,.T.);
#9070 = SEAM_CURVE('',#9071,(#9075,#9082),.PCURVE_S1.);
#9071 = LINE('',#9072,#9073);
#9072 = CARTESIAN_POINT('',(4.4135E+03,155.,10.));
#9073 = VECTOR('',#9074,1.);
#9074 = DIRECTION('',(0.,0.,-1.));
#9075 = PCURVE('',#3331,#9076);
#9076 = DEFINITIONAL_REPRESENTATION('',(#9077),#9081);
#9077 = LINE('',#9078,#9079);
#9078 = CARTESIAN_POINT('',(6.28318530718,-0.));
#9079 = VECTOR('',#9080,1.);
#9080 = DIRECTION('',(0.,1.));
#9081 = ( GEOMETRIC_REPRESENTATION_CONTEXT(2) 
PARAMETRIC_REPRESENTATION_CONTEXT() REPRESENTATION_CONTEXT('2D SPACE',''
  ) );
#9082 = PCURVE('',#3331,#9083);
#9083 = DEFINITIONAL_REPRESENTATION('',(#9084),#9088);
#9084 = LINE('',#9085,#9086);
#9085 = CARTESIAN_POINT('',(0.,-0.));
#9086 = VECTOR('',#9087,1.);
#9087 = DIRECTION('',(0.,1.));
#9088 = ( GEOMETRIC_REPRESENTATION_CONTEXT(2) 
PARAMETRIC_REPRESENTATION_CONTEXT() REPRESENTATION_CONTEXT('2D SPACE',''
  ) );
#9089 = ORIENTED_EDGE('',*,*,#3310,.T.);
#9090 = ORIENTED_EDGE('',*,*,#9069,.T.);
#9091 = ADVANCED_FACE('',(#9092),#3366,.F.);
#9092 = FACE_BOUND('',#9093,.F.);
#9093 = EDGE_LOOP('',(#9094,#9095,#9116,#9117));
#9094 = ORIENTED_EDGE('',*,*,#6411,.F.);
#9095 = ORIENTED_EDGE('',*,*,#9096,.F.);
#9096 = EDGE_CURVE('',#3346,#6412,#9097,.T.);
#9097 = SEAM_CURVE('',#9098,(#9102,#9109),.PCURVE_S1.);
#9098 = LINE('',#9099,#9100);
#9099 = CARTESIAN_POINT('',(4.5935E+03,155.,10.));
#9100 = VECTOR('',#9101,1.);
#9101 = DIRECTION('',(0.,0.,-1.));
#9102 = PCURVE('',#3366,#9103);
#9103 = DEFINITIONAL_REPRESENTATION('',(#9104),#9108);
#9104 = LINE('',#9105,#9106);
#9105 = CARTESIAN_POINT('',(6.28318530718,-0.));
#9106 = VECTOR('',#9107,1.);
#9107 = DIRECTION('',(0.,1.));
#9108 = ( GEOMETRIC_REPRESENTATION_CONTEXT(2) 
PARAMETRIC_REPRESENTATION_CONTEXT() REPRESENTATION_CONTEXT('2D SPACE',''
  ) );
#9109 = PCURVE('',#3366,#9110);
#9110 = DEFINITIONAL_REPRESENTATION('',(#9111),#9115);
#9111 = LINE('',#9112,#9113);
#9112 = CARTESIAN_POINT('',(0.,-0.));
#9113 = VECTOR('',#9114,1.);
#9114 = DIRECTION('',(0.,1.));
#9115 = ( GEOMETRIC_REPRESENTATION_CONTEXT(2) 
PARAMETRIC_REPRESENTATION_CONTEXT() REPRESENTATION_CONTEXT('2D SPACE',''
  ) );
#9116 = ORIENTED_EDGE('',*,*,#3345,.T.);
#9117 = ORIENTED_EDGE('',*,*,#9096,.T.);
#9118 = ADVANCED_FACE('',(#9119),#3401,.F.);
#9119 = FACE_BOUND('',#9120,.F.);
#9120 = EDGE_LOOP('',(#9121,#9122,#9143,#9144));
#9121 = ORIENTED_EDGE('',*,*,#6441,.F.);
#9122 = ORIENTED_EDGE('',*,*,#9123,.F.);
#9123 = EDGE_CURVE('',#3381,#6442,#9124,.T.);
#9124 = SEAM_CURVE('',#9125,(#9129,#9136),.PCURVE_S1.);
#9125 = LINE('',#9126,#9127);
#9126 = CARTESIAN_POINT('',(4.6835E+03,155.,10.));
#9127 = VECTOR('',#9128,1.);
#9128 = DIRECTION('',(0.,0.,-1.));
#9129 = PCURVE('',#3401,#9130);
#9130 = DEFINITIONAL_REPRESENTATION('',(#9131),#9135);
#9131 = LINE('',#9132,#9133);
#9132 = CARTESIAN_POINT('',(6.28318530718,-0.));
#9133 = VECTOR('',#9134,1.);
#9134 = DIRECTION('',(0.,1.));
#9135 = ( GEOMETRIC_REPRESENTATION_CONTEXT(2) 
PARAMETRIC_REPRESENTATION_CONTEXT() REPRESENTATION_CONTEXT('2D SPACE',''
  ) );
#9136 = PCURVE('',#3401,#9137);
#9137 = DEFINITIONAL_REPRESENTATION('',(#9138),#9142);
#9138 = LINE('',#9139,#9140);
#9139 = CARTESIAN_POINT('',(0.,-0.));
#9140 = VECTOR('',#9141,1.);
#9141 = DIRECTION('',(0.,1.));
#9142 = ( GEOMETRIC_REPRESENTATION_CONTEXT(2) 
PARAMETRIC_REPRESENTATION_CONTEXT() REPRESENTATION_CONTEXT('2D SPACE',''
  ) );
#9143 = ORIENTED_EDGE('',*,*,#3380,.T.);
#9144 = ORIENTED_EDGE('',*,*,#9123,.T.);
#9145 = ADVANCED_FACE('',(#9146),#3436,.F.);
#9146 = FACE_BOUND('',#9147,.F.);
#9147 = EDGE_LOOP('',(#9148,#9149,#9170,#9171));
#9148 = ORIENTED_EDGE('',*,*,#6471,.F.);
#9149 = ORIENTED_EDGE('',*,*,#9150,.F.);
#9150 = EDGE_CURVE('',#3416,#6472,#9151,.T.);
#9151 = SEAM_CURVE('',#9152,(#9156,#9163),.PCURVE_S1.);
#9152 = LINE('',#9153,#9154);
#9153 = CARTESIAN_POINT('',(4.7735E+03,155.,10.));
#9154 = VECTOR('',#9155,1.);
#9155 = DIRECTION('',(0.,0.,-1.));
#9156 = PCURVE('',#3436,#9157);
#9157 = DEFINITIONAL_REPRESENTATION('',(#9158),#9162);
#9158 = LINE('',#9159,#9160);
#9159 = CARTESIAN_POINT('',(6.28318530718,-0.));
#9160 = VECTOR('',#9161,1.);
#9161 = DIRECTION('',(0.,1.));
#9162 = ( GEOMETRIC_REPRESENTATION_CONTEXT(2) 
PARAMETRIC_REPRESENTATION_CONTEXT() REPRESENTATION_CONTEXT('2D SPACE',''
  ) );
#9163 = PCURVE('',#3436,#9164);
#9164 = DEFINITIONAL_REPRESENTATION('',(#9165),#9169);
#9165 = LINE('',#9166,#9167);
#9166 = CARTESIAN_POINT('',(0.,-0.));
#9167 = VECTOR('',#9168,1.);
#9168 = DIRECTION('',(0.,1.));
#9169 = ( GEOMETRIC_REPRESENTATION_CONTEXT(2) 
PARAMETRIC_REPRESENTATION_CONTEXT() REPRESENTATION_CONTEXT('2D SPACE',''
  ) );
#9170 = ORIENTED_EDGE('',*,*,#3415,.T.);
#9171 = ORIENTED_EDGE('',*,*,#9150,.T.);
#9172 = ADVANCED_FACE('',(#9173),#3471,.F.);
#9173 = FACE_BOUND('',#9174,.F.);
#9174 = EDGE_LOOP('',(#9175,#9176,#9197,#9198));
#9175 = ORIENTED_EDGE('',*,*,#6501,.F.);
#9176 = ORIENTED_EDGE('',*,*,#9177,.F.);
#9177 = EDGE_CURVE('',#3451,#6502,#9178,.T.);
#9178 = SEAM_CURVE('',#9179,(#9183,#9190),.PCURVE_S1.);
#9179 = LINE('',#9180,#9181);
#9180 = CARTESIAN_POINT('',(4.8635E+03,155.,10.));
#9181 = VECTOR('',#9182,1.);
#9182 = DIRECTION('',(0.,0.,-1.));
#9183 = PCURVE('',#3471,#9184);
#9184 = DEFINITIONAL_REPRESENTATION('',(#9185),#9189);
#9185 = LINE('',#9186,#9187);
#9186 = CARTESIAN_POINT('',(6.28318530718,-0.));
#9187 = VECTOR('',#9188,1.);
#9188 = DIRECTION('',(0.,1.));
#9189 = ( GEOMETRIC_REPRESENTATION_CONTEXT(2) 
PARAMETRIC_REPRESENTATION_CONTEXT() REPRESENTATION_CONTEXT('2D SPACE',''
  ) );
#9190 = PCURVE('',#3471,#9191);
#9191 = DEFINITIONAL_REPRESENTATION('',(#9192),#9196);
#9192 = LINE('',#9193,#9194);
#9193 = CARTESIAN_POINT('',(0.,-0.));
#9194 = VECTOR('',#9195,1.);
#9195 = DIRECTION('',(0.,1.));
#9196 = ( GEOMETRIC_REPRESENTATION_CONTEXT(2) 
PARAMETRIC_REPRESENTATION_CONTEXT() REPRESENTATION_CONTEXT('2D SPACE',''
  ) );
#9197 = ORIENTED_EDGE('',*,*,#3450,.T.);
#9198 = ORIENTED_EDGE('',*,*,#9177,.T.);
#9199 = ADVANCED_FACE('',(#9200),#3506,.F.);
#9200 = FACE_BOUND('',#9201,.F.);
#9201 = EDGE_LOOP('',(#9202,#9203,#9224,#9225));
#9202 = ORIENTED_EDGE('',*,*,#6531,.F.);
#9203 = ORIENTED_EDGE('',*,*,#9204,.F.);
#9204 = EDGE_CURVE('',#3486,#6532,#9205,.T.);
#9205 = SEAM_CURVE('',#9206,(#9210,#9217),.PCURVE_S1.);
#9206 = LINE('',#9207,#9208);
#9207 = CARTESIAN_POINT('',(4.9535E+03,155.,10.));
#9208 = VECTOR('',#9209,1.);
#9209 = DIRECTION('',(0.,0.,-1.));
#9210 = PCURVE('',#3506,#9211);
#9211 = DEFINITIONAL_REPRESENTATION('',(#9212),#9216);
#9212 = LINE('',#9213,#9214);
#9213 = CARTESIAN_POINT('',(6.28318530718,-0.));
#9214 = VECTOR('',#9215,1.);
#9215 = DIRECTION('',(0.,1.));
#9216 = ( GEOMETRIC_REPRESENTATION_CONTEXT(2) 
PARAMETRIC_REPRESENTATION_CONTEXT() REPRESENTATION_CONTEXT('2D SPACE',''
  ) );
#9217 = PCURVE('',#3506,#9218);
#9218 = DEFINITIONAL_REPRESENTATION('',(#9219),#9223);
#9219 = LINE('',#9220,#9221);
#9220 = CARTESIAN_POINT('',(0.,-0.));
#9221 = VECTOR('',#9222,1.);
#9222 = DIRECTION('',(0.,1.));
#9223 = ( GEOMETRIC_REPRESENTATION_CONTEXT(2) 
PARAMETRIC_REPRESENTATION_CONTEXT() REPRESENTATION_CONTEXT('2D SPACE',''
  ) );
#9224 = ORIENTED_EDGE('',*,*,#3485,.T.);
#9225 = ORIENTED_EDGE('',*,*,#9204,.T.);
#9226 = ADVANCED_FACE('',(#9227),#3541,.F.);
#9227 = FACE_BOUND('',#9228,.F.);
#9228 = EDGE_LOOP('',(#9229,#9230,#9251,#9252));
#9229 = ORIENTED_EDGE('',*,*,#6561,.F.);
#9230 = ORIENTED_EDGE('',*,*,#9231,.F.);
#9231 = EDGE_CURVE('',#3521,#6562,#9232,.T.);
#9232 = SEAM_CURVE('',#9233,(#9237,#9244),.PCURVE_S1.);
#9233 = LINE('',#9234,#9235);
#9234 = CARTESIAN_POINT('',(5.0435E+03,155.,10.));
#9235 = VECTOR('',#9236,1.);
#9236 = DIRECTION('',(0.,0.,-1.));
#9237 = PCURVE('',#3541,#9238);
#9238 = DEFINITIONAL_REPRESENTATION('',(#9239),#9243);
#9239 = LINE('',#9240,#9241);
#9240 = CARTESIAN_POINT('',(6.28318530718,-0.));
#9241 = VECTOR('',#9242,1.);
#9242 = DIRECTION('',(0.,1.));
#9243 = ( GEOMETRIC_REPRESENTATION_CONTEXT(2) 
PARAMETRIC_REPRESENTATION_CONTEXT() REPRESENTATION_CONTEXT('2D SPACE',''
  ) );
#9244 = PCURVE('',#3541,#9245);
#9245 = DEFINITIONAL_REPRESENTATION('',(#9246),#9250);
#9246 = LINE('',#9247,#9248);
#9247 = CARTESIAN_POINT('',(0.,-0.));
#9248 = VECTOR('',#9249,1.);
#9249 = DIRECTION('',(0.,1.));
#9250 = ( GEOMETRIC_REPRESENTATION_CONTEXT(2) 
PARAMETRIC_REPRESENTATION_CONTEXT() REPRESENTATION_CONTEXT('2D SPACE',''
  ) );
#9251 = ORIENTED_EDGE('',*,*,#3520,.T.);
#9252 = ORIENTED_EDGE('',*,*,#9231,.T.);
#9253 = ADVANCED_FACE('',(#9254),#3576,.F.);
#9254 = FACE_BOUND('',#9255,.F.);
#9255 = EDGE_LOOP('',(#9256,#9257,#9278,#9279));
#9256 = ORIENTED_EDGE('',*,*,#6591,.F.);
#9257 = ORIENTED_EDGE('',*,*,#9258,.F.);
#9258 = EDGE_CURVE('',#3556,#6592,#9259,.T.);
#9259 = SEAM_CURVE('',#9260,(#9264,#9271),.PCURVE_S1.);
#9260 = LINE('',#9261,#9262);
#9261 = CARTESIAN_POINT('',(5.1335E+03,155.,10.));
#9262 = VECTOR('',#9263,1.);
#9263 = DIRECTION('',(0.,0.,-1.));
#9264 = PCURVE('',#3576,#9265);
#9265 = DEFINITIONAL_REPRESENTATION('',(#9266),#9270);
#9266 = LINE('',#9267,#9268);
#9267 = CARTESIAN_POINT('',(6.28318530718,-0.));
#9268 = VECTOR('',#9269,1.);
#9269 = DIRECTION('',(0.,1.));
#9270 = ( GEOMETRIC_REPRESENTATION_CONTEXT(2) 
PARAMETRIC_REPRESENTATION_CONTEXT() REPRESENTATION_CONTEXT('2D SPACE',''
  ) );
#9271 = PCURVE('',#3576,#9272);
#9272 = DEFINITIONAL_REPRESENTATION('',(#9273),#9277);
#9273 = LINE('',#9274,#9275);
#9274 = CARTESIAN_POINT('',(0.,-0.));
#9275 = VECTOR('',#9276,1.);
#9276 = DIRECTION('',(0.,1.));
#9277 = ( GEOMETRIC_REPRESENTATION_CONTEXT(2) 
PARAMETRIC_REPRESENTATION_CONTEXT() REPRESENTATION_CONTEXT('2D SPACE',''
  ) );
#9278 = ORIENTED_EDGE('',*,*,#3555,.T.);
#9279 = ORIENTED_EDGE('',*,*,#9258,.T.);
#9280 = ADVANCED_FACE('',(#9281),#3611,.F.);
#9281 = FACE_BOUND('',#9282,.F.);
#9282 = EDGE_LOOP('',(#9283,#9284,#9305,#9306));
#9283 = ORIENTED_EDGE('',*,*,#6621,.F.);
#9284 = ORIENTED_EDGE('',*,*,#9285,.F.);
#9285 = EDGE_CURVE('',#3591,#6622,#9286,.T.);
#9286 = SEAM_CURVE('',#9287,(#9291,#9298),.PCURVE_S1.);
#9287 = LINE('',#9288,#9289);
#9288 = CARTESIAN_POINT('',(5.2235E+03,155.,10.));
#9289 = VECTOR('',#9290,1.);
#9290 = DIRECTION('',(0.,0.,-1.));
#9291 = PCURVE('',#3611,#9292);
#9292 = DEFINITIONAL_REPRESENTATION('',(#9293),#9297);
#9293 = LINE('',#9294,#9295);
#9294 = CARTESIAN_POINT('',(6.28318530718,-0.));
#9295 = VECTOR('',#9296,1.);
#9296 = DIRECTION('',(0.,1.));
#9297 = ( GEOMETRIC_REPRESENTATION_CONTEXT(2) 
PARAMETRIC_REPRESENTATION_CONTEXT() REPRESENTATION_CONTEXT('2D SPACE',''
  ) );
#9298 = PCURVE('',#3611,#9299);
#9299 = DEFINITIONAL_REPRESENTATION('',(#9300),#9304);
#9300 = LINE('',#9301,#9302);
#9301 = CARTESIAN_POINT('',(0.,-0.));
#9302 = VECTOR('',#9303,1.);
#9303 = DIRECTION('',(0.,1.));
#9304 = ( GEOMETRIC_REPRESENTATION_CONTEXT(2) 
PARAMETRIC_REPRESENTATION_CONTEXT() REPRESENTATION_CONTEXT('2D SPACE',''
  ) );
#9305 = ORIENTED_EDGE('',*,*,#3590,.T.);
#9306 = ORIENTED_EDGE('',*,*,#9285,.T.);
#9307 = ADVANCED_FACE('',(#9308),#3646,.F.);
#9308 = FACE_BOUND('',#9309,.F.);
#9309 = EDGE_LOOP('',(#9310,#9311,#9332,#9333));
#9310 = ORIENTED_EDGE('',*,*,#6651,.F.);
#9311 = ORIENTED_EDGE('',*,*,#9312,.F.);
#9312 = EDGE_CURVE('',#3626,#6652,#9313,.T.);
#9313 = SEAM_CURVE('',#9314,(#9318,#9325),.PCURVE_S1.);
#9314 = LINE('',#9315,#9316);
#9315 = CARTESIAN_POINT('',(5.3135E+03,155.,10.));
#9316 = VECTOR('',#9317,1.);
#9317 = DIRECTION('',(0.,0.,-1.));
#9318 = PCURVE('',#3646,#9319);
#9319 = DEFINITIONAL_REPRESENTATION('',(#9320),#9324);
#9320 = LINE('',#9321,#9322);
#9321 = CARTESIAN_POINT('',(6.28318530718,-0.));
#9322 = VECTOR('',#9323,1.);
#9323 = DIRECTION('',(0.,1.));
#9324 = ( GEOMETRIC_REPRESENTATION_CONTEXT(2) 
PARAMETRIC_REPRESENTATION_CONTEXT() REPRESENTATION_CONTEXT('2D SPACE',''
  ) );
#9325 = PCURVE('',#3646,#9326);
#9326 = DEFINITIONAL_REPRESENTATION('',(#9327),#9331);
#9327 = LINE('',#9328,#9329);
#9328 = CARTESIAN_POINT('',(0.,-0.));
#9329 = VECTOR('',#9330,1.);
#9330 = DIRECTION('',(0.,1.));
#9331 = ( GEOMETRIC_REPRESENTATION_CONTEXT(2) 
PARAMETRIC_REPRESENTATION_CONTEXT() REPRESENTATION_CONTEXT('2D SPACE',''
  ) );
#9332 = ORIENTED_EDGE('',*,*,#3625,.T.);
#9333 = ORIENTED_EDGE('',*,*,#9312,.T.);
#9334 = ADVANCED_FACE('',(#9335),#3681,.F.);
#9335 = FACE_BOUND('',#9336,.F.);
#9336 = EDGE_LOOP('',(#9337,#9338,#9359,#9360));
#9337 = ORIENTED_EDGE('',*,*,#6681,.F.);
#9338 = ORIENTED_EDGE('',*,*,#9339,.F.);
#9339 = EDGE_CURVE('',#3661,#6682,#9340,.T.);
#9340 = SEAM_CURVE('',#9341,(#9345,#9352),.PCURVE_S1.);
#9341 = LINE('',#9342,#9343);
#9342 = CARTESIAN_POINT('',(5.4035E+03,155.,10.));
#9343 = VECTOR('',#9344,1.);
#9344 = DIRECTION('',(0.,0.,-1.));
#9345 = PCURVE('',#3681,#9346);
#9346 = DEFINITIONAL_REPRESENTATION('',(#9347),#9351);
#9347 = LINE('',#9348,#9349);
#9348 = CARTESIAN_POINT('',(6.28318530718,-0.));
#9349 = VECTOR('',#9350,1.);
#9350 = DIRECTION('',(0.,1.));
#9351 = ( GEOMETRIC_REPRESENTATION_CONTEXT(2) 
PARAMETRIC_REPRESENTATION_CONTEXT() REPRESENTATION_CONTEXT('2D SPACE',''
  ) );
#9352 = PCURVE('',#3681,#9353);
#9353 = DEFINITIONAL_REPRESENTATION('',(#9354),#9358);
#9354 = LINE('',#9355,#9356);
#9355 = CARTESIAN_POINT('',(0.,-0.));
#9356 = VECTOR('',#9357,1.);
#9357 = DIRECTION('',(0.,1.));
#9358 = ( GEOMETRIC_REPRESENTATION_CONTEXT(2) 
PARAMETRIC_REPRESENTATION_CONTEXT() REPRESENTATION_CONTEXT('2D SPACE',''
  ) );
#9359 = ORIENTED_EDGE('',*,*,#3660,.T.);
#9360 = ORIENTED_EDGE('',*,*,#9339,.T.);
#9361 = ( GEOMETRIC_REPRESENTATION_CONTEXT(3) 
GLOBAL_UNCERTAINTY_ASSIGNED_CONTEXT((#9365)) 
GLOBAL_UNIT_ASSIGNED_CONTEXT((#9362,#9363,#9364)) REPRESENTATION_CONTEXT
('Context #1','3D Context with UNIT and UNCERTAINTY') );
#9362 = ( LENGTH_UNIT() NAMED_UNIT(*) SI_UNIT(.MILLI.,.METRE.) );
#9363 = ( NAMED_UNIT(*) PLANE_ANGLE_UNIT() SI_UNIT($,.RADIAN.) );
#9364 = ( NAMED_UNIT(*) SI_UNIT($,.STERADIAN.) SOLID_ANGLE_UNIT() );
#9365 = UNCERTAINTY_MEASURE_WITH_UNIT(LENGTH_MEASURE(1.E-07),#9362,
  'distance_accuracy_value','confusion accuracy');
#9366 = PRODUCT_RELATED_PRODUCT_CATEGORY('part',$,(#7));
ENDSEC;
END-ISO-10303-21;
