ISO-10303-21;
HEADER;
FILE_DESCRIPTION(('Open CASCADE Model'),'2;1');
FILE_NAME('Open CASCADE Shape Model','2026-10-04T20:36:25',('Author'),(
    'Open CASCADE'),'Open CASCADE STEP processor 7.9','Open CASCADE 7.9'
  ,'Unknown');
FILE_SCHEMA(('AUTOMOTIVE_DESIGN { 1 0 10303 214 1 1 1 1 }'));
ENDSEC;
DATA;
#1 = APPLICATION_PROTOCOL_DEFINITION('international standard',
  'automotive_design',2000,#2);
#2 = APPLICATION_CONTEXT(
  'core data for automotive mechanical design processes');
#3 = SHAPE_DEFINITION_REPRESENTATION(#4,#10);
#4 = PRODUCT_DEFINITION_SHAPE('','',#5);
#5 = PRODUCT_DEFINITION('design','',#6,#9);
#6 = PRODUCT_DEFINITION_FORMATION('','',#7);
#7 = PRODUCT('NB1-1-U','NB1-1-U','',(#8));
#8 = PRODUCT_CONTEXT('',#2,'mechanical');
#9 = PRODUCT_DEFINITION_CONTEXT('part definition',#2,'design');
#10 = ADVANCED_BREP_SHAPE_REPRESENTATION('',(#11,#15),#8165);
#11 = AXIS2_PLACEMENT_3D('',#12,#13,#14);
#12 = CARTESIAN_POINT('',(0.,0.,0.));
#13 = DIRECTION('',(0.,0.,1.));
#14 = DIRECTION('',(1.,0.,-0.));
#15 = MANIFOLD_SOLID_BREP('',#16);
#16 = CLOSED_SHELL('',(#17,#137,#213,#3237,#3286,#5863,#5870,#5897,#5924
    ,#5951,#5978,#6005,#6032,#6059,#6086,#6113,#6140,#6167,#6194,#6221,
    #6248,#6275,#6302,#6329,#6356,#6383,#6410,#6437,#6464,#6491,#6518,
    #6545,#6572,#6599,#6626,#6653,#6680,#6707,#6734,#6761,#6788,#6815,
    #6842,#6869,#6896,#6923,#6950,#6977,#7004,#7031,#7058,#7085,#7112,
    #7139,#7166,#7193,#7220,#7247,#7274,#7301,#7328,#7355,#7382,#7409,
    #7436,#7463,#7490,#7517,#7544,#7571,#7598,#7625,#7652,#7679,#7706,
    #7733,#7760,#7787,#7814,#7841,#7868,#7895,#7922,#7949,#7976,#8003,
    #8030,#8057,#8084,#8111,#8138));
#17 = ADVANCED_FACE('',(#18),#32,.F.);
#18 = FACE_BOUND('',#19,.F.);
#19 = EDGE_LOOP('',(#20,#55,#83,#111));
#20 = ORIENTED_EDGE('',*,*,#21,.F.);
#21 = EDGE_CURVE('',#22,#24,#26,.T.);
#22 = VERTEX_POINT('',#23);
#23 = CARTESIAN_POINT('',(0.,0.,0.));
#24 = VERTEX_POINT('',#25);
#25 = CARTESIAN_POINT('',(0.,0.,10.));
#26 = SURFACE_CURVE('',#27,(#31,#43),.PCURVE_S1.);
#27 = LINE('',#28,#29);
#28 = CARTESIAN_POINT('',(0.,0.,0.));
#29 = VECTOR('',#30,1.);
#30 = DIRECTION('',(0.,0.,1.));
#31 = PCURVE('',#32,#37);
#32 = PLANE('',#33);
#33 = AXIS2_PLACEMENT_3D('',#34,#35,#36);
#34 = CARTESIAN_POINT('',(0.,0.,0.));
#35 = DIRECTION('',(1.,0.,0.));
#36 = DIRECTION('',(0.,0.,1.));
#37 = DEFINITIONAL_REPRESENTATION('',(#38),#42);
#38 = LINE('',#39,#40);
#39 = CARTESIAN_POINT('',(0.,0.));
#40 = VECTOR('',#41,1.);
#41 = DIRECTION('',(1.,0.));
#42 = ( GEOMETRIC_REPRESENTATION_CONTEXT(2) 
PARAMETRIC_REPRESENTATION_CONTEXT() REPRESENTATION_CONTEXT('2D SPACE',''
  ) );
#43 = PCURVE('',#44,#49);
#44 = PLANE('',#45);
#45 = AXIS2_PLACEMENT_3D('',#46,#47,#48);
#46 = CARTESIAN_POINT('',(0.,0.,0.));
#47 = DIRECTION('',(0.,1.,0.));
#48 = DIRECTION('',(0.,0.,1.));
#49 = DEFINITIONAL_REPRESENTATION('',(#50),#54);
#50 = LINE('',#51,#52);
#51 = CARTESIAN_POINT('',(0.,0.));
#52 = VECTOR('',#53,1.);
#53 = DIRECTION('',(1.,0.));
#54 = ( GEOMETRIC_REPRESENTATION_CONTEXT(2) 
PARAMETRIC_REPRESENTATION_CONTEXT() REPRESENTATION_CONTEXT('2D SPACE',''
  ) );
#55 = ORIENTED_EDGE('',*,*,#56,.T.);
#56 = EDGE_CURVE('',#22,#57,#59,.T.);
#57 = VERTEX_POINT('',#58);
#58 = CARTESIAN_POINT('',(0.,200.,0.));
#59 = SURFACE_CURVE('',#60,(#64,#71),.PCURVE_S1.);
#60 = LINE('',#61,#62);
#61 = CARTESIAN_POINT('',(0.,0.,0.));
#62 = VECTOR('',#63,1.);
#63 = DIRECTION('',(0.,1.,0.));
#64 = PCURVE('',#32,#65);
#65 = DEFINITIONAL_REPRESENTATION('',(#66),#70);
#66 = LINE('',#67,#68);
#67 = CARTESIAN_POINT('',(0.,0.));
#68 = VECTOR('',#69,1.);
#69 = DIRECTION('',(0.,-1.));
#70 = ( GEOMETRIC_REPRESENTATION_CONTEXT(2) 
PARAMETRIC_REPRESENTATION_CONTEXT() REPRESENTATION_CONTEXT('2D SPACE',''
  ) );
#71 = PCURVE('',#72,#77);
#72 = PLANE('',#73);
#73 = AXIS2_PLACEMENT_3D('',#74,#75,#76);
#74 = CARTESIAN_POINT('',(0.,0.,0.));
#75 = DIRECTION('',(0.,0.,1.));
#76 = DIRECTION('',(1.,0.,0.));
#77 = DEFINITIONAL_REPRESENTATION('',(#78),#82);
#78 = LINE('',#79,#80);
#79 = CARTESIAN_POINT('',(0.,0.));
#80 = VECTOR('',#81,1.);
#81 = DIRECTION('',(0.,1.));
#82 = ( GEOMETRIC_REPRESENTATION_CONTEXT(2) 
PARAMETRIC_REPRESENTATION_CONTEXT() REPRESENTATION_CONTEXT('2D SPACE',''
  ) );
#83 = ORIENTED_EDGE('',*,*,#84,.T.);
#84 = EDGE_CURVE('',#57,#85,#87,.T.);
#85 = VERTEX_POINT('',#86);
#86 = CARTESIAN_POINT('',(0.,200.,10.));
#87 = SURFACE_CURVE('',#88,(#92,#99),.PCURVE_S1.);
#88 = LINE('',#89,#90);
#89 = CARTESIAN_POINT('',(0.,200.,0.));
#90 = VECTOR('',#91,1.);
#91 = DIRECTION('',(0.,0.,1.));
#92 = PCURVE('',#32,#93);
#93 = DEFINITIONAL_REPRESENTATION('',(#94),#98);
#94 = LINE('',#95,#96);
#95 = CARTESIAN_POINT('',(0.,-200.));
#96 = VECTOR('',#97,1.);
#97 = DIRECTION('',(1.,0.));
#98 = ( GEOMETRIC_REPRESENTATION_CONTEXT(2) 
PARAMETRIC_REPRESENTATION_CONTEXT() REPRESENTATION_CONTEXT('2D SPACE',''
  ) );
#99 = PCURVE('',#100,#105);
#100 = PLANE('',#101);
#101 = AXIS2_PLACEMENT_3D('',#102,#103,#104);
#102 = CARTESIAN_POINT('',(0.,200.,0.));
#103 = DIRECTION('',(0.,1.,0.));
#104 = DIRECTION('',(0.,0.,1.));
#105 = DEFINITIONAL_REPRESENTATION('',(#106),#110);
#106 = LINE('',#107,#108);
#107 = CARTESIAN_POINT('',(0.,0.));
#108 = VECTOR('',#109,1.);
#109 = DIRECTION('',(1.,0.));
#110 = ( GEOMETRIC_REPRESENTATION_CONTEXT(2) 
PARAMETRIC_REPRESENTATION_CONTEXT() REPRESENTATION_CONTEXT('2D SPACE',''
  ) );
#111 = ORIENTED_EDGE('',*,*,#112,.F.);
#112 = EDGE_CURVE('',#24,#85,#113,.T.);
#113 = SURFACE_CURVE('',#114,(#118,#125),.PCURVE_S1.);
#114 = LINE('',#115,#116);
#115 = CARTESIAN_POINT('',(0.,0.,10.));
#116 = VECTOR('',#117,1.);
#117 = DIRECTION('',(0.,1.,0.));
#118 = PCURVE('',#32,#119);
#119 = DEFINITIONAL_REPRESENTATION('',(#120),#124);
#120 = LINE('',#121,#122);
#121 = CARTESIAN_POINT('',(10.,0.));
#122 = VECTOR('',#123,1.);
#123 = DIRECTION('',(0.,-1.));
#124 = ( GEOMETRIC_REPRESENTATION_CONTEXT(2) 
PARAMETRIC_REPRESENTATION_CONTEXT() REPRESENTATION_CONTEXT('2D SPACE',''
  ) );
#125 = PCURVE('',#126,#131);
#126 = PLANE('',#127);
#127 = AXIS2_PLACEMENT_3D('',#128,#129,#130);
#128 = CARTESIAN_POINT('',(0.,0.,10.));
#129 = DIRECTION('',(0.,0.,1.));
#130 = DIRECTION('',(1.,0.,0.));
#131 = DEFINITIONAL_REPRESENTATION('',(#132),#136);
#132 = LINE('',#133,#134);
#133 = CARTESIAN_POINT('',(0.,0.));
#134 = VECTOR('',#135,1.);
#135 = DIRECTION('',(0.,1.));
#136 = ( GEOMETRIC_REPRESENTATION_CONTEXT(2) 
PARAMETRIC_REPRESENTATION_CONTEXT() REPRESENTATION_CONTEXT('2D SPACE',''
  ) );
#137 = ADVANCED_FACE('',(#138),#44,.F.);
#138 = FACE_BOUND('',#139,.F.);
#139 = EDGE_LOOP('',(#140,#163,#164,#187));
#140 = ORIENTED_EDGE('',*,*,#141,.F.);
#141 = EDGE_CURVE('',#22,#142,#144,.T.);
#142 = VERTEX_POINT('',#143);
#143 = CARTESIAN_POINT('',(5.97E+03,0.,0.));
#144 = SURFACE_CURVE('',#145,(#149,#156),.PCURVE_S1.);
#145 = LINE('',#146,#147);
#146 = CARTESIAN_POINT('',(0.,0.,0.));
#147 = VECTOR('',#148,1.);
#148 = DIRECTION('',(1.,0.,0.));
#149 = PCURVE('',#44,#150);
#150 = DEFINITIONAL_REPRESENTATION('',(#151),#155);
#151 = LINE('',#152,#153);
#152 = CARTESIAN_POINT('',(0.,0.));
#153 = VECTOR('',#154,1.);
#154 = DIRECTION('',(0.,1.));
#155 = ( GEOMETRIC_REPRESENTATION_CONTEXT(2) 
PARAMETRIC_REPRESENTATION_CONTEXT() REPRESENTATION_CONTEXT('2D SPACE',''
  ) );
#156 = PCURVE('',#72,#157);
#157 = DEFINITIONAL_REPRESENTATION('',(#158),#162);
#158 = LINE('',#159,#160);
#159 = CARTESIAN_POINT('',(0.,0.));
#160 = VECTOR('',#161,1.);
#161 = DIRECTION('',(1.,0.));
#162 = ( GEOMETRIC_REPRESENTATION_CONTEXT(2) 
PARAMETRIC_REPRESENTATION_CONTEXT() REPRESENTATION_CONTEXT('2D SPACE',''
  ) );
#163 = ORIENTED_EDGE('',*,*,#21,.T.);
#164 = ORIENTED_EDGE('',*,*,#165,.T.);
#165 = EDGE_CURVE('',#24,#166,#168,.T.);
#166 = VERTEX_POINT('',#167);
#167 = CARTESIAN_POINT('',(5.97E+03,0.,10.));
#168 = SURFACE_CURVE('',#169,(#173,#180),.PCURVE_S1.);
#169 = LINE('',#170,#171);
#170 = CARTESIAN_POINT('',(0.,0.,10.));
#171 = VECTOR('',#172,1.);
#172 = DIRECTION('',(1.,0.,0.));
#173 = PCURVE('',#44,#174);
#174 = DEFINITIONAL_REPRESENTATION('',(#175),#179);
#175 = LINE('',#176,#177);
#176 = CARTESIAN_POINT('',(10.,0.));
#177 = VECTOR('',#178,1.);
#178 = DIRECTION('',(0.,1.));
#179 = ( GEOMETRIC_REPRESENTATION_CONTEXT(2) 
PARAMETRIC_REPRESENTATION_CONTEXT() REPRESENTATION_CONTEXT('2D SPACE',''
  ) );
#180 = PCURVE('',#126,#181);
#181 = DEFINITIONAL_REPRESENTATION('',(#182),#186);
#182 = LINE('',#183,#184);
#183 = CARTESIAN_POINT('',(0.,0.));
#184 = VECTOR('',#185,1.);
#185 = DIRECTION('',(1.,0.));
#186 = ( GEOMETRIC_REPRESENTATION_CONTEXT(2) 
PARAMETRIC_REPRESENTATION_CONTEXT() REPRESENTATION_CONTEXT('2D SPACE',''
  ) );
#187 = ORIENTED_EDGE('',*,*,#188,.F.);
#188 = EDGE_CURVE('',#142,#166,#189,.T.);
#189 = SURFACE_CURVE('',#190,(#194,#201),.PCURVE_S1.);
#190 = LINE('',#191,#192);
#191 = CARTESIAN_POINT('',(5.97E+03,0.,0.));
#192 = VECTOR('',#193,1.);
#193 = DIRECTION('',(0.,0.,1.));
#194 = PCURVE('',#44,#195);
#195 = DEFINITIONAL_REPRESENTATION('',(#196),#200);
#196 = LINE('',#197,#198);
#197 = CARTESIAN_POINT('',(0.,5.97E+03));
#198 = VECTOR('',#199,1.);
#199 = DIRECTION('',(1.,0.));
#200 = ( GEOMETRIC_REPRESENTATION_CONTEXT(2) 
PARAMETRIC_REPRESENTATION_CONTEXT() REPRESENTATION_CONTEXT('2D SPACE',''
  ) );
#201 = PCURVE('',#202,#207);
#202 = PLANE('',#203);
#203 = AXIS2_PLACEMENT_3D('',#204,#205,#206);
#204 = CARTESIAN_POINT('',(5.97E+03,0.,0.));
#205 = DIRECTION('',(1.,0.,0.));
#206 = DIRECTION('',(0.,0.,1.));
#207 = DEFINITIONAL_REPRESENTATION('',(#208),#212);
#208 = LINE('',#209,#210);
#209 = CARTESIAN_POINT('',(0.,0.));
#210 = VECTOR('',#211,1.);
#211 = DIRECTION('',(1.,0.));
#212 = ( GEOMETRIC_REPRESENTATION_CONTEXT(2) 
PARAMETRIC_REPRESENTATION_CONTEXT() REPRESENTATION_CONTEXT('2D SPACE',''
  ) );
#213 = ADVANCED_FACE('',(#214,#262,#297,#332,#367,#402,#437,#472,#507,
    #542,#577,#612,#647,#682,#717,#752,#787,#822,#857,#892,#927,#962,
    #997,#1032,#1067,#1102,#1137,#1172,#1207,#1242,#1277,#1312,#1347,
    #1382,#1417,#1452,#1487,#1522,#1557,#1592,#1627,#1662,#1697,#1732,
    #1767,#1802,#1837,#1872,#1907,#1942,#1977,#2012,#2047,#2082,#2117,
    #2152,#2187,#2222,#2257,#2292,#2327,#2362,#2397,#2432,#2467,#2502,
    #2537,#2572,#2607,#2642,#2677,#2712,#2747,#2782,#2817,#2852,#2887,
    #2922,#2957,#2992,#3027,#3062,#3097,#3132,#3167,#3202),#126,.T.);
#214 = FACE_BOUND('',#215,.T.);
#215 = EDGE_LOOP('',(#216,#217,#218,#241));
#216 = ORIENTED_EDGE('',*,*,#112,.F.);
#217 = ORIENTED_EDGE('',*,*,#165,.T.);
#218 = ORIENTED_EDGE('',*,*,#219,.T.);
#219 = EDGE_CURVE('',#166,#220,#222,.T.);
#220 = VERTEX_POINT('',#221);
#221 = CARTESIAN_POINT('',(5.97E+03,200.,10.));
#222 = SURFACE_CURVE('',#223,(#227,#234),.PCURVE_S1.);
#223 = LINE('',#224,#225);
#224 = CARTESIAN_POINT('',(5.97E+03,0.,10.));
#225 = VECTOR('',#226,1.);
#226 = DIRECTION('',(0.,1.,0.));
#227 = PCURVE('',#126,#228);
#228 = DEFINITIONAL_REPRESENTATION('',(#229),#233);
#229 = LINE('',#230,#231);
#230 = CARTESIAN_POINT('',(5.97E+03,0.));
#231 = VECTOR('',#232,1.);
#232 = DIRECTION('',(0.,1.));
#233 = ( GEOMETRIC_REPRESENTATION_CONTEXT(2) 
PARAMETRIC_REPRESENTATION_CONTEXT() REPRESENTATION_CONTEXT('2D SPACE',''
  ) );
#234 = PCURVE('',#202,#235);
#235 = DEFINITIONAL_REPRESENTATION('',(#236),#240);
#236 = LINE('',#237,#238);
#237 = CARTESIAN_POINT('',(10.,0.));
#238 = VECTOR('',#239,1.);
#239 = DIRECTION('',(0.,-1.));
#240 = ( GEOMETRIC_REPRESENTATION_CONTEXT(2) 
PARAMETRIC_REPRESENTATION_CONTEXT() REPRESENTATION_CONTEXT('2D SPACE',''
  ) );
#241 = ORIENTED_EDGE('',*,*,#242,.F.);
#242 = EDGE_CURVE('',#85,#220,#243,.T.);
#243 = SURFACE_CURVE('',#244,(#248,#255),.PCURVE_S1.);
#244 = LINE('',#245,#246);
#245 = CARTESIAN_POINT('',(0.,200.,10.));
#246 = VECTOR('',#247,1.);
#247 = DIRECTION('',(1.,0.,0.));
#248 = PCURVE('',#126,#249);
#249 = DEFINITIONAL_REPRESENTATION('',(#250),#254);
#250 = LINE('',#251,#252);
#251 = CARTESIAN_POINT('',(0.,200.));
#252 = VECTOR('',#253,1.);
#253 = DIRECTION('',(1.,0.));
#254 = ( GEOMETRIC_REPRESENTATION_CONTEXT(2) 
PARAMETRIC_REPRESENTATION_CONTEXT() REPRESENTATION_CONTEXT('2D SPACE',''
  ) );
#255 = PCURVE('',#100,#256);
#256 = DEFINITIONAL_REPRESENTATION('',(#257),#261);
#257 = LINE('',#258,#259);
#258 = CARTESIAN_POINT('',(10.,0.));
#259 = VECTOR('',#260,1.);
#260 = DIRECTION('',(0.,1.));
#261 = ( GEOMETRIC_REPRESENTATION_CONTEXT(2) 
PARAMETRIC_REPRESENTATION_CONTEXT() REPRESENTATION_CONTEXT('2D SPACE',''
  ) );
#262 = FACE_BOUND('',#263,.T.);
#263 = EDGE_LOOP('',(#264));
#264 = ORIENTED_EDGE('',*,*,#265,.T.);
#265 = EDGE_CURVE('',#266,#266,#268,.T.);
#266 = VERTEX_POINT('',#267);
#267 = CARTESIAN_POINT('',(69.75,45.,10.));
#268 = SURFACE_CURVE('',#269,(#274,#285),.PCURVE_S1.);
#269 = CIRCLE('',#270,5.25);
#270 = AXIS2_PLACEMENT_3D('',#271,#272,#273);
#271 = CARTESIAN_POINT('',(75.,45.,10.));
#272 = DIRECTION('',(0.,0.,-1.));
#273 = DIRECTION('',(-1.,0.,0.));
#274 = PCURVE('',#126,#275);
#275 = DEFINITIONAL_REPRESENTATION('',(#276),#284);
#276 = ( BOUNDED_CURVE() B_SPLINE_CURVE(2,(#277,#278,#279,#280,#281,#282
,#283),.UNSPECIFIED.,.T.,.F.) B_SPLINE_CURVE_WITH_KNOTS((1,2,2,2,2,1),(
    -2.094395102393,0.,2.094395102393,4.188790204786,6.28318530718,
8.377580409573),.UNSPECIFIED.) CURVE() GEOMETRIC_REPRESENTATION_ITEM() 
RATIONAL_B_SPLINE_CURVE((1.,0.5,1.,0.5,1.,0.5,1.)) REPRESENTATION_ITEM(
  '') );
#277 = CARTESIAN_POINT('',(69.75,45.));
#278 = CARTESIAN_POINT('',(69.75,54.093266739737));
#279 = CARTESIAN_POINT('',(77.625,49.546633369868));
#280 = CARTESIAN_POINT('',(85.5,45.));
#281 = CARTESIAN_POINT('',(77.625,40.453366630132));
#282 = CARTESIAN_POINT('',(69.75,35.906733260263));
#283 = CARTESIAN_POINT('',(69.75,45.));
#284 = ( GEOMETRIC_REPRESENTATION_CONTEXT(2) 
PARAMETRIC_REPRESENTATION_CONTEXT() REPRESENTATION_CONTEXT('2D SPACE',''
  ) );
#285 = PCURVE('',#286,#291);
#286 = CYLINDRICAL_SURFACE('',#287,5.25);
#287 = AXIS2_PLACEMENT_3D('',#288,#289,#290);
#288 = CARTESIAN_POINT('',(75.,45.,10.));
#289 = DIRECTION('',(0.,0.,-1.));
#290 = DIRECTION('',(-1.,0.,0.));
#291 = DEFINITIONAL_REPRESENTATION('',(#292),#296);
#292 = LINE('',#293,#294);
#293 = CARTESIAN_POINT('',(0.,0.));
#294 = VECTOR('',#295,1.);
#295 = DIRECTION('',(1.,0.));
#296 = ( GEOMETRIC_REPRESENTATION_CONTEXT(2) 
PARAMETRIC_REPRESENTATION_CONTEXT() REPRESENTATION_CONTEXT('2D SPACE',''
  ) );
#297 = FACE_BOUND('',#298,.T.);
#298 = EDGE_LOOP('',(#299));
#299 = ORIENTED_EDGE('',*,*,#300,.T.);
#300 = EDGE_CURVE('',#301,#301,#303,.T.);
#301 = VERTEX_POINT('',#302);
#302 = CARTESIAN_POINT('',(139.75,45.,10.));
#303 = SURFACE_CURVE('',#304,(#309,#320),.PCURVE_S1.);
#304 = CIRCLE('',#305,5.25);
#305 = AXIS2_PLACEMENT_3D('',#306,#307,#308);
#306 = CARTESIAN_POINT('',(145.,45.,10.));
#307 = DIRECTION('',(0.,0.,-1.));
#308 = DIRECTION('',(-1.,0.,0.));
#309 = PCURVE('',#126,#310);
#310 = DEFINITIONAL_REPRESENTATION('',(#311),#319);
#311 = ( BOUNDED_CURVE() B_SPLINE_CURVE(2,(#312,#313,#314,#315,#316,#317
,#318),.UNSPECIFIED.,.T.,.F.) B_SPLINE_CURVE_WITH_KNOTS((1,2,2,2,2,1),(
    -2.094395102393,0.,2.094395102393,4.188790204786,6.28318530718,
8.377580409573),.UNSPECIFIED.) CURVE() GEOMETRIC_REPRESENTATION_ITEM() 
RATIONAL_B_SPLINE_CURVE((1.,0.5,1.,0.5,1.,0.5,1.)) REPRESENTATION_ITEM(
  '') );
#312 = CARTESIAN_POINT('',(139.75,45.));
#313 = CARTESIAN_POINT('',(139.75,54.093266739737));
#314 = CARTESIAN_POINT('',(147.625,49.546633369868));
#315 = CARTESIAN_POINT('',(155.5,45.));
#316 = CARTESIAN_POINT('',(147.625,40.453366630132));
#317 = CARTESIAN_POINT('',(139.75,35.906733260263));
#318 = CARTESIAN_POINT('',(139.75,45.));
#319 = ( GEOMETRIC_REPRESENTATION_CONTEXT(2) 
PARAMETRIC_REPRESENTATION_CONTEXT() REPRESENTATION_CONTEXT('2D SPACE',''
  ) );
#320 = PCURVE('',#321,#326);
#321 = CYLINDRICAL_SURFACE('',#322,5.25);
#322 = AXIS2_PLACEMENT_3D('',#323,#324,#325);
#323 = CARTESIAN_POINT('',(145.,45.,10.));
#324 = DIRECTION('',(0.,0.,-1.));
#325 = DIRECTION('',(-1.,0.,0.));
#326 = DEFINITIONAL_REPRESENTATION('',(#327),#331);
#327 = LINE('',#328,#329);
#328 = CARTESIAN_POINT('',(0.,0.));
#329 = VECTOR('',#330,1.);
#330 = DIRECTION('',(1.,0.));
#331 = ( GEOMETRIC_REPRESENTATION_CONTEXT(2) 
PARAMETRIC_REPRESENTATION_CONTEXT() REPRESENTATION_CONTEXT('2D SPACE',''
  ) );
#332 = FACE_BOUND('',#333,.T.);
#333 = EDGE_LOOP('',(#334));
#334 = ORIENTED_EDGE('',*,*,#335,.T.);
#335 = EDGE_CURVE('',#336,#336,#338,.T.);
#336 = VERTEX_POINT('',#337);
#337 = CARTESIAN_POINT('',(209.75,45.,10.));
#338 = SURFACE_CURVE('',#339,(#344,#355),.PCURVE_S1.);
#339 = CIRCLE('',#340,5.25);
#340 = AXIS2_PLACEMENT_3D('',#341,#342,#343);
#341 = CARTESIAN_POINT('',(215.,45.,10.));
#342 = DIRECTION('',(0.,0.,-1.));
#343 = DIRECTION('',(-1.,0.,0.));
#344 = PCURVE('',#126,#345);
#345 = DEFINITIONAL_REPRESENTATION('',(#346),#354);
#346 = ( BOUNDED_CURVE() B_SPLINE_CURVE(2,(#347,#348,#349,#350,#351,#352
,#353),.UNSPECIFIED.,.T.,.F.) B_SPLINE_CURVE_WITH_KNOTS((1,2,2,2,2,1),(
    -2.094395102393,0.,2.094395102393,4.188790204786,6.28318530718,
8.377580409573),.UNSPECIFIED.) CURVE() GEOMETRIC_REPRESENTATION_ITEM() 
RATIONAL_B_SPLINE_CURVE((1.,0.5,1.,0.5,1.,0.5,1.)) REPRESENTATION_ITEM(
  '') );
#347 = CARTESIAN_POINT('',(209.75,45.));
#348 = CARTESIAN_POINT('',(209.75,54.093266739737));
#349 = CARTESIAN_POINT('',(217.625,49.546633369868));
#350 = CARTESIAN_POINT('',(225.5,45.));
#351 = CARTESIAN_POINT('',(217.625,40.453366630132));
#352 = CARTESIAN_POINT('',(209.75,35.906733260263));
#353 = CARTESIAN_POINT('',(209.75,45.));
#354 = ( GEOMETRIC_REPRESENTATION_CONTEXT(2) 
PARAMETRIC_REPRESENTATION_CONTEXT() REPRESENTATION_CONTEXT('2D SPACE',''
  ) );
#355 = PCURVE('',#356,#361);
#356 = CYLINDRICAL_SURFACE('',#357,5.25);
#357 = AXIS2_PLACEMENT_3D('',#358,#359,#360);
#358 = CARTESIAN_POINT('',(215.,45.,10.));
#359 = DIRECTION('',(0.,0.,-1.));
#360 = DIRECTION('',(-1.,0.,0.));
#361 = DEFINITIONAL_REPRESENTATION('',(#362),#366);
#362 = LINE('',#363,#364);
#363 = CARTESIAN_POINT('',(0.,0.));
#364 = VECTOR('',#365,1.);
#365 = DIRECTION('',(1.,0.));
#366 = ( GEOMETRIC_REPRESENTATION_CONTEXT(2) 
PARAMETRIC_REPRESENTATION_CONTEXT() REPRESENTATION_CONTEXT('2D SPACE',''
  ) );
#367 = FACE_BOUND('',#368,.T.);
#368 = EDGE_LOOP('',(#369));
#369 = ORIENTED_EDGE('',*,*,#370,.T.);
#370 = EDGE_CURVE('',#371,#371,#373,.T.);
#371 = VERTEX_POINT('',#372);
#372 = CARTESIAN_POINT('',(279.75,45.,10.));
#373 = SURFACE_CURVE('',#374,(#379,#390),.PCURVE_S1.);
#374 = CIRCLE('',#375,5.25);
#375 = AXIS2_PLACEMENT_3D('',#376,#377,#378);
#376 = CARTESIAN_POINT('',(285.,45.,10.));
#377 = DIRECTION('',(0.,0.,-1.));
#378 = DIRECTION('',(-1.,0.,0.));
#379 = PCURVE('',#126,#380);
#380 = DEFINITIONAL_REPRESENTATION('',(#381),#389);
#381 = ( BOUNDED_CURVE() B_SPLINE_CURVE(2,(#382,#383,#384,#385,#386,#387
,#388),.UNSPECIFIED.,.T.,.F.) B_SPLINE_CURVE_WITH_KNOTS((1,2,2,2,2,1),(
    -2.094395102393,0.,2.094395102393,4.188790204786,6.28318530718,
8.377580409573),.UNSPECIFIED.) CURVE() GEOMETRIC_REPRESENTATION_ITEM() 
RATIONAL_B_SPLINE_CURVE((1.,0.5,1.,0.5,1.,0.5,1.)) REPRESENTATION_ITEM(
  '') );
#382 = CARTESIAN_POINT('',(279.75,45.));
#383 = CARTESIAN_POINT('',(279.75,54.093266739737));
#384 = CARTESIAN_POINT('',(287.625,49.546633369868));
#385 = CARTESIAN_POINT('',(295.5,45.));
#386 = CARTESIAN_POINT('',(287.625,40.453366630132));
#387 = CARTESIAN_POINT('',(279.75,35.906733260263));
#388 = CARTESIAN_POINT('',(279.75,45.));
#389 = ( GEOMETRIC_REPRESENTATION_CONTEXT(2) 
PARAMETRIC_REPRESENTATION_CONTEXT() REPRESENTATION_CONTEXT('2D SPACE',''
  ) );
#390 = PCURVE('',#391,#396);
#391 = CYLINDRICAL_SURFACE('',#392,5.25);
#392 = AXIS2_PLACEMENT_3D('',#393,#394,#395);
#393 = CARTESIAN_POINT('',(285.,45.,10.));
#394 = DIRECTION('',(0.,0.,-1.));
#395 = DIRECTION('',(-1.,0.,0.));
#396 = DEFINITIONAL_REPRESENTATION('',(#397),#401);
#397 = LINE('',#398,#399);
#398 = CARTESIAN_POINT('',(0.,0.));
#399 = VECTOR('',#400,1.);
#400 = DIRECTION('',(1.,0.));
#401 = ( GEOMETRIC_REPRESENTATION_CONTEXT(2) 
PARAMETRIC_REPRESENTATION_CONTEXT() REPRESENTATION_CONTEXT('2D SPACE',''
  ) );
#402 = FACE_BOUND('',#403,.T.);
#403 = EDGE_LOOP('',(#404));
#404 = ORIENTED_EDGE('',*,*,#405,.T.);
#405 = EDGE_CURVE('',#406,#406,#408,.T.);
#406 = VERTEX_POINT('',#407);
#407 = CARTESIAN_POINT('',(349.75,45.,10.));
#408 = SURFACE_CURVE('',#409,(#414,#425),.PCURVE_S1.);
#409 = CIRCLE('',#410,5.25);
#410 = AXIS2_PLACEMENT_3D('',#411,#412,#413);
#411 = CARTESIAN_POINT('',(355.,45.,10.));
#412 = DIRECTION('',(0.,0.,-1.));
#413 = DIRECTION('',(-1.,0.,0.));
#414 = PCURVE('',#126,#415);
#415 = DEFINITIONAL_REPRESENTATION('',(#416),#424);
#416 = ( BOUNDED_CURVE() B_SPLINE_CURVE(2,(#417,#418,#419,#420,#421,#422
,#423),.UNSPECIFIED.,.T.,.F.) B_SPLINE_CURVE_WITH_KNOTS((1,2,2,2,2,1),(
    -2.094395102393,0.,2.094395102393,4.188790204786,6.28318530718,
8.377580409573),.UNSPECIFIED.) CURVE() GEOMETRIC_REPRESENTATION_ITEM() 
RATIONAL_B_SPLINE_CURVE((1.,0.5,1.,0.5,1.,0.5,1.)) REPRESENTATION_ITEM(
  '') );
#417 = CARTESIAN_POINT('',(349.75,45.));
#418 = CARTESIAN_POINT('',(349.75,54.093266739737));
#419 = CARTESIAN_POINT('',(357.625,49.546633369868));
#420 = CARTESIAN_POINT('',(365.5,45.));
#421 = CARTESIAN_POINT('',(357.625,40.453366630132));
#422 = CARTESIAN_POINT('',(349.75,35.906733260263));
#423 = CARTESIAN_POINT('',(349.75,45.));
#424 = ( GEOMETRIC_REPRESENTATION_CONTEXT(2) 
PARAMETRIC_REPRESENTATION_CONTEXT() REPRESENTATION_CONTEXT('2D SPACE',''
  ) );
#425 = PCURVE('',#426,#431);
#426 = CYLINDRICAL_SURFACE('',#427,5.25);
#427 = AXIS2_PLACEMENT_3D('',#428,#429,#430);
#428 = CARTESIAN_POINT('',(355.,45.,10.));
#429 = DIRECTION('',(0.,0.,-1.));
#430 = DIRECTION('',(-1.,0.,0.));
#431 = DEFINITIONAL_REPRESENTATION('',(#432),#436);
#432 = LINE('',#433,#434);
#433 = CARTESIAN_POINT('',(0.,0.));
#434 = VECTOR('',#435,1.);
#435 = DIRECTION('',(1.,0.));
#436 = ( GEOMETRIC_REPRESENTATION_CONTEXT(2) 
PARAMETRIC_REPRESENTATION_CONTEXT() REPRESENTATION_CONTEXT('2D SPACE',''
  ) );
#437 = FACE_BOUND('',#438,.T.);
#438 = EDGE_LOOP('',(#439));
#439 = ORIENTED_EDGE('',*,*,#440,.T.);
#440 = EDGE_CURVE('',#441,#441,#443,.T.);
#441 = VERTEX_POINT('',#442);
#442 = CARTESIAN_POINT('',(419.75,45.,10.));
#443 = SURFACE_CURVE('',#444,(#449,#460),.PCURVE_S1.);
#444 = CIRCLE('',#445,5.25);
#445 = AXIS2_PLACEMENT_3D('',#446,#447,#448);
#446 = CARTESIAN_POINT('',(425.,45.,10.));
#447 = DIRECTION('',(0.,0.,-1.));
#448 = DIRECTION('',(-1.,0.,0.));
#449 = PCURVE('',#126,#450);
#450 = DEFINITIONAL_REPRESENTATION('',(#451),#459);
#451 = ( BOUNDED_CURVE() B_SPLINE_CURVE(2,(#452,#453,#454,#455,#456,#457
,#458),.UNSPECIFIED.,.T.,.F.) B_SPLINE_CURVE_WITH_KNOTS((1,2,2,2,2,1),(
    -2.094395102393,0.,2.094395102393,4.188790204786,6.28318530718,
8.377580409573),.UNSPECIFIED.) CURVE() GEOMETRIC_REPRESENTATION_ITEM() 
RATIONAL_B_SPLINE_CURVE((1.,0.5,1.,0.5,1.,0.5,1.)) REPRESENTATION_ITEM(
  '') );
#452 = CARTESIAN_POINT('',(419.75,45.));
#453 = CARTESIAN_POINT('',(419.75,54.093266739737));
#454 = CARTESIAN_POINT('',(427.625,49.546633369868));
#455 = CARTESIAN_POINT('',(435.5,45.));
#456 = CARTESIAN_POINT('',(427.625,40.453366630132));
#457 = CARTESIAN_POINT('',(419.75,35.906733260263));
#458 = CARTESIAN_POINT('',(419.75,45.));
#459 = ( GEOMETRIC_REPRESENTATION_CONTEXT(2) 
PARAMETRIC_REPRESENTATION_CONTEXT() REPRESENTATION_CONTEXT('2D SPACE',''
  ) );
#460 = PCURVE('',#461,#466);
#461 = CYLINDRICAL_SURFACE('',#462,5.25);
#462 = AXIS2_PLACEMENT_3D('',#463,#464,#465);
#463 = CARTESIAN_POINT('',(425.,45.,10.));
#464 = DIRECTION('',(0.,0.,-1.));
#465 = DIRECTION('',(-1.,0.,0.));
#466 = DEFINITIONAL_REPRESENTATION('',(#467),#471);
#467 = LINE('',#468,#469);
#468 = CARTESIAN_POINT('',(0.,0.));
#469 = VECTOR('',#470,1.);
#470 = DIRECTION('',(1.,0.));
#471 = ( GEOMETRIC_REPRESENTATION_CONTEXT(2) 
PARAMETRIC_REPRESENTATION_CONTEXT() REPRESENTATION_CONTEXT('2D SPACE',''
  ) );
#472 = FACE_BOUND('',#473,.T.);
#473 = EDGE_LOOP('',(#474));
#474 = ORIENTED_EDGE('',*,*,#475,.T.);
#475 = EDGE_CURVE('',#476,#476,#478,.T.);
#476 = VERTEX_POINT('',#477);
#477 = CARTESIAN_POINT('',(489.75,45.,10.));
#478 = SURFACE_CURVE('',#479,(#484,#495),.PCURVE_S1.);
#479 = CIRCLE('',#480,5.25);
#480 = AXIS2_PLACEMENT_3D('',#481,#482,#483);
#481 = CARTESIAN_POINT('',(495.,45.,10.));
#482 = DIRECTION('',(0.,0.,-1.));
#483 = DIRECTION('',(-1.,0.,0.));
#484 = PCURVE('',#126,#485);
#485 = DEFINITIONAL_REPRESENTATION('',(#486),#494);
#486 = ( BOUNDED_CURVE() B_SPLINE_CURVE(2,(#487,#488,#489,#490,#491,#492
,#493),.UNSPECIFIED.,.T.,.F.) B_SPLINE_CURVE_WITH_KNOTS((1,2,2,2,2,1),(
    -2.094395102393,0.,2.094395102393,4.188790204786,6.28318530718,
8.377580409573),.UNSPECIFIED.) CURVE() GEOMETRIC_REPRESENTATION_ITEM() 
RATIONAL_B_SPLINE_CURVE((1.,0.5,1.,0.5,1.,0.5,1.)) REPRESENTATION_ITEM(
  '') );
#487 = CARTESIAN_POINT('',(489.75,45.));
#488 = CARTESIAN_POINT('',(489.75,54.093266739737));
#489 = CARTESIAN_POINT('',(497.625,49.546633369868));
#490 = CARTESIAN_POINT('',(505.5,45.));
#491 = CARTESIAN_POINT('',(497.625,40.453366630132));
#492 = CARTESIAN_POINT('',(489.75,35.906733260263));
#493 = CARTESIAN_POINT('',(489.75,45.));
#494 = ( GEOMETRIC_REPRESENTATION_CONTEXT(2) 
PARAMETRIC_REPRESENTATION_CONTEXT() REPRESENTATION_CONTEXT('2D SPACE',''
  ) );
#495 = PCURVE('',#496,#501);
#496 = CYLINDRICAL_SURFACE('',#497,5.25);
#497 = AXIS2_PLACEMENT_3D('',#498,#499,#500);
#498 = CARTESIAN_POINT('',(495.,45.,10.));
#499 = DIRECTION('',(0.,0.,-1.));
#500 = DIRECTION('',(-1.,0.,0.));
#501 = DEFINITIONAL_REPRESENTATION('',(#502),#506);
#502 = LINE('',#503,#504);
#503 = CARTESIAN_POINT('',(0.,0.));
#504 = VECTOR('',#505,1.);
#505 = DIRECTION('',(1.,0.));
#506 = ( GEOMETRIC_REPRESENTATION_CONTEXT(2) 
PARAMETRIC_REPRESENTATION_CONTEXT() REPRESENTATION_CONTEXT('2D SPACE',''
  ) );
#507 = FACE_BOUND('',#508,.T.);
#508 = EDGE_LOOP('',(#509));
#509 = ORIENTED_EDGE('',*,*,#510,.T.);
#510 = EDGE_CURVE('',#511,#511,#513,.T.);
#511 = VERTEX_POINT('',#512);
#512 = CARTESIAN_POINT('',(574.75,45.,10.));
#513 = SURFACE_CURVE('',#514,(#519,#530),.PCURVE_S1.);
#514 = CIRCLE('',#515,5.25);
#515 = AXIS2_PLACEMENT_3D('',#516,#517,#518);
#516 = CARTESIAN_POINT('',(580.,45.,10.));
#517 = DIRECTION('',(0.,0.,-1.));
#518 = DIRECTION('',(-1.,0.,0.));
#519 = PCURVE('',#126,#520);
#520 = DEFINITIONAL_REPRESENTATION('',(#521),#529);
#521 = ( BOUNDED_CURVE() B_SPLINE_CURVE(2,(#522,#523,#524,#525,#526,#527
,#528),.UNSPECIFIED.,.T.,.F.) B_SPLINE_CURVE_WITH_KNOTS((1,2,2,2,2,1),(
    -2.094395102393,0.,2.094395102393,4.188790204786,6.28318530718,
8.377580409573),.UNSPECIFIED.) CURVE() GEOMETRIC_REPRESENTATION_ITEM() 
RATIONAL_B_SPLINE_CURVE((1.,0.5,1.,0.5,1.,0.5,1.)) REPRESENTATION_ITEM(
  '') );
#522 = CARTESIAN_POINT('',(574.75,45.));
#523 = CARTESIAN_POINT('',(574.75,54.093266739737));
#524 = CARTESIAN_POINT('',(582.625,49.546633369868));
#525 = CARTESIAN_POINT('',(590.5,45.));
#526 = CARTESIAN_POINT('',(582.625,40.453366630132));
#527 = CARTESIAN_POINT('',(574.75,35.906733260263));
#528 = CARTESIAN_POINT('',(574.75,45.));
#529 = ( GEOMETRIC_REPRESENTATION_CONTEXT(2) 
PARAMETRIC_REPRESENTATION_CONTEXT() REPRESENTATION_CONTEXT('2D SPACE',''
  ) );
#530 = PCURVE('',#531,#536);
#531 = CYLINDRICAL_SURFACE('',#532,5.25);
#532 = AXIS2_PLACEMENT_3D('',#533,#534,#535);
#533 = CARTESIAN_POINT('',(580.,45.,10.));
#534 = DIRECTION('',(0.,0.,-1.));
#535 = DIRECTION('',(-1.,0.,0.));
#536 = DEFINITIONAL_REPRESENTATION('',(#537),#541);
#537 = LINE('',#538,#539);
#538 = CARTESIAN_POINT('',(0.,0.));
#539 = VECTOR('',#540,1.);
#540 = DIRECTION('',(1.,0.));
#541 = ( GEOMETRIC_REPRESENTATION_CONTEXT(2) 
PARAMETRIC_REPRESENTATION_CONTEXT() REPRESENTATION_CONTEXT('2D SPACE',''
  ) );
#542 = FACE_BOUND('',#543,.T.);
#543 = EDGE_LOOP('',(#544));
#544 = ORIENTED_EDGE('',*,*,#545,.T.);
#545 = EDGE_CURVE('',#546,#546,#548,.T.);
#546 = VERTEX_POINT('',#547);
#547 = CARTESIAN_POINT('',(674.75,45.,10.));
#548 = SURFACE_CURVE('',#549,(#554,#565),.PCURVE_S1.);
#549 = CIRCLE('',#550,5.25);
#550 = AXIS2_PLACEMENT_3D('',#551,#552,#553);
#551 = CARTESIAN_POINT('',(680.,45.,10.));
#552 = DIRECTION('',(0.,0.,-1.));
#553 = DIRECTION('',(-1.,0.,0.));
#554 = PCURVE('',#126,#555);
#555 = DEFINITIONAL_REPRESENTATION('',(#556),#564);
#556 = ( BOUNDED_CURVE() B_SPLINE_CURVE(2,(#557,#558,#559,#560,#561,#562
,#563),.UNSPECIFIED.,.T.,.F.) B_SPLINE_CURVE_WITH_KNOTS((1,2,2,2,2,1),(
    -2.094395102393,0.,2.094395102393,4.188790204786,6.28318530718,
8.377580409573),.UNSPECIFIED.) CURVE() GEOMETRIC_REPRESENTATION_ITEM() 
RATIONAL_B_SPLINE_CURVE((1.,0.5,1.,0.5,1.,0.5,1.)) REPRESENTATION_ITEM(
  '') );
#557 = CARTESIAN_POINT('',(674.75,45.));
#558 = CARTESIAN_POINT('',(674.75,54.093266739737));
#559 = CARTESIAN_POINT('',(682.625,49.546633369868));
#560 = CARTESIAN_POINT('',(690.5,45.));
#561 = CARTESIAN_POINT('',(682.625,40.453366630132));
#562 = CARTESIAN_POINT('',(674.75,35.906733260263));
#563 = CARTESIAN_POINT('',(674.75,45.));
#564 = ( GEOMETRIC_REPRESENTATION_CONTEXT(2) 
PARAMETRIC_REPRESENTATION_CONTEXT() REPRESENTATION_CONTEXT('2D SPACE',''
  ) );
#565 = PCURVE('',#566,#571);
#566 = CYLINDRICAL_SURFACE('',#567,5.25);
#567 = AXIS2_PLACEMENT_3D('',#568,#569,#570);
#568 = CARTESIAN_POINT('',(680.,45.,10.));
#569 = DIRECTION('',(0.,0.,-1.));
#570 = DIRECTION('',(-1.,0.,0.));
#571 = DEFINITIONAL_REPRESENTATION('',(#572),#576);
#572 = LINE('',#573,#574);
#573 = CARTESIAN_POINT('',(0.,0.));
#574 = VECTOR('',#575,1.);
#575 = DIRECTION('',(1.,0.));
#576 = ( GEOMETRIC_REPRESENTATION_CONTEXT(2) 
PARAMETRIC_REPRESENTATION_CONTEXT() REPRESENTATION_CONTEXT('2D SPACE',''
  ) );
#577 = FACE_BOUND('',#578,.T.);
#578 = EDGE_LOOP('',(#579));
#579 = ORIENTED_EDGE('',*,*,#580,.T.);
#580 = EDGE_CURVE('',#581,#581,#583,.T.);
#581 = VERTEX_POINT('',#582);
#582 = CARTESIAN_POINT('',(774.75,45.,10.));
#583 = SURFACE_CURVE('',#584,(#589,#600),.PCURVE_S1.);
#584 = CIRCLE('',#585,5.25);
#585 = AXIS2_PLACEMENT_3D('',#586,#587,#588);
#586 = CARTESIAN_POINT('',(780.,45.,10.));
#587 = DIRECTION('',(0.,0.,-1.));
#588 = DIRECTION('',(-1.,0.,0.));
#589 = PCURVE('',#126,#590);
#590 = DEFINITIONAL_REPRESENTATION('',(#591),#599);
#591 = ( BOUNDED_CURVE() B_SPLINE_CURVE(2,(#592,#593,#594,#595,#596,#597
,#598),.UNSPECIFIED.,.T.,.F.) B_SPLINE_CURVE_WITH_KNOTS((1,2,2,2,2,1),(
    -2.094395102393,0.,2.094395102393,4.188790204786,6.28318530718,
8.377580409573),.UNSPECIFIED.) CURVE() GEOMETRIC_REPRESENTATION_ITEM() 
RATIONAL_B_SPLINE_CURVE((1.,0.5,1.,0.5,1.,0.5,1.)) REPRESENTATION_ITEM(
  '') );
#592 = CARTESIAN_POINT('',(774.75,45.));
#593 = CARTESIAN_POINT('',(774.75,54.093266739737));
#594 = CARTESIAN_POINT('',(782.625,49.546633369868));
#595 = CARTESIAN_POINT('',(790.5,45.));
#596 = CARTESIAN_POINT('',(782.625,40.453366630132));
#597 = CARTESIAN_POINT('',(774.75,35.906733260263));
#598 = CARTESIAN_POINT('',(774.75,45.));
#599 = ( GEOMETRIC_REPRESENTATION_CONTEXT(2) 
PARAMETRIC_REPRESENTATION_CONTEXT() REPRESENTATION_CONTEXT('2D SPACE',''
  ) );
#600 = PCURVE('',#601,#606);
#601 = CYLINDRICAL_SURFACE('',#602,5.25);
#602 = AXIS2_PLACEMENT_3D('',#603,#604,#605);
#603 = CARTESIAN_POINT('',(780.,45.,10.));
#604 = DIRECTION('',(0.,0.,-1.));
#605 = DIRECTION('',(-1.,0.,0.));
#606 = DEFINITIONAL_REPRESENTATION('',(#607),#611);
#607 = LINE('',#608,#609);
#608 = CARTESIAN_POINT('',(0.,0.));
#609 = VECTOR('',#610,1.);
#610 = DIRECTION('',(1.,0.));
#611 = ( GEOMETRIC_REPRESENTATION_CONTEXT(2) 
PARAMETRIC_REPRESENTATION_CONTEXT() REPRESENTATION_CONTEXT('2D SPACE',''
  ) );
#612 = FACE_BOUND('',#613,.T.);
#613 = EDGE_LOOP('',(#614));
#614 = ORIENTED_EDGE('',*,*,#615,.T.);
#615 = EDGE_CURVE('',#616,#616,#618,.T.);
#616 = VERTEX_POINT('',#617);
#617 = CARTESIAN_POINT('',(874.75,45.,10.));
#618 = SURFACE_CURVE('',#619,(#624,#635),.PCURVE_S1.);
#619 = CIRCLE('',#620,5.25);
#620 = AXIS2_PLACEMENT_3D('',#621,#622,#623);
#621 = CARTESIAN_POINT('',(880.,45.,10.));
#622 = DIRECTION('',(0.,0.,-1.));
#623 = DIRECTION('',(-1.,0.,0.));
#624 = PCURVE('',#126,#625);
#625 = DEFINITIONAL_REPRESENTATION('',(#626),#634);
#626 = ( BOUNDED_CURVE() B_SPLINE_CURVE(2,(#627,#628,#629,#630,#631,#632
,#633),.UNSPECIFIED.,.T.,.F.) B_SPLINE_CURVE_WITH_KNOTS((1,2,2,2,2,1),(
    -2.094395102393,0.,2.094395102393,4.188790204786,6.28318530718,
8.377580409573),.UNSPECIFIED.) CURVE() GEOMETRIC_REPRESENTATION_ITEM() 
RATIONAL_B_SPLINE_CURVE((1.,0.5,1.,0.5,1.,0.5,1.)) REPRESENTATION_ITEM(
  '') );
#627 = CARTESIAN_POINT('',(874.75,45.));
#628 = CARTESIAN_POINT('',(874.75,54.093266739737));
#629 = CARTESIAN_POINT('',(882.625,49.546633369868));
#630 = CARTESIAN_POINT('',(890.5,45.));
#631 = CARTESIAN_POINT('',(882.625,40.453366630132));
#632 = CARTESIAN_POINT('',(874.75,35.906733260263));
#633 = CARTESIAN_POINT('',(874.75,45.));
#634 = ( GEOMETRIC_REPRESENTATION_CONTEXT(2) 
PARAMETRIC_REPRESENTATION_CONTEXT() REPRESENTATION_CONTEXT('2D SPACE',''
  ) );
#635 = PCURVE('',#636,#641);
#636 = CYLINDRICAL_SURFACE('',#637,5.25);
#637 = AXIS2_PLACEMENT_3D('',#638,#639,#640);
#638 = CARTESIAN_POINT('',(880.,45.,10.));
#639 = DIRECTION('',(0.,0.,-1.));
#640 = DIRECTION('',(-1.,0.,0.));
#641 = DEFINITIONAL_REPRESENTATION('',(#642),#646);
#642 = LINE('',#643,#644);
#643 = CARTESIAN_POINT('',(0.,0.));
#644 = VECTOR('',#645,1.);
#645 = DIRECTION('',(1.,0.));
#646 = ( GEOMETRIC_REPRESENTATION_CONTEXT(2) 
PARAMETRIC_REPRESENTATION_CONTEXT() REPRESENTATION_CONTEXT('2D SPACE',''
  ) );
#647 = FACE_BOUND('',#648,.T.);
#648 = EDGE_LOOP('',(#649));
#649 = ORIENTED_EDGE('',*,*,#650,.T.);
#650 = EDGE_CURVE('',#651,#651,#653,.T.);
#651 = VERTEX_POINT('',#652);
#652 = CARTESIAN_POINT('',(974.75,45.,10.));
#653 = SURFACE_CURVE('',#654,(#659,#670),.PCURVE_S1.);
#654 = CIRCLE('',#655,5.25);
#655 = AXIS2_PLACEMENT_3D('',#656,#657,#658);
#656 = CARTESIAN_POINT('',(980.,45.,10.));
#657 = DIRECTION('',(0.,0.,-1.));
#658 = DIRECTION('',(-1.,0.,0.));
#659 = PCURVE('',#126,#660);
#660 = DEFINITIONAL_REPRESENTATION('',(#661),#669);
#661 = ( BOUNDED_CURVE() B_SPLINE_CURVE(2,(#662,#663,#664,#665,#666,#667
,#668),.UNSPECIFIED.,.T.,.F.) B_SPLINE_CURVE_WITH_KNOTS((1,2,2,2,2,1),(
    -2.094395102393,0.,2.094395102393,4.188790204786,6.28318530718,
8.377580409573),.UNSPECIFIED.) CURVE() GEOMETRIC_REPRESENTATION_ITEM() 
RATIONAL_B_SPLINE_CURVE((1.,0.5,1.,0.5,1.,0.5,1.)) REPRESENTATION_ITEM(
  '') );
#662 = CARTESIAN_POINT('',(974.75,45.));
#663 = CARTESIAN_POINT('',(974.75,54.093266739737));
#664 = CARTESIAN_POINT('',(982.625,49.546633369868));
#665 = CARTESIAN_POINT('',(990.5,45.));
#666 = CARTESIAN_POINT('',(982.625,40.453366630132));
#667 = CARTESIAN_POINT('',(974.75,35.906733260263));
#668 = CARTESIAN_POINT('',(974.75,45.));
#669 = ( GEOMETRIC_REPRESENTATION_CONTEXT(2) 
PARAMETRIC_REPRESENTATION_CONTEXT() REPRESENTATION_CONTEXT('2D SPACE',''
  ) );
#670 = PCURVE('',#671,#676);
#671 = CYLINDRICAL_SURFACE('',#672,5.25);
#672 = AXIS2_PLACEMENT_3D('',#673,#674,#675);
#673 = CARTESIAN_POINT('',(980.,45.,10.));
#674 = DIRECTION('',(0.,0.,-1.));
#675 = DIRECTION('',(-1.,0.,0.));
#676 = DEFINITIONAL_REPRESENTATION('',(#677),#681);
#677 = LINE('',#678,#679);
#678 = CARTESIAN_POINT('',(0.,0.));
#679 = VECTOR('',#680,1.);
#680 = DIRECTION('',(1.,0.));
#681 = ( GEOMETRIC_REPRESENTATION_CONTEXT(2) 
PARAMETRIC_REPRESENTATION_CONTEXT() REPRESENTATION_CONTEXT('2D SPACE',''
  ) );
#682 = FACE_BOUND('',#683,.T.);
#683 = EDGE_LOOP('',(#684));
#684 = ORIENTED_EDGE('',*,*,#685,.T.);
#685 = EDGE_CURVE('',#686,#686,#688,.T.);
#686 = VERTEX_POINT('',#687);
#687 = CARTESIAN_POINT('',(1.07475E+03,45.,10.));
#688 = SURFACE_CURVE('',#689,(#694,#705),.PCURVE_S1.);
#689 = CIRCLE('',#690,5.25);
#690 = AXIS2_PLACEMENT_3D('',#691,#692,#693);
#691 = CARTESIAN_POINT('',(1.08E+03,45.,10.));
#692 = DIRECTION('',(0.,0.,-1.));
#693 = DIRECTION('',(-1.,0.,0.));
#694 = PCURVE('',#126,#695);
#695 = DEFINITIONAL_REPRESENTATION('',(#696),#704);
#696 = ( BOUNDED_CURVE() B_SPLINE_CURVE(2,(#697,#698,#699,#700,#701,#702
,#703),.UNSPECIFIED.,.T.,.F.) B_SPLINE_CURVE_WITH_KNOTS((1,2,2,2,2,1),(
    -2.094395102393,0.,2.094395102393,4.188790204786,6.28318530718,
8.377580409573),.UNSPECIFIED.) CURVE() GEOMETRIC_REPRESENTATION_ITEM() 
RATIONAL_B_SPLINE_CURVE((1.,0.5,1.,0.5,1.,0.5,1.)) REPRESENTATION_ITEM(
  '') );
#697 = CARTESIAN_POINT('',(1.07475E+03,45.));
#698 = CARTESIAN_POINT('',(1.07475E+03,54.093266739737));
#699 = CARTESIAN_POINT('',(1.082625E+03,49.546633369868));
#700 = CARTESIAN_POINT('',(1.0905E+03,45.));
#701 = CARTESIAN_POINT('',(1.082625E+03,40.453366630132));
#702 = CARTESIAN_POINT('',(1.07475E+03,35.906733260263));
#703 = CARTESIAN_POINT('',(1.07475E+03,45.));
#704 = ( GEOMETRIC_REPRESENTATION_CONTEXT(2) 
PARAMETRIC_REPRESENTATION_CONTEXT() REPRESENTATION_CONTEXT('2D SPACE',''
  ) );
#705 = PCURVE('',#706,#711);
#706 = CYLINDRICAL_SURFACE('',#707,5.25);
#707 = AXIS2_PLACEMENT_3D('',#708,#709,#710);
#708 = CARTESIAN_POINT('',(1.08E+03,45.,10.));
#709 = DIRECTION('',(0.,0.,-1.));
#710 = DIRECTION('',(-1.,0.,0.));
#711 = DEFINITIONAL_REPRESENTATION('',(#712),#716);
#712 = LINE('',#713,#714);
#713 = CARTESIAN_POINT('',(0.,0.));
#714 = VECTOR('',#715,1.);
#715 = DIRECTION('',(1.,0.));
#716 = ( GEOMETRIC_REPRESENTATION_CONTEXT(2) 
PARAMETRIC_REPRESENTATION_CONTEXT() REPRESENTATION_CONTEXT('2D SPACE',''
  ) );
#717 = FACE_BOUND('',#718,.T.);
#718 = EDGE_LOOP('',(#719));
#719 = ORIENTED_EDGE('',*,*,#720,.T.);
#720 = EDGE_CURVE('',#721,#721,#723,.T.);
#721 = VERTEX_POINT('',#722);
#722 = CARTESIAN_POINT('',(1.17475E+03,45.,10.));
#723 = SURFACE_CURVE('',#724,(#729,#740),.PCURVE_S1.);
#724 = CIRCLE('',#725,5.25);
#725 = AXIS2_PLACEMENT_3D('',#726,#727,#728);
#726 = CARTESIAN_POINT('',(1.18E+03,45.,10.));
#727 = DIRECTION('',(0.,0.,-1.));
#728 = DIRECTION('',(-1.,0.,0.));
#729 = PCURVE('',#126,#730);
#730 = DEFINITIONAL_REPRESENTATION('',(#731),#739);
#731 = ( BOUNDED_CURVE() B_SPLINE_CURVE(2,(#732,#733,#734,#735,#736,#737
,#738),.UNSPECIFIED.,.T.,.F.) B_SPLINE_CURVE_WITH_KNOTS((1,2,2,2,2,1),(
    -2.094395102393,0.,2.094395102393,4.188790204786,6.28318530718,
8.377580409573),.UNSPECIFIED.) CURVE() GEOMETRIC_REPRESENTATION_ITEM() 
RATIONAL_B_SPLINE_CURVE((1.,0.5,1.,0.5,1.,0.5,1.)) REPRESENTATION_ITEM(
  '') );
#732 = CARTESIAN_POINT('',(1.17475E+03,45.));
#733 = CARTESIAN_POINT('',(1.17475E+03,54.093266739737));
#734 = CARTESIAN_POINT('',(1.182625E+03,49.546633369868));
#735 = CARTESIAN_POINT('',(1.1905E+03,45.));
#736 = CARTESIAN_POINT('',(1.182625E+03,40.453366630132));
#737 = CARTESIAN_POINT('',(1.17475E+03,35.906733260263));
#738 = CARTESIAN_POINT('',(1.17475E+03,45.));
#739 = ( GEOMETRIC_REPRESENTATION_CONTEXT(2) 
PARAMETRIC_REPRESENTATION_CONTEXT() REPRESENTATION_CONTEXT('2D SPACE',''
  ) );
#740 = PCURVE('',#741,#746);
#741 = CYLINDRICAL_SURFACE('',#742,5.25);
#742 = AXIS2_PLACEMENT_3D('',#743,#744,#745);
#743 = CARTESIAN_POINT('',(1.18E+03,45.,10.));
#744 = DIRECTION('',(0.,0.,-1.));
#745 = DIRECTION('',(-1.,0.,0.));
#746 = DEFINITIONAL_REPRESENTATION('',(#747),#751);
#747 = LINE('',#748,#749);
#748 = CARTESIAN_POINT('',(0.,0.));
#749 = VECTOR('',#750,1.);
#750 = DIRECTION('',(1.,0.));
#751 = ( GEOMETRIC_REPRESENTATION_CONTEXT(2) 
PARAMETRIC_REPRESENTATION_CONTEXT() REPRESENTATION_CONTEXT('2D SPACE',''
  ) );
#752 = FACE_BOUND('',#753,.T.);
#753 = EDGE_LOOP('',(#754));
#754 = ORIENTED_EDGE('',*,*,#755,.T.);
#755 = EDGE_CURVE('',#756,#756,#758,.T.);
#756 = VERTEX_POINT('',#757);
#757 = CARTESIAN_POINT('',(1.27475E+03,45.,10.));
#758 = SURFACE_CURVE('',#759,(#764,#775),.PCURVE_S1.);
#759 = CIRCLE('',#760,5.25);
#760 = AXIS2_PLACEMENT_3D('',#761,#762,#763);
#761 = CARTESIAN_POINT('',(1.28E+03,45.,10.));
#762 = DIRECTION('',(0.,0.,-1.));
#763 = DIRECTION('',(-1.,0.,0.));
#764 = PCURVE('',#126,#765);
#765 = DEFINITIONAL_REPRESENTATION('',(#766),#774);
#766 = ( BOUNDED_CURVE() B_SPLINE_CURVE(2,(#767,#768,#769,#770,#771,#772
,#773),.UNSPECIFIED.,.T.,.F.) B_SPLINE_CURVE_WITH_KNOTS((1,2,2,2,2,1),(
    -2.094395102393,0.,2.094395102393,4.188790204786,6.28318530718,
8.377580409573),.UNSPECIFIED.) CURVE() GEOMETRIC_REPRESENTATION_ITEM() 
RATIONAL_B_SPLINE_CURVE((1.,0.5,1.,0.5,1.,0.5,1.)) REPRESENTATION_ITEM(
  '') );
#767 = CARTESIAN_POINT('',(1.27475E+03,45.));
#768 = CARTESIAN_POINT('',(1.27475E+03,54.093266739737));
#769 = CARTESIAN_POINT('',(1.282625E+03,49.546633369868));
#770 = CARTESIAN_POINT('',(1.2905E+03,45.));
#771 = CARTESIAN_POINT('',(1.282625E+03,40.453366630132));
#772 = CARTESIAN_POINT('',(1.27475E+03,35.906733260263));
#773 = CARTESIAN_POINT('',(1.27475E+03,45.));
#774 = ( GEOMETRIC_REPRESENTATION_CONTEXT(2) 
PARAMETRIC_REPRESENTATION_CONTEXT() REPRESENTATION_CONTEXT('2D SPACE',''
  ) );
#775 = PCURVE('',#776,#781);
#776 = CYLINDRICAL_SURFACE('',#777,5.25);
#777 = AXIS2_PLACEMENT_3D('',#778,#779,#780);
#778 = CARTESIAN_POINT('',(1.28E+03,45.,10.));
#779 = DIRECTION('',(0.,0.,-1.));
#780 = DIRECTION('',(-1.,0.,0.));
#781 = DEFINITIONAL_REPRESENTATION('',(#782),#786);
#782 = LINE('',#783,#784);
#783 = CARTESIAN_POINT('',(0.,0.));
#784 = VECTOR('',#785,1.);
#785 = DIRECTION('',(1.,0.));
#786 = ( GEOMETRIC_REPRESENTATION_CONTEXT(2) 
PARAMETRIC_REPRESENTATION_CONTEXT() REPRESENTATION_CONTEXT('2D SPACE',''
  ) );
#787 = FACE_BOUND('',#788,.T.);
#788 = EDGE_LOOP('',(#789));
#789 = ORIENTED_EDGE('',*,*,#790,.T.);
#790 = EDGE_CURVE('',#791,#791,#793,.T.);
#791 = VERTEX_POINT('',#792);
#792 = CARTESIAN_POINT('',(1.52475E+03,45.,10.));
#793 = SURFACE_CURVE('',#794,(#799,#810),.PCURVE_S1.);
#794 = CIRCLE('',#795,5.25);
#795 = AXIS2_PLACEMENT_3D('',#796,#797,#798);
#796 = CARTESIAN_POINT('',(1.53E+03,45.,10.));
#797 = DIRECTION('',(0.,0.,-1.));
#798 = DIRECTION('',(-1.,0.,0.));
#799 = PCURVE('',#126,#800);
#800 = DEFINITIONAL_REPRESENTATION('',(#801),#809);
#801 = ( BOUNDED_CURVE() B_SPLINE_CURVE(2,(#802,#803,#804,#805,#806,#807
,#808),.UNSPECIFIED.,.T.,.F.) B_SPLINE_CURVE_WITH_KNOTS((1,2,2,2,2,1),(
    -2.094395102393,0.,2.094395102393,4.188790204786,6.28318530718,
8.377580409573),.UNSPECIFIED.) CURVE() GEOMETRIC_REPRESENTATION_ITEM() 
RATIONAL_B_SPLINE_CURVE((1.,0.5,1.,0.5,1.,0.5,1.)) REPRESENTATION_ITEM(
  '') );
#802 = CARTESIAN_POINT('',(1.52475E+03,45.));
#803 = CARTESIAN_POINT('',(1.52475E+03,54.093266739737));
#804 = CARTESIAN_POINT('',(1.532625E+03,49.546633369868));
#805 = CARTESIAN_POINT('',(1.5405E+03,45.));
#806 = CARTESIAN_POINT('',(1.532625E+03,40.453366630132));
#807 = CARTESIAN_POINT('',(1.52475E+03,35.906733260263));
#808 = CARTESIAN_POINT('',(1.52475E+03,45.));
#809 = ( GEOMETRIC_REPRESENTATION_CONTEXT(2) 
PARAMETRIC_REPRESENTATION_CONTEXT() REPRESENTATION_CONTEXT('2D SPACE',''
  ) );
#810 = PCURVE('',#811,#816);
#811 = CYLINDRICAL_SURFACE('',#812,5.25);
#812 = AXIS2_PLACEMENT_3D('',#813,#814,#815);
#813 = CARTESIAN_POINT('',(1.53E+03,45.,10.));
#814 = DIRECTION('',(0.,0.,-1.));
#815 = DIRECTION('',(-1.,0.,0.));
#816 = DEFINITIONAL_REPRESENTATION('',(#817),#821);
#817 = LINE('',#818,#819);
#818 = CARTESIAN_POINT('',(0.,0.));
#819 = VECTOR('',#820,1.);
#820 = DIRECTION('',(1.,0.));
#821 = ( GEOMETRIC_REPRESENTATION_CONTEXT(2) 
PARAMETRIC_REPRESENTATION_CONTEXT() REPRESENTATION_CONTEXT('2D SPACE',''
  ) );
#822 = FACE_BOUND('',#823,.T.);
#823 = EDGE_LOOP('',(#824));
#824 = ORIENTED_EDGE('',*,*,#825,.T.);
#825 = EDGE_CURVE('',#826,#826,#828,.T.);
#826 = VERTEX_POINT('',#827);
#827 = CARTESIAN_POINT('',(1.77475E+03,45.,10.));
#828 = SURFACE_CURVE('',#829,(#834,#845),.PCURVE_S1.);
#829 = CIRCLE('',#830,5.25);
#830 = AXIS2_PLACEMENT_3D('',#831,#832,#833);
#831 = CARTESIAN_POINT('',(1.78E+03,45.,10.));
#832 = DIRECTION('',(0.,0.,-1.));
#833 = DIRECTION('',(-1.,0.,0.));
#834 = PCURVE('',#126,#835);
#835 = DEFINITIONAL_REPRESENTATION('',(#836),#844);
#836 = ( BOUNDED_CURVE() B_SPLINE_CURVE(2,(#837,#838,#839,#840,#841,#842
,#843),.UNSPECIFIED.,.T.,.F.) B_SPLINE_CURVE_WITH_KNOTS((1,2,2,2,2,1),(
    -2.094395102393,0.,2.094395102393,4.188790204786,6.28318530718,
8.377580409573),.UNSPECIFIED.) CURVE() GEOMETRIC_REPRESENTATION_ITEM() 
RATIONAL_B_SPLINE_CURVE((1.,0.5,1.,0.5,1.,0.5,1.)) REPRESENTATION_ITEM(
  '') );
#837 = CARTESIAN_POINT('',(1.77475E+03,45.));
#838 = CARTESIAN_POINT('',(1.77475E+03,54.093266739737));
#839 = CARTESIAN_POINT('',(1.782625E+03,49.546633369868));
#840 = CARTESIAN_POINT('',(1.7905E+03,45.));
#841 = CARTESIAN_POINT('',(1.782625E+03,40.453366630132));
#842 = CARTESIAN_POINT('',(1.77475E+03,35.906733260263));
#843 = CARTESIAN_POINT('',(1.77475E+03,45.));
#844 = ( GEOMETRIC_REPRESENTATION_CONTEXT(2) 
PARAMETRIC_REPRESENTATION_CONTEXT() REPRESENTATION_CONTEXT('2D SPACE',''
  ) );
#845 = PCURVE('',#846,#851);
#846 = CYLINDRICAL_SURFACE('',#847,5.25);
#847 = AXIS2_PLACEMENT_3D('',#848,#849,#850);
#848 = CARTESIAN_POINT('',(1.78E+03,45.,10.));
#849 = DIRECTION('',(0.,0.,-1.));
#850 = DIRECTION('',(-1.,0.,0.));
#851 = DEFINITIONAL_REPRESENTATION('',(#852),#856);
#852 = LINE('',#853,#854);
#853 = CARTESIAN_POINT('',(0.,0.));
#854 = VECTOR('',#855,1.);
#855 = DIRECTION('',(1.,0.));
#856 = ( GEOMETRIC_REPRESENTATION_CONTEXT(2) 
PARAMETRIC_REPRESENTATION_CONTEXT() REPRESENTATION_CONTEXT('2D SPACE',''
  ) );
#857 = FACE_BOUND('',#858,.T.);
#858 = EDGE_LOOP('',(#859));
#859 = ORIENTED_EDGE('',*,*,#860,.T.);
#860 = EDGE_CURVE('',#861,#861,#863,.T.);
#861 = VERTEX_POINT('',#862);
#862 = CARTESIAN_POINT('',(2.02475E+03,45.,10.));
#863 = SURFACE_CURVE('',#864,(#869,#880),.PCURVE_S1.);
#864 = CIRCLE('',#865,5.25);
#865 = AXIS2_PLACEMENT_3D('',#866,#867,#868);
#866 = CARTESIAN_POINT('',(2.03E+03,45.,10.));
#867 = DIRECTION('',(0.,0.,-1.));
#868 = DIRECTION('',(-1.,0.,0.));
#869 = PCURVE('',#126,#870);
#870 = DEFINITIONAL_REPRESENTATION('',(#871),#879);
#871 = ( BOUNDED_CURVE() B_SPLINE_CURVE(2,(#872,#873,#874,#875,#876,#877
,#878),.UNSPECIFIED.,.T.,.F.) B_SPLINE_CURVE_WITH_KNOTS((1,2,2,2,2,1),(
    -2.094395102393,0.,2.094395102393,4.188790204786,6.28318530718,
8.377580409573),.UNSPECIFIED.) CURVE() GEOMETRIC_REPRESENTATION_ITEM() 
RATIONAL_B_SPLINE_CURVE((1.,0.5,1.,0.5,1.,0.5,1.)) REPRESENTATION_ITEM(
  '') );
#872 = CARTESIAN_POINT('',(2.02475E+03,45.));
#873 = CARTESIAN_POINT('',(2.02475E+03,54.093266739737));
#874 = CARTESIAN_POINT('',(2.032625E+03,49.546633369868));
#875 = CARTESIAN_POINT('',(2.0405E+03,45.));
#876 = CARTESIAN_POINT('',(2.032625E+03,40.453366630132));
#877 = CARTESIAN_POINT('',(2.02475E+03,35.906733260263));
#878 = CARTESIAN_POINT('',(2.02475E+03,45.));
#879 = ( GEOMETRIC_REPRESENTATION_CONTEXT(2) 
PARAMETRIC_REPRESENTATION_CONTEXT() REPRESENTATION_CONTEXT('2D SPACE',''
  ) );
#880 = PCURVE('',#881,#886);
#881 = CYLINDRICAL_SURFACE('',#882,5.25);
#882 = AXIS2_PLACEMENT_3D('',#883,#884,#885);
#883 = CARTESIAN_POINT('',(2.03E+03,45.,10.));
#884 = DIRECTION('',(0.,0.,-1.));
#885 = DIRECTION('',(-1.,0.,0.));
#886 = DEFINITIONAL_REPRESENTATION('',(#887),#891);
#887 = LINE('',#888,#889);
#888 = CARTESIAN_POINT('',(0.,0.));
#889 = VECTOR('',#890,1.);
#890 = DIRECTION('',(1.,0.));
#891 = ( GEOMETRIC_REPRESENTATION_CONTEXT(2) 
PARAMETRIC_REPRESENTATION_CONTEXT() REPRESENTATION_CONTEXT('2D SPACE',''
  ) );
#892 = FACE_BOUND('',#893,.T.);
#893 = EDGE_LOOP('',(#894));
#894 = ORIENTED_EDGE('',*,*,#895,.T.);
#895 = EDGE_CURVE('',#896,#896,#898,.T.);
#896 = VERTEX_POINT('',#897);
#897 = CARTESIAN_POINT('',(2.32475E+03,45.,10.));
#898 = SURFACE_CURVE('',#899,(#904,#915),.PCURVE_S1.);
#899 = CIRCLE('',#900,5.25);
#900 = AXIS2_PLACEMENT_3D('',#901,#902,#903);
#901 = CARTESIAN_POINT('',(2.33E+03,45.,10.));
#902 = DIRECTION('',(0.,0.,-1.));
#903 = DIRECTION('',(-1.,0.,0.));
#904 = PCURVE('',#126,#905);
#905 = DEFINITIONAL_REPRESENTATION('',(#906),#914);
#906 = ( BOUNDED_CURVE() B_SPLINE_CURVE(2,(#907,#908,#909,#910,#911,#912
,#913),.UNSPECIFIED.,.T.,.F.) B_SPLINE_CURVE_WITH_KNOTS((1,2,2,2,2,1),(
    -2.094395102393,0.,2.094395102393,4.188790204786,6.28318530718,
8.377580409573),.UNSPECIFIED.) CURVE() GEOMETRIC_REPRESENTATION_ITEM() 
RATIONAL_B_SPLINE_CURVE((1.,0.5,1.,0.5,1.,0.5,1.)) REPRESENTATION_ITEM(
  '') );
#907 = CARTESIAN_POINT('',(2.32475E+03,45.));
#908 = CARTESIAN_POINT('',(2.32475E+03,54.093266739737));
#909 = CARTESIAN_POINT('',(2.332625E+03,49.546633369868));
#910 = CARTESIAN_POINT('',(2.3405E+03,45.));
#911 = CARTESIAN_POINT('',(2.332625E+03,40.453366630132));
#912 = CARTESIAN_POINT('',(2.32475E+03,35.906733260263));
#913 = CARTESIAN_POINT('',(2.32475E+03,45.));
#914 = ( GEOMETRIC_REPRESENTATION_CONTEXT(2) 
PARAMETRIC_REPRESENTATION_CONTEXT() REPRESENTATION_CONTEXT('2D SPACE',''
  ) );
#915 = PCURVE('',#916,#921);
#916 = CYLINDRICAL_SURFACE('',#917,5.25);
#917 = AXIS2_PLACEMENT_3D('',#918,#919,#920);
#918 = CARTESIAN_POINT('',(2.33E+03,45.,10.));
#919 = DIRECTION('',(0.,0.,-1.));
#920 = DIRECTION('',(-1.,0.,0.));
#921 = DEFINITIONAL_REPRESENTATION('',(#922),#926);
#922 = LINE('',#923,#924);
#923 = CARTESIAN_POINT('',(0.,0.));
#924 = VECTOR('',#925,1.);
#925 = DIRECTION('',(1.,0.));
#926 = ( GEOMETRIC_REPRESENTATION_CONTEXT(2) 
PARAMETRIC_REPRESENTATION_CONTEXT() REPRESENTATION_CONTEXT('2D SPACE',''
  ) );
#927 = FACE_BOUND('',#928,.T.);
#928 = EDGE_LOOP('',(#929));
#929 = ORIENTED_EDGE('',*,*,#930,.T.);
#930 = EDGE_CURVE('',#931,#931,#933,.T.);
#931 = VERTEX_POINT('',#932);
#932 = CARTESIAN_POINT('',(2.67475E+03,45.,10.));
#933 = SURFACE_CURVE('',#934,(#939,#950),.PCURVE_S1.);
#934 = CIRCLE('',#935,5.25);
#935 = AXIS2_PLACEMENT_3D('',#936,#937,#938);
#936 = CARTESIAN_POINT('',(2.68E+03,45.,10.));
#937 = DIRECTION('',(0.,0.,-1.));
#938 = DIRECTION('',(-1.,0.,0.));
#939 = PCURVE('',#126,#940);
#940 = DEFINITIONAL_REPRESENTATION('',(#941),#949);
#941 = ( BOUNDED_CURVE() B_SPLINE_CURVE(2,(#942,#943,#944,#945,#946,#947
,#948),.UNSPECIFIED.,.T.,.F.) B_SPLINE_CURVE_WITH_KNOTS((1,2,2,2,2,1),(
    -2.094395102393,0.,2.094395102393,4.188790204786,6.28318530718,
8.377580409573),.UNSPECIFIED.) CURVE() GEOMETRIC_REPRESENTATION_ITEM() 
RATIONAL_B_SPLINE_CURVE((1.,0.5,1.,0.5,1.,0.5,1.)) REPRESENTATION_ITEM(
  '') );
#942 = CARTESIAN_POINT('',(2.67475E+03,45.));
#943 = CARTESIAN_POINT('',(2.67475E+03,54.093266739737));
#944 = CARTESIAN_POINT('',(2.682625E+03,49.546633369868));
#945 = CARTESIAN_POINT('',(2.6905E+03,45.));
#946 = CARTESIAN_POINT('',(2.682625E+03,40.453366630132));
#947 = CARTESIAN_POINT('',(2.67475E+03,35.906733260263));
#948 = CARTESIAN_POINT('',(2.67475E+03,45.));
#949 = ( GEOMETRIC_REPRESENTATION_CONTEXT(2) 
PARAMETRIC_REPRESENTATION_CONTEXT() REPRESENTATION_CONTEXT('2D SPACE',''
  ) );
#950 = PCURVE('',#951,#956);
#951 = CYLINDRICAL_SURFACE('',#952,5.25);
#952 = AXIS2_PLACEMENT_3D('',#953,#954,#955);
#953 = CARTESIAN_POINT('',(2.68E+03,45.,10.));
#954 = DIRECTION('',(0.,0.,-1.));
#955 = DIRECTION('',(-1.,0.,0.));
#956 = DEFINITIONAL_REPRESENTATION('',(#957),#961);
#957 = LINE('',#958,#959);
#958 = CARTESIAN_POINT('',(0.,0.));
#959 = VECTOR('',#960,1.);
#960 = DIRECTION('',(1.,0.));
#961 = ( GEOMETRIC_REPRESENTATION_CONTEXT(2) 
PARAMETRIC_REPRESENTATION_CONTEXT() REPRESENTATION_CONTEXT('2D SPACE',''
  ) );
#962 = FACE_BOUND('',#963,.T.);
#963 = EDGE_LOOP('',(#964));
#964 = ORIENTED_EDGE('',*,*,#965,.T.);
#965 = EDGE_CURVE('',#966,#966,#968,.T.);
#966 = VERTEX_POINT('',#967);
#967 = CARTESIAN_POINT('',(3.02475E+03,45.,10.));
#968 = SURFACE_CURVE('',#969,(#974,#985),.PCURVE_S1.);
#969 = CIRCLE('',#970,5.25);
#970 = AXIS2_PLACEMENT_3D('',#971,#972,#973);
#971 = CARTESIAN_POINT('',(3.03E+03,45.,10.));
#972 = DIRECTION('',(0.,0.,-1.));
#973 = DIRECTION('',(-1.,0.,0.));
#974 = PCURVE('',#126,#975);
#975 = DEFINITIONAL_REPRESENTATION('',(#976),#984);
#976 = ( BOUNDED_CURVE() B_SPLINE_CURVE(2,(#977,#978,#979,#980,#981,#982
,#983),.UNSPECIFIED.,.T.,.F.) B_SPLINE_CURVE_WITH_KNOTS((1,2,2,2,2,1),(
    -2.094395102393,0.,2.094395102393,4.188790204786,6.28318530718,
8.377580409573),.UNSPECIFIED.) CURVE() GEOMETRIC_REPRESENTATION_ITEM() 
RATIONAL_B_SPLINE_CURVE((1.,0.5,1.,0.5,1.,0.5,1.)) REPRESENTATION_ITEM(
  '') );
#977 = CARTESIAN_POINT('',(3.02475E+03,45.));
#978 = CARTESIAN_POINT('',(3.02475E+03,54.093266739737));
#979 = CARTESIAN_POINT('',(3.032625E+03,49.546633369868));
#980 = CARTESIAN_POINT('',(3.0405E+03,45.));
#981 = CARTESIAN_POINT('',(3.032625E+03,40.453366630132));
#982 = CARTESIAN_POINT('',(3.02475E+03,35.906733260263));
#983 = CARTESIAN_POINT('',(3.02475E+03,45.));
#984 = ( GEOMETRIC_REPRESENTATION_CONTEXT(2) 
PARAMETRIC_REPRESENTATION_CONTEXT() REPRESENTATION_CONTEXT('2D SPACE',''
  ) );
#985 = PCURVE('',#986,#991);
#986 = CYLINDRICAL_SURFACE('',#987,5.25);
#987 = AXIS2_PLACEMENT_3D('',#988,#989,#990);
#988 = CARTESIAN_POINT('',(3.03E+03,45.,10.));
#989 = DIRECTION('',(0.,0.,-1.));
#990 = DIRECTION('',(-1.,0.,0.));
#991 = DEFINITIONAL_REPRESENTATION('',(#992),#996);
#992 = LINE('',#993,#994);
#993 = CARTESIAN_POINT('',(0.,0.));
#994 = VECTOR('',#995,1.);
#995 = DIRECTION('',(1.,0.));
#996 = ( GEOMETRIC_REPRESENTATION_CONTEXT(2) 
PARAMETRIC_REPRESENTATION_CONTEXT() REPRESENTATION_CONTEXT('2D SPACE',''
  ) );
#997 = FACE_BOUND('',#998,.T.);
#998 = EDGE_LOOP('',(#999));
#999 = ORIENTED_EDGE('',*,*,#1000,.T.);
#1000 = EDGE_CURVE('',#1001,#1001,#1003,.T.);
#1001 = VERTEX_POINT('',#1002);
#1002 = CARTESIAN_POINT('',(3.36975E+03,45.,10.));
#1003 = SURFACE_CURVE('',#1004,(#1009,#1020),.PCURVE_S1.);
#1004 = CIRCLE('',#1005,5.25);
#1005 = AXIS2_PLACEMENT_3D('',#1006,#1007,#1008);
#1006 = CARTESIAN_POINT('',(3.375E+03,45.,10.));
#1007 = DIRECTION('',(0.,0.,-1.));
#1008 = DIRECTION('',(-1.,0.,0.));
#1009 = PCURVE('',#126,#1010);
#1010 = DEFINITIONAL_REPRESENTATION('',(#1011),#1019);
#1011 = ( BOUNDED_CURVE() B_SPLINE_CURVE(2,(#1012,#1013,#1014,#1015,
#1016,#1017,#1018),.UNSPECIFIED.,.T.,.F.) B_SPLINE_CURVE_WITH_KNOTS((1,2
    ,2,2,2,1),(-2.094395102393,0.,2.094395102393,4.188790204786,
6.28318530718,8.377580409573),.UNSPECIFIED.) CURVE() 
GEOMETRIC_REPRESENTATION_ITEM() RATIONAL_B_SPLINE_CURVE((1.,0.5,1.,0.5,
1.,0.5,1.)) REPRESENTATION_ITEM('') );
#1012 = CARTESIAN_POINT('',(3.36975E+03,45.));
#1013 = CARTESIAN_POINT('',(3.36975E+03,54.093266739737));
#1014 = CARTESIAN_POINT('',(3.377625E+03,49.546633369868));
#1015 = CARTESIAN_POINT('',(3.3855E+03,45.));
#1016 = CARTESIAN_POINT('',(3.377625E+03,40.453366630132));
#1017 = CARTESIAN_POINT('',(3.36975E+03,35.906733260263));
#1018 = CARTESIAN_POINT('',(3.36975E+03,45.));
#1019 = ( GEOMETRIC_REPRESENTATION_CONTEXT(2) 
PARAMETRIC_REPRESENTATION_CONTEXT() REPRESENTATION_CONTEXT('2D SPACE',''
  ) );
#1020 = PCURVE('',#1021,#1026);
#1021 = CYLINDRICAL_SURFACE('',#1022,5.25);
#1022 = AXIS2_PLACEMENT_3D('',#1023,#1024,#1025);
#1023 = CARTESIAN_POINT('',(3.375E+03,45.,10.));
#1024 = DIRECTION('',(0.,0.,-1.));
#1025 = DIRECTION('',(-1.,0.,0.));
#1026 = DEFINITIONAL_REPRESENTATION('',(#1027),#1031);
#1027 = LINE('',#1028,#1029);
#1028 = CARTESIAN_POINT('',(0.,0.));
#1029 = VECTOR('',#1030,1.);
#1030 = DIRECTION('',(1.,0.));
#1031 = ( GEOMETRIC_REPRESENTATION_CONTEXT(2) 
PARAMETRIC_REPRESENTATION_CONTEXT() REPRESENTATION_CONTEXT('2D SPACE',''
  ) );
#1032 = FACE_BOUND('',#1033,.T.);
#1033 = EDGE_LOOP('',(#1034));
#1034 = ORIENTED_EDGE('',*,*,#1035,.T.);
#1035 = EDGE_CURVE('',#1036,#1036,#1038,.T.);
#1036 = VERTEX_POINT('',#1037);
#1037 = CARTESIAN_POINT('',(3.71975E+03,45.,10.));
#1038 = SURFACE_CURVE('',#1039,(#1044,#1055),.PCURVE_S1.);
#1039 = CIRCLE('',#1040,5.25);
#1040 = AXIS2_PLACEMENT_3D('',#1041,#1042,#1043);
#1041 = CARTESIAN_POINT('',(3.725E+03,45.,10.));
#1042 = DIRECTION('',(0.,0.,-1.));
#1043 = DIRECTION('',(-1.,0.,0.));
#1044 = PCURVE('',#126,#1045);
#1045 = DEFINITIONAL_REPRESENTATION('',(#1046),#1054);
#1046 = ( BOUNDED_CURVE() B_SPLINE_CURVE(2,(#1047,#1048,#1049,#1050,
#1051,#1052,#1053),.UNSPECIFIED.,.T.,.F.) B_SPLINE_CURVE_WITH_KNOTS((1,2
    ,2,2,2,1),(-2.094395102393,0.,2.094395102393,4.188790204786,
6.28318530718,8.377580409573),.UNSPECIFIED.) CURVE() 
GEOMETRIC_REPRESENTATION_ITEM() RATIONAL_B_SPLINE_CURVE((1.,0.5,1.,0.5,
1.,0.5,1.)) REPRESENTATION_ITEM('') );
#1047 = CARTESIAN_POINT('',(3.71975E+03,45.));
#1048 = CARTESIAN_POINT('',(3.71975E+03,54.093266739737));
#1049 = CARTESIAN_POINT('',(3.727625E+03,49.546633369868));
#1050 = CARTESIAN_POINT('',(3.7355E+03,45.));
#1051 = CARTESIAN_POINT('',(3.727625E+03,40.453366630132));
#1052 = CARTESIAN_POINT('',(3.71975E+03,35.906733260263));
#1053 = CARTESIAN_POINT('',(3.71975E+03,45.));
#1054 = ( GEOMETRIC_REPRESENTATION_CONTEXT(2) 
PARAMETRIC_REPRESENTATION_CONTEXT() REPRESENTATION_CONTEXT('2D SPACE',''
  ) );
#1055 = PCURVE('',#1056,#1061);
#1056 = CYLINDRICAL_SURFACE('',#1057,5.25);
#1057 = AXIS2_PLACEMENT_3D('',#1058,#1059,#1060);
#1058 = CARTESIAN_POINT('',(3.725E+03,45.,10.));
#1059 = DIRECTION('',(0.,0.,-1.));
#1060 = DIRECTION('',(-1.,0.,0.));
#1061 = DEFINITIONAL_REPRESENTATION('',(#1062),#1066);
#1062 = LINE('',#1063,#1064);
#1063 = CARTESIAN_POINT('',(0.,0.));
#1064 = VECTOR('',#1065,1.);
#1065 = DIRECTION('',(1.,0.));
#1066 = ( GEOMETRIC_REPRESENTATION_CONTEXT(2) 
PARAMETRIC_REPRESENTATION_CONTEXT() REPRESENTATION_CONTEXT('2D SPACE',''
  ) );
#1067 = FACE_BOUND('',#1068,.T.);
#1068 = EDGE_LOOP('',(#1069));
#1069 = ORIENTED_EDGE('',*,*,#1070,.T.);
#1070 = EDGE_CURVE('',#1071,#1071,#1073,.T.);
#1071 = VERTEX_POINT('',#1072);
#1072 = CARTESIAN_POINT('',(3.96975E+03,45.,10.));
#1073 = SURFACE_CURVE('',#1074,(#1079,#1090),.PCURVE_S1.);
#1074 = CIRCLE('',#1075,5.25);
#1075 = AXIS2_PLACEMENT_3D('',#1076,#1077,#1078);
#1076 = CARTESIAN_POINT('',(3.975E+03,45.,10.));
#1077 = DIRECTION('',(0.,0.,-1.));
#1078 = DIRECTION('',(-1.,0.,0.));
#1079 = PCURVE('',#126,#1080);
#1080 = DEFINITIONAL_REPRESENTATION('',(#1081),#1089);
#1081 = ( BOUNDED_CURVE() B_SPLINE_CURVE(2,(#1082,#1083,#1084,#1085,
#1086,#1087,#1088),.UNSPECIFIED.,.T.,.F.) B_SPLINE_CURVE_WITH_KNOTS((1,2
    ,2,2,2,1),(-2.094395102393,0.,2.094395102393,4.188790204786,
6.28318530718,8.377580409573),.UNSPECIFIED.) CURVE() 
GEOMETRIC_REPRESENTATION_ITEM() RATIONAL_B_SPLINE_CURVE((1.,0.5,1.,0.5,
1.,0.5,1.)) REPRESENTATION_ITEM('') );
#1082 = CARTESIAN_POINT('',(3.96975E+03,45.));
#1083 = CARTESIAN_POINT('',(3.96975E+03,54.093266739737));
#1084 = CARTESIAN_POINT('',(3.977625E+03,49.546633369868));
#1085 = CARTESIAN_POINT('',(3.9855E+03,45.));
#1086 = CARTESIAN_POINT('',(3.977625E+03,40.453366630132));
#1087 = CARTESIAN_POINT('',(3.96975E+03,35.906733260263));
#1088 = CARTESIAN_POINT('',(3.96975E+03,45.));
#1089 = ( GEOMETRIC_REPRESENTATION_CONTEXT(2) 
PARAMETRIC_REPRESENTATION_CONTEXT() REPRESENTATION_CONTEXT('2D SPACE',''
  ) );
#1090 = PCURVE('',#1091,#1096);
#1091 = CYLINDRICAL_SURFACE('',#1092,5.25);
#1092 = AXIS2_PLACEMENT_3D('',#1093,#1094,#1095);
#1093 = CARTESIAN_POINT('',(3.975E+03,45.,10.));
#1094 = DIRECTION('',(0.,0.,-1.));
#1095 = DIRECTION('',(-1.,0.,0.));
#1096 = DEFINITIONAL_REPRESENTATION('',(#1097),#1101);
#1097 = LINE('',#1098,#1099);
#1098 = CARTESIAN_POINT('',(0.,0.));
#1099 = VECTOR('',#1100,1.);
#1100 = DIRECTION('',(1.,0.));
#1101 = ( GEOMETRIC_REPRESENTATION_CONTEXT(2) 
PARAMETRIC_REPRESENTATION_CONTEXT() REPRESENTATION_CONTEXT('2D SPACE',''
  ) );
#1102 = FACE_BOUND('',#1103,.T.);
#1103 = EDGE_LOOP('',(#1104));
#1104 = ORIENTED_EDGE('',*,*,#1105,.T.);
#1105 = EDGE_CURVE('',#1106,#1106,#1108,.T.);
#1106 = VERTEX_POINT('',#1107);
#1107 = CARTESIAN_POINT('',(4.11975E+03,45.,10.));
#1108 = SURFACE_CURVE('',#1109,(#1114,#1125),.PCURVE_S1.);
#1109 = CIRCLE('',#1110,5.25);
#1110 = AXIS2_PLACEMENT_3D('',#1111,#1112,#1113);
#1111 = CARTESIAN_POINT('',(4.125E+03,45.,10.));
#1112 = DIRECTION('',(0.,0.,-1.));
#1113 = DIRECTION('',(-1.,0.,0.));
#1114 = PCURVE('',#126,#1115);
#1115 = DEFINITIONAL_REPRESENTATION('',(#1116),#1124);
#1116 = ( BOUNDED_CURVE() B_SPLINE_CURVE(2,(#1117,#1118,#1119,#1120,
#1121,#1122,#1123),.UNSPECIFIED.,.T.,.F.) B_SPLINE_CURVE_WITH_KNOTS((1,2
    ,2,2,2,1),(-2.094395102393,0.,2.094395102393,4.188790204786,
6.28318530718,8.377580409573),.UNSPECIFIED.) CURVE() 
GEOMETRIC_REPRESENTATION_ITEM() RATIONAL_B_SPLINE_CURVE((1.,0.5,1.,0.5,
1.,0.5,1.)) REPRESENTATION_ITEM('') );
#1117 = CARTESIAN_POINT('',(4.11975E+03,45.));
#1118 = CARTESIAN_POINT('',(4.11975E+03,54.093266739737));
#1119 = CARTESIAN_POINT('',(4.127625E+03,49.546633369868));
#1120 = CARTESIAN_POINT('',(4.1355E+03,45.));
#1121 = CARTESIAN_POINT('',(4.127625E+03,40.453366630132));
#1122 = CARTESIAN_POINT('',(4.11975E+03,35.906733260263));
#1123 = CARTESIAN_POINT('',(4.11975E+03,45.));
#1124 = ( GEOMETRIC_REPRESENTATION_CONTEXT(2) 
PARAMETRIC_REPRESENTATION_CONTEXT() REPRESENTATION_CONTEXT('2D SPACE',''
  ) );
#1125 = PCURVE('',#1126,#1131);
#1126 = CYLINDRICAL_SURFACE('',#1127,5.25);
#1127 = AXIS2_PLACEMENT_3D('',#1128,#1129,#1130);
#1128 = CARTESIAN_POINT('',(4.125E+03,45.,10.));
#1129 = DIRECTION('',(0.,0.,-1.));
#1130 = DIRECTION('',(-1.,0.,0.));
#1131 = DEFINITIONAL_REPRESENTATION('',(#1132),#1136);
#1132 = LINE('',#1133,#1134);
#1133 = CARTESIAN_POINT('',(0.,0.));
#1134 = VECTOR('',#1135,1.);
#1135 = DIRECTION('',(1.,0.));
#1136 = ( GEOMETRIC_REPRESENTATION_CONTEXT(2) 
PARAMETRIC_REPRESENTATION_CONTEXT() REPRESENTATION_CONTEXT('2D SPACE',''
  ) );
#1137 = FACE_BOUND('',#1138,.T.);
#1138 = EDGE_LOOP('',(#1139));
#1139 = ORIENTED_EDGE('',*,*,#1140,.T.);
#1140 = EDGE_CURVE('',#1141,#1141,#1143,.T.);
#1141 = VERTEX_POINT('',#1142);
#1142 = CARTESIAN_POINT('',(4.26975E+03,45.,10.));
#1143 = SURFACE_CURVE('',#1144,(#1149,#1160),.PCURVE_S1.);
#1144 = CIRCLE('',#1145,5.25);
#1145 = AXIS2_PLACEMENT_3D('',#1146,#1147,#1148);
#1146 = CARTESIAN_POINT('',(4.275E+03,45.,10.));
#1147 = DIRECTION('',(0.,0.,-1.));
#1148 = DIRECTION('',(-1.,0.,0.));
#1149 = PCURVE('',#126,#1150);
#1150 = DEFINITIONAL_REPRESENTATION('',(#1151),#1159);
#1151 = ( BOUNDED_CURVE() B_SPLINE_CURVE(2,(#1152,#1153,#1154,#1155,
#1156,#1157,#1158),.UNSPECIFIED.,.T.,.F.) B_SPLINE_CURVE_WITH_KNOTS((1,2
    ,2,2,2,1),(-2.094395102393,0.,2.094395102393,4.188790204786,
6.28318530718,8.377580409573),.UNSPECIFIED.) CURVE() 
GEOMETRIC_REPRESENTATION_ITEM() RATIONAL_B_SPLINE_CURVE((1.,0.5,1.,0.5,
1.,0.5,1.)) REPRESENTATION_ITEM('') );
#1152 = CARTESIAN_POINT('',(4.26975E+03,45.));
#1153 = CARTESIAN_POINT('',(4.26975E+03,54.093266739737));
#1154 = CARTESIAN_POINT('',(4.277625E+03,49.546633369868));
#1155 = CARTESIAN_POINT('',(4.2855E+03,45.));
#1156 = CARTESIAN_POINT('',(4.277625E+03,40.453366630132));
#1157 = CARTESIAN_POINT('',(4.26975E+03,35.906733260263));
#1158 = CARTESIAN_POINT('',(4.26975E+03,45.));
#1159 = ( GEOMETRIC_REPRESENTATION_CONTEXT(2) 
PARAMETRIC_REPRESENTATION_CONTEXT() REPRESENTATION_CONTEXT('2D SPACE',''
  ) );
#1160 = PCURVE('',#1161,#1166);
#1161 = CYLINDRICAL_SURFACE('',#1162,5.25);
#1162 = AXIS2_PLACEMENT_3D('',#1163,#1164,#1165);
#1163 = CARTESIAN_POINT('',(4.275E+03,45.,10.));
#1164 = DIRECTION('',(0.,0.,-1.));
#1165 = DIRECTION('',(-1.,0.,0.));
#1166 = DEFINITIONAL_REPRESENTATION('',(#1167),#1171);
#1167 = LINE('',#1168,#1169);
#1168 = CARTESIAN_POINT('',(0.,0.));
#1169 = VECTOR('',#1170,1.);
#1170 = DIRECTION('',(1.,0.));
#1171 = ( GEOMETRIC_REPRESENTATION_CONTEXT(2) 
PARAMETRIC_REPRESENTATION_CONTEXT() REPRESENTATION_CONTEXT('2D SPACE',''
  ) );
#1172 = FACE_BOUND('',#1173,.T.);
#1173 = EDGE_LOOP('',(#1174));
#1174 = ORIENTED_EDGE('',*,*,#1175,.T.);
#1175 = EDGE_CURVE('',#1176,#1176,#1178,.T.);
#1176 = VERTEX_POINT('',#1177);
#1177 = CARTESIAN_POINT('',(4.41975E+03,45.,10.));
#1178 = SURFACE_CURVE('',#1179,(#1184,#1195),.PCURVE_S1.);
#1179 = CIRCLE('',#1180,5.25);
#1180 = AXIS2_PLACEMENT_3D('',#1181,#1182,#1183);
#1181 = CARTESIAN_POINT('',(4.425E+03,45.,10.));
#1182 = DIRECTION('',(0.,0.,-1.));
#1183 = DIRECTION('',(-1.,0.,0.));
#1184 = PCURVE('',#126,#1185);
#1185 = DEFINITIONAL_REPRESENTATION('',(#1186),#1194);
#1186 = ( BOUNDED_CURVE() B_SPLINE_CURVE(2,(#1187,#1188,#1189,#1190,
#1191,#1192,#1193),.UNSPECIFIED.,.T.,.F.) B_SPLINE_CURVE_WITH_KNOTS((1,2
    ,2,2,2,1),(-2.094395102393,0.,2.094395102393,4.188790204786,
6.28318530718,8.377580409573),.UNSPECIFIED.) CURVE() 
GEOMETRIC_REPRESENTATION_ITEM() RATIONAL_B_SPLINE_CURVE((1.,0.5,1.,0.5,
1.,0.5,1.)) REPRESENTATION_ITEM('') );
#1187 = CARTESIAN_POINT('',(4.41975E+03,45.));
#1188 = CARTESIAN_POINT('',(4.41975E+03,54.093266739737));
#1189 = CARTESIAN_POINT('',(4.427625E+03,49.546633369868));
#1190 = CARTESIAN_POINT('',(4.4355E+03,45.));
#1191 = CARTESIAN_POINT('',(4.427625E+03,40.453366630132));
#1192 = CARTESIAN_POINT('',(4.41975E+03,35.906733260263));
#1193 = CARTESIAN_POINT('',(4.41975E+03,45.));
#1194 = ( GEOMETRIC_REPRESENTATION_CONTEXT(2) 
PARAMETRIC_REPRESENTATION_CONTEXT() REPRESENTATION_CONTEXT('2D SPACE',''
  ) );
#1195 = PCURVE('',#1196,#1201);
#1196 = CYLINDRICAL_SURFACE('',#1197,5.25);
#1197 = AXIS2_PLACEMENT_3D('',#1198,#1199,#1200);
#1198 = CARTESIAN_POINT('',(4.425E+03,45.,10.));
#1199 = DIRECTION('',(0.,0.,-1.));
#1200 = DIRECTION('',(-1.,0.,0.));
#1201 = DEFINITIONAL_REPRESENTATION('',(#1202),#1206);
#1202 = LINE('',#1203,#1204);
#1203 = CARTESIAN_POINT('',(0.,0.));
#1204 = VECTOR('',#1205,1.);
#1205 = DIRECTION('',(1.,0.));
#1206 = ( GEOMETRIC_REPRESENTATION_CONTEXT(2) 
PARAMETRIC_REPRESENTATION_CONTEXT() REPRESENTATION_CONTEXT('2D SPACE',''
  ) );
#1207 = FACE_BOUND('',#1208,.T.);
#1208 = EDGE_LOOP('',(#1209));
#1209 = ORIENTED_EDGE('',*,*,#1210,.T.);
#1210 = EDGE_CURVE('',#1211,#1211,#1213,.T.);
#1211 = VERTEX_POINT('',#1212);
#1212 = CARTESIAN_POINT('',(4.56975E+03,45.,10.));
#1213 = SURFACE_CURVE('',#1214,(#1219,#1230),.PCURVE_S1.);
#1214 = CIRCLE('',#1215,5.25);
#1215 = AXIS2_PLACEMENT_3D('',#1216,#1217,#1218);
#1216 = CARTESIAN_POINT('',(4.575E+03,45.,10.));
#1217 = DIRECTION('',(0.,0.,-1.));
#1218 = DIRECTION('',(-1.,0.,0.));
#1219 = PCURVE('',#126,#1220);
#1220 = DEFINITIONAL_REPRESENTATION('',(#1221),#1229);
#1221 = ( BOUNDED_CURVE() B_SPLINE_CURVE(2,(#1222,#1223,#1224,#1225,
#1226,#1227,#1228),.UNSPECIFIED.,.T.,.F.) B_SPLINE_CURVE_WITH_KNOTS((1,2
    ,2,2,2,1),(-2.094395102393,0.,2.094395102393,4.188790204786,
6.28318530718,8.377580409573),.UNSPECIFIED.) CURVE() 
GEOMETRIC_REPRESENTATION_ITEM() RATIONAL_B_SPLINE_CURVE((1.,0.5,1.,0.5,
1.,0.5,1.)) REPRESENTATION_ITEM('') );
#1222 = CARTESIAN_POINT('',(4.56975E+03,45.));
#1223 = CARTESIAN_POINT('',(4.56975E+03,54.093266739737));
#1224 = CARTESIAN_POINT('',(4.577625E+03,49.546633369868));
#1225 = CARTESIAN_POINT('',(4.5855E+03,45.));
#1226 = CARTESIAN_POINT('',(4.577625E+03,40.453366630132));
#1227 = CARTESIAN_POINT('',(4.56975E+03,35.906733260263));
#1228 = CARTESIAN_POINT('',(4.56975E+03,45.));
#1229 = ( GEOMETRIC_REPRESENTATION_CONTEXT(2) 
PARAMETRIC_REPRESENTATION_CONTEXT() REPRESENTATION_CONTEXT('2D SPACE',''
  ) );
#1230 = PCURVE('',#1231,#1236);
#1231 = CYLINDRICAL_SURFACE('',#1232,5.25);
#1232 = AXIS2_PLACEMENT_3D('',#1233,#1234,#1235);
#1233 = CARTESIAN_POINT('',(4.575E+03,45.,10.));
#1234 = DIRECTION('',(0.,0.,-1.));
#1235 = DIRECTION('',(-1.,0.,0.));
#1236 = DEFINITIONAL_REPRESENTATION('',(#1237),#1241);
#1237 = LINE('',#1238,#1239);
#1238 = CARTESIAN_POINT('',(0.,0.));
#1239 = VECTOR('',#1240,1.);
#1240 = DIRECTION('',(1.,0.));
#1241 = ( GEOMETRIC_REPRESENTATION_CONTEXT(2) 
PARAMETRIC_REPRESENTATION_CONTEXT() REPRESENTATION_CONTEXT('2D SPACE',''
  ) );
#1242 = FACE_BOUND('',#1243,.T.);
#1243 = EDGE_LOOP('',(#1244));
#1244 = ORIENTED_EDGE('',*,*,#1245,.T.);
#1245 = EDGE_CURVE('',#1246,#1246,#1248,.T.);
#1246 = VERTEX_POINT('',#1247);
#1247 = CARTESIAN_POINT('',(4.71975E+03,45.,10.));
#1248 = SURFACE_CURVE('',#1249,(#1254,#1265),.PCURVE_S1.);
#1249 = CIRCLE('',#1250,5.25);
#1250 = AXIS2_PLACEMENT_3D('',#1251,#1252,#1253);
#1251 = CARTESIAN_POINT('',(4.725E+03,45.,10.));
#1252 = DIRECTION('',(0.,0.,-1.));
#1253 = DIRECTION('',(-1.,0.,0.));
#1254 = PCURVE('',#126,#1255);
#1255 = DEFINITIONAL_REPRESENTATION('',(#1256),#1264);
#1256 = ( BOUNDED_CURVE() B_SPLINE_CURVE(2,(#1257,#1258,#1259,#1260,
#1261,#1262,#1263),.UNSPECIFIED.,.T.,.F.) B_SPLINE_CURVE_WITH_KNOTS((1,2
    ,2,2,2,1),(-2.094395102393,0.,2.094395102393,4.188790204786,
6.28318530718,8.377580409573),.UNSPECIFIED.) CURVE() 
GEOMETRIC_REPRESENTATION_ITEM() RATIONAL_B_SPLINE_CURVE((1.,0.5,1.,0.5,
1.,0.5,1.)) REPRESENTATION_ITEM('') );
#1257 = CARTESIAN_POINT('',(4.71975E+03,45.));
#1258 = CARTESIAN_POINT('',(4.71975E+03,54.093266739737));
#1259 = CARTESIAN_POINT('',(4.727625E+03,49.546633369868));
#1260 = CARTESIAN_POINT('',(4.7355E+03,45.));
#1261 = CARTESIAN_POINT('',(4.727625E+03,40.453366630132));
#1262 = CARTESIAN_POINT('',(4.71975E+03,35.906733260263));
#1263 = CARTESIAN_POINT('',(4.71975E+03,45.));
#1264 = ( GEOMETRIC_REPRESENTATION_CONTEXT(2) 
PARAMETRIC_REPRESENTATION_CONTEXT() REPRESENTATION_CONTEXT('2D SPACE',''
  ) );
#1265 = PCURVE('',#1266,#1271);
#1266 = CYLINDRICAL_SURFACE('',#1267,5.25);
#1267 = AXIS2_PLACEMENT_3D('',#1268,#1269,#1270);
#1268 = CARTESIAN_POINT('',(4.725E+03,45.,10.));
#1269 = DIRECTION('',(0.,0.,-1.));
#1270 = DIRECTION('',(-1.,0.,0.));
#1271 = DEFINITIONAL_REPRESENTATION('',(#1272),#1276);
#1272 = LINE('',#1273,#1274);
#1273 = CARTESIAN_POINT('',(0.,0.));
#1274 = VECTOR('',#1275,1.);
#1275 = DIRECTION('',(1.,0.));
#1276 = ( GEOMETRIC_REPRESENTATION_CONTEXT(2) 
PARAMETRIC_REPRESENTATION_CONTEXT() REPRESENTATION_CONTEXT('2D SPACE',''
  ) );
#1277 = FACE_BOUND('',#1278,.T.);
#1278 = EDGE_LOOP('',(#1279));
#1279 = ORIENTED_EDGE('',*,*,#1280,.T.);
#1280 = EDGE_CURVE('',#1281,#1281,#1283,.T.);
#1281 = VERTEX_POINT('',#1282);
#1282 = CARTESIAN_POINT('',(4.86975E+03,45.,10.));
#1283 = SURFACE_CURVE('',#1284,(#1289,#1300),.PCURVE_S1.);
#1284 = CIRCLE('',#1285,5.25);
#1285 = AXIS2_PLACEMENT_3D('',#1286,#1287,#1288);
#1286 = CARTESIAN_POINT('',(4.875E+03,45.,10.));
#1287 = DIRECTION('',(0.,0.,-1.));
#1288 = DIRECTION('',(-1.,0.,0.));
#1289 = PCURVE('',#126,#1290);
#1290 = DEFINITIONAL_REPRESENTATION('',(#1291),#1299);
#1291 = ( BOUNDED_CURVE() B_SPLINE_CURVE(2,(#1292,#1293,#1294,#1295,
#1296,#1297,#1298),.UNSPECIFIED.,.T.,.F.) B_SPLINE_CURVE_WITH_KNOTS((1,2
    ,2,2,2,1),(-2.094395102393,0.,2.094395102393,4.188790204786,
6.28318530718,8.377580409573),.UNSPECIFIED.) CURVE() 
GEOMETRIC_REPRESENTATION_ITEM() RATIONAL_B_SPLINE_CURVE((1.,0.5,1.,0.5,
1.,0.5,1.)) REPRESENTATION_ITEM('') );
#1292 = CARTESIAN_POINT('',(4.86975E+03,45.));
#1293 = CARTESIAN_POINT('',(4.86975E+03,54.093266739737));
#1294 = CARTESIAN_POINT('',(4.877625E+03,49.546633369868));
#1295 = CARTESIAN_POINT('',(4.8855E+03,45.));
#1296 = CARTESIAN_POINT('',(4.877625E+03,40.453366630132));
#1297 = CARTESIAN_POINT('',(4.86975E+03,35.906733260263));
#1298 = CARTESIAN_POINT('',(4.86975E+03,45.));
#1299 = ( GEOMETRIC_REPRESENTATION_CONTEXT(2) 
PARAMETRIC_REPRESENTATION_CONTEXT() REPRESENTATION_CONTEXT('2D SPACE',''
  ) );
#1300 = PCURVE('',#1301,#1306);
#1301 = CYLINDRICAL_SURFACE('',#1302,5.25);
#1302 = AXIS2_PLACEMENT_3D('',#1303,#1304,#1305);
#1303 = CARTESIAN_POINT('',(4.875E+03,45.,10.));
#1304 = DIRECTION('',(0.,0.,-1.));
#1305 = DIRECTION('',(-1.,0.,0.));
#1306 = DEFINITIONAL_REPRESENTATION('',(#1307),#1311);
#1307 = LINE('',#1308,#1309);
#1308 = CARTESIAN_POINT('',(0.,0.));
#1309 = VECTOR('',#1310,1.);
#1310 = DIRECTION('',(1.,0.));
#1311 = ( GEOMETRIC_REPRESENTATION_CONTEXT(2) 
PARAMETRIC_REPRESENTATION_CONTEXT() REPRESENTATION_CONTEXT('2D SPACE',''
  ) );
#1312 = FACE_BOUND('',#1313,.T.);
#1313 = EDGE_LOOP('',(#1314));
#1314 = ORIENTED_EDGE('',*,*,#1315,.T.);
#1315 = EDGE_CURVE('',#1316,#1316,#1318,.T.);
#1316 = VERTEX_POINT('',#1317);
#1317 = CARTESIAN_POINT('',(5.01975E+03,45.,10.));
#1318 = SURFACE_CURVE('',#1319,(#1324,#1335),.PCURVE_S1.);
#1319 = CIRCLE('',#1320,5.25);
#1320 = AXIS2_PLACEMENT_3D('',#1321,#1322,#1323);
#1321 = CARTESIAN_POINT('',(5.025E+03,45.,10.));
#1322 = DIRECTION('',(0.,0.,-1.));
#1323 = DIRECTION('',(-1.,0.,0.));
#1324 = PCURVE('',#126,#1325);
#1325 = DEFINITIONAL_REPRESENTATION('',(#1326),#1334);
#1326 = ( BOUNDED_CURVE() B_SPLINE_CURVE(2,(#1327,#1328,#1329,#1330,
#1331,#1332,#1333),.UNSPECIFIED.,.T.,.F.) B_SPLINE_CURVE_WITH_KNOTS((1,2
    ,2,2,2,1),(-2.094395102393,0.,2.094395102393,4.188790204786,
6.28318530718,8.377580409573),.UNSPECIFIED.) CURVE() 
GEOMETRIC_REPRESENTATION_ITEM() RATIONAL_B_SPLINE_CURVE((1.,0.5,1.,0.5,
1.,0.5,1.)) REPRESENTATION_ITEM('') );
#1327 = CARTESIAN_POINT('',(5.01975E+03,45.));
#1328 = CARTESIAN_POINT('',(5.01975E+03,54.093266739737));
#1329 = CARTESIAN_POINT('',(5.027625E+03,49.546633369868));
#1330 = CARTESIAN_POINT('',(5.0355E+03,45.));
#1331 = CARTESIAN_POINT('',(5.027625E+03,40.453366630132));
#1332 = CARTESIAN_POINT('',(5.01975E+03,35.906733260263));
#1333 = CARTESIAN_POINT('',(5.01975E+03,45.));
#1334 = ( GEOMETRIC_REPRESENTATION_CONTEXT(2) 
PARAMETRIC_REPRESENTATION_CONTEXT() REPRESENTATION_CONTEXT('2D SPACE',''
  ) );
#1335 = PCURVE('',#1336,#1341);
#1336 = CYLINDRICAL_SURFACE('',#1337,5.25);
#1337 = AXIS2_PLACEMENT_3D('',#1338,#1339,#1340);
#1338 = CARTESIAN_POINT('',(5.025E+03,45.,10.));
#1339 = DIRECTION('',(0.,0.,-1.));
#1340 = DIRECTION('',(-1.,0.,0.));
#1341 = DEFINITIONAL_REPRESENTATION('',(#1342),#1346);
#1342 = LINE('',#1343,#1344);
#1343 = CARTESIAN_POINT('',(0.,0.));
#1344 = VECTOR('',#1345,1.);
#1345 = DIRECTION('',(1.,0.));
#1346 = ( GEOMETRIC_REPRESENTATION_CONTEXT(2) 
PARAMETRIC_REPRESENTATION_CONTEXT() REPRESENTATION_CONTEXT('2D SPACE',''
  ) );
#1347 = FACE_BOUND('',#1348,.T.);
#1348 = EDGE_LOOP('',(#1349));
#1349 = ORIENTED_EDGE('',*,*,#1350,.T.);
#1350 = EDGE_CURVE('',#1351,#1351,#1353,.T.);
#1351 = VERTEX_POINT('',#1352);
#1352 = CARTESIAN_POINT('',(5.12975E+03,45.,10.));
#1353 = SURFACE_CURVE('',#1354,(#1359,#1370),.PCURVE_S1.);
#1354 = CIRCLE('',#1355,5.25);
#1355 = AXIS2_PLACEMENT_3D('',#1356,#1357,#1358);
#1356 = CARTESIAN_POINT('',(5.135E+03,45.,10.));
#1357 = DIRECTION('',(0.,0.,-1.));
#1358 = DIRECTION('',(-1.,0.,0.));
#1359 = PCURVE('',#126,#1360);
#1360 = DEFINITIONAL_REPRESENTATION('',(#1361),#1369);
#1361 = ( BOUNDED_CURVE() B_SPLINE_CURVE(2,(#1362,#1363,#1364,#1365,
#1366,#1367,#1368),.UNSPECIFIED.,.T.,.F.) B_SPLINE_CURVE_WITH_KNOTS((1,2
    ,2,2,2,1),(-2.094395102393,0.,2.094395102393,4.188790204786,
6.28318530718,8.377580409573),.UNSPECIFIED.) CURVE() 
GEOMETRIC_REPRESENTATION_ITEM() RATIONAL_B_SPLINE_CURVE((1.,0.5,1.,0.5,
1.,0.5,1.)) REPRESENTATION_ITEM('') );
#1362 = CARTESIAN_POINT('',(5.12975E+03,45.));
#1363 = CARTESIAN_POINT('',(5.12975E+03,54.093266739737));
#1364 = CARTESIAN_POINT('',(5.137625E+03,49.546633369868));
#1365 = CARTESIAN_POINT('',(5.1455E+03,45.));
#1366 = CARTESIAN_POINT('',(5.137625E+03,40.453366630132));
#1367 = CARTESIAN_POINT('',(5.12975E+03,35.906733260263));
#1368 = CARTESIAN_POINT('',(5.12975E+03,45.));
#1369 = ( GEOMETRIC_REPRESENTATION_CONTEXT(2) 
PARAMETRIC_REPRESENTATION_CONTEXT() REPRESENTATION_CONTEXT('2D SPACE',''
  ) );
#1370 = PCURVE('',#1371,#1376);
#1371 = CYLINDRICAL_SURFACE('',#1372,5.25);
#1372 = AXIS2_PLACEMENT_3D('',#1373,#1374,#1375);
#1373 = CARTESIAN_POINT('',(5.135E+03,45.,10.));
#1374 = DIRECTION('',(0.,0.,-1.));
#1375 = DIRECTION('',(-1.,0.,0.));
#1376 = DEFINITIONAL_REPRESENTATION('',(#1377),#1381);
#1377 = LINE('',#1378,#1379);
#1378 = CARTESIAN_POINT('',(0.,0.));
#1379 = VECTOR('',#1380,1.);
#1380 = DIRECTION('',(1.,0.));
#1381 = ( GEOMETRIC_REPRESENTATION_CONTEXT(2) 
PARAMETRIC_REPRESENTATION_CONTEXT() REPRESENTATION_CONTEXT('2D SPACE',''
  ) );
#1382 = FACE_BOUND('',#1383,.T.);
#1383 = EDGE_LOOP('',(#1384));
#1384 = ORIENTED_EDGE('',*,*,#1385,.T.);
#1385 = EDGE_CURVE('',#1386,#1386,#1388,.T.);
#1386 = VERTEX_POINT('',#1387);
#1387 = CARTESIAN_POINT('',(5.19975E+03,45.,10.));
#1388 = SURFACE_CURVE('',#1389,(#1394,#1405),.PCURVE_S1.);
#1389 = CIRCLE('',#1390,5.25);
#1390 = AXIS2_PLACEMENT_3D('',#1391,#1392,#1393);
#1391 = CARTESIAN_POINT('',(5.205E+03,45.,10.));
#1392 = DIRECTION('',(0.,0.,-1.));
#1393 = DIRECTION('',(-1.,0.,0.));
#1394 = PCURVE('',#126,#1395);
#1395 = DEFINITIONAL_REPRESENTATION('',(#1396),#1404);
#1396 = ( BOUNDED_CURVE() B_SPLINE_CURVE(2,(#1397,#1398,#1399,#1400,
#1401,#1402,#1403),.UNSPECIFIED.,.T.,.F.) B_SPLINE_CURVE_WITH_KNOTS((1,2
    ,2,2,2,1),(-2.094395102393,0.,2.094395102393,4.188790204786,
6.28318530718,8.377580409573),.UNSPECIFIED.) CURVE() 
GEOMETRIC_REPRESENTATION_ITEM() RATIONAL_B_SPLINE_CURVE((1.,0.5,1.,0.5,
1.,0.5,1.)) REPRESENTATION_ITEM('') );
#1397 = CARTESIAN_POINT('',(5.19975E+03,45.));
#1398 = CARTESIAN_POINT('',(5.19975E+03,54.093266739737));
#1399 = CARTESIAN_POINT('',(5.207625E+03,49.546633369868));
#1400 = CARTESIAN_POINT('',(5.2155E+03,45.));
#1401 = CARTESIAN_POINT('',(5.207625E+03,40.453366630132));
#1402 = CARTESIAN_POINT('',(5.19975E+03,35.906733260263));
#1403 = CARTESIAN_POINT('',(5.19975E+03,45.));
#1404 = ( GEOMETRIC_REPRESENTATION_CONTEXT(2) 
PARAMETRIC_REPRESENTATION_CONTEXT() REPRESENTATION_CONTEXT('2D SPACE',''
  ) );
#1405 = PCURVE('',#1406,#1411);
#1406 = CYLINDRICAL_SURFACE('',#1407,5.25);
#1407 = AXIS2_PLACEMENT_3D('',#1408,#1409,#1410);
#1408 = CARTESIAN_POINT('',(5.205E+03,45.,10.));
#1409 = DIRECTION('',(0.,0.,-1.));
#1410 = DIRECTION('',(-1.,0.,0.));
#1411 = DEFINITIONAL_REPRESENTATION('',(#1412),#1416);
#1412 = LINE('',#1413,#1414);
#1413 = CARTESIAN_POINT('',(0.,0.));
#1414 = VECTOR('',#1415,1.);
#1415 = DIRECTION('',(1.,0.));
#1416 = ( GEOMETRIC_REPRESENTATION_CONTEXT(2) 
PARAMETRIC_REPRESENTATION_CONTEXT() REPRESENTATION_CONTEXT('2D SPACE',''
  ) );
#1417 = FACE_BOUND('',#1418,.T.);
#1418 = EDGE_LOOP('',(#1419));
#1419 = ORIENTED_EDGE('',*,*,#1420,.T.);
#1420 = EDGE_CURVE('',#1421,#1421,#1423,.T.);
#1421 = VERTEX_POINT('',#1422);
#1422 = CARTESIAN_POINT('',(5.26975E+03,45.,10.));
#1423 = SURFACE_CURVE('',#1424,(#1429,#1440),.PCURVE_S1.);
#1424 = CIRCLE('',#1425,5.25);
#1425 = AXIS2_PLACEMENT_3D('',#1426,#1427,#1428);
#1426 = CARTESIAN_POINT('',(5.275E+03,45.,10.));
#1427 = DIRECTION('',(0.,0.,-1.));
#1428 = DIRECTION('',(-1.,0.,0.));
#1429 = PCURVE('',#126,#1430);
#1430 = DEFINITIONAL_REPRESENTATION('',(#1431),#1439);
#1431 = ( BOUNDED_CURVE() B_SPLINE_CURVE(2,(#1432,#1433,#1434,#1435,
#1436,#1437,#1438),.UNSPECIFIED.,.T.,.F.) B_SPLINE_CURVE_WITH_KNOTS((1,2
    ,2,2,2,1),(-2.094395102393,0.,2.094395102393,4.188790204786,
6.28318530718,8.377580409573),.UNSPECIFIED.) CURVE() 
GEOMETRIC_REPRESENTATION_ITEM() RATIONAL_B_SPLINE_CURVE((1.,0.5,1.,0.5,
1.,0.5,1.)) REPRESENTATION_ITEM('') );
#1432 = CARTESIAN_POINT('',(5.26975E+03,45.));
#1433 = CARTESIAN_POINT('',(5.26975E+03,54.093266739737));
#1434 = CARTESIAN_POINT('',(5.277625E+03,49.546633369868));
#1435 = CARTESIAN_POINT('',(5.2855E+03,45.));
#1436 = CARTESIAN_POINT('',(5.277625E+03,40.453366630132));
#1437 = CARTESIAN_POINT('',(5.26975E+03,35.906733260263));
#1438 = CARTESIAN_POINT('',(5.26975E+03,45.));
#1439 = ( GEOMETRIC_REPRESENTATION_CONTEXT(2) 
PARAMETRIC_REPRESENTATION_CONTEXT() REPRESENTATION_CONTEXT('2D SPACE',''
  ) );
#1440 = PCURVE('',#1441,#1446);
#1441 = CYLINDRICAL_SURFACE('',#1442,5.25);
#1442 = AXIS2_PLACEMENT_3D('',#1443,#1444,#1445);
#1443 = CARTESIAN_POINT('',(5.275E+03,45.,10.));
#1444 = DIRECTION('',(0.,0.,-1.));
#1445 = DIRECTION('',(-1.,0.,0.));
#1446 = DEFINITIONAL_REPRESENTATION('',(#1447),#1451);
#1447 = LINE('',#1448,#1449);
#1448 = CARTESIAN_POINT('',(0.,0.));
#1449 = VECTOR('',#1450,1.);
#1450 = DIRECTION('',(1.,0.));
#1451 = ( GEOMETRIC_REPRESENTATION_CONTEXT(2) 
PARAMETRIC_REPRESENTATION_CONTEXT() REPRESENTATION_CONTEXT('2D SPACE',''
  ) );
#1452 = FACE_BOUND('',#1453,.T.);
#1453 = EDGE_LOOP('',(#1454));
#1454 = ORIENTED_EDGE('',*,*,#1455,.T.);
#1455 = EDGE_CURVE('',#1456,#1456,#1458,.T.);
#1456 = VERTEX_POINT('',#1457);
#1457 = CARTESIAN_POINT('',(5.33975E+03,45.,10.));
#1458 = SURFACE_CURVE('',#1459,(#1464,#1475),.PCURVE_S1.);
#1459 = CIRCLE('',#1460,5.25);
#1460 = AXIS2_PLACEMENT_3D('',#1461,#1462,#1463);
#1461 = CARTESIAN_POINT('',(5.345E+03,45.,10.));
#1462 = DIRECTION('',(0.,0.,-1.));
#1463 = DIRECTION('',(-1.,0.,0.));
#1464 = PCURVE('',#126,#1465);
#1465 = DEFINITIONAL_REPRESENTATION('',(#1466),#1474);
#1466 = ( BOUNDED_CURVE() B_SPLINE_CURVE(2,(#1467,#1468,#1469,#1470,
#1471,#1472,#1473),.UNSPECIFIED.,.T.,.F.) B_SPLINE_CURVE_WITH_KNOTS((1,2
    ,2,2,2,1),(-2.094395102393,0.,2.094395102393,4.188790204786,
6.28318530718,8.377580409573),.UNSPECIFIED.) CURVE() 
GEOMETRIC_REPRESENTATION_ITEM() RATIONAL_B_SPLINE_CURVE((1.,0.5,1.,0.5,
1.,0.5,1.)) REPRESENTATION_ITEM('') );
#1467 = CARTESIAN_POINT('',(5.33975E+03,45.));
#1468 = CARTESIAN_POINT('',(5.33975E+03,54.093266739737));
#1469 = CARTESIAN_POINT('',(5.347625E+03,49.546633369868));
#1470 = CARTESIAN_POINT('',(5.3555E+03,45.));
#1471 = CARTESIAN_POINT('',(5.347625E+03,40.453366630132));
#1472 = CARTESIAN_POINT('',(5.33975E+03,35.906733260263));
#1473 = CARTESIAN_POINT('',(5.33975E+03,45.));
#1474 = ( GEOMETRIC_REPRESENTATION_CONTEXT(2) 
PARAMETRIC_REPRESENTATION_CONTEXT() REPRESENTATION_CONTEXT('2D SPACE',''
  ) );
#1475 = PCURVE('',#1476,#1481);
#1476 = CYLINDRICAL_SURFACE('',#1477,5.25);
#1477 = AXIS2_PLACEMENT_3D('',#1478,#1479,#1480);
#1478 = CARTESIAN_POINT('',(5.345E+03,45.,10.));
#1479 = DIRECTION('',(0.,0.,-1.));
#1480 = DIRECTION('',(-1.,0.,0.));
#1481 = DEFINITIONAL_REPRESENTATION('',(#1482),#1486);
#1482 = LINE('',#1483,#1484);
#1483 = CARTESIAN_POINT('',(0.,0.));
#1484 = VECTOR('',#1485,1.);
#1485 = DIRECTION('',(1.,0.));
#1486 = ( GEOMETRIC_REPRESENTATION_CONTEXT(2) 
PARAMETRIC_REPRESENTATION_CONTEXT() REPRESENTATION_CONTEXT('2D SPACE',''
  ) );
#1487 = FACE_BOUND('',#1488,.T.);
#1488 = EDGE_LOOP('',(#1489));
#1489 = ORIENTED_EDGE('',*,*,#1490,.T.);
#1490 = EDGE_CURVE('',#1491,#1491,#1493,.T.);
#1491 = VERTEX_POINT('',#1492);
#1492 = CARTESIAN_POINT('',(5.40975E+03,45.,10.));
#1493 = SURFACE_CURVE('',#1494,(#1499,#1510),.PCURVE_S1.);
#1494 = CIRCLE('',#1495,5.25);
#1495 = AXIS2_PLACEMENT_3D('',#1496,#1497,#1498);
#1496 = CARTESIAN_POINT('',(5.415E+03,45.,10.));
#1497 = DIRECTION('',(0.,0.,-1.));
#1498 = DIRECTION('',(-1.,0.,0.));
#1499 = PCURVE('',#126,#1500);
#1500 = DEFINITIONAL_REPRESENTATION('',(#1501),#1509);
#1501 = ( BOUNDED_CURVE() B_SPLINE_CURVE(2,(#1502,#1503,#1504,#1505,
#1506,#1507,#1508),.UNSPECIFIED.,.T.,.F.) B_SPLINE_CURVE_WITH_KNOTS((1,2
    ,2,2,2,1),(-2.094395102393,0.,2.094395102393,4.188790204786,
6.28318530718,8.377580409573),.UNSPECIFIED.) CURVE() 
GEOMETRIC_REPRESENTATION_ITEM() RATIONAL_B_SPLINE_CURVE((1.,0.5,1.,0.5,
1.,0.5,1.)) REPRESENTATION_ITEM('') );
#1502 = CARTESIAN_POINT('',(5.40975E+03,45.));
#1503 = CARTESIAN_POINT('',(5.40975E+03,54.093266739737));
#1504 = CARTESIAN_POINT('',(5.417625E+03,49.546633369868));
#1505 = CARTESIAN_POINT('',(5.4255E+03,45.));
#1506 = CARTESIAN_POINT('',(5.417625E+03,40.453366630132));
#1507 = CARTESIAN_POINT('',(5.40975E+03,35.906733260263));
#1508 = CARTESIAN_POINT('',(5.40975E+03,45.));
#1509 = ( GEOMETRIC_REPRESENTATION_CONTEXT(2) 
PARAMETRIC_REPRESENTATION_CONTEXT() REPRESENTATION_CONTEXT('2D SPACE',''
  ) );
#1510 = PCURVE('',#1511,#1516);
#1511 = CYLINDRICAL_SURFACE('',#1512,5.25);
#1512 = AXIS2_PLACEMENT_3D('',#1513,#1514,#1515);
#1513 = CARTESIAN_POINT('',(5.415E+03,45.,10.));
#1514 = DIRECTION('',(0.,0.,-1.));
#1515 = DIRECTION('',(-1.,0.,0.));
#1516 = DEFINITIONAL_REPRESENTATION('',(#1517),#1521);
#1517 = LINE('',#1518,#1519);
#1518 = CARTESIAN_POINT('',(0.,0.));
#1519 = VECTOR('',#1520,1.);
#1520 = DIRECTION('',(1.,0.));
#1521 = ( GEOMETRIC_REPRESENTATION_CONTEXT(2) 
PARAMETRIC_REPRESENTATION_CONTEXT() REPRESENTATION_CONTEXT('2D SPACE',''
  ) );
#1522 = FACE_BOUND('',#1523,.T.);
#1523 = EDGE_LOOP('',(#1524));
#1524 = ORIENTED_EDGE('',*,*,#1525,.T.);
#1525 = EDGE_CURVE('',#1526,#1526,#1528,.T.);
#1526 = VERTEX_POINT('',#1527);
#1527 = CARTESIAN_POINT('',(5.47975E+03,45.,10.));
#1528 = SURFACE_CURVE('',#1529,(#1534,#1545),.PCURVE_S1.);
#1529 = CIRCLE('',#1530,5.25);
#1530 = AXIS2_PLACEMENT_3D('',#1531,#1532,#1533);
#1531 = CARTESIAN_POINT('',(5.485E+03,45.,10.));
#1532 = DIRECTION('',(0.,0.,-1.));
#1533 = DIRECTION('',(-1.,0.,0.));
#1534 = PCURVE('',#126,#1535);
#1535 = DEFINITIONAL_REPRESENTATION('',(#1536),#1544);
#1536 = ( BOUNDED_CURVE() B_SPLINE_CURVE(2,(#1537,#1538,#1539,#1540,
#1541,#1542,#1543),.UNSPECIFIED.,.T.,.F.) B_SPLINE_CURVE_WITH_KNOTS((1,2
    ,2,2,2,1),(-2.094395102393,0.,2.094395102393,4.188790204786,
6.28318530718,8.377580409573),.UNSPECIFIED.) CURVE() 
GEOMETRIC_REPRESENTATION_ITEM() RATIONAL_B_SPLINE_CURVE((1.,0.5,1.,0.5,
1.,0.5,1.)) REPRESENTATION_ITEM('') );
#1537 = CARTESIAN_POINT('',(5.47975E+03,45.));
#1538 = CARTESIAN_POINT('',(5.47975E+03,54.093266739737));
#1539 = CARTESIAN_POINT('',(5.487625E+03,49.546633369868));
#1540 = CARTESIAN_POINT('',(5.4955E+03,45.));
#1541 = CARTESIAN_POINT('',(5.487625E+03,40.453366630132));
#1542 = CARTESIAN_POINT('',(5.47975E+03,35.906733260263));
#1543 = CARTESIAN_POINT('',(5.47975E+03,45.));
#1544 = ( GEOMETRIC_REPRESENTATION_CONTEXT(2) 
PARAMETRIC_REPRESENTATION_CONTEXT() REPRESENTATION_CONTEXT('2D SPACE',''
  ) );
#1545 = PCURVE('',#1546,#1551);
#1546 = CYLINDRICAL_SURFACE('',#1547,5.25);
#1547 = AXIS2_PLACEMENT_3D('',#1548,#1549,#1550);
#1548 = CARTESIAN_POINT('',(5.485E+03,45.,10.));
#1549 = DIRECTION('',(0.,0.,-1.));
#1550 = DIRECTION('',(-1.,0.,0.));
#1551 = DEFINITIONAL_REPRESENTATION('',(#1552),#1556);
#1552 = LINE('',#1553,#1554);
#1553 = CARTESIAN_POINT('',(0.,0.));
#1554 = VECTOR('',#1555,1.);
#1555 = DIRECTION('',(1.,0.));
#1556 = ( GEOMETRIC_REPRESENTATION_CONTEXT(2) 
PARAMETRIC_REPRESENTATION_CONTEXT() REPRESENTATION_CONTEXT('2D SPACE',''
  ) );
#1557 = FACE_BOUND('',#1558,.T.);
#1558 = EDGE_LOOP('',(#1559));
#1559 = ORIENTED_EDGE('',*,*,#1560,.T.);
#1560 = EDGE_CURVE('',#1561,#1561,#1563,.T.);
#1561 = VERTEX_POINT('',#1562);
#1562 = CARTESIAN_POINT('',(5.54975E+03,45.,10.));
#1563 = SURFACE_CURVE('',#1564,(#1569,#1580),.PCURVE_S1.);
#1564 = CIRCLE('',#1565,5.25);
#1565 = AXIS2_PLACEMENT_3D('',#1566,#1567,#1568);
#1566 = CARTESIAN_POINT('',(5.555E+03,45.,10.));
#1567 = DIRECTION('',(0.,0.,-1.));
#1568 = DIRECTION('',(-1.,0.,0.));
#1569 = PCURVE('',#126,#1570);
#1570 = DEFINITIONAL_REPRESENTATION('',(#1571),#1579);
#1571 = ( BOUNDED_CURVE() B_SPLINE_CURVE(2,(#1572,#1573,#1574,#1575,
#1576,#1577,#1578),.UNSPECIFIED.,.T.,.F.) B_SPLINE_CURVE_WITH_KNOTS((1,2
    ,2,2,2,1),(-2.094395102393,0.,2.094395102393,4.188790204786,
6.28318530718,8.377580409573),.UNSPECIFIED.) CURVE() 
GEOMETRIC_REPRESENTATION_ITEM() RATIONAL_B_SPLINE_CURVE((1.,0.5,1.,0.5,
1.,0.5,1.)) REPRESENTATION_ITEM('') );
#1572 = CARTESIAN_POINT('',(5.54975E+03,45.));
#1573 = CARTESIAN_POINT('',(5.54975E+03,54.093266739737));
#1574 = CARTESIAN_POINT('',(5.557625E+03,49.546633369868));
#1575 = CARTESIAN_POINT('',(5.5655E+03,45.));
#1576 = CARTESIAN_POINT('',(5.557625E+03,40.453366630132));
#1577 = CARTESIAN_POINT('',(5.54975E+03,35.906733260263));
#1578 = CARTESIAN_POINT('',(5.54975E+03,45.));
#1579 = ( GEOMETRIC_REPRESENTATION_CONTEXT(2) 
PARAMETRIC_REPRESENTATION_CONTEXT() REPRESENTATION_CONTEXT('2D SPACE',''
  ) );
#1580 = PCURVE('',#1581,#1586);
#1581 = CYLINDRICAL_SURFACE('',#1582,5.25);
#1582 = AXIS2_PLACEMENT_3D('',#1583,#1584,#1585);
#1583 = CARTESIAN_POINT('',(5.555E+03,45.,10.));
#1584 = DIRECTION('',(0.,0.,-1.));
#1585 = DIRECTION('',(-1.,0.,0.));
#1586 = DEFINITIONAL_REPRESENTATION('',(#1587),#1591);
#1587 = LINE('',#1588,#1589);
#1588 = CARTESIAN_POINT('',(0.,0.));
#1589 = VECTOR('',#1590,1.);
#1590 = DIRECTION('',(1.,0.));
#1591 = ( GEOMETRIC_REPRESENTATION_CONTEXT(2) 
PARAMETRIC_REPRESENTATION_CONTEXT() REPRESENTATION_CONTEXT('2D SPACE',''
  ) );
#1592 = FACE_BOUND('',#1593,.T.);
#1593 = EDGE_LOOP('',(#1594));
#1594 = ORIENTED_EDGE('',*,*,#1595,.T.);
#1595 = EDGE_CURVE('',#1596,#1596,#1598,.T.);
#1596 = VERTEX_POINT('',#1597);
#1597 = CARTESIAN_POINT('',(5.61975E+03,45.,10.));
#1598 = SURFACE_CURVE('',#1599,(#1604,#1615),.PCURVE_S1.);
#1599 = CIRCLE('',#1600,5.25);
#1600 = AXIS2_PLACEMENT_3D('',#1601,#1602,#1603);
#1601 = CARTESIAN_POINT('',(5.625E+03,45.,10.));
#1602 = DIRECTION('',(0.,0.,-1.));
#1603 = DIRECTION('',(-1.,0.,0.));
#1604 = PCURVE('',#126,#1605);
#1605 = DEFINITIONAL_REPRESENTATION('',(#1606),#1614);
#1606 = ( BOUNDED_CURVE() B_SPLINE_CURVE(2,(#1607,#1608,#1609,#1610,
#1611,#1612,#1613),.UNSPECIFIED.,.T.,.F.) B_SPLINE_CURVE_WITH_KNOTS((1,2
    ,2,2,2,1),(-2.094395102393,0.,2.094395102393,4.188790204786,
6.28318530718,8.377580409573),.UNSPECIFIED.) CURVE() 
GEOMETRIC_REPRESENTATION_ITEM() RATIONAL_B_SPLINE_CURVE((1.,0.5,1.,0.5,
1.,0.5,1.)) REPRESENTATION_ITEM('') );
#1607 = CARTESIAN_POINT('',(5.61975E+03,45.));
#1608 = CARTESIAN_POINT('',(5.61975E+03,54.093266739737));
#1609 = CARTESIAN_POINT('',(5.627625E+03,49.546633369868));
#1610 = CARTESIAN_POINT('',(5.6355E+03,45.));
#1611 = CARTESIAN_POINT('',(5.627625E+03,40.453366630132));
#1612 = CARTESIAN_POINT('',(5.61975E+03,35.906733260263));
#1613 = CARTESIAN_POINT('',(5.61975E+03,45.));
#1614 = ( GEOMETRIC_REPRESENTATION_CONTEXT(2) 
PARAMETRIC_REPRESENTATION_CONTEXT() REPRESENTATION_CONTEXT('2D SPACE',''
  ) );
#1615 = PCURVE('',#1616,#1621);
#1616 = CYLINDRICAL_SURFACE('',#1617,5.25);
#1617 = AXIS2_PLACEMENT_3D('',#1618,#1619,#1620);
#1618 = CARTESIAN_POINT('',(5.625E+03,45.,10.));
#1619 = DIRECTION('',(0.,0.,-1.));
#1620 = DIRECTION('',(-1.,0.,0.));
#1621 = DEFINITIONAL_REPRESENTATION('',(#1622),#1626);
#1622 = LINE('',#1623,#1624);
#1623 = CARTESIAN_POINT('',(0.,0.));
#1624 = VECTOR('',#1625,1.);
#1625 = DIRECTION('',(1.,0.));
#1626 = ( GEOMETRIC_REPRESENTATION_CONTEXT(2) 
PARAMETRIC_REPRESENTATION_CONTEXT() REPRESENTATION_CONTEXT('2D SPACE',''
  ) );
#1627 = FACE_BOUND('',#1628,.T.);
#1628 = EDGE_LOOP('',(#1629));
#1629 = ORIENTED_EDGE('',*,*,#1630,.T.);
#1630 = EDGE_CURVE('',#1631,#1631,#1633,.T.);
#1631 = VERTEX_POINT('',#1632);
#1632 = CARTESIAN_POINT('',(5.68975E+03,45.,10.));
#1633 = SURFACE_CURVE('',#1634,(#1639,#1650),.PCURVE_S1.);
#1634 = CIRCLE('',#1635,5.25);
#1635 = AXIS2_PLACEMENT_3D('',#1636,#1637,#1638);
#1636 = CARTESIAN_POINT('',(5.695E+03,45.,10.));
#1637 = DIRECTION('',(0.,0.,-1.));
#1638 = DIRECTION('',(-1.,0.,0.));
#1639 = PCURVE('',#126,#1640);
#1640 = DEFINITIONAL_REPRESENTATION('',(#1641),#1649);
#1641 = ( BOUNDED_CURVE() B_SPLINE_CURVE(2,(#1642,#1643,#1644,#1645,
#1646,#1647,#1648),.UNSPECIFIED.,.T.,.F.) B_SPLINE_CURVE_WITH_KNOTS((1,2
    ,2,2,2,1),(-2.094395102393,0.,2.094395102393,4.188790204786,
6.28318530718,8.377580409573),.UNSPECIFIED.) CURVE() 
GEOMETRIC_REPRESENTATION_ITEM() RATIONAL_B_SPLINE_CURVE((1.,0.5,1.,0.5,
1.,0.5,1.)) REPRESENTATION_ITEM('') );
#1642 = CARTESIAN_POINT('',(5.68975E+03,45.));
#1643 = CARTESIAN_POINT('',(5.68975E+03,54.093266739737));
#1644 = CARTESIAN_POINT('',(5.697625E+03,49.546633369868));
#1645 = CARTESIAN_POINT('',(5.7055E+03,45.));
#1646 = CARTESIAN_POINT('',(5.697625E+03,40.453366630132));
#1647 = CARTESIAN_POINT('',(5.68975E+03,35.906733260263));
#1648 = CARTESIAN_POINT('',(5.68975E+03,45.));
#1649 = ( GEOMETRIC_REPRESENTATION_CONTEXT(2) 
PARAMETRIC_REPRESENTATION_CONTEXT() REPRESENTATION_CONTEXT('2D SPACE',''
  ) );
#1650 = PCURVE('',#1651,#1656);
#1651 = CYLINDRICAL_SURFACE('',#1652,5.25);
#1652 = AXIS2_PLACEMENT_3D('',#1653,#1654,#1655);
#1653 = CARTESIAN_POINT('',(5.695E+03,45.,10.));
#1654 = DIRECTION('',(0.,0.,-1.));
#1655 = DIRECTION('',(-1.,0.,0.));
#1656 = DEFINITIONAL_REPRESENTATION('',(#1657),#1661);
#1657 = LINE('',#1658,#1659);
#1658 = CARTESIAN_POINT('',(0.,0.));
#1659 = VECTOR('',#1660,1.);
#1660 = DIRECTION('',(1.,0.));
#1661 = ( GEOMETRIC_REPRESENTATION_CONTEXT(2) 
PARAMETRIC_REPRESENTATION_CONTEXT() REPRESENTATION_CONTEXT('2D SPACE',''
  ) );
#1662 = FACE_BOUND('',#1663,.T.);
#1663 = EDGE_LOOP('',(#1664));
#1664 = ORIENTED_EDGE('',*,*,#1665,.T.);
#1665 = EDGE_CURVE('',#1666,#1666,#1668,.T.);
#1666 = VERTEX_POINT('',#1667);
#1667 = CARTESIAN_POINT('',(5.75975E+03,45.,10.));
#1668 = SURFACE_CURVE('',#1669,(#1674,#1685),.PCURVE_S1.);
#1669 = CIRCLE('',#1670,5.25);
#1670 = AXIS2_PLACEMENT_3D('',#1671,#1672,#1673);
#1671 = CARTESIAN_POINT('',(5.765E+03,45.,10.));
#1672 = DIRECTION('',(0.,0.,-1.));
#1673 = DIRECTION('',(-1.,0.,0.));
#1674 = PCURVE('',#126,#1675);
#1675 = DEFINITIONAL_REPRESENTATION('',(#1676),#1684);
#1676 = ( BOUNDED_CURVE() B_SPLINE_CURVE(2,(#1677,#1678,#1679,#1680,
#1681,#1682,#1683),.UNSPECIFIED.,.T.,.F.) B_SPLINE_CURVE_WITH_KNOTS((1,2
    ,2,2,2,1),(-2.094395102393,0.,2.094395102393,4.188790204786,
6.28318530718,8.377580409573),.UNSPECIFIED.) CURVE() 
GEOMETRIC_REPRESENTATION_ITEM() RATIONAL_B_SPLINE_CURVE((1.,0.5,1.,0.5,
1.,0.5,1.)) REPRESENTATION_ITEM('') );
#1677 = CARTESIAN_POINT('',(5.75975E+03,45.));
#1678 = CARTESIAN_POINT('',(5.75975E+03,54.093266739737));
#1679 = CARTESIAN_POINT('',(5.767625E+03,49.546633369868));
#1680 = CARTESIAN_POINT('',(5.7755E+03,45.));
#1681 = CARTESIAN_POINT('',(5.767625E+03,40.453366630132));
#1682 = CARTESIAN_POINT('',(5.75975E+03,35.906733260263));
#1683 = CARTESIAN_POINT('',(5.75975E+03,45.));
#1684 = ( GEOMETRIC_REPRESENTATION_CONTEXT(2) 
PARAMETRIC_REPRESENTATION_CONTEXT() REPRESENTATION_CONTEXT('2D SPACE',''
  ) );
#1685 = PCURVE('',#1686,#1691);
#1686 = CYLINDRICAL_SURFACE('',#1687,5.25);
#1687 = AXIS2_PLACEMENT_3D('',#1688,#1689,#1690);
#1688 = CARTESIAN_POINT('',(5.765E+03,45.,10.));
#1689 = DIRECTION('',(0.,0.,-1.));
#1690 = DIRECTION('',(-1.,0.,0.));
#1691 = DEFINITIONAL_REPRESENTATION('',(#1692),#1696);
#1692 = LINE('',#1693,#1694);
#1693 = CARTESIAN_POINT('',(0.,0.));
#1694 = VECTOR('',#1695,1.);
#1695 = DIRECTION('',(1.,0.));
#1696 = ( GEOMETRIC_REPRESENTATION_CONTEXT(2) 
PARAMETRIC_REPRESENTATION_CONTEXT() REPRESENTATION_CONTEXT('2D SPACE',''
  ) );
#1697 = FACE_BOUND('',#1698,.T.);
#1698 = EDGE_LOOP('',(#1699));
#1699 = ORIENTED_EDGE('',*,*,#1700,.T.);
#1700 = EDGE_CURVE('',#1701,#1701,#1703,.T.);
#1701 = VERTEX_POINT('',#1702);
#1702 = CARTESIAN_POINT('',(5.82975E+03,45.,10.));
#1703 = SURFACE_CURVE('',#1704,(#1709,#1720),.PCURVE_S1.);
#1704 = CIRCLE('',#1705,5.25);
#1705 = AXIS2_PLACEMENT_3D('',#1706,#1707,#1708);
#1706 = CARTESIAN_POINT('',(5.835E+03,45.,10.));
#1707 = DIRECTION('',(0.,0.,-1.));
#1708 = DIRECTION('',(-1.,0.,0.));
#1709 = PCURVE('',#126,#1710);
#1710 = DEFINITIONAL_REPRESENTATION('',(#1711),#1719);
#1711 = ( BOUNDED_CURVE() B_SPLINE_CURVE(2,(#1712,#1713,#1714,#1715,
#1716,#1717,#1718),.UNSPECIFIED.,.T.,.F.) B_SPLINE_CURVE_WITH_KNOTS((1,2
    ,2,2,2,1),(-2.094395102393,0.,2.094395102393,4.188790204786,
6.28318530718,8.377580409573),.UNSPECIFIED.) CURVE() 
GEOMETRIC_REPRESENTATION_ITEM() RATIONAL_B_SPLINE_CURVE((1.,0.5,1.,0.5,
1.,0.5,1.)) REPRESENTATION_ITEM('') );
#1712 = CARTESIAN_POINT('',(5.82975E+03,45.));
#1713 = CARTESIAN_POINT('',(5.82975E+03,54.093266739737));
#1714 = CARTESIAN_POINT('',(5.837625E+03,49.546633369868));
#1715 = CARTESIAN_POINT('',(5.8455E+03,45.));
#1716 = CARTESIAN_POINT('',(5.837625E+03,40.453366630132));
#1717 = CARTESIAN_POINT('',(5.82975E+03,35.906733260263));
#1718 = CARTESIAN_POINT('',(5.82975E+03,45.));
#1719 = ( GEOMETRIC_REPRESENTATION_CONTEXT(2) 
PARAMETRIC_REPRESENTATION_CONTEXT() REPRESENTATION_CONTEXT('2D SPACE',''
  ) );
#1720 = PCURVE('',#1721,#1726);
#1721 = CYLINDRICAL_SURFACE('',#1722,5.25);
#1722 = AXIS2_PLACEMENT_3D('',#1723,#1724,#1725);
#1723 = CARTESIAN_POINT('',(5.835E+03,45.,10.));
#1724 = DIRECTION('',(0.,0.,-1.));
#1725 = DIRECTION('',(-1.,0.,0.));
#1726 = DEFINITIONAL_REPRESENTATION('',(#1727),#1731);
#1727 = LINE('',#1728,#1729);
#1728 = CARTESIAN_POINT('',(0.,0.));
#1729 = VECTOR('',#1730,1.);
#1730 = DIRECTION('',(1.,0.));
#1731 = ( GEOMETRIC_REPRESENTATION_CONTEXT(2) 
PARAMETRIC_REPRESENTATION_CONTEXT() REPRESENTATION_CONTEXT('2D SPACE',''
  ) );
#1732 = FACE_BOUND('',#1733,.T.);
#1733 = EDGE_LOOP('',(#1734));
#1734 = ORIENTED_EDGE('',*,*,#1735,.T.);
#1735 = EDGE_CURVE('',#1736,#1736,#1738,.T.);
#1736 = VERTEX_POINT('',#1737);
#1737 = CARTESIAN_POINT('',(34.75,155.,10.));
#1738 = SURFACE_CURVE('',#1739,(#1744,#1755),.PCURVE_S1.);
#1739 = CIRCLE('',#1740,5.25);
#1740 = AXIS2_PLACEMENT_3D('',#1741,#1742,#1743);
#1741 = CARTESIAN_POINT('',(40.,155.,10.));
#1742 = DIRECTION('',(0.,0.,-1.));
#1743 = DIRECTION('',(-1.,0.,0.));
#1744 = PCURVE('',#126,#1745);
#1745 = DEFINITIONAL_REPRESENTATION('',(#1746),#1754);
#1746 = ( BOUNDED_CURVE() B_SPLINE_CURVE(2,(#1747,#1748,#1749,#1750,
#1751,#1752,#1753),.UNSPECIFIED.,.T.,.F.) B_SPLINE_CURVE_WITH_KNOTS((1,2
    ,2,2,2,1),(-2.094395102393,0.,2.094395102393,4.188790204786,
6.28318530718,8.377580409573),.UNSPECIFIED.) CURVE() 
GEOMETRIC_REPRESENTATION_ITEM() RATIONAL_B_SPLINE_CURVE((1.,0.5,1.,0.5,
1.,0.5,1.)) REPRESENTATION_ITEM('') );
#1747 = CARTESIAN_POINT('',(34.75,155.));
#1748 = CARTESIAN_POINT('',(34.75,164.09326673973));
#1749 = CARTESIAN_POINT('',(42.625,159.54663336986));
#1750 = CARTESIAN_POINT('',(50.5,155.));
#1751 = CARTESIAN_POINT('',(42.625,150.45336663013));
#1752 = CARTESIAN_POINT('',(34.75,145.90673326026));
#1753 = CARTESIAN_POINT('',(34.75,155.));
#1754 = ( GEOMETRIC_REPRESENTATION_CONTEXT(2) 
PARAMETRIC_REPRESENTATION_CONTEXT() REPRESENTATION_CONTEXT('2D SPACE',''
  ) );
#1755 = PCURVE('',#1756,#1761);
#1756 = CYLINDRICAL_SURFACE('',#1757,5.25);
#1757 = AXIS2_PLACEMENT_3D('',#1758,#1759,#1760);
#1758 = CARTESIAN_POINT('',(40.,155.,10.));
#1759 = DIRECTION('',(0.,0.,-1.));
#1760 = DIRECTION('',(-1.,0.,0.));
#1761 = DEFINITIONAL_REPRESENTATION('',(#1762),#1766);
#1762 = LINE('',#1763,#1764);
#1763 = CARTESIAN_POINT('',(0.,0.));
#1764 = VECTOR('',#1765,1.);
#1765 = DIRECTION('',(1.,0.));
#1766 = ( GEOMETRIC_REPRESENTATION_CONTEXT(2) 
PARAMETRIC_REPRESENTATION_CONTEXT() REPRESENTATION_CONTEXT('2D SPACE',''
  ) );
#1767 = FACE_BOUND('',#1768,.T.);
#1768 = EDGE_LOOP('',(#1769));
#1769 = ORIENTED_EDGE('',*,*,#1770,.T.);
#1770 = EDGE_CURVE('',#1771,#1771,#1773,.T.);
#1771 = VERTEX_POINT('',#1772);
#1772 = CARTESIAN_POINT('',(104.75,155.,10.));
#1773 = SURFACE_CURVE('',#1774,(#1779,#1790),.PCURVE_S1.);
#1774 = CIRCLE('',#1775,5.25);
#1775 = AXIS2_PLACEMENT_3D('',#1776,#1777,#1778);
#1776 = CARTESIAN_POINT('',(110.,155.,10.));
#1777 = DIRECTION('',(0.,0.,-1.));
#1778 = DIRECTION('',(-1.,0.,0.));
#1779 = PCURVE('',#126,#1780);
#1780 = DEFINITIONAL_REPRESENTATION('',(#1781),#1789);
#1781 = ( BOUNDED_CURVE() B_SPLINE_CURVE(2,(#1782,#1783,#1784,#1785,
#1786,#1787,#1788),.UNSPECIFIED.,.T.,.F.) B_SPLINE_CURVE_WITH_KNOTS((1,2
    ,2,2,2,1),(-2.094395102393,0.,2.094395102393,4.188790204786,
6.28318530718,8.377580409573),.UNSPECIFIED.) CURVE() 
GEOMETRIC_REPRESENTATION_ITEM() RATIONAL_B_SPLINE_CURVE((1.,0.5,1.,0.5,
1.,0.5,1.)) REPRESENTATION_ITEM('') );
#1782 = CARTESIAN_POINT('',(104.75,155.));
#1783 = CARTESIAN_POINT('',(104.75,164.09326673973));
#1784 = CARTESIAN_POINT('',(112.625,159.54663336986));
#1785 = CARTESIAN_POINT('',(120.5,155.));
#1786 = CARTESIAN_POINT('',(112.625,150.45336663013));
#1787 = CARTESIAN_POINT('',(104.75,145.90673326026));
#1788 = CARTESIAN_POINT('',(104.75,155.));
#1789 = ( GEOMETRIC_REPRESENTATION_CONTEXT(2) 
PARAMETRIC_REPRESENTATION_CONTEXT() REPRESENTATION_CONTEXT('2D SPACE',''
  ) );
#1790 = PCURVE('',#1791,#1796);
#1791 = CYLINDRICAL_SURFACE('',#1792,5.25);
#1792 = AXIS2_PLACEMENT_3D('',#1793,#1794,#1795);
#1793 = CARTESIAN_POINT('',(110.,155.,10.));
#1794 = DIRECTION('',(0.,0.,-1.));
#1795 = DIRECTION('',(-1.,0.,0.));
#1796 = DEFINITIONAL_REPRESENTATION('',(#1797),#1801);
#1797 = LINE('',#1798,#1799);
#1798 = CARTESIAN_POINT('',(0.,0.));
#1799 = VECTOR('',#1800,1.);
#1800 = DIRECTION('',(1.,0.));
#1801 = ( GEOMETRIC_REPRESENTATION_CONTEXT(2) 
PARAMETRIC_REPRESENTATION_CONTEXT() REPRESENTATION_CONTEXT('2D SPACE',''
  ) );
#1802 = FACE_BOUND('',#1803,.T.);
#1803 = EDGE_LOOP('',(#1804));
#1804 = ORIENTED_EDGE('',*,*,#1805,.T.);
#1805 = EDGE_CURVE('',#1806,#1806,#1808,.T.);
#1806 = VERTEX_POINT('',#1807);
#1807 = CARTESIAN_POINT('',(174.75,155.,10.));
#1808 = SURFACE_CURVE('',#1809,(#1814,#1825),.PCURVE_S1.);
#1809 = CIRCLE('',#1810,5.25);
#1810 = AXIS2_PLACEMENT_3D('',#1811,#1812,#1813);
#1811 = CARTESIAN_POINT('',(180.,155.,10.));
#1812 = DIRECTION('',(0.,0.,-1.));
#1813 = DIRECTION('',(-1.,0.,0.));
#1814 = PCURVE('',#126,#1815);
#1815 = DEFINITIONAL_REPRESENTATION('',(#1816),#1824);
#1816 = ( BOUNDED_CURVE() B_SPLINE_CURVE(2,(#1817,#1818,#1819,#1820,
#1821,#1822,#1823),.UNSPECIFIED.,.T.,.F.) B_SPLINE_CURVE_WITH_KNOTS((1,2
    ,2,2,2,1),(-2.094395102393,0.,2.094395102393,4.188790204786,
6.28318530718,8.377580409573),.UNSPECIFIED.) CURVE() 
GEOMETRIC_REPRESENTATION_ITEM() RATIONAL_B_SPLINE_CURVE((1.,0.5,1.,0.5,
1.,0.5,1.)) REPRESENTATION_ITEM('') );
#1817 = CARTESIAN_POINT('',(174.75,155.));
#1818 = CARTESIAN_POINT('',(174.75,164.09326673973));
#1819 = CARTESIAN_POINT('',(182.625,159.54663336986));
#1820 = CARTESIAN_POINT('',(190.5,155.));
#1821 = CARTESIAN_POINT('',(182.625,150.45336663013));
#1822 = CARTESIAN_POINT('',(174.75,145.90673326026));
#1823 = CARTESIAN_POINT('',(174.75,155.));
#1824 = ( GEOMETRIC_REPRESENTATION_CONTEXT(2) 
PARAMETRIC_REPRESENTATION_CONTEXT() REPRESENTATION_CONTEXT('2D SPACE',''
  ) );
#1825 = PCURVE('',#1826,#1831);
#1826 = CYLINDRICAL_SURFACE('',#1827,5.25);
#1827 = AXIS2_PLACEMENT_3D('',#1828,#1829,#1830);
#1828 = CARTESIAN_POINT('',(180.,155.,10.));
#1829 = DIRECTION('',(0.,0.,-1.));
#1830 = DIRECTION('',(-1.,0.,0.));
#1831 = DEFINITIONAL_REPRESENTATION('',(#1832),#1836);
#1832 = LINE('',#1833,#1834);
#1833 = CARTESIAN_POINT('',(0.,0.));
#1834 = VECTOR('',#1835,1.);
#1835 = DIRECTION('',(1.,0.));
#1836 = ( GEOMETRIC_REPRESENTATION_CONTEXT(2) 
PARAMETRIC_REPRESENTATION_CONTEXT() REPRESENTATION_CONTEXT('2D SPACE',''
  ) );
#1837 = FACE_BOUND('',#1838,.T.);
#1838 = EDGE_LOOP('',(#1839));
#1839 = ORIENTED_EDGE('',*,*,#1840,.T.);
#1840 = EDGE_CURVE('',#1841,#1841,#1843,.T.);
#1841 = VERTEX_POINT('',#1842);
#1842 = CARTESIAN_POINT('',(244.75,155.,10.));
#1843 = SURFACE_CURVE('',#1844,(#1849,#1860),.PCURVE_S1.);
#1844 = CIRCLE('',#1845,5.25);
#1845 = AXIS2_PLACEMENT_3D('',#1846,#1847,#1848);
#1846 = CARTESIAN_POINT('',(250.,155.,10.));
#1847 = DIRECTION('',(0.,0.,-1.));
#1848 = DIRECTION('',(-1.,0.,0.));
#1849 = PCURVE('',#126,#1850);
#1850 = DEFINITIONAL_REPRESENTATION('',(#1851),#1859);
#1851 = ( BOUNDED_CURVE() B_SPLINE_CURVE(2,(#1852,#1853,#1854,#1855,
#1856,#1857,#1858),.UNSPECIFIED.,.T.,.F.) B_SPLINE_CURVE_WITH_KNOTS((1,2
    ,2,2,2,1),(-2.094395102393,0.,2.094395102393,4.188790204786,
6.28318530718,8.377580409573),.UNSPECIFIED.) CURVE() 
GEOMETRIC_REPRESENTATION_ITEM() RATIONAL_B_SPLINE_CURVE((1.,0.5,1.,0.5,
1.,0.5,1.)) REPRESENTATION_ITEM('') );
#1852 = CARTESIAN_POINT('',(244.75,155.));
#1853 = CARTESIAN_POINT('',(244.75,164.09326673973));
#1854 = CARTESIAN_POINT('',(252.625,159.54663336986));
#1855 = CARTESIAN_POINT('',(260.5,155.));
#1856 = CARTESIAN_POINT('',(252.625,150.45336663013));
#1857 = CARTESIAN_POINT('',(244.75,145.90673326026));
#1858 = CARTESIAN_POINT('',(244.75,155.));
#1859 = ( GEOMETRIC_REPRESENTATION_CONTEXT(2) 
PARAMETRIC_REPRESENTATION_CONTEXT() REPRESENTATION_CONTEXT('2D SPACE',''
  ) );
#1860 = PCURVE('',#1861,#1866);
#1861 = CYLINDRICAL_SURFACE('',#1862,5.25);
#1862 = AXIS2_PLACEMENT_3D('',#1863,#1864,#1865);
#1863 = CARTESIAN_POINT('',(250.,155.,10.));
#1864 = DIRECTION('',(0.,0.,-1.));
#1865 = DIRECTION('',(-1.,0.,0.));
#1866 = DEFINITIONAL_REPRESENTATION('',(#1867),#1871);
#1867 = LINE('',#1868,#1869);
#1868 = CARTESIAN_POINT('',(0.,0.));
#1869 = VECTOR('',#1870,1.);
#1870 = DIRECTION('',(1.,0.));
#1871 = ( GEOMETRIC_REPRESENTATION_CONTEXT(2) 
PARAMETRIC_REPRESENTATION_CONTEXT() REPRESENTATION_CONTEXT('2D SPACE',''
  ) );
#1872 = FACE_BOUND('',#1873,.T.);
#1873 = EDGE_LOOP('',(#1874));
#1874 = ORIENTED_EDGE('',*,*,#1875,.T.);
#1875 = EDGE_CURVE('',#1876,#1876,#1878,.T.);
#1876 = VERTEX_POINT('',#1877);
#1877 = CARTESIAN_POINT('',(314.75,155.,10.));
#1878 = SURFACE_CURVE('',#1879,(#1884,#1895),.PCURVE_S1.);
#1879 = CIRCLE('',#1880,5.25);
#1880 = AXIS2_PLACEMENT_3D('',#1881,#1882,#1883);
#1881 = CARTESIAN_POINT('',(320.,155.,10.));
#1882 = DIRECTION('',(0.,0.,-1.));
#1883 = DIRECTION('',(-1.,0.,0.));
#1884 = PCURVE('',#126,#1885);
#1885 = DEFINITIONAL_REPRESENTATION('',(#1886),#1894);
#1886 = ( BOUNDED_CURVE() B_SPLINE_CURVE(2,(#1887,#1888,#1889,#1890,
#1891,#1892,#1893),.UNSPECIFIED.,.T.,.F.) B_SPLINE_CURVE_WITH_KNOTS((1,2
    ,2,2,2,1),(-2.094395102393,0.,2.094395102393,4.188790204786,
6.28318530718,8.377580409573),.UNSPECIFIED.) CURVE() 
GEOMETRIC_REPRESENTATION_ITEM() RATIONAL_B_SPLINE_CURVE((1.,0.5,1.,0.5,
1.,0.5,1.)) REPRESENTATION_ITEM('') );
#1887 = CARTESIAN_POINT('',(314.75,155.));
#1888 = CARTESIAN_POINT('',(314.75,164.09326673973));
#1889 = CARTESIAN_POINT('',(322.625,159.54663336986));
#1890 = CARTESIAN_POINT('',(330.5,155.));
#1891 = CARTESIAN_POINT('',(322.625,150.45336663013));
#1892 = CARTESIAN_POINT('',(314.75,145.90673326026));
#1893 = CARTESIAN_POINT('',(314.75,155.));
#1894 = ( GEOMETRIC_REPRESENTATION_CONTEXT(2) 
PARAMETRIC_REPRESENTATION_CONTEXT() REPRESENTATION_CONTEXT('2D SPACE',''
  ) );
#1895 = PCURVE('',#1896,#1901);
#1896 = CYLINDRICAL_SURFACE('',#1897,5.25);
#1897 = AXIS2_PLACEMENT_3D('',#1898,#1899,#1900);
#1898 = CARTESIAN_POINT('',(320.,155.,10.));
#1899 = DIRECTION('',(0.,0.,-1.));
#1900 = DIRECTION('',(-1.,0.,0.));
#1901 = DEFINITIONAL_REPRESENTATION('',(#1902),#1906);
#1902 = LINE('',#1903,#1904);
#1903 = CARTESIAN_POINT('',(0.,0.));
#1904 = VECTOR('',#1905,1.);
#1905 = DIRECTION('',(1.,0.));
#1906 = ( GEOMETRIC_REPRESENTATION_CONTEXT(2) 
PARAMETRIC_REPRESENTATION_CONTEXT() REPRESENTATION_CONTEXT('2D SPACE',''
  ) );
#1907 = FACE_BOUND('',#1908,.T.);
#1908 = EDGE_LOOP('',(#1909));
#1909 = ORIENTED_EDGE('',*,*,#1910,.T.);
#1910 = EDGE_CURVE('',#1911,#1911,#1913,.T.);
#1911 = VERTEX_POINT('',#1912);
#1912 = CARTESIAN_POINT('',(384.75,155.,10.));
#1913 = SURFACE_CURVE('',#1914,(#1919,#1930),.PCURVE_S1.);
#1914 = CIRCLE('',#1915,5.25);
#1915 = AXIS2_PLACEMENT_3D('',#1916,#1917,#1918);
#1916 = CARTESIAN_POINT('',(390.,155.,10.));
#1917 = DIRECTION('',(0.,0.,-1.));
#1918 = DIRECTION('',(-1.,0.,0.));
#1919 = PCURVE('',#126,#1920);
#1920 = DEFINITIONAL_REPRESENTATION('',(#1921),#1929);
#1921 = ( BOUNDED_CURVE() B_SPLINE_CURVE(2,(#1922,#1923,#1924,#1925,
#1926,#1927,#1928),.UNSPECIFIED.,.T.,.F.) B_SPLINE_CURVE_WITH_KNOTS((1,2
    ,2,2,2,1),(-2.094395102393,0.,2.094395102393,4.188790204786,
6.28318530718,8.377580409573),.UNSPECIFIED.) CURVE() 
GEOMETRIC_REPRESENTATION_ITEM() RATIONAL_B_SPLINE_CURVE((1.,0.5,1.,0.5,
1.,0.5,1.)) REPRESENTATION_ITEM('') );
#1922 = CARTESIAN_POINT('',(384.75,155.));
#1923 = CARTESIAN_POINT('',(384.75,164.09326673973));
#1924 = CARTESIAN_POINT('',(392.625,159.54663336986));
#1925 = CARTESIAN_POINT('',(400.5,155.));
#1926 = CARTESIAN_POINT('',(392.625,150.45336663013));
#1927 = CARTESIAN_POINT('',(384.75,145.90673326026));
#1928 = CARTESIAN_POINT('',(384.75,155.));
#1929 = ( GEOMETRIC_REPRESENTATION_CONTEXT(2) 
PARAMETRIC_REPRESENTATION_CONTEXT() REPRESENTATION_CONTEXT('2D SPACE',''
  ) );
#1930 = PCURVE('',#1931,#1936);
#1931 = CYLINDRICAL_SURFACE('',#1932,5.25);
#1932 = AXIS2_PLACEMENT_3D('',#1933,#1934,#1935);
#1933 = CARTESIAN_POINT('',(390.,155.,10.));
#1934 = DIRECTION('',(0.,0.,-1.));
#1935 = DIRECTION('',(-1.,0.,0.));
#1936 = DEFINITIONAL_REPRESENTATION('',(#1937),#1941);
#1937 = LINE('',#1938,#1939);
#1938 = CARTESIAN_POINT('',(0.,0.));
#1939 = VECTOR('',#1940,1.);
#1940 = DIRECTION('',(1.,0.));
#1941 = ( GEOMETRIC_REPRESENTATION_CONTEXT(2) 
PARAMETRIC_REPRESENTATION_CONTEXT() REPRESENTATION_CONTEXT('2D SPACE',''
  ) );
#1942 = FACE_BOUND('',#1943,.T.);
#1943 = EDGE_LOOP('',(#1944));
#1944 = ORIENTED_EDGE('',*,*,#1945,.T.);
#1945 = EDGE_CURVE('',#1946,#1946,#1948,.T.);
#1946 = VERTEX_POINT('',#1947);
#1947 = CARTESIAN_POINT('',(454.75,155.,10.));
#1948 = SURFACE_CURVE('',#1949,(#1954,#1965),.PCURVE_S1.);
#1949 = CIRCLE('',#1950,5.25);
#1950 = AXIS2_PLACEMENT_3D('',#1951,#1952,#1953);
#1951 = CARTESIAN_POINT('',(460.,155.,10.));
#1952 = DIRECTION('',(0.,0.,-1.));
#1953 = DIRECTION('',(-1.,0.,0.));
#1954 = PCURVE('',#126,#1955);
#1955 = DEFINITIONAL_REPRESENTATION('',(#1956),#1964);
#1956 = ( BOUNDED_CURVE() B_SPLINE_CURVE(2,(#1957,#1958,#1959,#1960,
#1961,#1962,#1963),.UNSPECIFIED.,.T.,.F.) B_SPLINE_CURVE_WITH_KNOTS((1,2
    ,2,2,2,1),(-2.094395102393,0.,2.094395102393,4.188790204786,
6.28318530718,8.377580409573),.UNSPECIFIED.) CURVE() 
GEOMETRIC_REPRESENTATION_ITEM() RATIONAL_B_SPLINE_CURVE((1.,0.5,1.,0.5,
1.,0.5,1.)) REPRESENTATION_ITEM('') );
#1957 = CARTESIAN_POINT('',(454.75,155.));
#1958 = CARTESIAN_POINT('',(454.75,164.09326673973));
#1959 = CARTESIAN_POINT('',(462.625,159.54663336986));
#1960 = CARTESIAN_POINT('',(470.5,155.));
#1961 = CARTESIAN_POINT('',(462.625,150.45336663013));
#1962 = CARTESIAN_POINT('',(454.75,145.90673326026));
#1963 = CARTESIAN_POINT('',(454.75,155.));
#1964 = ( GEOMETRIC_REPRESENTATION_CONTEXT(2) 
PARAMETRIC_REPRESENTATION_CONTEXT() REPRESENTATION_CONTEXT('2D SPACE',''
  ) );
#1965 = PCURVE('',#1966,#1971);
#1966 = CYLINDRICAL_SURFACE('',#1967,5.25);
#1967 = AXIS2_PLACEMENT_3D('',#1968,#1969,#1970);
#1968 = CARTESIAN_POINT('',(460.,155.,10.));
#1969 = DIRECTION('',(0.,0.,-1.));
#1970 = DIRECTION('',(-1.,0.,0.));
#1971 = DEFINITIONAL_REPRESENTATION('',(#1972),#1976);
#1972 = LINE('',#1973,#1974);
#1973 = CARTESIAN_POINT('',(0.,0.));
#1974 = VECTOR('',#1975,1.);
#1975 = DIRECTION('',(1.,0.));
#1976 = ( GEOMETRIC_REPRESENTATION_CONTEXT(2) 
PARAMETRIC_REPRESENTATION_CONTEXT() REPRESENTATION_CONTEXT('2D SPACE',''
  ) );
#1977 = FACE_BOUND('',#1978,.T.);
#1978 = EDGE_LOOP('',(#1979));
#1979 = ORIENTED_EDGE('',*,*,#1980,.T.);
#1980 = EDGE_CURVE('',#1981,#1981,#1983,.T.);
#1981 = VERTEX_POINT('',#1982);
#1982 = CARTESIAN_POINT('',(524.75,155.,10.));
#1983 = SURFACE_CURVE('',#1984,(#1989,#2000),.PCURVE_S1.);
#1984 = CIRCLE('',#1985,5.25);
#1985 = AXIS2_PLACEMENT_3D('',#1986,#1987,#1988);
#1986 = CARTESIAN_POINT('',(530.,155.,10.));
#1987 = DIRECTION('',(0.,0.,-1.));
#1988 = DIRECTION('',(-1.,0.,0.));
#1989 = PCURVE('',#126,#1990);
#1990 = DEFINITIONAL_REPRESENTATION('',(#1991),#1999);
#1991 = ( BOUNDED_CURVE() B_SPLINE_CURVE(2,(#1992,#1993,#1994,#1995,
#1996,#1997,#1998),.UNSPECIFIED.,.T.,.F.) B_SPLINE_CURVE_WITH_KNOTS((1,2
    ,2,2,2,1),(-2.094395102393,0.,2.094395102393,4.188790204786,
6.28318530718,8.377580409573),.UNSPECIFIED.) CURVE() 
GEOMETRIC_REPRESENTATION_ITEM() RATIONAL_B_SPLINE_CURVE((1.,0.5,1.,0.5,
1.,0.5,1.)) REPRESENTATION_ITEM('') );
#1992 = CARTESIAN_POINT('',(524.75,155.));
#1993 = CARTESIAN_POINT('',(524.75,164.09326673973));
#1994 = CARTESIAN_POINT('',(532.625,159.54663336986));
#1995 = CARTESIAN_POINT('',(540.5,155.));
#1996 = CARTESIAN_POINT('',(532.625,150.45336663013));
#1997 = CARTESIAN_POINT('',(524.75,145.90673326026));
#1998 = CARTESIAN_POINT('',(524.75,155.));
#1999 = ( GEOMETRIC_REPRESENTATION_CONTEXT(2) 
PARAMETRIC_REPRESENTATION_CONTEXT() REPRESENTATION_CONTEXT('2D SPACE',''
  ) );
#2000 = PCURVE('',#2001,#2006);
#2001 = CYLINDRICAL_SURFACE('',#2002,5.25);
#2002 = AXIS2_PLACEMENT_3D('',#2003,#2004,#2005);
#2003 = CARTESIAN_POINT('',(530.,155.,10.));
#2004 = DIRECTION('',(0.,0.,-1.));
#2005 = DIRECTION('',(-1.,0.,0.));
#2006 = DEFINITIONAL_REPRESENTATION('',(#2007),#2011);
#2007 = LINE('',#2008,#2009);
#2008 = CARTESIAN_POINT('',(0.,0.));
#2009 = VECTOR('',#2010,1.);
#2010 = DIRECTION('',(1.,0.));
#2011 = ( GEOMETRIC_REPRESENTATION_CONTEXT(2) 
PARAMETRIC_REPRESENTATION_CONTEXT() REPRESENTATION_CONTEXT('2D SPACE',''
  ) );
#2012 = FACE_BOUND('',#2013,.T.);
#2013 = EDGE_LOOP('',(#2014));
#2014 = ORIENTED_EDGE('',*,*,#2015,.T.);
#2015 = EDGE_CURVE('',#2016,#2016,#2018,.T.);
#2016 = VERTEX_POINT('',#2017);
#2017 = CARTESIAN_POINT('',(624.75,155.,10.));
#2018 = SURFACE_CURVE('',#2019,(#2024,#2035),.PCURVE_S1.);
#2019 = CIRCLE('',#2020,5.25);
#2020 = AXIS2_PLACEMENT_3D('',#2021,#2022,#2023);
#2021 = CARTESIAN_POINT('',(630.,155.,10.));
#2022 = DIRECTION('',(0.,0.,-1.));
#2023 = DIRECTION('',(-1.,0.,0.));
#2024 = PCURVE('',#126,#2025);
#2025 = DEFINITIONAL_REPRESENTATION('',(#2026),#2034);
#2026 = ( BOUNDED_CURVE() B_SPLINE_CURVE(2,(#2027,#2028,#2029,#2030,
#2031,#2032,#2033),.UNSPECIFIED.,.T.,.F.) B_SPLINE_CURVE_WITH_KNOTS((1,2
    ,2,2,2,1),(-2.094395102393,0.,2.094395102393,4.188790204786,
6.28318530718,8.377580409573),.UNSPECIFIED.) CURVE() 
GEOMETRIC_REPRESENTATION_ITEM() RATIONAL_B_SPLINE_CURVE((1.,0.5,1.,0.5,
1.,0.5,1.)) REPRESENTATION_ITEM('') );
#2027 = CARTESIAN_POINT('',(624.75,155.));
#2028 = CARTESIAN_POINT('',(624.75,164.09326673973));
#2029 = CARTESIAN_POINT('',(632.625,159.54663336986));
#2030 = CARTESIAN_POINT('',(640.5,155.));
#2031 = CARTESIAN_POINT('',(632.625,150.45336663013));
#2032 = CARTESIAN_POINT('',(624.75,145.90673326026));
#2033 = CARTESIAN_POINT('',(624.75,155.));
#2034 = ( GEOMETRIC_REPRESENTATION_CONTEXT(2) 
PARAMETRIC_REPRESENTATION_CONTEXT() REPRESENTATION_CONTEXT('2D SPACE',''
  ) );
#2035 = PCURVE('',#2036,#2041);
#2036 = CYLINDRICAL_SURFACE('',#2037,5.25);
#2037 = AXIS2_PLACEMENT_3D('',#2038,#2039,#2040);
#2038 = CARTESIAN_POINT('',(630.,155.,10.));
#2039 = DIRECTION('',(0.,0.,-1.));
#2040 = DIRECTION('',(-1.,0.,0.));
#2041 = DEFINITIONAL_REPRESENTATION('',(#2042),#2046);
#2042 = LINE('',#2043,#2044);
#2043 = CARTESIAN_POINT('',(0.,0.));
#2044 = VECTOR('',#2045,1.);
#2045 = DIRECTION('',(1.,0.));
#2046 = ( GEOMETRIC_REPRESENTATION_CONTEXT(2) 
PARAMETRIC_REPRESENTATION_CONTEXT() REPRESENTATION_CONTEXT('2D SPACE',''
  ) );
#2047 = FACE_BOUND('',#2048,.T.);
#2048 = EDGE_LOOP('',(#2049));
#2049 = ORIENTED_EDGE('',*,*,#2050,.T.);
#2050 = EDGE_CURVE('',#2051,#2051,#2053,.T.);
#2051 = VERTEX_POINT('',#2052);
#2052 = CARTESIAN_POINT('',(724.75,155.,10.));
#2053 = SURFACE_CURVE('',#2054,(#2059,#2070),.PCURVE_S1.);
#2054 = CIRCLE('',#2055,5.25);
#2055 = AXIS2_PLACEMENT_3D('',#2056,#2057,#2058);
#2056 = CARTESIAN_POINT('',(730.,155.,10.));
#2057 = DIRECTION('',(0.,0.,-1.));
#2058 = DIRECTION('',(-1.,0.,0.));
#2059 = PCURVE('',#126,#2060);
#2060 = DEFINITIONAL_REPRESENTATION('',(#2061),#2069);
#2061 = ( BOUNDED_CURVE() B_SPLINE_CURVE(2,(#2062,#2063,#2064,#2065,
#2066,#2067,#2068),.UNSPECIFIED.,.T.,.F.) B_SPLINE_CURVE_WITH_KNOTS((1,2
    ,2,2,2,1),(-2.094395102393,0.,2.094395102393,4.188790204786,
6.28318530718,8.377580409573),.UNSPECIFIED.) CURVE() 
GEOMETRIC_REPRESENTATION_ITEM() RATIONAL_B_SPLINE_CURVE((1.,0.5,1.,0.5,
1.,0.5,1.)) REPRESENTATION_ITEM('') );
#2062 = CARTESIAN_POINT('',(724.75,155.));
#2063 = CARTESIAN_POINT('',(724.75,164.09326673973));
#2064 = CARTESIAN_POINT('',(732.625,159.54663336986));
#2065 = CARTESIAN_POINT('',(740.5,155.));
#2066 = CARTESIAN_POINT('',(732.625,150.45336663013));
#2067 = CARTESIAN_POINT('',(724.75,145.90673326026));
#2068 = CARTESIAN_POINT('',(724.75,155.));
#2069 = ( GEOMETRIC_REPRESENTATION_CONTEXT(2) 
PARAMETRIC_REPRESENTATION_CONTEXT() REPRESENTATION_CONTEXT('2D SPACE',''
  ) );
#2070 = PCURVE('',#2071,#2076);
#2071 = CYLINDRICAL_SURFACE('',#2072,5.25);
#2072 = AXIS2_PLACEMENT_3D('',#2073,#2074,#2075);
#2073 = CARTESIAN_POINT('',(730.,155.,10.));
#2074 = DIRECTION('',(0.,0.,-1.));
#2075 = DIRECTION('',(-1.,0.,0.));
#2076 = DEFINITIONAL_REPRESENTATION('',(#2077),#2081);
#2077 = LINE('',#2078,#2079);
#2078 = CARTESIAN_POINT('',(0.,0.));
#2079 = VECTOR('',#2080,1.);
#2080 = DIRECTION('',(1.,0.));
#2081 = ( GEOMETRIC_REPRESENTATION_CONTEXT(2) 
PARAMETRIC_REPRESENTATION_CONTEXT() REPRESENTATION_CONTEXT('2D SPACE',''
  ) );
#2082 = FACE_BOUND('',#2083,.T.);
#2083 = EDGE_LOOP('',(#2084));
#2084 = ORIENTED_EDGE('',*,*,#2085,.T.);
#2085 = EDGE_CURVE('',#2086,#2086,#2088,.T.);
#2086 = VERTEX_POINT('',#2087);
#2087 = CARTESIAN_POINT('',(824.75,155.,10.));
#2088 = SURFACE_CURVE('',#2089,(#2094,#2105),.PCURVE_S1.);
#2089 = CIRCLE('',#2090,5.25);
#2090 = AXIS2_PLACEMENT_3D('',#2091,#2092,#2093);
#2091 = CARTESIAN_POINT('',(830.,155.,10.));
#2092 = DIRECTION('',(0.,0.,-1.));
#2093 = DIRECTION('',(-1.,0.,0.));
#2094 = PCURVE('',#126,#2095);
#2095 = DEFINITIONAL_REPRESENTATION('',(#2096),#2104);
#2096 = ( BOUNDED_CURVE() B_SPLINE_CURVE(2,(#2097,#2098,#2099,#2100,
#2101,#2102,#2103),.UNSPECIFIED.,.T.,.F.) B_SPLINE_CURVE_WITH_KNOTS((1,2
    ,2,2,2,1),(-2.094395102393,0.,2.094395102393,4.188790204786,
6.28318530718,8.377580409573),.UNSPECIFIED.) CURVE() 
GEOMETRIC_REPRESENTATION_ITEM() RATIONAL_B_SPLINE_CURVE((1.,0.5,1.,0.5,
1.,0.5,1.)) REPRESENTATION_ITEM('') );
#2097 = CARTESIAN_POINT('',(824.75,155.));
#2098 = CARTESIAN_POINT('',(824.75,164.09326673973));
#2099 = CARTESIAN_POINT('',(832.625,159.54663336986));
#2100 = CARTESIAN_POINT('',(840.5,155.));
#2101 = CARTESIAN_POINT('',(832.625,150.45336663013));
#2102 = CARTESIAN_POINT('',(824.75,145.90673326026));
#2103 = CARTESIAN_POINT('',(824.75,155.));
#2104 = ( GEOMETRIC_REPRESENTATION_CONTEXT(2) 
PARAMETRIC_REPRESENTATION_CONTEXT() REPRESENTATION_CONTEXT('2D SPACE',''
  ) );
#2105 = PCURVE('',#2106,#2111);
#2106 = CYLINDRICAL_SURFACE('',#2107,5.25);
#2107 = AXIS2_PLACEMENT_3D('',#2108,#2109,#2110);
#2108 = CARTESIAN_POINT('',(830.,155.,10.));
#2109 = DIRECTION('',(0.,0.,-1.));
#2110 = DIRECTION('',(-1.,0.,0.));
#2111 = DEFINITIONAL_REPRESENTATION('',(#2112),#2116);
#2112 = LINE('',#2113,#2114);
#2113 = CARTESIAN_POINT('',(0.,0.));
#2114 = VECTOR('',#2115,1.);
#2115 = DIRECTION('',(1.,0.));
#2116 = ( GEOMETRIC_REPRESENTATION_CONTEXT(2) 
PARAMETRIC_REPRESENTATION_CONTEXT() REPRESENTATION_CONTEXT('2D SPACE',''
  ) );
#2117 = FACE_BOUND('',#2118,.T.);
#2118 = EDGE_LOOP('',(#2119));
#2119 = ORIENTED_EDGE('',*,*,#2120,.T.);
#2120 = EDGE_CURVE('',#2121,#2121,#2123,.T.);
#2121 = VERTEX_POINT('',#2122);
#2122 = CARTESIAN_POINT('',(924.75,155.,10.));
#2123 = SURFACE_CURVE('',#2124,(#2129,#2140),.PCURVE_S1.);
#2124 = CIRCLE('',#2125,5.25);
#2125 = AXIS2_PLACEMENT_3D('',#2126,#2127,#2128);
#2126 = CARTESIAN_POINT('',(930.,155.,10.));
#2127 = DIRECTION('',(0.,0.,-1.));
#2128 = DIRECTION('',(-1.,0.,0.));
#2129 = PCURVE('',#126,#2130);
#2130 = DEFINITIONAL_REPRESENTATION('',(#2131),#2139);
#2131 = ( BOUNDED_CURVE() B_SPLINE_CURVE(2,(#2132,#2133,#2134,#2135,
#2136,#2137,#2138),.UNSPECIFIED.,.T.,.F.) B_SPLINE_CURVE_WITH_KNOTS((1,2
    ,2,2,2,1),(-2.094395102393,0.,2.094395102393,4.188790204786,
6.28318530718,8.377580409573),.UNSPECIFIED.) CURVE() 
GEOMETRIC_REPRESENTATION_ITEM() RATIONAL_B_SPLINE_CURVE((1.,0.5,1.,0.5,
1.,0.5,1.)) REPRESENTATION_ITEM('') );
#2132 = CARTESIAN_POINT('',(924.75,155.));
#2133 = CARTESIAN_POINT('',(924.75,164.09326673973));
#2134 = CARTESIAN_POINT('',(932.625,159.54663336986));
#2135 = CARTESIAN_POINT('',(940.5,155.));
#2136 = CARTESIAN_POINT('',(932.625,150.45336663013));
#2137 = CARTESIAN_POINT('',(924.75,145.90673326026));
#2138 = CARTESIAN_POINT('',(924.75,155.));
#2139 = ( GEOMETRIC_REPRESENTATION_CONTEXT(2) 
PARAMETRIC_REPRESENTATION_CONTEXT() REPRESENTATION_CONTEXT('2D SPACE',''
  ) );
#2140 = PCURVE('',#2141,#2146);
#2141 = CYLINDRICAL_SURFACE('',#2142,5.25);
#2142 = AXIS2_PLACEMENT_3D('',#2143,#2144,#2145);
#2143 = CARTESIAN_POINT('',(930.,155.,10.));
#2144 = DIRECTION('',(0.,0.,-1.));
#2145 = DIRECTION('',(-1.,0.,0.));
#2146 = DEFINITIONAL_REPRESENTATION('',(#2147),#2151);
#2147 = LINE('',#2148,#2149);
#2148 = CARTESIAN_POINT('',(0.,0.));
#2149 = VECTOR('',#2150,1.);
#2150 = DIRECTION('',(1.,0.));
#2151 = ( GEOMETRIC_REPRESENTATION_CONTEXT(2) 
PARAMETRIC_REPRESENTATION_CONTEXT() REPRESENTATION_CONTEXT('2D SPACE',''
  ) );
#2152 = FACE_BOUND('',#2153,.T.);
#2153 = EDGE_LOOP('',(#2154));
#2154 = ORIENTED_EDGE('',*,*,#2155,.T.);
#2155 = EDGE_CURVE('',#2156,#2156,#2158,.T.);
#2156 = VERTEX_POINT('',#2157);
#2157 = CARTESIAN_POINT('',(1.02475E+03,155.,10.));
#2158 = SURFACE_CURVE('',#2159,(#2164,#2175),.PCURVE_S1.);
#2159 = CIRCLE('',#2160,5.25);
#2160 = AXIS2_PLACEMENT_3D('',#2161,#2162,#2163);
#2161 = CARTESIAN_POINT('',(1.03E+03,155.,10.));
#2162 = DIRECTION('',(0.,0.,-1.));
#2163 = DIRECTION('',(-1.,0.,0.));
#2164 = PCURVE('',#126,#2165);
#2165 = DEFINITIONAL_REPRESENTATION('',(#2166),#2174);
#2166 = ( BOUNDED_CURVE() B_SPLINE_CURVE(2,(#2167,#2168,#2169,#2170,
#2171,#2172,#2173),.UNSPECIFIED.,.T.,.F.) B_SPLINE_CURVE_WITH_KNOTS((1,2
    ,2,2,2,1),(-2.094395102393,0.,2.094395102393,4.188790204786,
6.28318530718,8.377580409573),.UNSPECIFIED.) CURVE() 
GEOMETRIC_REPRESENTATION_ITEM() RATIONAL_B_SPLINE_CURVE((1.,0.5,1.,0.5,
1.,0.5,1.)) REPRESENTATION_ITEM('') );
#2167 = CARTESIAN_POINT('',(1.02475E+03,155.));
#2168 = CARTESIAN_POINT('',(1.02475E+03,164.09326673973));
#2169 = CARTESIAN_POINT('',(1.032625E+03,159.54663336986));
#2170 = CARTESIAN_POINT('',(1.0405E+03,155.));
#2171 = CARTESIAN_POINT('',(1.032625E+03,150.45336663013));
#2172 = CARTESIAN_POINT('',(1.02475E+03,145.90673326026));
#2173 = CARTESIAN_POINT('',(1.02475E+03,155.));
#2174 = ( GEOMETRIC_REPRESENTATION_CONTEXT(2) 
PARAMETRIC_REPRESENTATION_CONTEXT() REPRESENTATION_CONTEXT('2D SPACE',''
  ) );
#2175 = PCURVE('',#2176,#2181);
#2176 = CYLINDRICAL_SURFACE('',#2177,5.25);
#2177 = AXIS2_PLACEMENT_3D('',#2178,#2179,#2180);
#2178 = CARTESIAN_POINT('',(1.03E+03,155.,10.));
#2179 = DIRECTION('',(0.,0.,-1.));
#2180 = DIRECTION('',(-1.,0.,0.));
#2181 = DEFINITIONAL_REPRESENTATION('',(#2182),#2186);
#2182 = LINE('',#2183,#2184);
#2183 = CARTESIAN_POINT('',(0.,0.));
#2184 = VECTOR('',#2185,1.);
#2185 = DIRECTION('',(1.,0.));
#2186 = ( GEOMETRIC_REPRESENTATION_CONTEXT(2) 
PARAMETRIC_REPRESENTATION_CONTEXT() REPRESENTATION_CONTEXT('2D SPACE',''
  ) );
#2187 = FACE_BOUND('',#2188,.T.);
#2188 = EDGE_LOOP('',(#2189));
#2189 = ORIENTED_EDGE('',*,*,#2190,.T.);
#2190 = EDGE_CURVE('',#2191,#2191,#2193,.T.);
#2191 = VERTEX_POINT('',#2192);
#2192 = CARTESIAN_POINT('',(1.12475E+03,155.,10.));
#2193 = SURFACE_CURVE('',#2194,(#2199,#2210),.PCURVE_S1.);
#2194 = CIRCLE('',#2195,5.25);
#2195 = AXIS2_PLACEMENT_3D('',#2196,#2197,#2198);
#2196 = CARTESIAN_POINT('',(1.13E+03,155.,10.));
#2197 = DIRECTION('',(0.,0.,-1.));
#2198 = DIRECTION('',(-1.,0.,0.));
#2199 = PCURVE('',#126,#2200);
#2200 = DEFINITIONAL_REPRESENTATION('',(#2201),#2209);
#2201 = ( BOUNDED_CURVE() B_SPLINE_CURVE(2,(#2202,#2203,#2204,#2205,
#2206,#2207,#2208),.UNSPECIFIED.,.T.,.F.) B_SPLINE_CURVE_WITH_KNOTS((1,2
    ,2,2,2,1),(-2.094395102393,0.,2.094395102393,4.188790204786,
6.28318530718,8.377580409573),.UNSPECIFIED.) CURVE() 
GEOMETRIC_REPRESENTATION_ITEM() RATIONAL_B_SPLINE_CURVE((1.,0.5,1.,0.5,
1.,0.5,1.)) REPRESENTATION_ITEM('') );
#2202 = CARTESIAN_POINT('',(1.12475E+03,155.));
#2203 = CARTESIAN_POINT('',(1.12475E+03,164.09326673973));
#2204 = CARTESIAN_POINT('',(1.132625E+03,159.54663336986));
#2205 = CARTESIAN_POINT('',(1.1405E+03,155.));
#2206 = CARTESIAN_POINT('',(1.132625E+03,150.45336663013));
#2207 = CARTESIAN_POINT('',(1.12475E+03,145.90673326026));
#2208 = CARTESIAN_POINT('',(1.12475E+03,155.));
#2209 = ( GEOMETRIC_REPRESENTATION_CONTEXT(2) 
PARAMETRIC_REPRESENTATION_CONTEXT() REPRESENTATION_CONTEXT('2D SPACE',''
  ) );
#2210 = PCURVE('',#2211,#2216);
#2211 = CYLINDRICAL_SURFACE('',#2212,5.25);
#2212 = AXIS2_PLACEMENT_3D('',#2213,#2214,#2215);
#2213 = CARTESIAN_POINT('',(1.13E+03,155.,10.));
#2214 = DIRECTION('',(0.,0.,-1.));
#2215 = DIRECTION('',(-1.,0.,0.));
#2216 = DEFINITIONAL_REPRESENTATION('',(#2217),#2221);
#2217 = LINE('',#2218,#2219);
#2218 = CARTESIAN_POINT('',(0.,0.));
#2219 = VECTOR('',#2220,1.);
#2220 = DIRECTION('',(1.,0.));
#2221 = ( GEOMETRIC_REPRESENTATION_CONTEXT(2) 
PARAMETRIC_REPRESENTATION_CONTEXT() REPRESENTATION_CONTEXT('2D SPACE',''
  ) );
#2222 = FACE_BOUND('',#2223,.T.);
#2223 = EDGE_LOOP('',(#2224));
#2224 = ORIENTED_EDGE('',*,*,#2225,.T.);
#2225 = EDGE_CURVE('',#2226,#2226,#2228,.T.);
#2226 = VERTEX_POINT('',#2227);
#2227 = CARTESIAN_POINT('',(1.22475E+03,155.,10.));
#2228 = SURFACE_CURVE('',#2229,(#2234,#2245),.PCURVE_S1.);
#2229 = CIRCLE('',#2230,5.25);
#2230 = AXIS2_PLACEMENT_3D('',#2231,#2232,#2233);
#2231 = CARTESIAN_POINT('',(1.23E+03,155.,10.));
#2232 = DIRECTION('',(0.,0.,-1.));
#2233 = DIRECTION('',(-1.,0.,0.));
#2234 = PCURVE('',#126,#2235);
#2235 = DEFINITIONAL_REPRESENTATION('',(#2236),#2244);
#2236 = ( BOUNDED_CURVE() B_SPLINE_CURVE(2,(#2237,#2238,#2239,#2240,
#2241,#2242,#2243),.UNSPECIFIED.,.T.,.F.) B_SPLINE_CURVE_WITH_KNOTS((1,2
    ,2,2,2,1),(-2.094395102393,0.,2.094395102393,4.188790204786,
6.28318530718,8.377580409573),.UNSPECIFIED.) CURVE() 
GEOMETRIC_REPRESENTATION_ITEM() RATIONAL_B_SPLINE_CURVE((1.,0.5,1.,0.5,
1.,0.5,1.)) REPRESENTATION_ITEM('') );
#2237 = CARTESIAN_POINT('',(1.22475E+03,155.));
#2238 = CARTESIAN_POINT('',(1.22475E+03,164.09326673973));
#2239 = CARTESIAN_POINT('',(1.232625E+03,159.54663336986));
#2240 = CARTESIAN_POINT('',(1.2405E+03,155.));
#2241 = CARTESIAN_POINT('',(1.232625E+03,150.45336663013));
#2242 = CARTESIAN_POINT('',(1.22475E+03,145.90673326026));
#2243 = CARTESIAN_POINT('',(1.22475E+03,155.));
#2244 = ( GEOMETRIC_REPRESENTATION_CONTEXT(2) 
PARAMETRIC_REPRESENTATION_CONTEXT() REPRESENTATION_CONTEXT('2D SPACE',''
  ) );
#2245 = PCURVE('',#2246,#2251);
#2246 = CYLINDRICAL_SURFACE('',#2247,5.25);
#2247 = AXIS2_PLACEMENT_3D('',#2248,#2249,#2250);
#2248 = CARTESIAN_POINT('',(1.23E+03,155.,10.));
#2249 = DIRECTION('',(0.,0.,-1.));
#2250 = DIRECTION('',(-1.,0.,0.));
#2251 = DEFINITIONAL_REPRESENTATION('',(#2252),#2256);
#2252 = LINE('',#2253,#2254);
#2253 = CARTESIAN_POINT('',(0.,0.));
#2254 = VECTOR('',#2255,1.);
#2255 = DIRECTION('',(1.,0.));
#2256 = ( GEOMETRIC_REPRESENTATION_CONTEXT(2) 
PARAMETRIC_REPRESENTATION_CONTEXT() REPRESENTATION_CONTEXT('2D SPACE',''
  ) );
#2257 = FACE_BOUND('',#2258,.T.);
#2258 = EDGE_LOOP('',(#2259));
#2259 = ORIENTED_EDGE('',*,*,#2260,.T.);
#2260 = EDGE_CURVE('',#2261,#2261,#2263,.T.);
#2261 = VERTEX_POINT('',#2262);
#2262 = CARTESIAN_POINT('',(1.39975E+03,155.,10.));
#2263 = SURFACE_CURVE('',#2264,(#2269,#2280),.PCURVE_S1.);
#2264 = CIRCLE('',#2265,5.25);
#2265 = AXIS2_PLACEMENT_3D('',#2266,#2267,#2268);
#2266 = CARTESIAN_POINT('',(1.405E+03,155.,10.));
#2267 = DIRECTION('',(0.,0.,-1.));
#2268 = DIRECTION('',(-1.,0.,0.));
#2269 = PCURVE('',#126,#2270);
#2270 = DEFINITIONAL_REPRESENTATION('',(#2271),#2279);
#2271 = ( BOUNDED_CURVE() B_SPLINE_CURVE(2,(#2272,#2273,#2274,#2275,
#2276,#2277,#2278),.UNSPECIFIED.,.T.,.F.) B_SPLINE_CURVE_WITH_KNOTS((1,2
    ,2,2,2,1),(-2.094395102393,0.,2.094395102393,4.188790204786,
6.28318530718,8.377580409573),.UNSPECIFIED.) CURVE() 
GEOMETRIC_REPRESENTATION_ITEM() RATIONAL_B_SPLINE_CURVE((1.,0.5,1.,0.5,
1.,0.5,1.)) REPRESENTATION_ITEM('') );
#2272 = CARTESIAN_POINT('',(1.39975E+03,155.));
#2273 = CARTESIAN_POINT('',(1.39975E+03,164.09326673973));
#2274 = CARTESIAN_POINT('',(1.407625E+03,159.54663336986));
#2275 = CARTESIAN_POINT('',(1.4155E+03,155.));
#2276 = CARTESIAN_POINT('',(1.407625E+03,150.45336663013));
#2277 = CARTESIAN_POINT('',(1.39975E+03,145.90673326026));
#2278 = CARTESIAN_POINT('',(1.39975E+03,155.));
#2279 = ( GEOMETRIC_REPRESENTATION_CONTEXT(2) 
PARAMETRIC_REPRESENTATION_CONTEXT() REPRESENTATION_CONTEXT('2D SPACE',''
  ) );
#2280 = PCURVE('',#2281,#2286);
#2281 = CYLINDRICAL_SURFACE('',#2282,5.25);
#2282 = AXIS2_PLACEMENT_3D('',#2283,#2284,#2285);
#2283 = CARTESIAN_POINT('',(1.405E+03,155.,10.));
#2284 = DIRECTION('',(0.,0.,-1.));
#2285 = DIRECTION('',(-1.,0.,0.));
#2286 = DEFINITIONAL_REPRESENTATION('',(#2287),#2291);
#2287 = LINE('',#2288,#2289);
#2288 = CARTESIAN_POINT('',(0.,0.));
#2289 = VECTOR('',#2290,1.);
#2290 = DIRECTION('',(1.,0.));
#2291 = ( GEOMETRIC_REPRESENTATION_CONTEXT(2) 
PARAMETRIC_REPRESENTATION_CONTEXT() REPRESENTATION_CONTEXT('2D SPACE',''
  ) );
#2292 = FACE_BOUND('',#2293,.T.);
#2293 = EDGE_LOOP('',(#2294));
#2294 = ORIENTED_EDGE('',*,*,#2295,.T.);
#2295 = EDGE_CURVE('',#2296,#2296,#2298,.T.);
#2296 = VERTEX_POINT('',#2297);
#2297 = CARTESIAN_POINT('',(1.64975E+03,155.,10.));
#2298 = SURFACE_CURVE('',#2299,(#2304,#2315),.PCURVE_S1.);
#2299 = CIRCLE('',#2300,5.25);
#2300 = AXIS2_PLACEMENT_3D('',#2301,#2302,#2303);
#2301 = CARTESIAN_POINT('',(1.655E+03,155.,10.));
#2302 = DIRECTION('',(0.,0.,-1.));
#2303 = DIRECTION('',(-1.,0.,0.));
#2304 = PCURVE('',#126,#2305);
#2305 = DEFINITIONAL_REPRESENTATION('',(#2306),#2314);
#2306 = ( BOUNDED_CURVE() B_SPLINE_CURVE(2,(#2307,#2308,#2309,#2310,
#2311,#2312,#2313),.UNSPECIFIED.,.T.,.F.) B_SPLINE_CURVE_WITH_KNOTS((1,2
    ,2,2,2,1),(-2.094395102393,0.,2.094395102393,4.188790204786,
6.28318530718,8.377580409573),.UNSPECIFIED.) CURVE() 
GEOMETRIC_REPRESENTATION_ITEM() RATIONAL_B_SPLINE_CURVE((1.,0.5,1.,0.5,
1.,0.5,1.)) REPRESENTATION_ITEM('') );
#2307 = CARTESIAN_POINT('',(1.64975E+03,155.));
#2308 = CARTESIAN_POINT('',(1.64975E+03,164.09326673973));
#2309 = CARTESIAN_POINT('',(1.657625E+03,159.54663336986));
#2310 = CARTESIAN_POINT('',(1.6655E+03,155.));
#2311 = CARTESIAN_POINT('',(1.657625E+03,150.45336663013));
#2312 = CARTESIAN_POINT('',(1.64975E+03,145.90673326026));
#2313 = CARTESIAN_POINT('',(1.64975E+03,155.));
#2314 = ( GEOMETRIC_REPRESENTATION_CONTEXT(2) 
PARAMETRIC_REPRESENTATION_CONTEXT() REPRESENTATION_CONTEXT('2D SPACE',''
  ) );
#2315 = PCURVE('',#2316,#2321);
#2316 = CYLINDRICAL_SURFACE('',#2317,5.25);
#2317 = AXIS2_PLACEMENT_3D('',#2318,#2319,#2320);
#2318 = CARTESIAN_POINT('',(1.655E+03,155.,10.));
#2319 = DIRECTION('',(0.,0.,-1.));
#2320 = DIRECTION('',(-1.,0.,0.));
#2321 = DEFINITIONAL_REPRESENTATION('',(#2322),#2326);
#2322 = LINE('',#2323,#2324);
#2323 = CARTESIAN_POINT('',(0.,0.));
#2324 = VECTOR('',#2325,1.);
#2325 = DIRECTION('',(1.,0.));
#2326 = ( GEOMETRIC_REPRESENTATION_CONTEXT(2) 
PARAMETRIC_REPRESENTATION_CONTEXT() REPRESENTATION_CONTEXT('2D SPACE',''
  ) );
#2327 = FACE_BOUND('',#2328,.T.);
#2328 = EDGE_LOOP('',(#2329));
#2329 = ORIENTED_EDGE('',*,*,#2330,.T.);
#2330 = EDGE_CURVE('',#2331,#2331,#2333,.T.);
#2331 = VERTEX_POINT('',#2332);
#2332 = CARTESIAN_POINT('',(1.89975E+03,155.,10.));
#2333 = SURFACE_CURVE('',#2334,(#2339,#2350),.PCURVE_S1.);
#2334 = CIRCLE('',#2335,5.25);
#2335 = AXIS2_PLACEMENT_3D('',#2336,#2337,#2338);
#2336 = CARTESIAN_POINT('',(1.905E+03,155.,10.));
#2337 = DIRECTION('',(0.,0.,-1.));
#2338 = DIRECTION('',(-1.,0.,0.));
#2339 = PCURVE('',#126,#2340);
#2340 = DEFINITIONAL_REPRESENTATION('',(#2341),#2349);
#2341 = ( BOUNDED_CURVE() B_SPLINE_CURVE(2,(#2342,#2343,#2344,#2345,
#2346,#2347,#2348),.UNSPECIFIED.,.T.,.F.) B_SPLINE_CURVE_WITH_KNOTS((1,2
    ,2,2,2,1),(-2.094395102393,0.,2.094395102393,4.188790204786,
6.28318530718,8.377580409573),.UNSPECIFIED.) CURVE() 
GEOMETRIC_REPRESENTATION_ITEM() RATIONAL_B_SPLINE_CURVE((1.,0.5,1.,0.5,
1.,0.5,1.)) REPRESENTATION_ITEM('') );
#2342 = CARTESIAN_POINT('',(1.89975E+03,155.));
#2343 = CARTESIAN_POINT('',(1.89975E+03,164.09326673973));
#2344 = CARTESIAN_POINT('',(1.907625E+03,159.54663336986));
#2345 = CARTESIAN_POINT('',(1.9155E+03,155.));
#2346 = CARTESIAN_POINT('',(1.907625E+03,150.45336663013));
#2347 = CARTESIAN_POINT('',(1.89975E+03,145.90673326026));
#2348 = CARTESIAN_POINT('',(1.89975E+03,155.));
#2349 = ( GEOMETRIC_REPRESENTATION_CONTEXT(2) 
PARAMETRIC_REPRESENTATION_CONTEXT() REPRESENTATION_CONTEXT('2D SPACE',''
  ) );
#2350 = PCURVE('',#2351,#2356);
#2351 = CYLINDRICAL_SURFACE('',#2352,5.25);
#2352 = AXIS2_PLACEMENT_3D('',#2353,#2354,#2355);
#2353 = CARTESIAN_POINT('',(1.905E+03,155.,10.));
#2354 = DIRECTION('',(0.,0.,-1.));
#2355 = DIRECTION('',(-1.,0.,0.));
#2356 = DEFINITIONAL_REPRESENTATION('',(#2357),#2361);
#2357 = LINE('',#2358,#2359);
#2358 = CARTESIAN_POINT('',(0.,0.));
#2359 = VECTOR('',#2360,1.);
#2360 = DIRECTION('',(1.,0.));
#2361 = ( GEOMETRIC_REPRESENTATION_CONTEXT(2) 
PARAMETRIC_REPRESENTATION_CONTEXT() REPRESENTATION_CONTEXT('2D SPACE',''
  ) );
#2362 = FACE_BOUND('',#2363,.T.);
#2363 = EDGE_LOOP('',(#2364));
#2364 = ORIENTED_EDGE('',*,*,#2365,.T.);
#2365 = EDGE_CURVE('',#2366,#2366,#2368,.T.);
#2366 = VERTEX_POINT('',#2367);
#2367 = CARTESIAN_POINT('',(2.14975E+03,155.,10.));
#2368 = SURFACE_CURVE('',#2369,(#2374,#2385),.PCURVE_S1.);
#2369 = CIRCLE('',#2370,5.25);
#2370 = AXIS2_PLACEMENT_3D('',#2371,#2372,#2373);
#2371 = CARTESIAN_POINT('',(2.155E+03,155.,10.));
#2372 = DIRECTION('',(0.,0.,-1.));
#2373 = DIRECTION('',(-1.,0.,0.));
#2374 = PCURVE('',#126,#2375);
#2375 = DEFINITIONAL_REPRESENTATION('',(#2376),#2384);
#2376 = ( BOUNDED_CURVE() B_SPLINE_CURVE(2,(#2377,#2378,#2379,#2380,
#2381,#2382,#2383),.UNSPECIFIED.,.T.,.F.) B_SPLINE_CURVE_WITH_KNOTS((1,2
    ,2,2,2,1),(-2.094395102393,0.,2.094395102393,4.188790204786,
6.28318530718,8.377580409573),.UNSPECIFIED.) CURVE() 
GEOMETRIC_REPRESENTATION_ITEM() RATIONAL_B_SPLINE_CURVE((1.,0.5,1.,0.5,
1.,0.5,1.)) REPRESENTATION_ITEM('') );
#2377 = CARTESIAN_POINT('',(2.14975E+03,155.));
#2378 = CARTESIAN_POINT('',(2.14975E+03,164.09326673973));
#2379 = CARTESIAN_POINT('',(2.157625E+03,159.54663336986));
#2380 = CARTESIAN_POINT('',(2.1655E+03,155.));
#2381 = CARTESIAN_POINT('',(2.157625E+03,150.45336663013));
#2382 = CARTESIAN_POINT('',(2.14975E+03,145.90673326026));
#2383 = CARTESIAN_POINT('',(2.14975E+03,155.));
#2384 = ( GEOMETRIC_REPRESENTATION_CONTEXT(2) 
PARAMETRIC_REPRESENTATION_CONTEXT() REPRESENTATION_CONTEXT('2D SPACE',''
  ) );
#2385 = PCURVE('',#2386,#2391);
#2386 = CYLINDRICAL_SURFACE('',#2387,5.25);
#2387 = AXIS2_PLACEMENT_3D('',#2388,#2389,#2390);
#2388 = CARTESIAN_POINT('',(2.155E+03,155.,10.));
#2389 = DIRECTION('',(0.,0.,-1.));
#2390 = DIRECTION('',(-1.,0.,0.));
#2391 = DEFINITIONAL_REPRESENTATION('',(#2392),#2396);
#2392 = LINE('',#2393,#2394);
#2393 = CARTESIAN_POINT('',(0.,0.));
#2394 = VECTOR('',#2395,1.);
#2395 = DIRECTION('',(1.,0.));
#2396 = ( GEOMETRIC_REPRESENTATION_CONTEXT(2) 
PARAMETRIC_REPRESENTATION_CONTEXT() REPRESENTATION_CONTEXT('2D SPACE',''
  ) );
#2397 = FACE_BOUND('',#2398,.T.);
#2398 = EDGE_LOOP('',(#2399));
#2399 = ORIENTED_EDGE('',*,*,#2400,.T.);
#2400 = EDGE_CURVE('',#2401,#2401,#2403,.T.);
#2401 = VERTEX_POINT('',#2402);
#2402 = CARTESIAN_POINT('',(2.49975E+03,155.,10.));
#2403 = SURFACE_CURVE('',#2404,(#2409,#2420),.PCURVE_S1.);
#2404 = CIRCLE('',#2405,5.25);
#2405 = AXIS2_PLACEMENT_3D('',#2406,#2407,#2408);
#2406 = CARTESIAN_POINT('',(2.505E+03,155.,10.));
#2407 = DIRECTION('',(0.,0.,-1.));
#2408 = DIRECTION('',(-1.,0.,0.));
#2409 = PCURVE('',#126,#2410);
#2410 = DEFINITIONAL_REPRESENTATION('',(#2411),#2419);
#2411 = ( BOUNDED_CURVE() B_SPLINE_CURVE(2,(#2412,#2413,#2414,#2415,
#2416,#2417,#2418),.UNSPECIFIED.,.T.,.F.) B_SPLINE_CURVE_WITH_KNOTS((1,2
    ,2,2,2,1),(-2.094395102393,0.,2.094395102393,4.188790204786,
6.28318530718,8.377580409573),.UNSPECIFIED.) CURVE() 
GEOMETRIC_REPRESENTATION_ITEM() RATIONAL_B_SPLINE_CURVE((1.,0.5,1.,0.5,
1.,0.5,1.)) REPRESENTATION_ITEM('') );
#2412 = CARTESIAN_POINT('',(2.49975E+03,155.));
#2413 = CARTESIAN_POINT('',(2.49975E+03,164.09326673973));
#2414 = CARTESIAN_POINT('',(2.507625E+03,159.54663336986));
#2415 = CARTESIAN_POINT('',(2.5155E+03,155.));
#2416 = CARTESIAN_POINT('',(2.507625E+03,150.45336663013));
#2417 = CARTESIAN_POINT('',(2.49975E+03,145.90673326026));
#2418 = CARTESIAN_POINT('',(2.49975E+03,155.));
#2419 = ( GEOMETRIC_REPRESENTATION_CONTEXT(2) 
PARAMETRIC_REPRESENTATION_CONTEXT() REPRESENTATION_CONTEXT('2D SPACE',''
  ) );
#2420 = PCURVE('',#2421,#2426);
#2421 = CYLINDRICAL_SURFACE('',#2422,5.25);
#2422 = AXIS2_PLACEMENT_3D('',#2423,#2424,#2425);
#2423 = CARTESIAN_POINT('',(2.505E+03,155.,10.));
#2424 = DIRECTION('',(0.,0.,-1.));
#2425 = DIRECTION('',(-1.,0.,0.));
#2426 = DEFINITIONAL_REPRESENTATION('',(#2427),#2431);
#2427 = LINE('',#2428,#2429);
#2428 = CARTESIAN_POINT('',(0.,0.));
#2429 = VECTOR('',#2430,1.);
#2430 = DIRECTION('',(1.,0.));
#2431 = ( GEOMETRIC_REPRESENTATION_CONTEXT(2) 
PARAMETRIC_REPRESENTATION_CONTEXT() REPRESENTATION_CONTEXT('2D SPACE',''
  ) );
#2432 = FACE_BOUND('',#2433,.T.);
#2433 = EDGE_LOOP('',(#2434));
#2434 = ORIENTED_EDGE('',*,*,#2435,.T.);
#2435 = EDGE_CURVE('',#2436,#2436,#2438,.T.);
#2436 = VERTEX_POINT('',#2437);
#2437 = CARTESIAN_POINT('',(2.84975E+03,155.,10.));
#2438 = SURFACE_CURVE('',#2439,(#2444,#2455),.PCURVE_S1.);
#2439 = CIRCLE('',#2440,5.25);
#2440 = AXIS2_PLACEMENT_3D('',#2441,#2442,#2443);
#2441 = CARTESIAN_POINT('',(2.855E+03,155.,10.));
#2442 = DIRECTION('',(0.,0.,-1.));
#2443 = DIRECTION('',(-1.,0.,0.));
#2444 = PCURVE('',#126,#2445);
#2445 = DEFINITIONAL_REPRESENTATION('',(#2446),#2454);
#2446 = ( BOUNDED_CURVE() B_SPLINE_CURVE(2,(#2447,#2448,#2449,#2450,
#2451,#2452,#2453),.UNSPECIFIED.,.T.,.F.) B_SPLINE_CURVE_WITH_KNOTS((1,2
    ,2,2,2,1),(-2.094395102393,0.,2.094395102393,4.188790204786,
6.28318530718,8.377580409573),.UNSPECIFIED.) CURVE() 
GEOMETRIC_REPRESENTATION_ITEM() RATIONAL_B_SPLINE_CURVE((1.,0.5,1.,0.5,
1.,0.5,1.)) REPRESENTATION_ITEM('') );
#2447 = CARTESIAN_POINT('',(2.84975E+03,155.));
#2448 = CARTESIAN_POINT('',(2.84975E+03,164.09326673973));
#2449 = CARTESIAN_POINT('',(2.857625E+03,159.54663336986));
#2450 = CARTESIAN_POINT('',(2.8655E+03,155.));
#2451 = CARTESIAN_POINT('',(2.857625E+03,150.45336663013));
#2452 = CARTESIAN_POINT('',(2.84975E+03,145.90673326026));
#2453 = CARTESIAN_POINT('',(2.84975E+03,155.));
#2454 = ( GEOMETRIC_REPRESENTATION_CONTEXT(2) 
PARAMETRIC_REPRESENTATION_CONTEXT() REPRESENTATION_CONTEXT('2D SPACE',''
  ) );
#2455 = PCURVE('',#2456,#2461);
#2456 = CYLINDRICAL_SURFACE('',#2457,5.25);
#2457 = AXIS2_PLACEMENT_3D('',#2458,#2459,#2460);
#2458 = CARTESIAN_POINT('',(2.855E+03,155.,10.));
#2459 = DIRECTION('',(0.,0.,-1.));
#2460 = DIRECTION('',(-1.,0.,0.));
#2461 = DEFINITIONAL_REPRESENTATION('',(#2462),#2466);
#2462 = LINE('',#2463,#2464);
#2463 = CARTESIAN_POINT('',(0.,0.));
#2464 = VECTOR('',#2465,1.);
#2465 = DIRECTION('',(1.,0.));
#2466 = ( GEOMETRIC_REPRESENTATION_CONTEXT(2) 
PARAMETRIC_REPRESENTATION_CONTEXT() REPRESENTATION_CONTEXT('2D SPACE',''
  ) );
#2467 = FACE_BOUND('',#2468,.T.);
#2468 = EDGE_LOOP('',(#2469));
#2469 = ORIENTED_EDGE('',*,*,#2470,.T.);
#2470 = EDGE_CURVE('',#2471,#2471,#2473,.T.);
#2471 = VERTEX_POINT('',#2472);
#2472 = CARTESIAN_POINT('',(3.19475E+03,155.,10.));
#2473 = SURFACE_CURVE('',#2474,(#2479,#2490),.PCURVE_S1.);
#2474 = CIRCLE('',#2475,5.25);
#2475 = AXIS2_PLACEMENT_3D('',#2476,#2477,#2478);
#2476 = CARTESIAN_POINT('',(3.2E+03,155.,10.));
#2477 = DIRECTION('',(0.,0.,-1.));
#2478 = DIRECTION('',(-1.,0.,0.));
#2479 = PCURVE('',#126,#2480);
#2480 = DEFINITIONAL_REPRESENTATION('',(#2481),#2489);
#2481 = ( BOUNDED_CURVE() B_SPLINE_CURVE(2,(#2482,#2483,#2484,#2485,
#2486,#2487,#2488),.UNSPECIFIED.,.T.,.F.) B_SPLINE_CURVE_WITH_KNOTS((1,2
    ,2,2,2,1),(-2.094395102393,0.,2.094395102393,4.188790204786,
6.28318530718,8.377580409573),.UNSPECIFIED.) CURVE() 
GEOMETRIC_REPRESENTATION_ITEM() RATIONAL_B_SPLINE_CURVE((1.,0.5,1.,0.5,
1.,0.5,1.)) REPRESENTATION_ITEM('') );
#2482 = CARTESIAN_POINT('',(3.19475E+03,155.));
#2483 = CARTESIAN_POINT('',(3.19475E+03,164.09326673973));
#2484 = CARTESIAN_POINT('',(3.202625E+03,159.54663336986));
#2485 = CARTESIAN_POINT('',(3.2105E+03,155.));
#2486 = CARTESIAN_POINT('',(3.202625E+03,150.45336663013));
#2487 = CARTESIAN_POINT('',(3.19475E+03,145.90673326026));
#2488 = CARTESIAN_POINT('',(3.19475E+03,155.));
#2489 = ( GEOMETRIC_REPRESENTATION_CONTEXT(2) 
PARAMETRIC_REPRESENTATION_CONTEXT() REPRESENTATION_CONTEXT('2D SPACE',''
  ) );
#2490 = PCURVE('',#2491,#2496);
#2491 = CYLINDRICAL_SURFACE('',#2492,5.25);
#2492 = AXIS2_PLACEMENT_3D('',#2493,#2494,#2495);
#2493 = CARTESIAN_POINT('',(3.2E+03,155.,10.));
#2494 = DIRECTION('',(0.,0.,-1.));
#2495 = DIRECTION('',(-1.,0.,0.));
#2496 = DEFINITIONAL_REPRESENTATION('',(#2497),#2501);
#2497 = LINE('',#2498,#2499);
#2498 = CARTESIAN_POINT('',(0.,0.));
#2499 = VECTOR('',#2500,1.);
#2500 = DIRECTION('',(1.,0.));
#2501 = ( GEOMETRIC_REPRESENTATION_CONTEXT(2) 
PARAMETRIC_REPRESENTATION_CONTEXT() REPRESENTATION_CONTEXT('2D SPACE',''
  ) );
#2502 = FACE_BOUND('',#2503,.T.);
#2503 = EDGE_LOOP('',(#2504));
#2504 = ORIENTED_EDGE('',*,*,#2505,.T.);
#2505 = EDGE_CURVE('',#2506,#2506,#2508,.T.);
#2506 = VERTEX_POINT('',#2507);
#2507 = CARTESIAN_POINT('',(3.54475E+03,155.,10.));
#2508 = SURFACE_CURVE('',#2509,(#2514,#2525),.PCURVE_S1.);
#2509 = CIRCLE('',#2510,5.25);
#2510 = AXIS2_PLACEMENT_3D('',#2511,#2512,#2513);
#2511 = CARTESIAN_POINT('',(3.55E+03,155.,10.));
#2512 = DIRECTION('',(0.,0.,-1.));
#2513 = DIRECTION('',(-1.,0.,0.));
#2514 = PCURVE('',#126,#2515);
#2515 = DEFINITIONAL_REPRESENTATION('',(#2516),#2524);
#2516 = ( BOUNDED_CURVE() B_SPLINE_CURVE(2,(#2517,#2518,#2519,#2520,
#2521,#2522,#2523),.UNSPECIFIED.,.T.,.F.) B_SPLINE_CURVE_WITH_KNOTS((1,2
    ,2,2,2,1),(-2.094395102393,0.,2.094395102393,4.188790204786,
6.28318530718,8.377580409573),.UNSPECIFIED.) CURVE() 
GEOMETRIC_REPRESENTATION_ITEM() RATIONAL_B_SPLINE_CURVE((1.,0.5,1.,0.5,
1.,0.5,1.)) REPRESENTATION_ITEM('') );
#2517 = CARTESIAN_POINT('',(3.54475E+03,155.));
#2518 = CARTESIAN_POINT('',(3.54475E+03,164.09326673973));
#2519 = CARTESIAN_POINT('',(3.552625E+03,159.54663336986));
#2520 = CARTESIAN_POINT('',(3.5605E+03,155.));
#2521 = CARTESIAN_POINT('',(3.552625E+03,150.45336663013));
#2522 = CARTESIAN_POINT('',(3.54475E+03,145.90673326026));
#2523 = CARTESIAN_POINT('',(3.54475E+03,155.));
#2524 = ( GEOMETRIC_REPRESENTATION_CONTEXT(2) 
PARAMETRIC_REPRESENTATION_CONTEXT() REPRESENTATION_CONTEXT('2D SPACE',''
  ) );
#2525 = PCURVE('',#2526,#2531);
#2526 = CYLINDRICAL_SURFACE('',#2527,5.25);
#2527 = AXIS2_PLACEMENT_3D('',#2528,#2529,#2530);
#2528 = CARTESIAN_POINT('',(3.55E+03,155.,10.));
#2529 = DIRECTION('',(0.,0.,-1.));
#2530 = DIRECTION('',(-1.,0.,0.));
#2531 = DEFINITIONAL_REPRESENTATION('',(#2532),#2536);
#2532 = LINE('',#2533,#2534);
#2533 = CARTESIAN_POINT('',(0.,0.));
#2534 = VECTOR('',#2535,1.);
#2535 = DIRECTION('',(1.,0.));
#2536 = ( GEOMETRIC_REPRESENTATION_CONTEXT(2) 
PARAMETRIC_REPRESENTATION_CONTEXT() REPRESENTATION_CONTEXT('2D SPACE',''
  ) );
#2537 = FACE_BOUND('',#2538,.T.);
#2538 = EDGE_LOOP('',(#2539));
#2539 = ORIENTED_EDGE('',*,*,#2540,.T.);
#2540 = EDGE_CURVE('',#2541,#2541,#2543,.T.);
#2541 = VERTEX_POINT('',#2542);
#2542 = CARTESIAN_POINT('',(3.89475E+03,155.,10.));
#2543 = SURFACE_CURVE('',#2544,(#2549,#2560),.PCURVE_S1.);
#2544 = CIRCLE('',#2545,5.25);
#2545 = AXIS2_PLACEMENT_3D('',#2546,#2547,#2548);
#2546 = CARTESIAN_POINT('',(3.9E+03,155.,10.));
#2547 = DIRECTION('',(0.,0.,-1.));
#2548 = DIRECTION('',(-1.,0.,0.));
#2549 = PCURVE('',#126,#2550);
#2550 = DEFINITIONAL_REPRESENTATION('',(#2551),#2559);
#2551 = ( BOUNDED_CURVE() B_SPLINE_CURVE(2,(#2552,#2553,#2554,#2555,
#2556,#2557,#2558),.UNSPECIFIED.,.T.,.F.) B_SPLINE_CURVE_WITH_KNOTS((1,2
    ,2,2,2,1),(-2.094395102393,0.,2.094395102393,4.188790204786,
6.28318530718,8.377580409573),.UNSPECIFIED.) CURVE() 
GEOMETRIC_REPRESENTATION_ITEM() RATIONAL_B_SPLINE_CURVE((1.,0.5,1.,0.5,
1.,0.5,1.)) REPRESENTATION_ITEM('') );
#2552 = CARTESIAN_POINT('',(3.89475E+03,155.));
#2553 = CARTESIAN_POINT('',(3.89475E+03,164.09326673973));
#2554 = CARTESIAN_POINT('',(3.902625E+03,159.54663336986));
#2555 = CARTESIAN_POINT('',(3.9105E+03,155.));
#2556 = CARTESIAN_POINT('',(3.902625E+03,150.45336663013));
#2557 = CARTESIAN_POINT('',(3.89475E+03,145.90673326026));
#2558 = CARTESIAN_POINT('',(3.89475E+03,155.));
#2559 = ( GEOMETRIC_REPRESENTATION_CONTEXT(2) 
PARAMETRIC_REPRESENTATION_CONTEXT() REPRESENTATION_CONTEXT('2D SPACE',''
  ) );
#2560 = PCURVE('',#2561,#2566);
#2561 = CYLINDRICAL_SURFACE('',#2562,5.25);
#2562 = AXIS2_PLACEMENT_3D('',#2563,#2564,#2565);
#2563 = CARTESIAN_POINT('',(3.9E+03,155.,10.));
#2564 = DIRECTION('',(0.,0.,-1.));
#2565 = DIRECTION('',(-1.,0.,0.));
#2566 = DEFINITIONAL_REPRESENTATION('',(#2567),#2571);
#2567 = LINE('',#2568,#2569);
#2568 = CARTESIAN_POINT('',(0.,0.));
#2569 = VECTOR('',#2570,1.);
#2570 = DIRECTION('',(1.,0.));
#2571 = ( GEOMETRIC_REPRESENTATION_CONTEXT(2) 
PARAMETRIC_REPRESENTATION_CONTEXT() REPRESENTATION_CONTEXT('2D SPACE',''
  ) );
#2572 = FACE_BOUND('',#2573,.T.);
#2573 = EDGE_LOOP('',(#2574));
#2574 = ORIENTED_EDGE('',*,*,#2575,.T.);
#2575 = EDGE_CURVE('',#2576,#2576,#2578,.T.);
#2576 = VERTEX_POINT('',#2577);
#2577 = CARTESIAN_POINT('',(4.04475E+03,155.,10.));
#2578 = SURFACE_CURVE('',#2579,(#2584,#2595),.PCURVE_S1.);
#2579 = CIRCLE('',#2580,5.25);
#2580 = AXIS2_PLACEMENT_3D('',#2581,#2582,#2583);
#2581 = CARTESIAN_POINT('',(4.05E+03,155.,10.));
#2582 = DIRECTION('',(0.,0.,-1.));
#2583 = DIRECTION('',(-1.,0.,0.));
#2584 = PCURVE('',#126,#2585);
#2585 = DEFINITIONAL_REPRESENTATION('',(#2586),#2594);
#2586 = ( BOUNDED_CURVE() B_SPLINE_CURVE(2,(#2587,#2588,#2589,#2590,
#2591,#2592,#2593),.UNSPECIFIED.,.T.,.F.) B_SPLINE_CURVE_WITH_KNOTS((1,2
    ,2,2,2,1),(-2.094395102393,0.,2.094395102393,4.188790204786,
6.28318530718,8.377580409573),.UNSPECIFIED.) CURVE() 
GEOMETRIC_REPRESENTATION_ITEM() RATIONAL_B_SPLINE_CURVE((1.,0.5,1.,0.5,
1.,0.5,1.)) REPRESENTATION_ITEM('') );
#2587 = CARTESIAN_POINT('',(4.04475E+03,155.));
#2588 = CARTESIAN_POINT('',(4.04475E+03,164.09326673973));
#2589 = CARTESIAN_POINT('',(4.052625E+03,159.54663336986));
#2590 = CARTESIAN_POINT('',(4.0605E+03,155.));
#2591 = CARTESIAN_POINT('',(4.052625E+03,150.45336663013));
#2592 = CARTESIAN_POINT('',(4.04475E+03,145.90673326026));
#2593 = CARTESIAN_POINT('',(4.04475E+03,155.));
#2594 = ( GEOMETRIC_REPRESENTATION_CONTEXT(2) 
PARAMETRIC_REPRESENTATION_CONTEXT() REPRESENTATION_CONTEXT('2D SPACE',''
  ) );
#2595 = PCURVE('',#2596,#2601);
#2596 = CYLINDRICAL_SURFACE('',#2597,5.25);
#2597 = AXIS2_PLACEMENT_3D('',#2598,#2599,#2600);
#2598 = CARTESIAN_POINT('',(4.05E+03,155.,10.));
#2599 = DIRECTION('',(0.,0.,-1.));
#2600 = DIRECTION('',(-1.,0.,0.));
#2601 = DEFINITIONAL_REPRESENTATION('',(#2602),#2606);
#2602 = LINE('',#2603,#2604);
#2603 = CARTESIAN_POINT('',(0.,0.));
#2604 = VECTOR('',#2605,1.);
#2605 = DIRECTION('',(1.,0.));
#2606 = ( GEOMETRIC_REPRESENTATION_CONTEXT(2) 
PARAMETRIC_REPRESENTATION_CONTEXT() REPRESENTATION_CONTEXT('2D SPACE',''
  ) );
#2607 = FACE_BOUND('',#2608,.T.);
#2608 = EDGE_LOOP('',(#2609));
#2609 = ORIENTED_EDGE('',*,*,#2610,.T.);
#2610 = EDGE_CURVE('',#2611,#2611,#2613,.T.);
#2611 = VERTEX_POINT('',#2612);
#2612 = CARTESIAN_POINT('',(4.19475E+03,155.,10.));
#2613 = SURFACE_CURVE('',#2614,(#2619,#2630),.PCURVE_S1.);
#2614 = CIRCLE('',#2615,5.25);
#2615 = AXIS2_PLACEMENT_3D('',#2616,#2617,#2618);
#2616 = CARTESIAN_POINT('',(4.2E+03,155.,10.));
#2617 = DIRECTION('',(0.,0.,-1.));
#2618 = DIRECTION('',(-1.,0.,0.));
#2619 = PCURVE('',#126,#2620);
#2620 = DEFINITIONAL_REPRESENTATION('',(#2621),#2629);
#2621 = ( BOUNDED_CURVE() B_SPLINE_CURVE(2,(#2622,#2623,#2624,#2625,
#2626,#2627,#2628),.UNSPECIFIED.,.T.,.F.) B_SPLINE_CURVE_WITH_KNOTS((1,2
    ,2,2,2,1),(-2.094395102393,0.,2.094395102393,4.188790204786,
6.28318530718,8.377580409573),.UNSPECIFIED.) CURVE() 
GEOMETRIC_REPRESENTATION_ITEM() RATIONAL_B_SPLINE_CURVE((1.,0.5,1.,0.5,
1.,0.5,1.)) REPRESENTATION_ITEM('') );
#2622 = CARTESIAN_POINT('',(4.19475E+03,155.));
#2623 = CARTESIAN_POINT('',(4.19475E+03,164.09326673973));
#2624 = CARTESIAN_POINT('',(4.202625E+03,159.54663336986));
#2625 = CARTESIAN_POINT('',(4.2105E+03,155.));
#2626 = CARTESIAN_POINT('',(4.202625E+03,150.45336663013));
#2627 = CARTESIAN_POINT('',(4.19475E+03,145.90673326026));
#2628 = CARTESIAN_POINT('',(4.19475E+03,155.));
#2629 = ( GEOMETRIC_REPRESENTATION_CONTEXT(2) 
PARAMETRIC_REPRESENTATION_CONTEXT() REPRESENTATION_CONTEXT('2D SPACE',''
  ) );
#2630 = PCURVE('',#2631,#2636);
#2631 = CYLINDRICAL_SURFACE('',#2632,5.25);
#2632 = AXIS2_PLACEMENT_3D('',#2633,#2634,#2635);
#2633 = CARTESIAN_POINT('',(4.2E+03,155.,10.));
#2634 = DIRECTION('',(0.,0.,-1.));
#2635 = DIRECTION('',(-1.,0.,0.));
#2636 = DEFINITIONAL_REPRESENTATION('',(#2637),#2641);
#2637 = LINE('',#2638,#2639);
#2638 = CARTESIAN_POINT('',(0.,0.));
#2639 = VECTOR('',#2640,1.);
#2640 = DIRECTION('',(1.,0.));
#2641 = ( GEOMETRIC_REPRESENTATION_CONTEXT(2) 
PARAMETRIC_REPRESENTATION_CONTEXT() REPRESENTATION_CONTEXT('2D SPACE',''
  ) );
#2642 = FACE_BOUND('',#2643,.T.);
#2643 = EDGE_LOOP('',(#2644));
#2644 = ORIENTED_EDGE('',*,*,#2645,.T.);
#2645 = EDGE_CURVE('',#2646,#2646,#2648,.T.);
#2646 = VERTEX_POINT('',#2647);
#2647 = CARTESIAN_POINT('',(4.34475E+03,155.,10.));
#2648 = SURFACE_CURVE('',#2649,(#2654,#2665),.PCURVE_S1.);
#2649 = CIRCLE('',#2650,5.25);
#2650 = AXIS2_PLACEMENT_3D('',#2651,#2652,#2653);
#2651 = CARTESIAN_POINT('',(4.35E+03,155.,10.));
#2652 = DIRECTION('',(0.,0.,-1.));
#2653 = DIRECTION('',(-1.,0.,0.));
#2654 = PCURVE('',#126,#2655);
#2655 = DEFINITIONAL_REPRESENTATION('',(#2656),#2664);
#2656 = ( BOUNDED_CURVE() B_SPLINE_CURVE(2,(#2657,#2658,#2659,#2660,
#2661,#2662,#2663),.UNSPECIFIED.,.T.,.F.) B_SPLINE_CURVE_WITH_KNOTS((1,2
    ,2,2,2,1),(-2.094395102393,0.,2.094395102393,4.188790204786,
6.28318530718,8.377580409573),.UNSPECIFIED.) CURVE() 
GEOMETRIC_REPRESENTATION_ITEM() RATIONAL_B_SPLINE_CURVE((1.,0.5,1.,0.5,
1.,0.5,1.)) REPRESENTATION_ITEM('') );
#2657 = CARTESIAN_POINT('',(4.34475E+03,155.));
#2658 = CARTESIAN_POINT('',(4.34475E+03,164.09326673973));
#2659 = CARTESIAN_POINT('',(4.352625E+03,159.54663336986));
#2660 = CARTESIAN_POINT('',(4.3605E+03,155.));
#2661 = CARTESIAN_POINT('',(4.352625E+03,150.45336663013));
#2662 = CARTESIAN_POINT('',(4.34475E+03,145.90673326026));
#2663 = CARTESIAN_POINT('',(4.34475E+03,155.));
#2664 = ( GEOMETRIC_REPRESENTATION_CONTEXT(2) 
PARAMETRIC_REPRESENTATION_CONTEXT() REPRESENTATION_CONTEXT('2D SPACE',''
  ) );
#2665 = PCURVE('',#2666,#2671);
#2666 = CYLINDRICAL_SURFACE('',#2667,5.25);
#2667 = AXIS2_PLACEMENT_3D('',#2668,#2669,#2670);
#2668 = CARTESIAN_POINT('',(4.35E+03,155.,10.));
#2669 = DIRECTION('',(0.,0.,-1.));
#2670 = DIRECTION('',(-1.,0.,0.));
#2671 = DEFINITIONAL_REPRESENTATION('',(#2672),#2676);
#2672 = LINE('',#2673,#2674);
#2673 = CARTESIAN_POINT('',(0.,0.));
#2674 = VECTOR('',#2675,1.);
#2675 = DIRECTION('',(1.,0.));
#2676 = ( GEOMETRIC_REPRESENTATION_CONTEXT(2) 
PARAMETRIC_REPRESENTATION_CONTEXT() REPRESENTATION_CONTEXT('2D SPACE',''
  ) );
#2677 = FACE_BOUND('',#2678,.T.);
#2678 = EDGE_LOOP('',(#2679));
#2679 = ORIENTED_EDGE('',*,*,#2680,.T.);
#2680 = EDGE_CURVE('',#2681,#2681,#2683,.T.);
#2681 = VERTEX_POINT('',#2682);
#2682 = CARTESIAN_POINT('',(4.49475E+03,155.,10.));
#2683 = SURFACE_CURVE('',#2684,(#2689,#2700),.PCURVE_S1.);
#2684 = CIRCLE('',#2685,5.25);
#2685 = AXIS2_PLACEMENT_3D('',#2686,#2687,#2688);
#2686 = CARTESIAN_POINT('',(4.5E+03,155.,10.));
#2687 = DIRECTION('',(0.,0.,-1.));
#2688 = DIRECTION('',(-1.,0.,0.));
#2689 = PCURVE('',#126,#2690);
#2690 = DEFINITIONAL_REPRESENTATION('',(#2691),#2699);
#2691 = ( BOUNDED_CURVE() B_SPLINE_CURVE(2,(#2692,#2693,#2694,#2695,
#2696,#2697,#2698),.UNSPECIFIED.,.T.,.F.) B_SPLINE_CURVE_WITH_KNOTS((1,2
    ,2,2,2,1),(-2.094395102393,0.,2.094395102393,4.188790204786,
6.28318530718,8.377580409573),.UNSPECIFIED.) CURVE() 
GEOMETRIC_REPRESENTATION_ITEM() RATIONAL_B_SPLINE_CURVE((1.,0.5,1.,0.5,
1.,0.5,1.)) REPRESENTATION_ITEM('') );
#2692 = CARTESIAN_POINT('',(4.49475E+03,155.));
#2693 = CARTESIAN_POINT('',(4.49475E+03,164.09326673973));
#2694 = CARTESIAN_POINT('',(4.502625E+03,159.54663336986));
#2695 = CARTESIAN_POINT('',(4.5105E+03,155.));
#2696 = CARTESIAN_POINT('',(4.502625E+03,150.45336663013));
#2697 = CARTESIAN_POINT('',(4.49475E+03,145.90673326026));
#2698 = CARTESIAN_POINT('',(4.49475E+03,155.));
#2699 = ( GEOMETRIC_REPRESENTATION_CONTEXT(2) 
PARAMETRIC_REPRESENTATION_CONTEXT() REPRESENTATION_CONTEXT('2D SPACE',''
  ) );
#2700 = PCURVE('',#2701,#2706);
#2701 = CYLINDRICAL_SURFACE('',#2702,5.25);
#2702 = AXIS2_PLACEMENT_3D('',#2703,#2704,#2705);
#2703 = CARTESIAN_POINT('',(4.5E+03,155.,10.));
#2704 = DIRECTION('',(0.,0.,-1.));
#2705 = DIRECTION('',(-1.,0.,0.));
#2706 = DEFINITIONAL_REPRESENTATION('',(#2707),#2711);
#2707 = LINE('',#2708,#2709);
#2708 = CARTESIAN_POINT('',(0.,0.));
#2709 = VECTOR('',#2710,1.);
#2710 = DIRECTION('',(1.,0.));
#2711 = ( GEOMETRIC_REPRESENTATION_CONTEXT(2) 
PARAMETRIC_REPRESENTATION_CONTEXT() REPRESENTATION_CONTEXT('2D SPACE',''
  ) );
#2712 = FACE_BOUND('',#2713,.T.);
#2713 = EDGE_LOOP('',(#2714));
#2714 = ORIENTED_EDGE('',*,*,#2715,.T.);
#2715 = EDGE_CURVE('',#2716,#2716,#2718,.T.);
#2716 = VERTEX_POINT('',#2717);
#2717 = CARTESIAN_POINT('',(4.64475E+03,155.,10.));
#2718 = SURFACE_CURVE('',#2719,(#2724,#2735),.PCURVE_S1.);
#2719 = CIRCLE('',#2720,5.25);
#2720 = AXIS2_PLACEMENT_3D('',#2721,#2722,#2723);
#2721 = CARTESIAN_POINT('',(4.65E+03,155.,10.));
#2722 = DIRECTION('',(0.,0.,-1.));
#2723 = DIRECTION('',(-1.,0.,0.));
#2724 = PCURVE('',#126,#2725);
#2725 = DEFINITIONAL_REPRESENTATION('',(#2726),#2734);
#2726 = ( BOUNDED_CURVE() B_SPLINE_CURVE(2,(#2727,#2728,#2729,#2730,
#2731,#2732,#2733),.UNSPECIFIED.,.T.,.F.) B_SPLINE_CURVE_WITH_KNOTS((1,2
    ,2,2,2,1),(-2.094395102393,0.,2.094395102393,4.188790204786,
6.28318530718,8.377580409573),.UNSPECIFIED.) CURVE() 
GEOMETRIC_REPRESENTATION_ITEM() RATIONAL_B_SPLINE_CURVE((1.,0.5,1.,0.5,
1.,0.5,1.)) REPRESENTATION_ITEM('') );
#2727 = CARTESIAN_POINT('',(4.64475E+03,155.));
#2728 = CARTESIAN_POINT('',(4.64475E+03,164.09326673973));
#2729 = CARTESIAN_POINT('',(4.652625E+03,159.54663336986));
#2730 = CARTESIAN_POINT('',(4.6605E+03,155.));
#2731 = CARTESIAN_POINT('',(4.652625E+03,150.45336663013));
#2732 = CARTESIAN_POINT('',(4.64475E+03,145.90673326026));
#2733 = CARTESIAN_POINT('',(4.64475E+03,155.));
#2734 = ( GEOMETRIC_REPRESENTATION_CONTEXT(2) 
PARAMETRIC_REPRESENTATION_CONTEXT() REPRESENTATION_CONTEXT('2D SPACE',''
  ) );
#2735 = PCURVE('',#2736,#2741);
#2736 = CYLINDRICAL_SURFACE('',#2737,5.25);
#2737 = AXIS2_PLACEMENT_3D('',#2738,#2739,#2740);
#2738 = CARTESIAN_POINT('',(4.65E+03,155.,10.));
#2739 = DIRECTION('',(0.,0.,-1.));
#2740 = DIRECTION('',(-1.,0.,0.));
#2741 = DEFINITIONAL_REPRESENTATION('',(#2742),#2746);
#2742 = LINE('',#2743,#2744);
#2743 = CARTESIAN_POINT('',(0.,0.));
#2744 = VECTOR('',#2745,1.);
#2745 = DIRECTION('',(1.,0.));
#2746 = ( GEOMETRIC_REPRESENTATION_CONTEXT(2) 
PARAMETRIC_REPRESENTATION_CONTEXT() REPRESENTATION_CONTEXT('2D SPACE',''
  ) );
#2747 = FACE_BOUND('',#2748,.T.);
#2748 = EDGE_LOOP('',(#2749));
#2749 = ORIENTED_EDGE('',*,*,#2750,.T.);
#2750 = EDGE_CURVE('',#2751,#2751,#2753,.T.);
#2751 = VERTEX_POINT('',#2752);
#2752 = CARTESIAN_POINT('',(4.79475E+03,155.,10.));
#2753 = SURFACE_CURVE('',#2754,(#2759,#2770),.PCURVE_S1.);
#2754 = CIRCLE('',#2755,5.25);
#2755 = AXIS2_PLACEMENT_3D('',#2756,#2757,#2758);
#2756 = CARTESIAN_POINT('',(4.8E+03,155.,10.));
#2757 = DIRECTION('',(0.,0.,-1.));
#2758 = DIRECTION('',(-1.,0.,0.));
#2759 = PCURVE('',#126,#2760);
#2760 = DEFINITIONAL_REPRESENTATION('',(#2761),#2769);
#2761 = ( BOUNDED_CURVE() B_SPLINE_CURVE(2,(#2762,#2763,#2764,#2765,
#2766,#2767,#2768),.UNSPECIFIED.,.T.,.F.) B_SPLINE_CURVE_WITH_KNOTS((1,2
    ,2,2,2,1),(-2.094395102393,0.,2.094395102393,4.188790204786,
6.28318530718,8.377580409573),.UNSPECIFIED.) CURVE() 
GEOMETRIC_REPRESENTATION_ITEM() RATIONAL_B_SPLINE_CURVE((1.,0.5,1.,0.5,
1.,0.5,1.)) REPRESENTATION_ITEM('') );
#2762 = CARTESIAN_POINT('',(4.79475E+03,155.));
#2763 = CARTESIAN_POINT('',(4.79475E+03,164.09326673973));
#2764 = CARTESIAN_POINT('',(4.802625E+03,159.54663336986));
#2765 = CARTESIAN_POINT('',(4.8105E+03,155.));
#2766 = CARTESIAN_POINT('',(4.802625E+03,150.45336663013));
#2767 = CARTESIAN_POINT('',(4.79475E+03,145.90673326026));
#2768 = CARTESIAN_POINT('',(4.79475E+03,155.));
#2769 = ( GEOMETRIC_REPRESENTATION_CONTEXT(2) 
PARAMETRIC_REPRESENTATION_CONTEXT() REPRESENTATION_CONTEXT('2D SPACE',''
  ) );
#2770 = PCURVE('',#2771,#2776);
#2771 = CYLINDRICAL_SURFACE('',#2772,5.25);
#2772 = AXIS2_PLACEMENT_3D('',#2773,#2774,#2775);
#2773 = CARTESIAN_POINT('',(4.8E+03,155.,10.));
#2774 = DIRECTION('',(0.,0.,-1.));
#2775 = DIRECTION('',(-1.,0.,0.));
#2776 = DEFINITIONAL_REPRESENTATION('',(#2777),#2781);
#2777 = LINE('',#2778,#2779);
#2778 = CARTESIAN_POINT('',(0.,0.));
#2779 = VECTOR('',#2780,1.);
#2780 = DIRECTION('',(1.,0.));
#2781 = ( GEOMETRIC_REPRESENTATION_CONTEXT(2) 
PARAMETRIC_REPRESENTATION_CONTEXT() REPRESENTATION_CONTEXT('2D SPACE',''
  ) );
#2782 = FACE_BOUND('',#2783,.T.);
#2783 = EDGE_LOOP('',(#2784));
#2784 = ORIENTED_EDGE('',*,*,#2785,.T.);
#2785 = EDGE_CURVE('',#2786,#2786,#2788,.T.);
#2786 = VERTEX_POINT('',#2787);
#2787 = CARTESIAN_POINT('',(4.94475E+03,155.,10.));
#2788 = SURFACE_CURVE('',#2789,(#2794,#2805),.PCURVE_S1.);
#2789 = CIRCLE('',#2790,5.25);
#2790 = AXIS2_PLACEMENT_3D('',#2791,#2792,#2793);
#2791 = CARTESIAN_POINT('',(4.95E+03,155.,10.));
#2792 = DIRECTION('',(0.,0.,-1.));
#2793 = DIRECTION('',(-1.,0.,0.));
#2794 = PCURVE('',#126,#2795);
#2795 = DEFINITIONAL_REPRESENTATION('',(#2796),#2804);
#2796 = ( BOUNDED_CURVE() B_SPLINE_CURVE(2,(#2797,#2798,#2799,#2800,
#2801,#2802,#2803),.UNSPECIFIED.,.T.,.F.) B_SPLINE_CURVE_WITH_KNOTS((1,2
    ,2,2,2,1),(-2.094395102393,0.,2.094395102393,4.188790204786,
6.28318530718,8.377580409573),.UNSPECIFIED.) CURVE() 
GEOMETRIC_REPRESENTATION_ITEM() RATIONAL_B_SPLINE_CURVE((1.,0.5,1.,0.5,
1.,0.5,1.)) REPRESENTATION_ITEM('') );
#2797 = CARTESIAN_POINT('',(4.94475E+03,155.));
#2798 = CARTESIAN_POINT('',(4.94475E+03,164.09326673973));
#2799 = CARTESIAN_POINT('',(4.952625E+03,159.54663336986));
#2800 = CARTESIAN_POINT('',(4.9605E+03,155.));
#2801 = CARTESIAN_POINT('',(4.952625E+03,150.45336663013));
#2802 = CARTESIAN_POINT('',(4.94475E+03,145.90673326026));
#2803 = CARTESIAN_POINT('',(4.94475E+03,155.));
#2804 = ( GEOMETRIC_REPRESENTATION_CONTEXT(2) 
PARAMETRIC_REPRESENTATION_CONTEXT() REPRESENTATION_CONTEXT('2D SPACE',''
  ) );
#2805 = PCURVE('',#2806,#2811);
#2806 = CYLINDRICAL_SURFACE('',#2807,5.25);
#2807 = AXIS2_PLACEMENT_3D('',#2808,#2809,#2810);
#2808 = CARTESIAN_POINT('',(4.95E+03,155.,10.));
#2809 = DIRECTION('',(0.,0.,-1.));
#2810 = DIRECTION('',(-1.,0.,0.));
#2811 = DEFINITIONAL_REPRESENTATION('',(#2812),#2816);
#2812 = LINE('',#2813,#2814);
#2813 = CARTESIAN_POINT('',(0.,0.));
#2814 = VECTOR('',#2815,1.);
#2815 = DIRECTION('',(1.,0.));
#2816 = ( GEOMETRIC_REPRESENTATION_CONTEXT(2) 
PARAMETRIC_REPRESENTATION_CONTEXT() REPRESENTATION_CONTEXT('2D SPACE',''
  ) );
#2817 = FACE_BOUND('',#2818,.T.);
#2818 = EDGE_LOOP('',(#2819));
#2819 = ORIENTED_EDGE('',*,*,#2820,.T.);
#2820 = EDGE_CURVE('',#2821,#2821,#2823,.T.);
#2821 = VERTEX_POINT('',#2822);
#2822 = CARTESIAN_POINT('',(5.09475E+03,155.,10.));
#2823 = SURFACE_CURVE('',#2824,(#2829,#2840),.PCURVE_S1.);
#2824 = CIRCLE('',#2825,5.25);
#2825 = AXIS2_PLACEMENT_3D('',#2826,#2827,#2828);
#2826 = CARTESIAN_POINT('',(5.1E+03,155.,10.));
#2827 = DIRECTION('',(0.,0.,-1.));
#2828 = DIRECTION('',(-1.,0.,0.));
#2829 = PCURVE('',#126,#2830);
#2830 = DEFINITIONAL_REPRESENTATION('',(#2831),#2839);
#2831 = ( BOUNDED_CURVE() B_SPLINE_CURVE(2,(#2832,#2833,#2834,#2835,
#2836,#2837,#2838),.UNSPECIFIED.,.T.,.F.) B_SPLINE_CURVE_WITH_KNOTS((1,2
    ,2,2,2,1),(-2.094395102393,0.,2.094395102393,4.188790204786,
6.28318530718,8.377580409573),.UNSPECIFIED.) CURVE() 
GEOMETRIC_REPRESENTATION_ITEM() RATIONAL_B_SPLINE_CURVE((1.,0.5,1.,0.5,
1.,0.5,1.)) REPRESENTATION_ITEM('') );
#2832 = CARTESIAN_POINT('',(5.09475E+03,155.));
#2833 = CARTESIAN_POINT('',(5.09475E+03,164.09326673973));
#2834 = CARTESIAN_POINT('',(5.102625E+03,159.54663336986));
#2835 = CARTESIAN_POINT('',(5.1105E+03,155.));
#2836 = CARTESIAN_POINT('',(5.102625E+03,150.45336663013));
#2837 = CARTESIAN_POINT('',(5.09475E+03,145.90673326026));
#2838 = CARTESIAN_POINT('',(5.09475E+03,155.));
#2839 = ( GEOMETRIC_REPRESENTATION_CONTEXT(2) 
PARAMETRIC_REPRESENTATION_CONTEXT() REPRESENTATION_CONTEXT('2D SPACE',''
  ) );
#2840 = PCURVE('',#2841,#2846);
#2841 = CYLINDRICAL_SURFACE('',#2842,5.25);
#2842 = AXIS2_PLACEMENT_3D('',#2843,#2844,#2845);
#2843 = CARTESIAN_POINT('',(5.1E+03,155.,10.));
#2844 = DIRECTION('',(0.,0.,-1.));
#2845 = DIRECTION('',(-1.,0.,0.));
#2846 = DEFINITIONAL_REPRESENTATION('',(#2847),#2851);
#2847 = LINE('',#2848,#2849);
#2848 = CARTESIAN_POINT('',(0.,0.));
#2849 = VECTOR('',#2850,1.);
#2850 = DIRECTION('',(1.,0.));
#2851 = ( GEOMETRIC_REPRESENTATION_CONTEXT(2) 
PARAMETRIC_REPRESENTATION_CONTEXT() REPRESENTATION_CONTEXT('2D SPACE',''
  ) );
#2852 = FACE_BOUND('',#2853,.T.);
#2853 = EDGE_LOOP('',(#2854));
#2854 = ORIENTED_EDGE('',*,*,#2855,.T.);
#2855 = EDGE_CURVE('',#2856,#2856,#2858,.T.);
#2856 = VERTEX_POINT('',#2857);
#2857 = CARTESIAN_POINT('',(5.16475E+03,155.,10.));
#2858 = SURFACE_CURVE('',#2859,(#2864,#2875),.PCURVE_S1.);
#2859 = CIRCLE('',#2860,5.25);
#2860 = AXIS2_PLACEMENT_3D('',#2861,#2862,#2863);
#2861 = CARTESIAN_POINT('',(5.17E+03,155.,10.));
#2862 = DIRECTION('',(0.,0.,-1.));
#2863 = DIRECTION('',(-1.,0.,0.));
#2864 = PCURVE('',#126,#2865);
#2865 = DEFINITIONAL_REPRESENTATION('',(#2866),#2874);
#2866 = ( BOUNDED_CURVE() B_SPLINE_CURVE(2,(#2867,#2868,#2869,#2870,
#2871,#2872,#2873),.UNSPECIFIED.,.T.,.F.) B_SPLINE_CURVE_WITH_KNOTS((1,2
    ,2,2,2,1),(-2.094395102393,0.,2.094395102393,4.188790204786,
6.28318530718,8.377580409573),.UNSPECIFIED.) CURVE() 
GEOMETRIC_REPRESENTATION_ITEM() RATIONAL_B_SPLINE_CURVE((1.,0.5,1.,0.5,
1.,0.5,1.)) REPRESENTATION_ITEM('') );
#2867 = CARTESIAN_POINT('',(5.16475E+03,155.));
#2868 = CARTESIAN_POINT('',(5.16475E+03,164.09326673973));
#2869 = CARTESIAN_POINT('',(5.172625E+03,159.54663336986));
#2870 = CARTESIAN_POINT('',(5.1805E+03,155.));
#2871 = CARTESIAN_POINT('',(5.172625E+03,150.45336663013));
#2872 = CARTESIAN_POINT('',(5.16475E+03,145.90673326026));
#2873 = CARTESIAN_POINT('',(5.16475E+03,155.));
#2874 = ( GEOMETRIC_REPRESENTATION_CONTEXT(2) 
PARAMETRIC_REPRESENTATION_CONTEXT() REPRESENTATION_CONTEXT('2D SPACE',''
  ) );
#2875 = PCURVE('',#2876,#2881);
#2876 = CYLINDRICAL_SURFACE('',#2877,5.25);
#2877 = AXIS2_PLACEMENT_3D('',#2878,#2879,#2880);
#2878 = CARTESIAN_POINT('',(5.17E+03,155.,10.));
#2879 = DIRECTION('',(0.,0.,-1.));
#2880 = DIRECTION('',(-1.,0.,0.));
#2881 = DEFINITIONAL_REPRESENTATION('',(#2882),#2886);
#2882 = LINE('',#2883,#2884);
#2883 = CARTESIAN_POINT('',(0.,0.));
#2884 = VECTOR('',#2885,1.);
#2885 = DIRECTION('',(1.,0.));
#2886 = ( GEOMETRIC_REPRESENTATION_CONTEXT(2) 
PARAMETRIC_REPRESENTATION_CONTEXT() REPRESENTATION_CONTEXT('2D SPACE',''
  ) );
#2887 = FACE_BOUND('',#2888,.T.);
#2888 = EDGE_LOOP('',(#2889));
#2889 = ORIENTED_EDGE('',*,*,#2890,.T.);
#2890 = EDGE_CURVE('',#2891,#2891,#2893,.T.);
#2891 = VERTEX_POINT('',#2892);
#2892 = CARTESIAN_POINT('',(5.23475E+03,155.,10.));
#2893 = SURFACE_CURVE('',#2894,(#2899,#2910),.PCURVE_S1.);
#2894 = CIRCLE('',#2895,5.25);
#2895 = AXIS2_PLACEMENT_3D('',#2896,#2897,#2898);
#2896 = CARTESIAN_POINT('',(5.24E+03,155.,10.));
#2897 = DIRECTION('',(0.,0.,-1.));
#2898 = DIRECTION('',(-1.,0.,0.));
#2899 = PCURVE('',#126,#2900);
#2900 = DEFINITIONAL_REPRESENTATION('',(#2901),#2909);
#2901 = ( BOUNDED_CURVE() B_SPLINE_CURVE(2,(#2902,#2903,#2904,#2905,
#2906,#2907,#2908),.UNSPECIFIED.,.T.,.F.) B_SPLINE_CURVE_WITH_KNOTS((1,2
    ,2,2,2,1),(-2.094395102393,0.,2.094395102393,4.188790204786,
6.28318530718,8.377580409573),.UNSPECIFIED.) CURVE() 
GEOMETRIC_REPRESENTATION_ITEM() RATIONAL_B_SPLINE_CURVE((1.,0.5,1.,0.5,
1.,0.5,1.)) REPRESENTATION_ITEM('') );
#2902 = CARTESIAN_POINT('',(5.23475E+03,155.));
#2903 = CARTESIAN_POINT('',(5.23475E+03,164.09326673973));
#2904 = CARTESIAN_POINT('',(5.242625E+03,159.54663336986));
#2905 = CARTESIAN_POINT('',(5.2505E+03,155.));
#2906 = CARTESIAN_POINT('',(5.242625E+03,150.45336663013));
#2907 = CARTESIAN_POINT('',(5.23475E+03,145.90673326026));
#2908 = CARTESIAN_POINT('',(5.23475E+03,155.));
#2909 = ( GEOMETRIC_REPRESENTATION_CONTEXT(2) 
PARAMETRIC_REPRESENTATION_CONTEXT() REPRESENTATION_CONTEXT('2D SPACE',''
  ) );
#2910 = PCURVE('',#2911,#2916);
#2911 = CYLINDRICAL_SURFACE('',#2912,5.25);
#2912 = AXIS2_PLACEMENT_3D('',#2913,#2914,#2915);
#2913 = CARTESIAN_POINT('',(5.24E+03,155.,10.));
#2914 = DIRECTION('',(0.,0.,-1.));
#2915 = DIRECTION('',(-1.,0.,0.));
#2916 = DEFINITIONAL_REPRESENTATION('',(#2917),#2921);
#2917 = LINE('',#2918,#2919);
#2918 = CARTESIAN_POINT('',(0.,0.));
#2919 = VECTOR('',#2920,1.);
#2920 = DIRECTION('',(1.,0.));
#2921 = ( GEOMETRIC_REPRESENTATION_CONTEXT(2) 
PARAMETRIC_REPRESENTATION_CONTEXT() REPRESENTATION_CONTEXT('2D SPACE',''
  ) );
#2922 = FACE_BOUND('',#2923,.T.);
#2923 = EDGE_LOOP('',(#2924));
#2924 = ORIENTED_EDGE('',*,*,#2925,.T.);
#2925 = EDGE_CURVE('',#2926,#2926,#2928,.T.);
#2926 = VERTEX_POINT('',#2927);
#2927 = CARTESIAN_POINT('',(5.30475E+03,155.,10.));
#2928 = SURFACE_CURVE('',#2929,(#2934,#2945),.PCURVE_S1.);
#2929 = CIRCLE('',#2930,5.25);
#2930 = AXIS2_PLACEMENT_3D('',#2931,#2932,#2933);
#2931 = CARTESIAN_POINT('',(5.31E+03,155.,10.));
#2932 = DIRECTION('',(0.,0.,-1.));
#2933 = DIRECTION('',(-1.,0.,0.));
#2934 = PCURVE('',#126,#2935);
#2935 = DEFINITIONAL_REPRESENTATION('',(#2936),#2944);
#2936 = ( BOUNDED_CURVE() B_SPLINE_CURVE(2,(#2937,#2938,#2939,#2940,
#2941,#2942,#2943),.UNSPECIFIED.,.T.,.F.) B_SPLINE_CURVE_WITH_KNOTS((1,2
    ,2,2,2,1),(-2.094395102393,0.,2.094395102393,4.188790204786,
6.28318530718,8.377580409573),.UNSPECIFIED.) CURVE() 
GEOMETRIC_REPRESENTATION_ITEM() RATIONAL_B_SPLINE_CURVE((1.,0.5,1.,0.5,
1.,0.5,1.)) REPRESENTATION_ITEM('') );
#2937 = CARTESIAN_POINT('',(5.30475E+03,155.));
#2938 = CARTESIAN_POINT('',(5.30475E+03,164.09326673973));
#2939 = CARTESIAN_POINT('',(5.312625E+03,159.54663336986));
#2940 = CARTESIAN_POINT('',(5.3205E+03,155.));
#2941 = CARTESIAN_POINT('',(5.312625E+03,150.45336663013));
#2942 = CARTESIAN_POINT('',(5.30475E+03,145.90673326026));
#2943 = CARTESIAN_POINT('',(5.30475E+03,155.));
#2944 = ( GEOMETRIC_REPRESENTATION_CONTEXT(2) 
PARAMETRIC_REPRESENTATION_CONTEXT() REPRESENTATION_CONTEXT('2D SPACE',''
  ) );
#2945 = PCURVE('',#2946,#2951);
#2946 = CYLINDRICAL_SURFACE('',#2947,5.25);
#2947 = AXIS2_PLACEMENT_3D('',#2948,#2949,#2950);
#2948 = CARTESIAN_POINT('',(5.31E+03,155.,10.));
#2949 = DIRECTION('',(0.,0.,-1.));
#2950 = DIRECTION('',(-1.,0.,0.));
#2951 = DEFINITIONAL_REPRESENTATION('',(#2952),#2956);
#2952 = LINE('',#2953,#2954);
#2953 = CARTESIAN_POINT('',(0.,0.));
#2954 = VECTOR('',#2955,1.);
#2955 = DIRECTION('',(1.,0.));
#2956 = ( GEOMETRIC_REPRESENTATION_CONTEXT(2) 
PARAMETRIC_REPRESENTATION_CONTEXT() REPRESENTATION_CONTEXT('2D SPACE',''
  ) );
#2957 = FACE_BOUND('',#2958,.T.);
#2958 = EDGE_LOOP('',(#2959));
#2959 = ORIENTED_EDGE('',*,*,#2960,.T.);
#2960 = EDGE_CURVE('',#2961,#2961,#2963,.T.);
#2961 = VERTEX_POINT('',#2962);
#2962 = CARTESIAN_POINT('',(5.37475E+03,155.,10.));
#2963 = SURFACE_CURVE('',#2964,(#2969,#2980),.PCURVE_S1.);
#2964 = CIRCLE('',#2965,5.25);
#2965 = AXIS2_PLACEMENT_3D('',#2966,#2967,#2968);
#2966 = CARTESIAN_POINT('',(5.38E+03,155.,10.));
#2967 = DIRECTION('',(0.,0.,-1.));
#2968 = DIRECTION('',(-1.,0.,0.));
#2969 = PCURVE('',#126,#2970);
#2970 = DEFINITIONAL_REPRESENTATION('',(#2971),#2979);
#2971 = ( BOUNDED_CURVE() B_SPLINE_CURVE(2,(#2972,#2973,#2974,#2975,
#2976,#2977,#2978),.UNSPECIFIED.,.T.,.F.) B_SPLINE_CURVE_WITH_KNOTS((1,2
    ,2,2,2,1),(-2.094395102393,0.,2.094395102393,4.188790204786,
6.28318530718,8.377580409573),.UNSPECIFIED.) CURVE() 
GEOMETRIC_REPRESENTATION_ITEM() RATIONAL_B_SPLINE_CURVE((1.,0.5,1.,0.5,
1.,0.5,1.)) REPRESENTATION_ITEM('') );
#2972 = CARTESIAN_POINT('',(5.37475E+03,155.));
#2973 = CARTESIAN_POINT('',(5.37475E+03,164.09326673973));
#2974 = CARTESIAN_POINT('',(5.382625E+03,159.54663336986));
#2975 = CARTESIAN_POINT('',(5.3905E+03,155.));
#2976 = CARTESIAN_POINT('',(5.382625E+03,150.45336663013));
#2977 = CARTESIAN_POINT('',(5.37475E+03,145.90673326026));
#2978 = CARTESIAN_POINT('',(5.37475E+03,155.));
#2979 = ( GEOMETRIC_REPRESENTATION_CONTEXT(2) 
PARAMETRIC_REPRESENTATION_CONTEXT() REPRESENTATION_CONTEXT('2D SPACE',''
  ) );
#2980 = PCURVE('',#2981,#2986);
#2981 = CYLINDRICAL_SURFACE('',#2982,5.25);
#2982 = AXIS2_PLACEMENT_3D('',#2983,#2984,#2985);
#2983 = CARTESIAN_POINT('',(5.38E+03,155.,10.));
#2984 = DIRECTION('',(0.,0.,-1.));
#2985 = DIRECTION('',(-1.,0.,0.));
#2986 = DEFINITIONAL_REPRESENTATION('',(#2987),#2991);
#2987 = LINE('',#2988,#2989);
#2988 = CARTESIAN_POINT('',(0.,0.));
#2989 = VECTOR('',#2990,1.);
#2990 = DIRECTION('',(1.,0.));
#2991 = ( GEOMETRIC_REPRESENTATION_CONTEXT(2) 
PARAMETRIC_REPRESENTATION_CONTEXT() REPRESENTATION_CONTEXT('2D SPACE',''
  ) );
#2992 = FACE_BOUND('',#2993,.T.);
#2993 = EDGE_LOOP('',(#2994));
#2994 = ORIENTED_EDGE('',*,*,#2995,.T.);
#2995 = EDGE_CURVE('',#2996,#2996,#2998,.T.);
#2996 = VERTEX_POINT('',#2997);
#2997 = CARTESIAN_POINT('',(5.44475E+03,155.,10.));
#2998 = SURFACE_CURVE('',#2999,(#3004,#3015),.PCURVE_S1.);
#2999 = CIRCLE('',#3000,5.25);
#3000 = AXIS2_PLACEMENT_3D('',#3001,#3002,#3003);
#3001 = CARTESIAN_POINT('',(5.45E+03,155.,10.));
#3002 = DIRECTION('',(0.,0.,-1.));
#3003 = DIRECTION('',(-1.,0.,0.));
#3004 = PCURVE('',#126,#3005);
#3005 = DEFINITIONAL_REPRESENTATION('',(#3006),#3014);
#3006 = ( BOUNDED_CURVE() B_SPLINE_CURVE(2,(#3007,#3008,#3009,#3010,
#3011,#3012,#3013),.UNSPECIFIED.,.T.,.F.) B_SPLINE_CURVE_WITH_KNOTS((1,2
    ,2,2,2,1),(-2.094395102393,0.,2.094395102393,4.188790204786,
6.28318530718,8.377580409573),.UNSPECIFIED.) CURVE() 
GEOMETRIC_REPRESENTATION_ITEM() RATIONAL_B_SPLINE_CURVE((1.,0.5,1.,0.5,
1.,0.5,1.)) REPRESENTATION_ITEM('') );
#3007 = CARTESIAN_POINT('',(5.44475E+03,155.));
#3008 = CARTESIAN_POINT('',(5.44475E+03,164.09326673973));
#3009 = CARTESIAN_POINT('',(5.452625E+03,159.54663336986));
#3010 = CARTESIAN_POINT('',(5.4605E+03,155.));
#3011 = CARTESIAN_POINT('',(5.452625E+03,150.45336663013));
#3012 = CARTESIAN_POINT('',(5.44475E+03,145.90673326026));
#3013 = CARTESIAN_POINT('',(5.44475E+03,155.));
#3014 = ( GEOMETRIC_REPRESENTATION_CONTEXT(2) 
PARAMETRIC_REPRESENTATION_CONTEXT() REPRESENTATION_CONTEXT('2D SPACE',''
  ) );
#3015 = PCURVE('',#3016,#3021);
#3016 = CYLINDRICAL_SURFACE('',#3017,5.25);
#3017 = AXIS2_PLACEMENT_3D('',#3018,#3019,#3020);
#3018 = CARTESIAN_POINT('',(5.45E+03,155.,10.));
#3019 = DIRECTION('',(0.,0.,-1.));
#3020 = DIRECTION('',(-1.,0.,0.));
#3021 = DEFINITIONAL_REPRESENTATION('',(#3022),#3026);
#3022 = LINE('',#3023,#3024);
#3023 = CARTESIAN_POINT('',(0.,0.));
#3024 = VECTOR('',#3025,1.);
#3025 = DIRECTION('',(1.,0.));
#3026 = ( GEOMETRIC_REPRESENTATION_CONTEXT(2) 
PARAMETRIC_REPRESENTATION_CONTEXT() REPRESENTATION_CONTEXT('2D SPACE',''
  ) );
#3027 = FACE_BOUND('',#3028,.T.);
#3028 = EDGE_LOOP('',(#3029));
#3029 = ORIENTED_EDGE('',*,*,#3030,.T.);
#3030 = EDGE_CURVE('',#3031,#3031,#3033,.T.);
#3031 = VERTEX_POINT('',#3032);
#3032 = CARTESIAN_POINT('',(5.51475E+03,155.,10.));
#3033 = SURFACE_CURVE('',#3034,(#3039,#3050),.PCURVE_S1.);
#3034 = CIRCLE('',#3035,5.25);
#3035 = AXIS2_PLACEMENT_3D('',#3036,#3037,#3038);
#3036 = CARTESIAN_POINT('',(5.52E+03,155.,10.));
#3037 = DIRECTION('',(0.,0.,-1.));
#3038 = DIRECTION('',(-1.,0.,0.));
#3039 = PCURVE('',#126,#3040);
#3040 = DEFINITIONAL_REPRESENTATION('',(#3041),#3049);
#3041 = ( BOUNDED_CURVE() B_SPLINE_CURVE(2,(#3042,#3043,#3044,#3045,
#3046,#3047,#3048),.UNSPECIFIED.,.T.,.F.) B_SPLINE_CURVE_WITH_KNOTS((1,2
    ,2,2,2,1),(-2.094395102393,0.,2.094395102393,4.188790204786,
6.28318530718,8.377580409573),.UNSPECIFIED.) CURVE() 
GEOMETRIC_REPRESENTATION_ITEM() RATIONAL_B_SPLINE_CURVE((1.,0.5,1.,0.5,
1.,0.5,1.)) REPRESENTATION_ITEM('') );
#3042 = CARTESIAN_POINT('',(5.51475E+03,155.));
#3043 = CARTESIAN_POINT('',(5.51475E+03,164.09326673973));
#3044 = CARTESIAN_POINT('',(5.522625E+03,159.54663336986));
#3045 = CARTESIAN_POINT('',(5.5305E+03,155.));
#3046 = CARTESIAN_POINT('',(5.522625E+03,150.45336663013));
#3047 = CARTESIAN_POINT('',(5.51475E+03,145.90673326026));
#3048 = CARTESIAN_POINT('',(5.51475E+03,155.));
#3049 = ( GEOMETRIC_REPRESENTATION_CONTEXT(2) 
PARAMETRIC_REPRESENTATION_CONTEXT() REPRESENTATION_CONTEXT('2D SPACE',''
  ) );
#3050 = PCURVE('',#3051,#3056);
#3051 = CYLINDRICAL_SURFACE('',#3052,5.25);
#3052 = AXIS2_PLACEMENT_3D('',#3053,#3054,#3055);
#3053 = CARTESIAN_POINT('',(5.52E+03,155.,10.));
#3054 = DIRECTION('',(0.,0.,-1.));
#3055 = DIRECTION('',(-1.,0.,0.));
#3056 = DEFINITIONAL_REPRESENTATION('',(#3057),#3061);
#3057 = LINE('',#3058,#3059);
#3058 = CARTESIAN_POINT('',(0.,0.));
#3059 = VECTOR('',#3060,1.);
#3060 = DIRECTION('',(1.,0.));
#3061 = ( GEOMETRIC_REPRESENTATION_CONTEXT(2) 
PARAMETRIC_REPRESENTATION_CONTEXT() REPRESENTATION_CONTEXT('2D SPACE',''
  ) );
#3062 = FACE_BOUND('',#3063,.T.);
#3063 = EDGE_LOOP('',(#3064));
#3064 = ORIENTED_EDGE('',*,*,#3065,.T.);
#3065 = EDGE_CURVE('',#3066,#3066,#3068,.T.);
#3066 = VERTEX_POINT('',#3067);
#3067 = CARTESIAN_POINT('',(5.58475E+03,155.,10.));
#3068 = SURFACE_CURVE('',#3069,(#3074,#3085),.PCURVE_S1.);
#3069 = CIRCLE('',#3070,5.25);
#3070 = AXIS2_PLACEMENT_3D('',#3071,#3072,#3073);
#3071 = CARTESIAN_POINT('',(5.59E+03,155.,10.));
#3072 = DIRECTION('',(0.,0.,-1.));
#3073 = DIRECTION('',(-1.,0.,0.));
#3074 = PCURVE('',#126,#3075);
#3075 = DEFINITIONAL_REPRESENTATION('',(#3076),#3084);
#3076 = ( BOUNDED_CURVE() B_SPLINE_CURVE(2,(#3077,#3078,#3079,#3080,
#3081,#3082,#3083),.UNSPECIFIED.,.T.,.F.) B_SPLINE_CURVE_WITH_KNOTS((1,2
    ,2,2,2,1),(-2.094395102393,0.,2.094395102393,4.188790204786,
6.28318530718,8.377580409573),.UNSPECIFIED.) CURVE() 
GEOMETRIC_REPRESENTATION_ITEM() RATIONAL_B_SPLINE_CURVE((1.,0.5,1.,0.5,
1.,0.5,1.)) REPRESENTATION_ITEM('') );
#3077 = CARTESIAN_POINT('',(5.58475E+03,155.));
#3078 = CARTESIAN_POINT('',(5.58475E+03,164.09326673973));
#3079 = CARTESIAN_POINT('',(5.592625E+03,159.54663336986));
#3080 = CARTESIAN_POINT('',(5.6005E+03,155.));
#3081 = CARTESIAN_POINT('',(5.592625E+03,150.45336663013));
#3082 = CARTESIAN_POINT('',(5.58475E+03,145.90673326026));
#3083 = CARTESIAN_POINT('',(5.58475E+03,155.));
#3084 = ( GEOMETRIC_REPRESENTATION_CONTEXT(2) 
PARAMETRIC_REPRESENTATION_CONTEXT() REPRESENTATION_CONTEXT('2D SPACE',''
  ) );
#3085 = PCURVE('',#3086,#3091);
#3086 = CYLINDRICAL_SURFACE('',#3087,5.25);
#3087 = AXIS2_PLACEMENT_3D('',#3088,#3089,#3090);
#3088 = CARTESIAN_POINT('',(5.59E+03,155.,10.));
#3089 = DIRECTION('',(0.,0.,-1.));
#3090 = DIRECTION('',(-1.,0.,0.));
#3091 = DEFINITIONAL_REPRESENTATION('',(#3092),#3096);
#3092 = LINE('',#3093,#3094);
#3093 = CARTESIAN_POINT('',(0.,0.));
#3094 = VECTOR('',#3095,1.);
#3095 = DIRECTION('',(1.,0.));
#3096 = ( GEOMETRIC_REPRESENTATION_CONTEXT(2) 
PARAMETRIC_REPRESENTATION_CONTEXT() REPRESENTATION_CONTEXT('2D SPACE',''
  ) );
#3097 = FACE_BOUND('',#3098,.T.);
#3098 = EDGE_LOOP('',(#3099));
#3099 = ORIENTED_EDGE('',*,*,#3100,.T.);
#3100 = EDGE_CURVE('',#3101,#3101,#3103,.T.);
#3101 = VERTEX_POINT('',#3102);
#3102 = CARTESIAN_POINT('',(5.65475E+03,155.,10.));
#3103 = SURFACE_CURVE('',#3104,(#3109,#3120),.PCURVE_S1.);
#3104 = CIRCLE('',#3105,5.25);
#3105 = AXIS2_PLACEMENT_3D('',#3106,#3107,#3108);
#3106 = CARTESIAN_POINT('',(5.66E+03,155.,10.));
#3107 = DIRECTION('',(0.,0.,-1.));
#3108 = DIRECTION('',(-1.,0.,0.));
#3109 = PCURVE('',#126,#3110);
#3110 = DEFINITIONAL_REPRESENTATION('',(#3111),#3119);
#3111 = ( BOUNDED_CURVE() B_SPLINE_CURVE(2,(#3112,#3113,#3114,#3115,
#3116,#3117,#3118),.UNSPECIFIED.,.T.,.F.) B_SPLINE_CURVE_WITH_KNOTS((1,2
    ,2,2,2,1),(-2.094395102393,0.,2.094395102393,4.188790204786,
6.28318530718,8.377580409573),.UNSPECIFIED.) CURVE() 
GEOMETRIC_REPRESENTATION_ITEM() RATIONAL_B_SPLINE_CURVE((1.,0.5,1.,0.5,
1.,0.5,1.)) REPRESENTATION_ITEM('') );
#3112 = CARTESIAN_POINT('',(5.65475E+03,155.));
#3113 = CARTESIAN_POINT('',(5.65475E+03,164.09326673973));
#3114 = CARTESIAN_POINT('',(5.662625E+03,159.54663336986));
#3115 = CARTESIAN_POINT('',(5.6705E+03,155.));
#3116 = CARTESIAN_POINT('',(5.662625E+03,150.45336663013));
#3117 = CARTESIAN_POINT('',(5.65475E+03,145.90673326026));
#3118 = CARTESIAN_POINT('',(5.65475E+03,155.));
#3119 = ( GEOMETRIC_REPRESENTATION_CONTEXT(2) 
PARAMETRIC_REPRESENTATION_CONTEXT() REPRESENTATION_CONTEXT('2D SPACE',''
  ) );
#3120 = PCURVE('',#3121,#3126);
#3121 = CYLINDRICAL_SURFACE('',#3122,5.25);
#3122 = AXIS2_PLACEMENT_3D('',#3123,#3124,#3125);
#3123 = CARTESIAN_POINT('',(5.66E+03,155.,10.));
#3124 = DIRECTION('',(0.,0.,-1.));
#3125 = DIRECTION('',(-1.,0.,0.));
#3126 = DEFINITIONAL_REPRESENTATION('',(#3127),#3131);
#3127 = LINE('',#3128,#3129);
#3128 = CARTESIAN_POINT('',(0.,0.));
#3129 = VECTOR('',#3130,1.);
#3130 = DIRECTION('',(1.,0.));
#3131 = ( GEOMETRIC_REPRESENTATION_CONTEXT(2) 
PARAMETRIC_REPRESENTATION_CONTEXT() REPRESENTATION_CONTEXT('2D SPACE',''
  ) );
#3132 = FACE_BOUND('',#3133,.T.);
#3133 = EDGE_LOOP('',(#3134));
#3134 = ORIENTED_EDGE('',*,*,#3135,.T.);
#3135 = EDGE_CURVE('',#3136,#3136,#3138,.T.);
#3136 = VERTEX_POINT('',#3137);
#3137 = CARTESIAN_POINT('',(5.72475E+03,155.,10.));
#3138 = SURFACE_CURVE('',#3139,(#3144,#3155),.PCURVE_S1.);
#3139 = CIRCLE('',#3140,5.25);
#3140 = AXIS2_PLACEMENT_3D('',#3141,#3142,#3143);
#3141 = CARTESIAN_POINT('',(5.73E+03,155.,10.));
#3142 = DIRECTION('',(0.,0.,-1.));
#3143 = DIRECTION('',(-1.,0.,0.));
#3144 = PCURVE('',#126,#3145);
#3145 = DEFINITIONAL_REPRESENTATION('',(#3146),#3154);
#3146 = ( BOUNDED_CURVE() B_SPLINE_CURVE(2,(#3147,#3148,#3149,#3150,
#3151,#3152,#3153),.UNSPECIFIED.,.T.,.F.) B_SPLINE_CURVE_WITH_KNOTS((1,2
    ,2,2,2,1),(-2.094395102393,0.,2.094395102393,4.188790204786,
6.28318530718,8.377580409573),.UNSPECIFIED.) CURVE() 
GEOMETRIC_REPRESENTATION_ITEM() RATIONAL_B_SPLINE_CURVE((1.,0.5,1.,0.5,
1.,0.5,1.)) REPRESENTATION_ITEM('') );
#3147 = CARTESIAN_POINT('',(5.72475E+03,155.));
#3148 = CARTESIAN_POINT('',(5.72475E+03,164.09326673973));
#3149 = CARTESIAN_POINT('',(5.732625E+03,159.54663336986));
#3150 = CARTESIAN_POINT('',(5.7405E+03,155.));
#3151 = CARTESIAN_POINT('',(5.732625E+03,150.45336663013));
#3152 = CARTESIAN_POINT('',(5.72475E+03,145.90673326026));
#3153 = CARTESIAN_POINT('',(5.72475E+03,155.));
#3154 = ( GEOMETRIC_REPRESENTATION_CONTEXT(2) 
PARAMETRIC_REPRESENTATION_CONTEXT() REPRESENTATION_CONTEXT('2D SPACE',''
  ) );
#3155 = PCURVE('',#3156,#3161);
#3156 = CYLINDRICAL_SURFACE('',#3157,5.25);
#3157 = AXIS2_PLACEMENT_3D('',#3158,#3159,#3160);
#3158 = CARTESIAN_POINT('',(5.73E+03,155.,10.));
#3159 = DIRECTION('',(0.,0.,-1.));
#3160 = DIRECTION('',(-1.,0.,0.));
#3161 = DEFINITIONAL_REPRESENTATION('',(#3162),#3166);
#3162 = LINE('',#3163,#3164);
#3163 = CARTESIAN_POINT('',(0.,0.));
#3164 = VECTOR('',#3165,1.);
#3165 = DIRECTION('',(1.,0.));
#3166 = ( GEOMETRIC_REPRESENTATION_CONTEXT(2) 
PARAMETRIC_REPRESENTATION_CONTEXT() REPRESENTATION_CONTEXT('2D SPACE',''
  ) );
#3167 = FACE_BOUND('',#3168,.T.);
#3168 = EDGE_LOOP('',(#3169));
#3169 = ORIENTED_EDGE('',*,*,#3170,.T.);
#3170 = EDGE_CURVE('',#3171,#3171,#3173,.T.);
#3171 = VERTEX_POINT('',#3172);
#3172 = CARTESIAN_POINT('',(5.79475E+03,155.,10.));
#3173 = SURFACE_CURVE('',#3174,(#3179,#3190),.PCURVE_S1.);
#3174 = CIRCLE('',#3175,5.25);
#3175 = AXIS2_PLACEMENT_3D('',#3176,#3177,#3178);
#3176 = CARTESIAN_POINT('',(5.8E+03,155.,10.));
#3177 = DIRECTION('',(0.,0.,-1.));
#3178 = DIRECTION('',(-1.,0.,0.));
#3179 = PCURVE('',#126,#3180);
#3180 = DEFINITIONAL_REPRESENTATION('',(#3181),#3189);
#3181 = ( BOUNDED_CURVE() B_SPLINE_CURVE(2,(#3182,#3183,#3184,#3185,
#3186,#3187,#3188),.UNSPECIFIED.,.T.,.F.) B_SPLINE_CURVE_WITH_KNOTS((1,2
    ,2,2,2,1),(-2.094395102393,0.,2.094395102393,4.188790204786,
6.28318530718,8.377580409573),.UNSPECIFIED.) CURVE() 
GEOMETRIC_REPRESENTATION_ITEM() RATIONAL_B_SPLINE_CURVE((1.,0.5,1.,0.5,
1.,0.5,1.)) REPRESENTATION_ITEM('') );
#3182 = CARTESIAN_POINT('',(5.79475E+03,155.));
#3183 = CARTESIAN_POINT('',(5.79475E+03,164.09326673973));
#3184 = CARTESIAN_POINT('',(5.802625E+03,159.54663336986));
#3185 = CARTESIAN_POINT('',(5.8105E+03,155.));
#3186 = CARTESIAN_POINT('',(5.802625E+03,150.45336663013));
#3187 = CARTESIAN_POINT('',(5.79475E+03,145.90673326026));
#3188 = CARTESIAN_POINT('',(5.79475E+03,155.));
#3189 = ( GEOMETRIC_REPRESENTATION_CONTEXT(2) 
PARAMETRIC_REPRESENTATION_CONTEXT() REPRESENTATION_CONTEXT('2D SPACE',''
  ) );
#3190 = PCURVE('',#3191,#3196);
#3191 = CYLINDRICAL_SURFACE('',#3192,5.25);
#3192 = AXIS2_PLACEMENT_3D('',#3193,#3194,#3195);
#3193 = CARTESIAN_POINT('',(5.8E+03,155.,10.));
#3194 = DIRECTION('',(0.,0.,-1.));
#3195 = DIRECTION('',(-1.,0.,0.));
#3196 = DEFINITIONAL_REPRESENTATION('',(#3197),#3201);
#3197 = LINE('',#3198,#3199);
#3198 = CARTESIAN_POINT('',(0.,0.));
#3199 = VECTOR('',#3200,1.);
#3200 = DIRECTION('',(1.,0.));
#3201 = ( GEOMETRIC_REPRESENTATION_CONTEXT(2) 
PARAMETRIC_REPRESENTATION_CONTEXT() REPRESENTATION_CONTEXT('2D SPACE',''
  ) );
#3202 = FACE_BOUND('',#3203,.T.);
#3203 = EDGE_LOOP('',(#3204));
#3204 = ORIENTED_EDGE('',*,*,#3205,.T.);
#3205 = EDGE_CURVE('',#3206,#3206,#3208,.T.);
#3206 = VERTEX_POINT('',#3207);
#3207 = CARTESIAN_POINT('',(5.86475E+03,155.,10.));
#3208 = SURFACE_CURVE('',#3209,(#3214,#3225),.PCURVE_S1.);
#3209 = CIRCLE('',#3210,5.25);
#3210 = AXIS2_PLACEMENT_3D('',#3211,#3212,#3213);
#3211 = CARTESIAN_POINT('',(5.87E+03,155.,10.));
#3212 = DIRECTION('',(0.,0.,-1.));
#3213 = DIRECTION('',(-1.,0.,0.));
#3214 = PCURVE('',#126,#3215);
#3215 = DEFINITIONAL_REPRESENTATION('',(#3216),#3224);
#3216 = ( BOUNDED_CURVE() B_SPLINE_CURVE(2,(#3217,#3218,#3219,#3220,
#3221,#3222,#3223),.UNSPECIFIED.,.T.,.F.) B_SPLINE_CURVE_WITH_KNOTS((1,2
    ,2,2,2,1),(-2.094395102393,0.,2.094395102393,4.188790204786,
6.28318530718,8.377580409573),.UNSPECIFIED.) CURVE() 
GEOMETRIC_REPRESENTATION_ITEM() RATIONAL_B_SPLINE_CURVE((1.,0.5,1.,0.5,
1.,0.5,1.)) REPRESENTATION_ITEM('') );
#3217 = CARTESIAN_POINT('',(5.86475E+03,155.));
#3218 = CARTESIAN_POINT('',(5.86475E+03,164.09326673973));
#3219 = CARTESIAN_POINT('',(5.872625E+03,159.54663336986));
#3220 = CARTESIAN_POINT('',(5.8805E+03,155.));
#3221 = CARTESIAN_POINT('',(5.872625E+03,150.45336663013));
#3222 = CARTESIAN_POINT('',(5.86475E+03,145.90673326026));
#3223 = CARTESIAN_POINT('',(5.86475E+03,155.));
#3224 = ( GEOMETRIC_REPRESENTATION_CONTEXT(2) 
PARAMETRIC_REPRESENTATION_CONTEXT() REPRESENTATION_CONTEXT('2D SPACE',''
  ) );
#3225 = PCURVE('',#3226,#3231);
#3226 = CYLINDRICAL_SURFACE('',#3227,5.25);
#3227 = AXIS2_PLACEMENT_3D('',#3228,#3229,#3230);
#3228 = CARTESIAN_POINT('',(5.87E+03,155.,10.));
#3229 = DIRECTION('',(0.,0.,-1.));
#3230 = DIRECTION('',(-1.,0.,0.));
#3231 = DEFINITIONAL_REPRESENTATION('',(#3232),#3236);
#3232 = LINE('',#3233,#3234);
#3233 = CARTESIAN_POINT('',(0.,0.));
#3234 = VECTOR('',#3235,1.);
#3235 = DIRECTION('',(1.,0.));
#3236 = ( GEOMETRIC_REPRESENTATION_CONTEXT(2) 
PARAMETRIC_REPRESENTATION_CONTEXT() REPRESENTATION_CONTEXT('2D SPACE',''
  ) );
#3237 = ADVANCED_FACE('',(#3238),#100,.T.);
#3238 = FACE_BOUND('',#3239,.T.);
#3239 = EDGE_LOOP('',(#3240,#3263,#3264,#3265));
#3240 = ORIENTED_EDGE('',*,*,#3241,.F.);
#3241 = EDGE_CURVE('',#57,#3242,#3244,.T.);
#3242 = VERTEX_POINT('',#3243);
#3243 = CARTESIAN_POINT('',(5.97E+03,200.,0.));
#3244 = SURFACE_CURVE('',#3245,(#3249,#3256),.PCURVE_S1.);
#3245 = LINE('',#3246,#3247);
#3246 = CARTESIAN_POINT('',(0.,200.,0.));
#3247 = VECTOR('',#3248,1.);
#3248 = DIRECTION('',(1.,0.,0.));
#3249 = PCURVE('',#100,#3250);
#3250 = DEFINITIONAL_REPRESENTATION('',(#3251),#3255);
#3251 = LINE('',#3252,#3253);
#3252 = CARTESIAN_POINT('',(0.,0.));
#3253 = VECTOR('',#3254,1.);
#3254 = DIRECTION('',(0.,1.));
#3255 = ( GEOMETRIC_REPRESENTATION_CONTEXT(2) 
PARAMETRIC_REPRESENTATION_CONTEXT() REPRESENTATION_CONTEXT('2D SPACE',''
  ) );
#3256 = PCURVE('',#72,#3257);
#3257 = DEFINITIONAL_REPRESENTATION('',(#3258),#3262);
#3258 = LINE('',#3259,#3260);
#3259 = CARTESIAN_POINT('',(0.,200.));
#3260 = VECTOR('',#3261,1.);
#3261 = DIRECTION('',(1.,0.));
#3262 = ( GEOMETRIC_REPRESENTATION_CONTEXT(2) 
PARAMETRIC_REPRESENTATION_CONTEXT() REPRESENTATION_CONTEXT('2D SPACE',''
  ) );
#3263 = ORIENTED_EDGE('',*,*,#84,.T.);
#3264 = ORIENTED_EDGE('',*,*,#242,.T.);
#3265 = ORIENTED_EDGE('',*,*,#3266,.F.);
#3266 = EDGE_CURVE('',#3242,#220,#3267,.T.);
#3267 = SURFACE_CURVE('',#3268,(#3272,#3279),.PCURVE_S1.);
#3268 = LINE('',#3269,#3270);
#3269 = CARTESIAN_POINT('',(5.97E+03,200.,0.));
#3270 = VECTOR('',#3271,1.);
#3271 = DIRECTION('',(0.,0.,1.));
#3272 = PCURVE('',#100,#3273);
#3273 = DEFINITIONAL_REPRESENTATION('',(#3274),#3278);
#3274 = LINE('',#3275,#3276);
#3275 = CARTESIAN_POINT('',(0.,5.97E+03));
#3276 = VECTOR('',#3277,1.);
#3277 = DIRECTION('',(1.,0.));
#3278 = ( GEOMETRIC_REPRESENTATION_CONTEXT(2) 
PARAMETRIC_REPRESENTATION_CONTEXT() REPRESENTATION_CONTEXT('2D SPACE',''
  ) );
#3279 = PCURVE('',#202,#3280);
#3280 = DEFINITIONAL_REPRESENTATION('',(#3281),#3285);
#3281 = LINE('',#3282,#3283);
#3282 = CARTESIAN_POINT('',(0.,-200.));
#3283 = VECTOR('',#3284,1.);
#3284 = DIRECTION('',(1.,0.));
#3285 = ( GEOMETRIC_REPRESENTATION_CONTEXT(2) 
PARAMETRIC_REPRESENTATION_CONTEXT() REPRESENTATION_CONTEXT('2D SPACE',''
  ) );
#3286 = ADVANCED_FACE('',(#3287,#3313,#3343,#3373,#3403,#3433,#3463,
    #3493,#3523,#3553,#3583,#3613,#3643,#3673,#3703,#3733,#3763,#3793,
    #3823,#3853,#3883,#3913,#3943,#3973,#4003,#4033,#4063,#4093,#4123,
    #4153,#4183,#4213,#4243,#4273,#4303,#4333,#4363,#4393,#4423,#4453,
    #4483,#4513,#4543,#4573,#4603,#4633,#4663,#4693,#4723,#4753,#4783,
    #4813,#4843,#4873,#4903,#4933,#4963,#4993,#5023,#5053,#5083,#5113,
    #5143,#5173,#5203,#5233,#5263,#5293,#5323,#5353,#5383,#5413,#5443,
    #5473,#5503,#5533,#5563,#5593,#5623,#5653,#5683,#5713,#5743,#5773,
    #5803,#5833),#72,.F.);
#3287 = FACE_BOUND('',#3288,.F.);
#3288 = EDGE_LOOP('',(#3289,#3290,#3291,#3312));
#3289 = ORIENTED_EDGE('',*,*,#56,.F.);
#3290 = ORIENTED_EDGE('',*,*,#141,.T.);
#3291 = ORIENTED_EDGE('',*,*,#3292,.T.);
#3292 = EDGE_CURVE('',#142,#3242,#3293,.T.);
#3293 = SURFACE_CURVE('',#3294,(#3298,#3305),.PCURVE_S1.);
#3294 = LINE('',#3295,#3296);
#3295 = CARTESIAN_POINT('',(5.97E+03,0.,0.));
#3296 = VECTOR('',#3297,1.);
#3297 = DIRECTION('',(0.,1.,0.));
#3298 = PCURVE('',#72,#3299);
#3299 = DEFINITIONAL_REPRESENTATION('',(#3300),#3304);
#3300 = LINE('',#3301,#3302);
#3301 = CARTESIAN_POINT('',(5.97E+03,0.));
#3302 = VECTOR('',#3303,1.);
#3303 = DIRECTION('',(0.,1.));
#3304 = ( GEOMETRIC_REPRESENTATION_CONTEXT(2) 
PARAMETRIC_REPRESENTATION_CONTEXT() REPRESENTATION_CONTEXT('2D SPACE',''
  ) );
#3305 = PCURVE('',#202,#3306);
#3306 = DEFINITIONAL_REPRESENTATION('',(#3307),#3311);
#3307 = LINE('',#3308,#3309);
#3308 = CARTESIAN_POINT('',(0.,0.));
#3309 = VECTOR('',#3310,1.);
#3310 = DIRECTION('',(0.,-1.));
#3311 = ( GEOMETRIC_REPRESENTATION_CONTEXT(2) 
PARAMETRIC_REPRESENTATION_CONTEXT() REPRESENTATION_CONTEXT('2D SPACE',''
  ) );
#3312 = ORIENTED_EDGE('',*,*,#3241,.F.);
#3313 = FACE_BOUND('',#3314,.F.);
#3314 = EDGE_LOOP('',(#3315));
#3315 = ORIENTED_EDGE('',*,*,#3316,.T.);
#3316 = EDGE_CURVE('',#3317,#3317,#3319,.T.);
#3317 = VERTEX_POINT('',#3318);
#3318 = CARTESIAN_POINT('',(69.75,45.,0.));
#3319 = SURFACE_CURVE('',#3320,(#3325,#3336),.PCURVE_S1.);
#3320 = CIRCLE('',#3321,5.25);
#3321 = AXIS2_PLACEMENT_3D('',#3322,#3323,#3324);
#3322 = CARTESIAN_POINT('',(75.,45.,0.));
#3323 = DIRECTION('',(0.,0.,-1.));
#3324 = DIRECTION('',(-1.,0.,0.));
#3325 = PCURVE('',#72,#3326);
#3326 = DEFINITIONAL_REPRESENTATION('',(#3327),#3335);
#3327 = ( BOUNDED_CURVE() B_SPLINE_CURVE(2,(#3328,#3329,#3330,#3331,
#3332,#3333,#3334),.UNSPECIFIED.,.T.,.F.) B_SPLINE_CURVE_WITH_KNOTS((1,2
    ,2,2,2,1),(-2.094395102393,0.,2.094395102393,4.188790204786,
6.28318530718,8.377580409573),.UNSPECIFIED.) CURVE() 
GEOMETRIC_REPRESENTATION_ITEM() RATIONAL_B_SPLINE_CURVE((1.,0.5,1.,0.5,
1.,0.5,1.)) REPRESENTATION_ITEM('') );
#3328 = CARTESIAN_POINT('',(69.75,45.));
#3329 = CARTESIAN_POINT('',(69.75,54.093266739737));
#3330 = CARTESIAN_POINT('',(77.625,49.546633369868));
#3331 = CARTESIAN_POINT('',(85.5,45.));
#3332 = CARTESIAN_POINT('',(77.625,40.453366630132));
#3333 = CARTESIAN_POINT('',(69.75,35.906733260263));
#3334 = CARTESIAN_POINT('',(69.75,45.));
#3335 = ( GEOMETRIC_REPRESENTATION_CONTEXT(2) 
PARAMETRIC_REPRESENTATION_CONTEXT() REPRESENTATION_CONTEXT('2D SPACE',''
  ) );
#3336 = PCURVE('',#286,#3337);
#3337 = DEFINITIONAL_REPRESENTATION('',(#3338),#3342);
#3338 = LINE('',#3339,#3340);
#3339 = CARTESIAN_POINT('',(0.,10.));
#3340 = VECTOR('',#3341,1.);
#3341 = DIRECTION('',(1.,0.));
#3342 = ( GEOMETRIC_REPRESENTATION_CONTEXT(2) 
PARAMETRIC_REPRESENTATION_CONTEXT() REPRESENTATION_CONTEXT('2D SPACE',''
  ) );
#3343 = FACE_BOUND('',#3344,.F.);
#3344 = EDGE_LOOP('',(#3345));
#3345 = ORIENTED_EDGE('',*,*,#3346,.T.);
#3346 = EDGE_CURVE('',#3347,#3347,#3349,.T.);
#3347 = VERTEX_POINT('',#3348);
#3348 = CARTESIAN_POINT('',(139.75,45.,0.));
#3349 = SURFACE_CURVE('',#3350,(#3355,#3366),.PCURVE_S1.);
#3350 = CIRCLE('',#3351,5.25);
#3351 = AXIS2_PLACEMENT_3D('',#3352,#3353,#3354);
#3352 = CARTESIAN_POINT('',(145.,45.,0.));
#3353 = DIRECTION('',(0.,0.,-1.));
#3354 = DIRECTION('',(-1.,0.,0.));
#3355 = PCURVE('',#72,#3356);
#3356 = DEFINITIONAL_REPRESENTATION('',(#3357),#3365);
#3357 = ( BOUNDED_CURVE() B_SPLINE_CURVE(2,(#3358,#3359,#3360,#3361,
#3362,#3363,#3364),.UNSPECIFIED.,.T.,.F.) B_SPLINE_CURVE_WITH_KNOTS((1,2
    ,2,2,2,1),(-2.094395102393,0.,2.094395102393,4.188790204786,
6.28318530718,8.377580409573),.UNSPECIFIED.) CURVE() 
GEOMETRIC_REPRESENTATION_ITEM() RATIONAL_B_SPLINE_CURVE((1.,0.5,1.,0.5,
1.,0.5,1.)) REPRESENTATION_ITEM('') );
#3358 = CARTESIAN_POINT('',(139.75,45.));
#3359 = CARTESIAN_POINT('',(139.75,54.093266739737));
#3360 = CARTESIAN_POINT('',(147.625,49.546633369868));
#3361 = CARTESIAN_POINT('',(155.5,45.));
#3362 = CARTESIAN_POINT('',(147.625,40.453366630132));
#3363 = CARTESIAN_POINT('',(139.75,35.906733260263));
#3364 = CARTESIAN_POINT('',(139.75,45.));
#3365 = ( GEOMETRIC_REPRESENTATION_CONTEXT(2) 
PARAMETRIC_REPRESENTATION_CONTEXT() REPRESENTATION_CONTEXT('2D SPACE',''
  ) );
#3366 = PCURVE('',#321,#3367);
#3367 = DEFINITIONAL_REPRESENTATION('',(#3368),#3372);
#3368 = LINE('',#3369,#3370);
#3369 = CARTESIAN_POINT('',(0.,10.));
#3370 = VECTOR('',#3371,1.);
#3371 = DIRECTION('',(1.,0.));
#3372 = ( GEOMETRIC_REPRESENTATION_CONTEXT(2) 
PARAMETRIC_REPRESENTATION_CONTEXT() REPRESENTATION_CONTEXT('2D SPACE',''
  ) );
#3373 = FACE_BOUND('',#3374,.F.);
#3374 = EDGE_LOOP('',(#3375));
#3375 = ORIENTED_EDGE('',*,*,#3376,.T.);
#3376 = EDGE_CURVE('',#3377,#3377,#3379,.T.);
#3377 = VERTEX_POINT('',#3378);
#3378 = CARTESIAN_POINT('',(209.75,45.,0.));
#3379 = SURFACE_CURVE('',#3380,(#3385,#3396),.PCURVE_S1.);
#3380 = CIRCLE('',#3381,5.25);
#3381 = AXIS2_PLACEMENT_3D('',#3382,#3383,#3384);
#3382 = CARTESIAN_POINT('',(215.,45.,0.));
#3383 = DIRECTION('',(0.,0.,-1.));
#3384 = DIRECTION('',(-1.,0.,0.));
#3385 = PCURVE('',#72,#3386);
#3386 = DEFINITIONAL_REPRESENTATION('',(#3387),#3395);
#3387 = ( BOUNDED_CURVE() B_SPLINE_CURVE(2,(#3388,#3389,#3390,#3391,
#3392,#3393,#3394),.UNSPECIFIED.,.T.,.F.) B_SPLINE_CURVE_WITH_KNOTS((1,2
    ,2,2,2,1),(-2.094395102393,0.,2.094395102393,4.188790204786,
6.28318530718,8.377580409573),.UNSPECIFIED.) CURVE() 
GEOMETRIC_REPRESENTATION_ITEM() RATIONAL_B_SPLINE_CURVE((1.,0.5,1.,0.5,
1.,0.5,1.)) REPRESENTATION_ITEM('') );
#3388 = CARTESIAN_POINT('',(209.75,45.));
#3389 = CARTESIAN_POINT('',(209.75,54.093266739737));
#3390 = CARTESIAN_POINT('',(217.625,49.546633369868));
#3391 = CARTESIAN_POINT('',(225.5,45.));
#3392 = CARTESIAN_POINT('',(217.625,40.453366630132));
#3393 = CARTESIAN_POINT('',(209.75,35.906733260263));
#3394 = CARTESIAN_POINT('',(209.75,45.));
#3395 = ( GEOMETRIC_REPRESENTATION_CONTEXT(2) 
PARAMETRIC_REPRESENTATION_CONTEXT() REPRESENTATION_CONTEXT('2D SPACE',''
  ) );
#3396 = PCURVE('',#356,#3397);
#3397 = DEFINITIONAL_REPRESENTATION('',(#3398),#3402);
#3398 = LINE('',#3399,#3400);
#3399 = CARTESIAN_POINT('',(0.,10.));
#3400 = VECTOR('',#3401,1.);
#3401 = DIRECTION('',(1.,0.));
#3402 = ( GEOMETRIC_REPRESENTATION_CONTEXT(2) 
PARAMETRIC_REPRESENTATION_CONTEXT() REPRESENTATION_CONTEXT('2D SPACE',''
  ) );
#3403 = FACE_BOUND('',#3404,.F.);
#3404 = EDGE_LOOP('',(#3405));
#3405 = ORIENTED_EDGE('',*,*,#3406,.T.);
#3406 = EDGE_CURVE('',#3407,#3407,#3409,.T.);
#3407 = VERTEX_POINT('',#3408);
#3408 = CARTESIAN_POINT('',(279.75,45.,0.));
#3409 = SURFACE_CURVE('',#3410,(#3415,#3426),.PCURVE_S1.);
#3410 = CIRCLE('',#3411,5.25);
#3411 = AXIS2_PLACEMENT_3D('',#3412,#3413,#3414);
#3412 = CARTESIAN_POINT('',(285.,45.,0.));
#3413 = DIRECTION('',(0.,0.,-1.));
#3414 = DIRECTION('',(-1.,0.,0.));
#3415 = PCURVE('',#72,#3416);
#3416 = DEFINITIONAL_REPRESENTATION('',(#3417),#3425);
#3417 = ( BOUNDED_CURVE() B_SPLINE_CURVE(2,(#3418,#3419,#3420,#3421,
#3422,#3423,#3424),.UNSPECIFIED.,.T.,.F.) B_SPLINE_CURVE_WITH_KNOTS((1,2
    ,2,2,2,1),(-2.094395102393,0.,2.094395102393,4.188790204786,
6.28318530718,8.377580409573),.UNSPECIFIED.) CURVE() 
GEOMETRIC_REPRESENTATION_ITEM() RATIONAL_B_SPLINE_CURVE((1.,0.5,1.,0.5,
1.,0.5,1.)) REPRESENTATION_ITEM('') );
#3418 = CARTESIAN_POINT('',(279.75,45.));
#3419 = CARTESIAN_POINT('',(279.75,54.093266739737));
#3420 = CARTESIAN_POINT('',(287.625,49.546633369868));
#3421 = CARTESIAN_POINT('',(295.5,45.));
#3422 = CARTESIAN_POINT('',(287.625,40.453366630132));
#3423 = CARTESIAN_POINT('',(279.75,35.906733260263));
#3424 = CARTESIAN_POINT('',(279.75,45.));
#3425 = ( GEOMETRIC_REPRESENTATION_CONTEXT(2) 
PARAMETRIC_REPRESENTATION_CONTEXT() REPRESENTATION_CONTEXT('2D SPACE',''
  ) );
#3426 = PCURVE('',#391,#3427);
#3427 = DEFINITIONAL_REPRESENTATION('',(#3428),#3432);
#3428 = LINE('',#3429,#3430);
#3429 = CARTESIAN_POINT('',(0.,10.));
#3430 = VECTOR('',#3431,1.);
#3431 = DIRECTION('',(1.,0.));
#3432 = ( GEOMETRIC_REPRESENTATION_CONTEXT(2) 
PARAMETRIC_REPRESENTATION_CONTEXT() REPRESENTATION_CONTEXT('2D SPACE',''
  ) );
#3433 = FACE_BOUND('',#3434,.F.);
#3434 = EDGE_LOOP('',(#3435));
#3435 = ORIENTED_EDGE('',*,*,#3436,.T.);
#3436 = EDGE_CURVE('',#3437,#3437,#3439,.T.);
#3437 = VERTEX_POINT('',#3438);
#3438 = CARTESIAN_POINT('',(349.75,45.,0.));
#3439 = SURFACE_CURVE('',#3440,(#3445,#3456),.PCURVE_S1.);
#3440 = CIRCLE('',#3441,5.25);
#3441 = AXIS2_PLACEMENT_3D('',#3442,#3443,#3444);
#3442 = CARTESIAN_POINT('',(355.,45.,0.));
#3443 = DIRECTION('',(0.,0.,-1.));
#3444 = DIRECTION('',(-1.,0.,0.));
#3445 = PCURVE('',#72,#3446);
#3446 = DEFINITIONAL_REPRESENTATION('',(#3447),#3455);
#3447 = ( BOUNDED_CURVE() B_SPLINE_CURVE(2,(#3448,#3449,#3450,#3451,
#3452,#3453,#3454),.UNSPECIFIED.,.T.,.F.) B_SPLINE_CURVE_WITH_KNOTS((1,2
    ,2,2,2,1),(-2.094395102393,0.,2.094395102393,4.188790204786,
6.28318530718,8.377580409573),.UNSPECIFIED.) CURVE() 
GEOMETRIC_REPRESENTATION_ITEM() RATIONAL_B_SPLINE_CURVE((1.,0.5,1.,0.5,
1.,0.5,1.)) REPRESENTATION_ITEM('') );
#3448 = CARTESIAN_POINT('',(349.75,45.));
#3449 = CARTESIAN_POINT('',(349.75,54.093266739737));
#3450 = CARTESIAN_POINT('',(357.625,49.546633369868));
#3451 = CARTESIAN_POINT('',(365.5,45.));
#3452 = CARTESIAN_POINT('',(357.625,40.453366630132));
#3453 = CARTESIAN_POINT('',(349.75,35.906733260263));
#3454 = CARTESIAN_POINT('',(349.75,45.));
#3455 = ( GEOMETRIC_REPRESENTATION_CONTEXT(2) 
PARAMETRIC_REPRESENTATION_CONTEXT() REPRESENTATION_CONTEXT('2D SPACE',''
  ) );
#3456 = PCURVE('',#426,#3457);
#3457 = DEFINITIONAL_REPRESENTATION('',(#3458),#3462);
#3458 = LINE('',#3459,#3460);
#3459 = CARTESIAN_POINT('',(0.,10.));
#3460 = VECTOR('',#3461,1.);
#3461 = DIRECTION('',(1.,0.));
#3462 = ( GEOMETRIC_REPRESENTATION_CONTEXT(2) 
PARAMETRIC_REPRESENTATION_CONTEXT() REPRESENTATION_CONTEXT('2D SPACE',''
  ) );
#3463 = FACE_BOUND('',#3464,.F.);
#3464 = EDGE_LOOP('',(#3465));
#3465 = ORIENTED_EDGE('',*,*,#3466,.T.);
#3466 = EDGE_CURVE('',#3467,#3467,#3469,.T.);
#3467 = VERTEX_POINT('',#3468);
#3468 = CARTESIAN_POINT('',(419.75,45.,0.));
#3469 = SURFACE_CURVE('',#3470,(#3475,#3486),.PCURVE_S1.);
#3470 = CIRCLE('',#3471,5.25);
#3471 = AXIS2_PLACEMENT_3D('',#3472,#3473,#3474);
#3472 = CARTESIAN_POINT('',(425.,45.,0.));
#3473 = DIRECTION('',(0.,0.,-1.));
#3474 = DIRECTION('',(-1.,0.,0.));
#3475 = PCURVE('',#72,#3476);
#3476 = DEFINITIONAL_REPRESENTATION('',(#3477),#3485);
#3477 = ( BOUNDED_CURVE() B_SPLINE_CURVE(2,(#3478,#3479,#3480,#3481,
#3482,#3483,#3484),.UNSPECIFIED.,.T.,.F.) B_SPLINE_CURVE_WITH_KNOTS((1,2
    ,2,2,2,1),(-2.094395102393,0.,2.094395102393,4.188790204786,
6.28318530718,8.377580409573),.UNSPECIFIED.) CURVE() 
GEOMETRIC_REPRESENTATION_ITEM() RATIONAL_B_SPLINE_CURVE((1.,0.5,1.,0.5,
1.,0.5,1.)) REPRESENTATION_ITEM('') );
#3478 = CARTESIAN_POINT('',(419.75,45.));
#3479 = CARTESIAN_POINT('',(419.75,54.093266739737));
#3480 = CARTESIAN_POINT('',(427.625,49.546633369868));
#3481 = CARTESIAN_POINT('',(435.5,45.));
#3482 = CARTESIAN_POINT('',(427.625,40.453366630132));
#3483 = CARTESIAN_POINT('',(419.75,35.906733260263));
#3484 = CARTESIAN_POINT('',(419.75,45.));
#3485 = ( GEOMETRIC_REPRESENTATION_CONTEXT(2) 
PARAMETRIC_REPRESENTATION_CONTEXT() REPRESENTATION_CONTEXT('2D SPACE',''
  ) );
#3486 = PCURVE('',#461,#3487);
#3487 = DEFINITIONAL_REPRESENTATION('',(#3488),#3492);
#3488 = LINE('',#3489,#3490);
#3489 = CARTESIAN_POINT('',(0.,10.));
#3490 = VECTOR('',#3491,1.);
#3491 = DIRECTION('',(1.,0.));
#3492 = ( GEOMETRIC_REPRESENTATION_CONTEXT(2) 
PARAMETRIC_REPRESENTATION_CONTEXT() REPRESENTATION_CONTEXT('2D SPACE',''
  ) );
#3493 = FACE_BOUND('',#3494,.F.);
#3494 = EDGE_LOOP('',(#3495));
#3495 = ORIENTED_EDGE('',*,*,#3496,.T.);
#3496 = EDGE_CURVE('',#3497,#3497,#3499,.T.);
#3497 = VERTEX_POINT('',#3498);
#3498 = CARTESIAN_POINT('',(489.75,45.,0.));
#3499 = SURFACE_CURVE('',#3500,(#3505,#3516),.PCURVE_S1.);
#3500 = CIRCLE('',#3501,5.25);
#3501 = AXIS2_PLACEMENT_3D('',#3502,#3503,#3504);
#3502 = CARTESIAN_POINT('',(495.,45.,0.));
#3503 = DIRECTION('',(0.,0.,-1.));
#3504 = DIRECTION('',(-1.,0.,0.));
#3505 = PCURVE('',#72,#3506);
#3506 = DEFINITIONAL_REPRESENTATION('',(#3507),#3515);
#3507 = ( BOUNDED_CURVE() B_SPLINE_CURVE(2,(#3508,#3509,#3510,#3511,
#3512,#3513,#3514),.UNSPECIFIED.,.T.,.F.) B_SPLINE_CURVE_WITH_KNOTS((1,2
    ,2,2,2,1),(-2.094395102393,0.,2.094395102393,4.188790204786,
6.28318530718,8.377580409573),.UNSPECIFIED.) CURVE() 
GEOMETRIC_REPRESENTATION_ITEM() RATIONAL_B_SPLINE_CURVE((1.,0.5,1.,0.5,
1.,0.5,1.)) REPRESENTATION_ITEM('') );
#3508 = CARTESIAN_POINT('',(489.75,45.));
#3509 = CARTESIAN_POINT('',(489.75,54.093266739737));
#3510 = CARTESIAN_POINT('',(497.625,49.546633369868));
#3511 = CARTESIAN_POINT('',(505.5,45.));
#3512 = CARTESIAN_POINT('',(497.625,40.453366630132));
#3513 = CARTESIAN_POINT('',(489.75,35.906733260263));
#3514 = CARTESIAN_POINT('',(489.75,45.));
#3515 = ( GEOMETRIC_REPRESENTATION_CONTEXT(2) 
PARAMETRIC_REPRESENTATION_CONTEXT() REPRESENTATION_CONTEXT('2D SPACE',''
  ) );
#3516 = PCURVE('',#496,#3517);
#3517 = DEFINITIONAL_REPRESENTATION('',(#3518),#3522);
#3518 = LINE('',#3519,#3520);
#3519 = CARTESIAN_POINT('',(0.,10.));
#3520 = VECTOR('',#3521,1.);
#3521 = DIRECTION('',(1.,0.));
#3522 = ( GEOMETRIC_REPRESENTATION_CONTEXT(2) 
PARAMETRIC_REPRESENTATION_CONTEXT() REPRESENTATION_CONTEXT('2D SPACE',''
  ) );
#3523 = FACE_BOUND('',#3524,.F.);
#3524 = EDGE_LOOP('',(#3525));
#3525 = ORIENTED_EDGE('',*,*,#3526,.T.);
#3526 = EDGE_CURVE('',#3527,#3527,#3529,.T.);
#3527 = VERTEX_POINT('',#3528);
#3528 = CARTESIAN_POINT('',(574.75,45.,0.));
#3529 = SURFACE_CURVE('',#3530,(#3535,#3546),.PCURVE_S1.);
#3530 = CIRCLE('',#3531,5.25);
#3531 = AXIS2_PLACEMENT_3D('',#3532,#3533,#3534);
#3532 = CARTESIAN_POINT('',(580.,45.,0.));
#3533 = DIRECTION('',(0.,0.,-1.));
#3534 = DIRECTION('',(-1.,0.,0.));
#3535 = PCURVE('',#72,#3536);
#3536 = DEFINITIONAL_REPRESENTATION('',(#3537),#3545);
#3537 = ( BOUNDED_CURVE() B_SPLINE_CURVE(2,(#3538,#3539,#3540,#3541,
#3542,#3543,#3544),.UNSPECIFIED.,.T.,.F.) B_SPLINE_CURVE_WITH_KNOTS((1,2
    ,2,2,2,1),(-2.094395102393,0.,2.094395102393,4.188790204786,
6.28318530718,8.377580409573),.UNSPECIFIED.) CURVE() 
GEOMETRIC_REPRESENTATION_ITEM() RATIONAL_B_SPLINE_CURVE((1.,0.5,1.,0.5,
1.,0.5,1.)) REPRESENTATION_ITEM('') );
#3538 = CARTESIAN_POINT('',(574.75,45.));
#3539 = CARTESIAN_POINT('',(574.75,54.093266739737));
#3540 = CARTESIAN_POINT('',(582.625,49.546633369868));
#3541 = CARTESIAN_POINT('',(590.5,45.));
#3542 = CARTESIAN_POINT('',(582.625,40.453366630132));
#3543 = CARTESIAN_POINT('',(574.75,35.906733260263));
#3544 = CARTESIAN_POINT('',(574.75,45.));
#3545 = ( GEOMETRIC_REPRESENTATION_CONTEXT(2) 
PARAMETRIC_REPRESENTATION_CONTEXT() REPRESENTATION_CONTEXT('2D SPACE',''
  ) );
#3546 = PCURVE('',#531,#3547);
#3547 = DEFINITIONAL_REPRESENTATION('',(#3548),#3552);
#3548 = LINE('',#3549,#3550);
#3549 = CARTESIAN_POINT('',(0.,10.));
#3550 = VECTOR('',#3551,1.);
#3551 = DIRECTION('',(1.,0.));
#3552 = ( GEOMETRIC_REPRESENTATION_CONTEXT(2) 
PARAMETRIC_REPRESENTATION_CONTEXT() REPRESENTATION_CONTEXT('2D SPACE',''
  ) );
#3553 = FACE_BOUND('',#3554,.F.);
#3554 = EDGE_LOOP('',(#3555));
#3555 = ORIENTED_EDGE('',*,*,#3556,.T.);
#3556 = EDGE_CURVE('',#3557,#3557,#3559,.T.);
#3557 = VERTEX_POINT('',#3558);
#3558 = CARTESIAN_POINT('',(674.75,45.,0.));
#3559 = SURFACE_CURVE('',#3560,(#3565,#3576),.PCURVE_S1.);
#3560 = CIRCLE('',#3561,5.25);
#3561 = AXIS2_PLACEMENT_3D('',#3562,#3563,#3564);
#3562 = CARTESIAN_POINT('',(680.,45.,0.));
#3563 = DIRECTION('',(0.,0.,-1.));
#3564 = DIRECTION('',(-1.,0.,0.));
#3565 = PCURVE('',#72,#3566);
#3566 = DEFINITIONAL_REPRESENTATION('',(#3567),#3575);
#3567 = ( BOUNDED_CURVE() B_SPLINE_CURVE(2,(#3568,#3569,#3570,#3571,
#3572,#3573,#3574),.UNSPECIFIED.,.T.,.F.) B_SPLINE_CURVE_WITH_KNOTS((1,2
    ,2,2,2,1),(-2.094395102393,0.,2.094395102393,4.188790204786,
6.28318530718,8.377580409573),.UNSPECIFIED.) CURVE() 
GEOMETRIC_REPRESENTATION_ITEM() RATIONAL_B_SPLINE_CURVE((1.,0.5,1.,0.5,
1.,0.5,1.)) REPRESENTATION_ITEM('') );
#3568 = CARTESIAN_POINT('',(674.75,45.));
#3569 = CARTESIAN_POINT('',(674.75,54.093266739737));
#3570 = CARTESIAN_POINT('',(682.625,49.546633369868));
#3571 = CARTESIAN_POINT('',(690.5,45.));
#3572 = CARTESIAN_POINT('',(682.625,40.453366630132));
#3573 = CARTESIAN_POINT('',(674.75,35.906733260263));
#3574 = CARTESIAN_POINT('',(674.75,45.));
#3575 = ( GEOMETRIC_REPRESENTATION_CONTEXT(2) 
PARAMETRIC_REPRESENTATION_CONTEXT() REPRESENTATION_CONTEXT('2D SPACE',''
  ) );
#3576 = PCURVE('',#566,#3577);
#3577 = DEFINITIONAL_REPRESENTATION('',(#3578),#3582);
#3578 = LINE('',#3579,#3580);
#3579 = CARTESIAN_POINT('',(0.,10.));
#3580 = VECTOR('',#3581,1.);
#3581 = DIRECTION('',(1.,0.));
#3582 = ( GEOMETRIC_REPRESENTATION_CONTEXT(2) 
PARAMETRIC_REPRESENTATION_CONTEXT() REPRESENTATION_CONTEXT('2D SPACE',''
  ) );
#3583 = FACE_BOUND('',#3584,.F.);
#3584 = EDGE_LOOP('',(#3585));
#3585 = ORIENTED_EDGE('',*,*,#3586,.T.);
#3586 = EDGE_CURVE('',#3587,#3587,#3589,.T.);
#3587 = VERTEX_POINT('',#3588);
#3588 = CARTESIAN_POINT('',(774.75,45.,0.));
#3589 = SURFACE_CURVE('',#3590,(#3595,#3606),.PCURVE_S1.);
#3590 = CIRCLE('',#3591,5.25);
#3591 = AXIS2_PLACEMENT_3D('',#3592,#3593,#3594);
#3592 = CARTESIAN_POINT('',(780.,45.,0.));
#3593 = DIRECTION('',(0.,0.,-1.));
#3594 = DIRECTION('',(-1.,0.,0.));
#3595 = PCURVE('',#72,#3596);
#3596 = DEFINITIONAL_REPRESENTATION('',(#3597),#3605);
#3597 = ( BOUNDED_CURVE() B_SPLINE_CURVE(2,(#3598,#3599,#3600,#3601,
#3602,#3603,#3604),.UNSPECIFIED.,.T.,.F.) B_SPLINE_CURVE_WITH_KNOTS((1,2
    ,2,2,2,1),(-2.094395102393,0.,2.094395102393,4.188790204786,
6.28318530718,8.377580409573),.UNSPECIFIED.) CURVE() 
GEOMETRIC_REPRESENTATION_ITEM() RATIONAL_B_SPLINE_CURVE((1.,0.5,1.,0.5,
1.,0.5,1.)) REPRESENTATION_ITEM('') );
#3598 = CARTESIAN_POINT('',(774.75,45.));
#3599 = CARTESIAN_POINT('',(774.75,54.093266739737));
#3600 = CARTESIAN_POINT('',(782.625,49.546633369868));
#3601 = CARTESIAN_POINT('',(790.5,45.));
#3602 = CARTESIAN_POINT('',(782.625,40.453366630132));
#3603 = CARTESIAN_POINT('',(774.75,35.906733260263));
#3604 = CARTESIAN_POINT('',(774.75,45.));
#3605 = ( GEOMETRIC_REPRESENTATION_CONTEXT(2) 
PARAMETRIC_REPRESENTATION_CONTEXT() REPRESENTATION_CONTEXT('2D SPACE',''
  ) );
#3606 = PCURVE('',#601,#3607);
#3607 = DEFINITIONAL_REPRESENTATION('',(#3608),#3612);
#3608 = LINE('',#3609,#3610);
#3609 = CARTESIAN_POINT('',(0.,10.));
#3610 = VECTOR('',#3611,1.);
#3611 = DIRECTION('',(1.,0.));
#3612 = ( GEOMETRIC_REPRESENTATION_CONTEXT(2) 
PARAMETRIC_REPRESENTATION_CONTEXT() REPRESENTATION_CONTEXT('2D SPACE',''
  ) );
#3613 = FACE_BOUND('',#3614,.F.);
#3614 = EDGE_LOOP('',(#3615));
#3615 = ORIENTED_EDGE('',*,*,#3616,.T.);
#3616 = EDGE_CURVE('',#3617,#3617,#3619,.T.);
#3617 = VERTEX_POINT('',#3618);
#3618 = CARTESIAN_POINT('',(874.75,45.,0.));
#3619 = SURFACE_CURVE('',#3620,(#3625,#3636),.PCURVE_S1.);
#3620 = CIRCLE('',#3621,5.25);
#3621 = AXIS2_PLACEMENT_3D('',#3622,#3623,#3624);
#3622 = CARTESIAN_POINT('',(880.,45.,0.));
#3623 = DIRECTION('',(0.,0.,-1.));
#3624 = DIRECTION('',(-1.,0.,0.));
#3625 = PCURVE('',#72,#3626);
#3626 = DEFINITIONAL_REPRESENTATION('',(#3627),#3635);
#3627 = ( BOUNDED_CURVE() B_SPLINE_CURVE(2,(#3628,#3629,#3630,#3631,
#3632,#3633,#3634),.UNSPECIFIED.,.T.,.F.) B_SPLINE_CURVE_WITH_KNOTS((1,2
    ,2,2,2,1),(-2.094395102393,0.,2.094395102393,4.188790204786,
6.28318530718,8.377580409573),.UNSPECIFIED.) CURVE() 
GEOMETRIC_REPRESENTATION_ITEM() RATIONAL_B_SPLINE_CURVE((1.,0.5,1.,0.5,
1.,0.5,1.)) REPRESENTATION_ITEM('') );
#3628 = CARTESIAN_POINT('',(874.75,45.));
#3629 = CARTESIAN_POINT('',(874.75,54.093266739737));
#3630 = CARTESIAN_POINT('',(882.625,49.546633369868));
#3631 = CARTESIAN_POINT('',(890.5,45.));
#3632 = CARTESIAN_POINT('',(882.625,40.453366630132));
#3633 = CARTESIAN_POINT('',(874.75,35.906733260263));
#3634 = CARTESIAN_POINT('',(874.75,45.));
#3635 = ( GEOMETRIC_REPRESENTATION_CONTEXT(2) 
PARAMETRIC_REPRESENTATION_CONTEXT() REPRESENTATION_CONTEXT('2D SPACE',''
  ) );
#3636 = PCURVE('',#636,#3637);
#3637 = DEFINITIONAL_REPRESENTATION('',(#3638),#3642);
#3638 = LINE('',#3639,#3640);
#3639 = CARTESIAN_POINT('',(0.,10.));
#3640 = VECTOR('',#3641,1.);
#3641 = DIRECTION('',(1.,0.));
#3642 = ( GEOMETRIC_REPRESENTATION_CONTEXT(2) 
PARAMETRIC_REPRESENTATION_CONTEXT() REPRESENTATION_CONTEXT('2D SPACE',''
  ) );
#3643 = FACE_BOUND('',#3644,.F.);
#3644 = EDGE_LOOP('',(#3645));
#3645 = ORIENTED_EDGE('',*,*,#3646,.T.);
#3646 = EDGE_CURVE('',#3647,#3647,#3649,.T.);
#3647 = VERTEX_POINT('',#3648);
#3648 = CARTESIAN_POINT('',(974.75,45.,0.));
#3649 = SURFACE_CURVE('',#3650,(#3655,#3666),.PCURVE_S1.);
#3650 = CIRCLE('',#3651,5.25);
#3651 = AXIS2_PLACEMENT_3D('',#3652,#3653,#3654);
#3652 = CARTESIAN_POINT('',(980.,45.,0.));
#3653 = DIRECTION('',(0.,0.,-1.));
#3654 = DIRECTION('',(-1.,0.,0.));
#3655 = PCURVE('',#72,#3656);
#3656 = DEFINITIONAL_REPRESENTATION('',(#3657),#3665);
#3657 = ( BOUNDED_CURVE() B_SPLINE_CURVE(2,(#3658,#3659,#3660,#3661,
#3662,#3663,#3664),.UNSPECIFIED.,.T.,.F.) B_SPLINE_CURVE_WITH_KNOTS((1,2
    ,2,2,2,1),(-2.094395102393,0.,2.094395102393,4.188790204786,
6.28318530718,8.377580409573),.UNSPECIFIED.) CURVE() 
GEOMETRIC_REPRESENTATION_ITEM() RATIONAL_B_SPLINE_CURVE((1.,0.5,1.,0.5,
1.,0.5,1.)) REPRESENTATION_ITEM('') );
#3658 = CARTESIAN_POINT('',(974.75,45.));
#3659 = CARTESIAN_POINT('',(974.75,54.093266739737));
#3660 = CARTESIAN_POINT('',(982.625,49.546633369868));
#3661 = CARTESIAN_POINT('',(990.5,45.));
#3662 = CARTESIAN_POINT('',(982.625,40.453366630132));
#3663 = CARTESIAN_POINT('',(974.75,35.906733260263));
#3664 = CARTESIAN_POINT('',(974.75,45.));
#3665 = ( GEOMETRIC_REPRESENTATION_CONTEXT(2) 
PARAMETRIC_REPRESENTATION_CONTEXT() REPRESENTATION_CONTEXT('2D SPACE',''
  ) );
#3666 = PCURVE('',#671,#3667);
#3667 = DEFINITIONAL_REPRESENTATION('',(#3668),#3672);
#3668 = LINE('',#3669,#3670);
#3669 = CARTESIAN_POINT('',(0.,10.));
#3670 = VECTOR('',#3671,1.);
#3671 = DIRECTION('',(1.,0.));
#3672 = ( GEOMETRIC_REPRESENTATION_CONTEXT(2) 
PARAMETRIC_REPRESENTATION_CONTEXT() REPRESENTATION_CONTEXT('2D SPACE',''
  ) );
#3673 = FACE_BOUND('',#3674,.F.);
#3674 = EDGE_LOOP('',(#3675));
#3675 = ORIENTED_EDGE('',*,*,#3676,.T.);
#3676 = EDGE_CURVE('',#3677,#3677,#3679,.T.);
#3677 = VERTEX_POINT('',#3678);
#3678 = CARTESIAN_POINT('',(1.07475E+03,45.,0.));
#3679 = SURFACE_CURVE('',#3680,(#3685,#3696),.PCURVE_S1.);
#3680 = CIRCLE('',#3681,5.25);
#3681 = AXIS2_PLACEMENT_3D('',#3682,#3683,#3684);
#3682 = CARTESIAN_POINT('',(1.08E+03,45.,0.));
#3683 = DIRECTION('',(0.,0.,-1.));
#3684 = DIRECTION('',(-1.,0.,0.));
#3685 = PCURVE('',#72,#3686);
#3686 = DEFINITIONAL_REPRESENTATION('',(#3687),#3695);
#3687 = ( BOUNDED_CURVE() B_SPLINE_CURVE(2,(#3688,#3689,#3690,#3691,
#3692,#3693,#3694),.UNSPECIFIED.,.T.,.F.) B_SPLINE_CURVE_WITH_KNOTS((1,2
    ,2,2,2,1),(-2.094395102393,0.,2.094395102393,4.188790204786,
6.28318530718,8.377580409573),.UNSPECIFIED.) CURVE() 
GEOMETRIC_REPRESENTATION_ITEM() RATIONAL_B_SPLINE_CURVE((1.,0.5,1.,0.5,
1.,0.5,1.)) REPRESENTATION_ITEM('') );
#3688 = CARTESIAN_POINT('',(1.07475E+03,45.));
#3689 = CARTESIAN_POINT('',(1.07475E+03,54.093266739737));
#3690 = CARTESIAN_POINT('',(1.082625E+03,49.546633369868));
#3691 = CARTESIAN_POINT('',(1.0905E+03,45.));
#3692 = CARTESIAN_POINT('',(1.082625E+03,40.453366630132));
#3693 = CARTESIAN_POINT('',(1.07475E+03,35.906733260263));
#3694 = CARTESIAN_POINT('',(1.07475E+03,45.));
#3695 = ( GEOMETRIC_REPRESENTATION_CONTEXT(2) 
PARAMETRIC_REPRESENTATION_CONTEXT() REPRESENTATION_CONTEXT('2D SPACE',''
  ) );
#3696 = PCURVE('',#706,#3697);
#3697 = DEFINITIONAL_REPRESENTATION('',(#3698),#3702);
#3698 = LINE('',#3699,#3700);
#3699 = CARTESIAN_POINT('',(0.,10.));
#3700 = VECTOR('',#3701,1.);
#3701 = DIRECTION('',(1.,0.));
#3702 = ( GEOMETRIC_REPRESENTATION_CONTEXT(2) 
PARAMETRIC_REPRESENTATION_CONTEXT() REPRESENTATION_CONTEXT('2D SPACE',''
  ) );
#3703 = FACE_BOUND('',#3704,.F.);
#3704 = EDGE_LOOP('',(#3705));
#3705 = ORIENTED_EDGE('',*,*,#3706,.T.);
#3706 = EDGE_CURVE('',#3707,#3707,#3709,.T.);
#3707 = VERTEX_POINT('',#3708);
#3708 = CARTESIAN_POINT('',(1.17475E+03,45.,0.));
#3709 = SURFACE_CURVE('',#3710,(#3715,#3726),.PCURVE_S1.);
#3710 = CIRCLE('',#3711,5.25);
#3711 = AXIS2_PLACEMENT_3D('',#3712,#3713,#3714);
#3712 = CARTESIAN_POINT('',(1.18E+03,45.,0.));
#3713 = DIRECTION('',(0.,0.,-1.));
#3714 = DIRECTION('',(-1.,0.,0.));
#3715 = PCURVE('',#72,#3716);
#3716 = DEFINITIONAL_REPRESENTATION('',(#3717),#3725);
#3717 = ( BOUNDED_CURVE() B_SPLINE_CURVE(2,(#3718,#3719,#3720,#3721,
#3722,#3723,#3724),.UNSPECIFIED.,.T.,.F.) B_SPLINE_CURVE_WITH_KNOTS((1,2
    ,2,2,2,1),(-2.094395102393,0.,2.094395102393,4.188790204786,
6.28318530718,8.377580409573),.UNSPECIFIED.) CURVE() 
GEOMETRIC_REPRESENTATION_ITEM() RATIONAL_B_SPLINE_CURVE((1.,0.5,1.,0.5,
1.,0.5,1.)) REPRESENTATION_ITEM('') );
#3718 = CARTESIAN_POINT('',(1.17475E+03,45.));
#3719 = CARTESIAN_POINT('',(1.17475E+03,54.093266739737));
#3720 = CARTESIAN_POINT('',(1.182625E+03,49.546633369868));
#3721 = CARTESIAN_POINT('',(1.1905E+03,45.));
#3722 = CARTESIAN_POINT('',(1.182625E+03,40.453366630132));
#3723 = CARTESIAN_POINT('',(1.17475E+03,35.906733260263));
#3724 = CARTESIAN_POINT('',(1.17475E+03,45.));
#3725 = ( GEOMETRIC_REPRESENTATION_CONTEXT(2) 
PARAMETRIC_REPRESENTATION_CONTEXT() REPRESENTATION_CONTEXT('2D SPACE',''
  ) );
#3726 = PCURVE('',#741,#3727);
#3727 = DEFINITIONAL_REPRESENTATION('',(#3728),#3732);
#3728 = LINE('',#3729,#3730);
#3729 = CARTESIAN_POINT('',(0.,10.));
#3730 = VECTOR('',#3731,1.);
#3731 = DIRECTION('',(1.,0.));
#3732 = ( GEOMETRIC_REPRESENTATION_CONTEXT(2) 
PARAMETRIC_REPRESENTATION_CONTEXT() REPRESENTATION_CONTEXT('2D SPACE',''
  ) );
#3733 = FACE_BOUND('',#3734,.F.);
#3734 = EDGE_LOOP('',(#3735));
#3735 = ORIENTED_EDGE('',*,*,#3736,.T.);
#3736 = EDGE_CURVE('',#3737,#3737,#3739,.T.);
#3737 = VERTEX_POINT('',#3738);
#3738 = CARTESIAN_POINT('',(1.27475E+03,45.,0.));
#3739 = SURFACE_CURVE('',#3740,(#3745,#3756),.PCURVE_S1.);
#3740 = CIRCLE('',#3741,5.25);
#3741 = AXIS2_PLACEMENT_3D('',#3742,#3743,#3744);
#3742 = CARTESIAN_POINT('',(1.28E+03,45.,0.));
#3743 = DIRECTION('',(0.,0.,-1.));
#3744 = DIRECTION('',(-1.,0.,0.));
#3745 = PCURVE('',#72,#3746);
#3746 = DEFINITIONAL_REPRESENTATION('',(#3747),#3755);
#3747 = ( BOUNDED_CURVE() B_SPLINE_CURVE(2,(#3748,#3749,#3750,#3751,
#3752,#3753,#3754),.UNSPECIFIED.,.T.,.F.) B_SPLINE_CURVE_WITH_KNOTS((1,2
    ,2,2,2,1),(-2.094395102393,0.,2.094395102393,4.188790204786,
6.28318530718,8.377580409573),.UNSPECIFIED.) CURVE() 
GEOMETRIC_REPRESENTATION_ITEM() RATIONAL_B_SPLINE_CURVE((1.,0.5,1.,0.5,
1.,0.5,1.)) REPRESENTATION_ITEM('') );
#3748 = CARTESIAN_POINT('',(1.27475E+03,45.));
#3749 = CARTESIAN_POINT('',(1.27475E+03,54.093266739737));
#3750 = CARTESIAN_POINT('',(1.282625E+03,49.546633369868));
#3751 = CARTESIAN_POINT('',(1.2905E+03,45.));
#3752 = CARTESIAN_POINT('',(1.282625E+03,40.453366630132));
#3753 = CARTESIAN_POINT('',(1.27475E+03,35.906733260263));
#3754 = CARTESIAN_POINT('',(1.27475E+03,45.));
#3755 = ( GEOMETRIC_REPRESENTATION_CONTEXT(2) 
PARAMETRIC_REPRESENTATION_CONTEXT() REPRESENTATION_CONTEXT('2D SPACE',''
  ) );
#3756 = PCURVE('',#776,#3757);
#3757 = DEFINITIONAL_REPRESENTATION('',(#3758),#3762);
#3758 = LINE('',#3759,#3760);
#3759 = CARTESIAN_POINT('',(0.,10.));
#3760 = VECTOR('',#3761,1.);
#3761 = DIRECTION('',(1.,0.));
#3762 = ( GEOMETRIC_REPRESENTATION_CONTEXT(2) 
PARAMETRIC_REPRESENTATION_CONTEXT() REPRESENTATION_CONTEXT('2D SPACE',''
  ) );
#3763 = FACE_BOUND('',#3764,.F.);
#3764 = EDGE_LOOP('',(#3765));
#3765 = ORIENTED_EDGE('',*,*,#3766,.T.);
#3766 = EDGE_CURVE('',#3767,#3767,#3769,.T.);
#3767 = VERTEX_POINT('',#3768);
#3768 = CARTESIAN_POINT('',(1.52475E+03,45.,0.));
#3769 = SURFACE_CURVE('',#3770,(#3775,#3786),.PCURVE_S1.);
#3770 = CIRCLE('',#3771,5.25);
#3771 = AXIS2_PLACEMENT_3D('',#3772,#3773,#3774);
#3772 = CARTESIAN_POINT('',(1.53E+03,45.,0.));
#3773 = DIRECTION('',(0.,0.,-1.));
#3774 = DIRECTION('',(-1.,0.,0.));
#3775 = PCURVE('',#72,#3776);
#3776 = DEFINITIONAL_REPRESENTATION('',(#3777),#3785);
#3777 = ( BOUNDED_CURVE() B_SPLINE_CURVE(2,(#3778,#3779,#3780,#3781,
#3782,#3783,#3784),.UNSPECIFIED.,.T.,.F.) B_SPLINE_CURVE_WITH_KNOTS((1,2
    ,2,2,2,1),(-2.094395102393,0.,2.094395102393,4.188790204786,
6.28318530718,8.377580409573),.UNSPECIFIED.) CURVE() 
GEOMETRIC_REPRESENTATION_ITEM() RATIONAL_B_SPLINE_CURVE((1.,0.5,1.,0.5,
1.,0.5,1.)) REPRESENTATION_ITEM('') );
#3778 = CARTESIAN_POINT('',(1.52475E+03,45.));
#3779 = CARTESIAN_POINT('',(1.52475E+03,54.093266739737));
#3780 = CARTESIAN_POINT('',(1.532625E+03,49.546633369868));
#3781 = CARTESIAN_POINT('',(1.5405E+03,45.));
#3782 = CARTESIAN_POINT('',(1.532625E+03,40.453366630132));
#3783 = CARTESIAN_POINT('',(1.52475E+03,35.906733260263));
#3784 = CARTESIAN_POINT('',(1.52475E+03,45.));
#3785 = ( GEOMETRIC_REPRESENTATION_CONTEXT(2) 
PARAMETRIC_REPRESENTATION_CONTEXT() REPRESENTATION_CONTEXT('2D SPACE',''
  ) );
#3786 = PCURVE('',#811,#3787);
#3787 = DEFINITIONAL_REPRESENTATION('',(#3788),#3792);
#3788 = LINE('',#3789,#3790);
#3789 = CARTESIAN_POINT('',(0.,10.));
#3790 = VECTOR('',#3791,1.);
#3791 = DIRECTION('',(1.,0.));
#3792 = ( GEOMETRIC_REPRESENTATION_CONTEXT(2) 
PARAMETRIC_REPRESENTATION_CONTEXT() REPRESENTATION_CONTEXT('2D SPACE',''
  ) );
#3793 = FACE_BOUND('',#3794,.F.);
#3794 = EDGE_LOOP('',(#3795));
#3795 = ORIENTED_EDGE('',*,*,#3796,.T.);
#3796 = EDGE_CURVE('',#3797,#3797,#3799,.T.);
#3797 = VERTEX_POINT('',#3798);
#3798 = CARTESIAN_POINT('',(1.77475E+03,45.,0.));
#3799 = SURFACE_CURVE('',#3800,(#3805,#3816),.PCURVE_S1.);
#3800 = CIRCLE('',#3801,5.25);
#3801 = AXIS2_PLACEMENT_3D('',#3802,#3803,#3804);
#3802 = CARTESIAN_POINT('',(1.78E+03,45.,0.));
#3803 = DIRECTION('',(0.,0.,-1.));
#3804 = DIRECTION('',(-1.,0.,0.));
#3805 = PCURVE('',#72,#3806);
#3806 = DEFINITIONAL_REPRESENTATION('',(#3807),#3815);
#3807 = ( BOUNDED_CURVE() B_SPLINE_CURVE(2,(#3808,#3809,#3810,#3811,
#3812,#3813,#3814),.UNSPECIFIED.,.T.,.F.) B_SPLINE_CURVE_WITH_KNOTS((1,2
    ,2,2,2,1),(-2.094395102393,0.,2.094395102393,4.188790204786,
6.28318530718,8.377580409573),.UNSPECIFIED.) CURVE() 
GEOMETRIC_REPRESENTATION_ITEM() RATIONAL_B_SPLINE_CURVE((1.,0.5,1.,0.5,
1.,0.5,1.)) REPRESENTATION_ITEM('') );
#3808 = CARTESIAN_POINT('',(1.77475E+03,45.));
#3809 = CARTESIAN_POINT('',(1.77475E+03,54.093266739737));
#3810 = CARTESIAN_POINT('',(1.782625E+03,49.546633369868));
#3811 = CARTESIAN_POINT('',(1.7905E+03,45.));
#3812 = CARTESIAN_POINT('',(1.782625E+03,40.453366630132));
#3813 = CARTESIAN_POINT('',(1.77475E+03,35.906733260263));
#3814 = CARTESIAN_POINT('',(1.77475E+03,45.));
#3815 = ( GEOMETRIC_REPRESENTATION_CONTEXT(2) 
PARAMETRIC_REPRESENTATION_CONTEXT() REPRESENTATION_CONTEXT('2D SPACE',''
  ) );
#3816 = PCURVE('',#846,#3817);
#3817 = DEFINITIONAL_REPRESENTATION('',(#3818),#3822);
#3818 = LINE('',#3819,#3820);
#3819 = CARTESIAN_POINT('',(0.,10.));
#3820 = VECTOR('',#3821,1.);
#3821 = DIRECTION('',(1.,0.));
#3822 = ( GEOMETRIC_REPRESENTATION_CONTEXT(2) 
PARAMETRIC_REPRESENTATION_CONTEXT() REPRESENTATION_CONTEXT('2D SPACE',''
  ) );
#3823 = FACE_BOUND('',#3824,.F.);
#3824 = EDGE_LOOP('',(#3825));
#3825 = ORIENTED_EDGE('',*,*,#3826,.T.);
#3826 = EDGE_CURVE('',#3827,#3827,#3829,.T.);
#3827 = VERTEX_POINT('',#3828);
#3828 = CARTESIAN_POINT('',(2.02475E+03,45.,0.));
#3829 = SURFACE_CURVE('',#3830,(#3835,#3846),.PCURVE_S1.);
#3830 = CIRCLE('',#3831,5.25);
#3831 = AXIS2_PLACEMENT_3D('',#3832,#3833,#3834);
#3832 = CARTESIAN_POINT('',(2.03E+03,45.,0.));
#3833 = DIRECTION('',(0.,0.,-1.));
#3834 = DIRECTION('',(-1.,0.,0.));
#3835 = PCURVE('',#72,#3836);
#3836 = DEFINITIONAL_REPRESENTATION('',(#3837),#3845);
#3837 = ( BOUNDED_CURVE() B_SPLINE_CURVE(2,(#3838,#3839,#3840,#3841,
#3842,#3843,#3844),.UNSPECIFIED.,.T.,.F.) B_SPLINE_CURVE_WITH_KNOTS((1,2
    ,2,2,2,1),(-2.094395102393,0.,2.094395102393,4.188790204786,
6.28318530718,8.377580409573),.UNSPECIFIED.) CURVE() 
GEOMETRIC_REPRESENTATION_ITEM() RATIONAL_B_SPLINE_CURVE((1.,0.5,1.,0.5,
1.,0.5,1.)) REPRESENTATION_ITEM('') );
#3838 = CARTESIAN_POINT('',(2.02475E+03,45.));
#3839 = CARTESIAN_POINT('',(2.02475E+03,54.093266739737));
#3840 = CARTESIAN_POINT('',(2.032625E+03,49.546633369868));
#3841 = CARTESIAN_POINT('',(2.0405E+03,45.));
#3842 = CARTESIAN_POINT('',(2.032625E+03,40.453366630132));
#3843 = CARTESIAN_POINT('',(2.02475E+03,35.906733260263));
#3844 = CARTESIAN_POINT('',(2.02475E+03,45.));
#3845 = ( GEOMETRIC_REPRESENTATION_CONTEXT(2) 
PARAMETRIC_REPRESENTATION_CONTEXT() REPRESENTATION_CONTEXT('2D SPACE',''
  ) );
#3846 = PCURVE('',#881,#3847);
#3847 = DEFINITIONAL_REPRESENTATION('',(#3848),#3852);
#3848 = LINE('',#3849,#3850);
#3849 = CARTESIAN_POINT('',(0.,10.));
#3850 = VECTOR('',#3851,1.);
#3851 = DIRECTION('',(1.,0.));
#3852 = ( GEOMETRIC_REPRESENTATION_CONTEXT(2) 
PARAMETRIC_REPRESENTATION_CONTEXT() REPRESENTATION_CONTEXT('2D SPACE',''
  ) );
#3853 = FACE_BOUND('',#3854,.F.);
#3854 = EDGE_LOOP('',(#3855));
#3855 = ORIENTED_EDGE('',*,*,#3856,.T.);
#3856 = EDGE_CURVE('',#3857,#3857,#3859,.T.);
#3857 = VERTEX_POINT('',#3858);
#3858 = CARTESIAN_POINT('',(2.32475E+03,45.,0.));
#3859 = SURFACE_CURVE('',#3860,(#3865,#3876),.PCURVE_S1.);
#3860 = CIRCLE('',#3861,5.25);
#3861 = AXIS2_PLACEMENT_3D('',#3862,#3863,#3864);
#3862 = CARTESIAN_POINT('',(2.33E+03,45.,0.));
#3863 = DIRECTION('',(0.,0.,-1.));
#3864 = DIRECTION('',(-1.,0.,0.));
#3865 = PCURVE('',#72,#3866);
#3866 = DEFINITIONAL_REPRESENTATION('',(#3867),#3875);
#3867 = ( BOUNDED_CURVE() B_SPLINE_CURVE(2,(#3868,#3869,#3870,#3871,
#3872,#3873,#3874),.UNSPECIFIED.,.T.,.F.) B_SPLINE_CURVE_WITH_KNOTS((1,2
    ,2,2,2,1),(-2.094395102393,0.,2.094395102393,4.188790204786,
6.28318530718,8.377580409573),.UNSPECIFIED.) CURVE() 
GEOMETRIC_REPRESENTATION_ITEM() RATIONAL_B_SPLINE_CURVE((1.,0.5,1.,0.5,
1.,0.5,1.)) REPRESENTATION_ITEM('') );
#3868 = CARTESIAN_POINT('',(2.32475E+03,45.));
#3869 = CARTESIAN_POINT('',(2.32475E+03,54.093266739737));
#3870 = CARTESIAN_POINT('',(2.332625E+03,49.546633369868));
#3871 = CARTESIAN_POINT('',(2.3405E+03,45.));
#3872 = CARTESIAN_POINT('',(2.332625E+03,40.453366630132));
#3873 = CARTESIAN_POINT('',(2.32475E+03,35.906733260263));
#3874 = CARTESIAN_POINT('',(2.32475E+03,45.));
#3875 = ( GEOMETRIC_REPRESENTATION_CONTEXT(2) 
PARAMETRIC_REPRESENTATION_CONTEXT() REPRESENTATION_CONTEXT('2D SPACE',''
  ) );
#3876 = PCURVE('',#916,#3877);
#3877 = DEFINITIONAL_REPRESENTATION('',(#3878),#3882);
#3878 = LINE('',#3879,#3880);
#3879 = CARTESIAN_POINT('',(0.,10.));
#3880 = VECTOR('',#3881,1.);
#3881 = DIRECTION('',(1.,0.));
#3882 = ( GEOMETRIC_REPRESENTATION_CONTEXT(2) 
PARAMETRIC_REPRESENTATION_CONTEXT() REPRESENTATION_CONTEXT('2D SPACE',''
  ) );
#3883 = FACE_BOUND('',#3884,.F.);
#3884 = EDGE_LOOP('',(#3885));
#3885 = ORIENTED_EDGE('',*,*,#3886,.T.);
#3886 = EDGE_CURVE('',#3887,#3887,#3889,.T.);
#3887 = VERTEX_POINT('',#3888);
#3888 = CARTESIAN_POINT('',(2.67475E+03,45.,0.));
#3889 = SURFACE_CURVE('',#3890,(#3895,#3906),.PCURVE_S1.);
#3890 = CIRCLE('',#3891,5.25);
#3891 = AXIS2_PLACEMENT_3D('',#3892,#3893,#3894);
#3892 = CARTESIAN_POINT('',(2.68E+03,45.,0.));
#3893 = DIRECTION('',(0.,0.,-1.));
#3894 = DIRECTION('',(-1.,0.,0.));
#3895 = PCURVE('',#72,#3896);
#3896 = DEFINITIONAL_REPRESENTATION('',(#3897),#3905);
#3897 = ( BOUNDED_CURVE() B_SPLINE_CURVE(2,(#3898,#3899,#3900,#3901,
#3902,#3903,#3904),.UNSPECIFIED.,.T.,.F.) B_SPLINE_CURVE_WITH_KNOTS((1,2
    ,2,2,2,1),(-2.094395102393,0.,2.094395102393,4.188790204786,
6.28318530718,8.377580409573),.UNSPECIFIED.) CURVE() 
GEOMETRIC_REPRESENTATION_ITEM() RATIONAL_B_SPLINE_CURVE((1.,0.5,1.,0.5,
1.,0.5,1.)) REPRESENTATION_ITEM('') );
#3898 = CARTESIAN_POINT('',(2.67475E+03,45.));
#3899 = CARTESIAN_POINT('',(2.67475E+03,54.093266739737));
#3900 = CARTESIAN_POINT('',(2.682625E+03,49.546633369868));
#3901 = CARTESIAN_POINT('',(2.6905E+03,45.));
#3902 = CARTESIAN_POINT('',(2.682625E+03,40.453366630132));
#3903 = CARTESIAN_POINT('',(2.67475E+03,35.906733260263));
#3904 = CARTESIAN_POINT('',(2.67475E+03,45.));
#3905 = ( GEOMETRIC_REPRESENTATION_CONTEXT(2) 
PARAMETRIC_REPRESENTATION_CONTEXT() REPRESENTATION_CONTEXT('2D SPACE',''
  ) );
#3906 = PCURVE('',#951,#3907);
#3907 = DEFINITIONAL_REPRESENTATION('',(#3908),#3912);
#3908 = LINE('',#3909,#3910);
#3909 = CARTESIAN_POINT('',(0.,10.));
#3910 = VECTOR('',#3911,1.);
#3911 = DIRECTION('',(1.,0.));
#3912 = ( GEOMETRIC_REPRESENTATION_CONTEXT(2) 
PARAMETRIC_REPRESENTATION_CONTEXT() REPRESENTATION_CONTEXT('2D SPACE',''
  ) );
#3913 = FACE_BOUND('',#3914,.F.);
#3914 = EDGE_LOOP('',(#3915));
#3915 = ORIENTED_EDGE('',*,*,#3916,.T.);
#3916 = EDGE_CURVE('',#3917,#3917,#3919,.T.);
#3917 = VERTEX_POINT('',#3918);
#3918 = CARTESIAN_POINT('',(3.02475E+03,45.,0.));
#3919 = SURFACE_CURVE('',#3920,(#3925,#3936),.PCURVE_S1.);
#3920 = CIRCLE('',#3921,5.25);
#3921 = AXIS2_PLACEMENT_3D('',#3922,#3923,#3924);
#3922 = CARTESIAN_POINT('',(3.03E+03,45.,0.));
#3923 = DIRECTION('',(0.,0.,-1.));
#3924 = DIRECTION('',(-1.,0.,0.));
#3925 = PCURVE('',#72,#3926);
#3926 = DEFINITIONAL_REPRESENTATION('',(#3927),#3935);
#3927 = ( BOUNDED_CURVE() B_SPLINE_CURVE(2,(#3928,#3929,#3930,#3931,
#3932,#3933,#3934),.UNSPECIFIED.,.T.,.F.) B_SPLINE_CURVE_WITH_KNOTS((1,2
    ,2,2,2,1),(-2.094395102393,0.,2.094395102393,4.188790204786,
6.28318530718,8.377580409573),.UNSPECIFIED.) CURVE() 
GEOMETRIC_REPRESENTATION_ITEM() RATIONAL_B_SPLINE_CURVE((1.,0.5,1.,0.5,
1.,0.5,1.)) REPRESENTATION_ITEM('') );
#3928 = CARTESIAN_POINT('',(3.02475E+03,45.));
#3929 = CARTESIAN_POINT('',(3.02475E+03,54.093266739737));
#3930 = CARTESIAN_POINT('',(3.032625E+03,49.546633369868));
#3931 = CARTESIAN_POINT('',(3.0405E+03,45.));
#3932 = CARTESIAN_POINT('',(3.032625E+03,40.453366630132));
#3933 = CARTESIAN_POINT('',(3.02475E+03,35.906733260263));
#3934 = CARTESIAN_POINT('',(3.02475E+03,45.));
#3935 = ( GEOMETRIC_REPRESENTATION_CONTEXT(2) 
PARAMETRIC_REPRESENTATION_CONTEXT() REPRESENTATION_CONTEXT('2D SPACE',''
  ) );
#3936 = PCURVE('',#986,#3937);
#3937 = DEFINITIONAL_REPRESENTATION('',(#3938),#3942);
#3938 = LINE('',#3939,#3940);
#3939 = CARTESIAN_POINT('',(0.,10.));
#3940 = VECTOR('',#3941,1.);
#3941 = DIRECTION('',(1.,0.));
#3942 = ( GEOMETRIC_REPRESENTATION_CONTEXT(2) 
PARAMETRIC_REPRESENTATION_CONTEXT() REPRESENTATION_CONTEXT('2D SPACE',''
  ) );
#3943 = FACE_BOUND('',#3944,.F.);
#3944 = EDGE_LOOP('',(#3945));
#3945 = ORIENTED_EDGE('',*,*,#3946,.T.);
#3946 = EDGE_CURVE('',#3947,#3947,#3949,.T.);
#3947 = VERTEX_POINT('',#3948);
#3948 = CARTESIAN_POINT('',(3.36975E+03,45.,0.));
#3949 = SURFACE_CURVE('',#3950,(#3955,#3966),.PCURVE_S1.);
#3950 = CIRCLE('',#3951,5.25);
#3951 = AXIS2_PLACEMENT_3D('',#3952,#3953,#3954);
#3952 = CARTESIAN_POINT('',(3.375E+03,45.,0.));
#3953 = DIRECTION('',(0.,0.,-1.));
#3954 = DIRECTION('',(-1.,0.,0.));
#3955 = PCURVE('',#72,#3956);
#3956 = DEFINITIONAL_REPRESENTATION('',(#3957),#3965);
#3957 = ( BOUNDED_CURVE() B_SPLINE_CURVE(2,(#3958,#3959,#3960,#3961,
#3962,#3963,#3964),.UNSPECIFIED.,.T.,.F.) B_SPLINE_CURVE_WITH_KNOTS((1,2
    ,2,2,2,1),(-2.094395102393,0.,2.094395102393,4.188790204786,
6.28318530718,8.377580409573),.UNSPECIFIED.) CURVE() 
GEOMETRIC_REPRESENTATION_ITEM() RATIONAL_B_SPLINE_CURVE((1.,0.5,1.,0.5,
1.,0.5,1.)) REPRESENTATION_ITEM('') );
#3958 = CARTESIAN_POINT('',(3.36975E+03,45.));
#3959 = CARTESIAN_POINT('',(3.36975E+03,54.093266739737));
#3960 = CARTESIAN_POINT('',(3.377625E+03,49.546633369868));
#3961 = CARTESIAN_POINT('',(3.3855E+03,45.));
#3962 = CARTESIAN_POINT('',(3.377625E+03,40.453366630132));
#3963 = CARTESIAN_POINT('',(3.36975E+03,35.906733260263));
#3964 = CARTESIAN_POINT('',(3.36975E+03,45.));
#3965 = ( GEOMETRIC_REPRESENTATION_CONTEXT(2) 
PARAMETRIC_REPRESENTATION_CONTEXT() REPRESENTATION_CONTEXT('2D SPACE',''
  ) );
#3966 = PCURVE('',#1021,#3967);
#3967 = DEFINITIONAL_REPRESENTATION('',(#3968),#3972);
#3968 = LINE('',#3969,#3970);
#3969 = CARTESIAN_POINT('',(0.,10.));
#3970 = VECTOR('',#3971,1.);
#3971 = DIRECTION('',(1.,0.));
#3972 = ( GEOMETRIC_REPRESENTATION_CONTEXT(2) 
PARAMETRIC_REPRESENTATION_CONTEXT() REPRESENTATION_CONTEXT('2D SPACE',''
  ) );
#3973 = FACE_BOUND('',#3974,.F.);
#3974 = EDGE_LOOP('',(#3975));
#3975 = ORIENTED_EDGE('',*,*,#3976,.T.);
#3976 = EDGE_CURVE('',#3977,#3977,#3979,.T.);
#3977 = VERTEX_POINT('',#3978);
#3978 = CARTESIAN_POINT('',(3.71975E+03,45.,0.));
#3979 = SURFACE_CURVE('',#3980,(#3985,#3996),.PCURVE_S1.);
#3980 = CIRCLE('',#3981,5.25);
#3981 = AXIS2_PLACEMENT_3D('',#3982,#3983,#3984);
#3982 = CARTESIAN_POINT('',(3.725E+03,45.,0.));
#3983 = DIRECTION('',(0.,0.,-1.));
#3984 = DIRECTION('',(-1.,0.,0.));
#3985 = PCURVE('',#72,#3986);
#3986 = DEFINITIONAL_REPRESENTATION('',(#3987),#3995);
#3987 = ( BOUNDED_CURVE() B_SPLINE_CURVE(2,(#3988,#3989,#3990,#3991,
#3992,#3993,#3994),.UNSPECIFIED.,.T.,.F.) B_SPLINE_CURVE_WITH_KNOTS((1,2
    ,2,2,2,1),(-2.094395102393,0.,2.094395102393,4.188790204786,
6.28318530718,8.377580409573),.UNSPECIFIED.) CURVE() 
GEOMETRIC_REPRESENTATION_ITEM() RATIONAL_B_SPLINE_CURVE((1.,0.5,1.,0.5,
1.,0.5,1.)) REPRESENTATION_ITEM('') );
#3988 = CARTESIAN_POINT('',(3.71975E+03,45.));
#3989 = CARTESIAN_POINT('',(3.71975E+03,54.093266739737));
#3990 = CARTESIAN_POINT('',(3.727625E+03,49.546633369868));
#3991 = CARTESIAN_POINT('',(3.7355E+03,45.));
#3992 = CARTESIAN_POINT('',(3.727625E+03,40.453366630132));
#3993 = CARTESIAN_POINT('',(3.71975E+03,35.906733260263));
#3994 = CARTESIAN_POINT('',(3.71975E+03,45.));
#3995 = ( GEOMETRIC_REPRESENTATION_CONTEXT(2) 
PARAMETRIC_REPRESENTATION_CONTEXT() REPRESENTATION_CONTEXT('2D SPACE',''
  ) );
#3996 = PCURVE('',#1056,#3997);
#3997 = DEFINITIONAL_REPRESENTATION('',(#3998),#4002);
#3998 = LINE('',#3999,#4000);
#3999 = CARTESIAN_POINT('',(0.,10.));
#4000 = VECTOR('',#4001,1.);
#4001 = DIRECTION('',(1.,0.));
#4002 = ( GEOMETRIC_REPRESENTATION_CONTEXT(2) 
PARAMETRIC_REPRESENTATION_CONTEXT() REPRESENTATION_CONTEXT('2D SPACE',''
  ) );
#4003 = FACE_BOUND('',#4004,.F.);
#4004 = EDGE_LOOP('',(#4005));
#4005 = ORIENTED_EDGE('',*,*,#4006,.T.);
#4006 = EDGE_CURVE('',#4007,#4007,#4009,.T.);
#4007 = VERTEX_POINT('',#4008);
#4008 = CARTESIAN_POINT('',(3.96975E+03,45.,0.));
#4009 = SURFACE_CURVE('',#4010,(#4015,#4026),.PCURVE_S1.);
#4010 = CIRCLE('',#4011,5.25);
#4011 = AXIS2_PLACEMENT_3D('',#4012,#4013,#4014);
#4012 = CARTESIAN_POINT('',(3.975E+03,45.,0.));
#4013 = DIRECTION('',(0.,0.,-1.));
#4014 = DIRECTION('',(-1.,0.,0.));
#4015 = PCURVE('',#72,#4016);
#4016 = DEFINITIONAL_REPRESENTATION('',(#4017),#4025);
#4017 = ( BOUNDED_CURVE() B_SPLINE_CURVE(2,(#4018,#4019,#4020,#4021,
#4022,#4023,#4024),.UNSPECIFIED.,.T.,.F.) B_SPLINE_CURVE_WITH_KNOTS((1,2
    ,2,2,2,1),(-2.094395102393,0.,2.094395102393,4.188790204786,
6.28318530718,8.377580409573),.UNSPECIFIED.) CURVE() 
GEOMETRIC_REPRESENTATION_ITEM() RATIONAL_B_SPLINE_CURVE((1.,0.5,1.,0.5,
1.,0.5,1.)) REPRESENTATION_ITEM('') );
#4018 = CARTESIAN_POINT('',(3.96975E+03,45.));
#4019 = CARTESIAN_POINT('',(3.96975E+03,54.093266739737));
#4020 = CARTESIAN_POINT('',(3.977625E+03,49.546633369868));
#4021 = CARTESIAN_POINT('',(3.9855E+03,45.));
#4022 = CARTESIAN_POINT('',(3.977625E+03,40.453366630132));
#4023 = CARTESIAN_POINT('',(3.96975E+03,35.906733260263));
#4024 = CARTESIAN_POINT('',(3.96975E+03,45.));
#4025 = ( GEOMETRIC_REPRESENTATION_CONTEXT(2) 
PARAMETRIC_REPRESENTATION_CONTEXT() REPRESENTATION_CONTEXT('2D SPACE',''
  ) );
#4026 = PCURVE('',#1091,#4027);
#4027 = DEFINITIONAL_REPRESENTATION('',(#4028),#4032);
#4028 = LINE('',#4029,#4030);
#4029 = CARTESIAN_POINT('',(0.,10.));
#4030 = VECTOR('',#4031,1.);
#4031 = DIRECTION('',(1.,0.));
#4032 = ( GEOMETRIC_REPRESENTATION_CONTEXT(2) 
PARAMETRIC_REPRESENTATION_CONTEXT() REPRESENTATION_CONTEXT('2D SPACE',''
  ) );
#4033 = FACE_BOUND('',#4034,.F.);
#4034 = EDGE_LOOP('',(#4035));
#4035 = ORIENTED_EDGE('',*,*,#4036,.T.);
#4036 = EDGE_CURVE('',#4037,#4037,#4039,.T.);
#4037 = VERTEX_POINT('',#4038);
#4038 = CARTESIAN_POINT('',(4.11975E+03,45.,0.));
#4039 = SURFACE_CURVE('',#4040,(#4045,#4056),.PCURVE_S1.);
#4040 = CIRCLE('',#4041,5.25);
#4041 = AXIS2_PLACEMENT_3D('',#4042,#4043,#4044);
#4042 = CARTESIAN_POINT('',(4.125E+03,45.,0.));
#4043 = DIRECTION('',(0.,0.,-1.));
#4044 = DIRECTION('',(-1.,0.,0.));
#4045 = PCURVE('',#72,#4046);
#4046 = DEFINITIONAL_REPRESENTATION('',(#4047),#4055);
#4047 = ( BOUNDED_CURVE() B_SPLINE_CURVE(2,(#4048,#4049,#4050,#4051,
#4052,#4053,#4054),.UNSPECIFIED.,.T.,.F.) B_SPLINE_CURVE_WITH_KNOTS((1,2
    ,2,2,2,1),(-2.094395102393,0.,2.094395102393,4.188790204786,
6.28318530718,8.377580409573),.UNSPECIFIED.) CURVE() 
GEOMETRIC_REPRESENTATION_ITEM() RATIONAL_B_SPLINE_CURVE((1.,0.5,1.,0.5,
1.,0.5,1.)) REPRESENTATION_ITEM('') );
#4048 = CARTESIAN_POINT('',(4.11975E+03,45.));
#4049 = CARTESIAN_POINT('',(4.11975E+03,54.093266739737));
#4050 = CARTESIAN_POINT('',(4.127625E+03,49.546633369868));
#4051 = CARTESIAN_POINT('',(4.1355E+03,45.));
#4052 = CARTESIAN_POINT('',(4.127625E+03,40.453366630132));
#4053 = CARTESIAN_POINT('',(4.11975E+03,35.906733260263));
#4054 = CARTESIAN_POINT('',(4.11975E+03,45.));
#4055 = ( GEOMETRIC_REPRESENTATION_CONTEXT(2) 
PARAMETRIC_REPRESENTATION_CONTEXT() REPRESENTATION_CONTEXT('2D SPACE',''
  ) );
#4056 = PCURVE('',#1126,#4057);
#4057 = DEFINITIONAL_REPRESENTATION('',(#4058),#4062);
#4058 = LINE('',#4059,#4060);
#4059 = CARTESIAN_POINT('',(0.,10.));
#4060 = VECTOR('',#4061,1.);
#4061 = DIRECTION('',(1.,0.));
#4062 = ( GEOMETRIC_REPRESENTATION_CONTEXT(2) 
PARAMETRIC_REPRESENTATION_CONTEXT() REPRESENTATION_CONTEXT('2D SPACE',''
  ) );
#4063 = FACE_BOUND('',#4064,.F.);
#4064 = EDGE_LOOP('',(#4065));
#4065 = ORIENTED_EDGE('',*,*,#4066,.T.);
#4066 = EDGE_CURVE('',#4067,#4067,#4069,.T.);
#4067 = VERTEX_POINT('',#4068);
#4068 = CARTESIAN_POINT('',(4.26975E+03,45.,0.));
#4069 = SURFACE_CURVE('',#4070,(#4075,#4086),.PCURVE_S1.);
#4070 = CIRCLE('',#4071,5.25);
#4071 = AXIS2_PLACEMENT_3D('',#4072,#4073,#4074);
#4072 = CARTESIAN_POINT('',(4.275E+03,45.,0.));
#4073 = DIRECTION('',(0.,0.,-1.));
#4074 = DIRECTION('',(-1.,0.,0.));
#4075 = PCURVE('',#72,#4076);
#4076 = DEFINITIONAL_REPRESENTATION('',(#4077),#4085);
#4077 = ( BOUNDED_CURVE() B_SPLINE_CURVE(2,(#4078,#4079,#4080,#4081,
#4082,#4083,#4084),.UNSPECIFIED.,.T.,.F.) B_SPLINE_CURVE_WITH_KNOTS((1,2
    ,2,2,2,1),(-2.094395102393,0.,2.094395102393,4.188790204786,
6.28318530718,8.377580409573),.UNSPECIFIED.) CURVE() 
GEOMETRIC_REPRESENTATION_ITEM() RATIONAL_B_SPLINE_CURVE((1.,0.5,1.,0.5,
1.,0.5,1.)) REPRESENTATION_ITEM('') );
#4078 = CARTESIAN_POINT('',(4.26975E+03,45.));
#4079 = CARTESIAN_POINT('',(4.26975E+03,54.093266739737));
#4080 = CARTESIAN_POINT('',(4.277625E+03,49.546633369868));
#4081 = CARTESIAN_POINT('',(4.2855E+03,45.));
#4082 = CARTESIAN_POINT('',(4.277625E+03,40.453366630132));
#4083 = CARTESIAN_POINT('',(4.26975E+03,35.906733260263));
#4084 = CARTESIAN_POINT('',(4.26975E+03,45.));
#4085 = ( GEOMETRIC_REPRESENTATION_CONTEXT(2) 
PARAMETRIC_REPRESENTATION_CONTEXT() REPRESENTATION_CONTEXT('2D SPACE',''
  ) );
#4086 = PCURVE('',#1161,#4087);
#4087 = DEFINITIONAL_REPRESENTATION('',(#4088),#4092);
#4088 = LINE('',#4089,#4090);
#4089 = CARTESIAN_POINT('',(0.,10.));
#4090 = VECTOR('',#4091,1.);
#4091 = DIRECTION('',(1.,0.));
#4092 = ( GEOMETRIC_REPRESENTATION_CONTEXT(2) 
PARAMETRIC_REPRESENTATION_CONTEXT() REPRESENTATION_CONTEXT('2D SPACE',''
  ) );
#4093 = FACE_BOUND('',#4094,.F.);
#4094 = EDGE_LOOP('',(#4095));
#4095 = ORIENTED_EDGE('',*,*,#4096,.T.);
#4096 = EDGE_CURVE('',#4097,#4097,#4099,.T.);
#4097 = VERTEX_POINT('',#4098);
#4098 = CARTESIAN_POINT('',(4.41975E+03,45.,0.));
#4099 = SURFACE_CURVE('',#4100,(#4105,#4116),.PCURVE_S1.);
#4100 = CIRCLE('',#4101,5.25);
#4101 = AXIS2_PLACEMENT_3D('',#4102,#4103,#4104);
#4102 = CARTESIAN_POINT('',(4.425E+03,45.,0.));
#4103 = DIRECTION('',(0.,0.,-1.));
#4104 = DIRECTION('',(-1.,0.,0.));
#4105 = PCURVE('',#72,#4106);
#4106 = DEFINITIONAL_REPRESENTATION('',(#4107),#4115);
#4107 = ( BOUNDED_CURVE() B_SPLINE_CURVE(2,(#4108,#4109,#4110,#4111,
#4112,#4113,#4114),.UNSPECIFIED.,.T.,.F.) B_SPLINE_CURVE_WITH_KNOTS((1,2
    ,2,2,2,1),(-2.094395102393,0.,2.094395102393,4.188790204786,
6.28318530718,8.377580409573),.UNSPECIFIED.) CURVE() 
GEOMETRIC_REPRESENTATION_ITEM() RATIONAL_B_SPLINE_CURVE((1.,0.5,1.,0.5,
1.,0.5,1.)) REPRESENTATION_ITEM('') );
#4108 = CARTESIAN_POINT('',(4.41975E+03,45.));
#4109 = CARTESIAN_POINT('',(4.41975E+03,54.093266739737));
#4110 = CARTESIAN_POINT('',(4.427625E+03,49.546633369868));
#4111 = CARTESIAN_POINT('',(4.4355E+03,45.));
#4112 = CARTESIAN_POINT('',(4.427625E+03,40.453366630132));
#4113 = CARTESIAN_POINT('',(4.41975E+03,35.906733260263));
#4114 = CARTESIAN_POINT('',(4.41975E+03,45.));
#4115 = ( GEOMETRIC_REPRESENTATION_CONTEXT(2) 
PARAMETRIC_REPRESENTATION_CONTEXT() REPRESENTATION_CONTEXT('2D SPACE',''
  ) );
#4116 = PCURVE('',#1196,#4117);
#4117 = DEFINITIONAL_REPRESENTATION('',(#4118),#4122);
#4118 = LINE('',#4119,#4120);
#4119 = CARTESIAN_POINT('',(0.,10.));
#4120 = VECTOR('',#4121,1.);
#4121 = DIRECTION('',(1.,0.));
#4122 = ( GEOMETRIC_REPRESENTATION_CONTEXT(2) 
PARAMETRIC_REPRESENTATION_CONTEXT() REPRESENTATION_CONTEXT('2D SPACE',''
  ) );
#4123 = FACE_BOUND('',#4124,.F.);
#4124 = EDGE_LOOP('',(#4125));
#4125 = ORIENTED_EDGE('',*,*,#4126,.T.);
#4126 = EDGE_CURVE('',#4127,#4127,#4129,.T.);
#4127 = VERTEX_POINT('',#4128);
#4128 = CARTESIAN_POINT('',(4.56975E+03,45.,0.));
#4129 = SURFACE_CURVE('',#4130,(#4135,#4146),.PCURVE_S1.);
#4130 = CIRCLE('',#4131,5.25);
#4131 = AXIS2_PLACEMENT_3D('',#4132,#4133,#4134);
#4132 = CARTESIAN_POINT('',(4.575E+03,45.,0.));
#4133 = DIRECTION('',(0.,0.,-1.));
#4134 = DIRECTION('',(-1.,0.,0.));
#4135 = PCURVE('',#72,#4136);
#4136 = DEFINITIONAL_REPRESENTATION('',(#4137),#4145);
#4137 = ( BOUNDED_CURVE() B_SPLINE_CURVE(2,(#4138,#4139,#4140,#4141,
#4142,#4143,#4144),.UNSPECIFIED.,.T.,.F.) B_SPLINE_CURVE_WITH_KNOTS((1,2
    ,2,2,2,1),(-2.094395102393,0.,2.094395102393,4.188790204786,
6.28318530718,8.377580409573),.UNSPECIFIED.) CURVE() 
GEOMETRIC_REPRESENTATION_ITEM() RATIONAL_B_SPLINE_CURVE((1.,0.5,1.,0.5,
1.,0.5,1.)) REPRESENTATION_ITEM('') );
#4138 = CARTESIAN_POINT('',(4.56975E+03,45.));
#4139 = CARTESIAN_POINT('',(4.56975E+03,54.093266739737));
#4140 = CARTESIAN_POINT('',(4.577625E+03,49.546633369868));
#4141 = CARTESIAN_POINT('',(4.5855E+03,45.));
#4142 = CARTESIAN_POINT('',(4.577625E+03,40.453366630132));
#4143 = CARTESIAN_POINT('',(4.56975E+03,35.906733260263));
#4144 = CARTESIAN_POINT('',(4.56975E+03,45.));
#4145 = ( GEOMETRIC_REPRESENTATION_CONTEXT(2) 
PARAMETRIC_REPRESENTATION_CONTEXT() REPRESENTATION_CONTEXT('2D SPACE',''
  ) );
#4146 = PCURVE('',#1231,#4147);
#4147 = DEFINITIONAL_REPRESENTATION('',(#4148),#4152);
#4148 = LINE('',#4149,#4150);
#4149 = CARTESIAN_POINT('',(0.,10.));
#4150 = VECTOR('',#4151,1.);
#4151 = DIRECTION('',(1.,0.));
#4152 = ( GEOMETRIC_REPRESENTATION_CONTEXT(2) 
PARAMETRIC_REPRESENTATION_CONTEXT() REPRESENTATION_CONTEXT('2D SPACE',''
  ) );
#4153 = FACE_BOUND('',#4154,.F.);
#4154 = EDGE_LOOP('',(#4155));
#4155 = ORIENTED_EDGE('',*,*,#4156,.T.);
#4156 = EDGE_CURVE('',#4157,#4157,#4159,.T.);
#4157 = VERTEX_POINT('',#4158);
#4158 = CARTESIAN_POINT('',(4.71975E+03,45.,0.));
#4159 = SURFACE_CURVE('',#4160,(#4165,#4176),.PCURVE_S1.);
#4160 = CIRCLE('',#4161,5.25);
#4161 = AXIS2_PLACEMENT_3D('',#4162,#4163,#4164);
#4162 = CARTESIAN_POINT('',(4.725E+03,45.,0.));
#4163 = DIRECTION('',(0.,0.,-1.));
#4164 = DIRECTION('',(-1.,0.,0.));
#4165 = PCURVE('',#72,#4166);
#4166 = DEFINITIONAL_REPRESENTATION('',(#4167),#4175);
#4167 = ( BOUNDED_CURVE() B_SPLINE_CURVE(2,(#4168,#4169,#4170,#4171,
#4172,#4173,#4174),.UNSPECIFIED.,.T.,.F.) B_SPLINE_CURVE_WITH_KNOTS((1,2
    ,2,2,2,1),(-2.094395102393,0.,2.094395102393,4.188790204786,
6.28318530718,8.377580409573),.UNSPECIFIED.) CURVE() 
GEOMETRIC_REPRESENTATION_ITEM() RATIONAL_B_SPLINE_CURVE((1.,0.5,1.,0.5,
1.,0.5,1.)) REPRESENTATION_ITEM('') );
#4168 = CARTESIAN_POINT('',(4.71975E+03,45.));
#4169 = CARTESIAN_POINT('',(4.71975E+03,54.093266739737));
#4170 = CARTESIAN_POINT('',(4.727625E+03,49.546633369868));
#4171 = CARTESIAN_POINT('',(4.7355E+03,45.));
#4172 = CARTESIAN_POINT('',(4.727625E+03,40.453366630132));
#4173 = CARTESIAN_POINT('',(4.71975E+03,35.906733260263));
#4174 = CARTESIAN_POINT('',(4.71975E+03,45.));
#4175 = ( GEOMETRIC_REPRESENTATION_CONTEXT(2) 
PARAMETRIC_REPRESENTATION_CONTEXT() REPRESENTATION_CONTEXT('2D SPACE',''
  ) );
#4176 = PCURVE('',#1266,#4177);
#4177 = DEFINITIONAL_REPRESENTATION('',(#4178),#4182);
#4178 = LINE('',#4179,#4180);
#4179 = CARTESIAN_POINT('',(0.,10.));
#4180 = VECTOR('',#4181,1.);
#4181 = DIRECTION('',(1.,0.));
#4182 = ( GEOMETRIC_REPRESENTATION_CONTEXT(2) 
PARAMETRIC_REPRESENTATION_CONTEXT() REPRESENTATION_CONTEXT('2D SPACE',''
  ) );
#4183 = FACE_BOUND('',#4184,.F.);
#4184 = EDGE_LOOP('',(#4185));
#4185 = ORIENTED_EDGE('',*,*,#4186,.T.);
#4186 = EDGE_CURVE('',#4187,#4187,#4189,.T.);
#4187 = VERTEX_POINT('',#4188);
#4188 = CARTESIAN_POINT('',(4.86975E+03,45.,0.));
#4189 = SURFACE_CURVE('',#4190,(#4195,#4206),.PCURVE_S1.);
#4190 = CIRCLE('',#4191,5.25);
#4191 = AXIS2_PLACEMENT_3D('',#4192,#4193,#4194);
#4192 = CARTESIAN_POINT('',(4.875E+03,45.,0.));
#4193 = DIRECTION('',(0.,0.,-1.));
#4194 = DIRECTION('',(-1.,0.,0.));
#4195 = PCURVE('',#72,#4196);
#4196 = DEFINITIONAL_REPRESENTATION('',(#4197),#4205);
#4197 = ( BOUNDED_CURVE() B_SPLINE_CURVE(2,(#4198,#4199,#4200,#4201,
#4202,#4203,#4204),.UNSPECIFIED.,.T.,.F.) B_SPLINE_CURVE_WITH_KNOTS((1,2
    ,2,2,2,1),(-2.094395102393,0.,2.094395102393,4.188790204786,
6.28318530718,8.377580409573),.UNSPECIFIED.) CURVE() 
GEOMETRIC_REPRESENTATION_ITEM() RATIONAL_B_SPLINE_CURVE((1.,0.5,1.,0.5,
1.,0.5,1.)) REPRESENTATION_ITEM('') );
#4198 = CARTESIAN_POINT('',(4.86975E+03,45.));
#4199 = CARTESIAN_POINT('',(4.86975E+03,54.093266739737));
#4200 = CARTESIAN_POINT('',(4.877625E+03,49.546633369868));
#4201 = CARTESIAN_POINT('',(4.8855E+03,45.));
#4202 = CARTESIAN_POINT('',(4.877625E+03,40.453366630132));
#4203 = CARTESIAN_POINT('',(4.86975E+03,35.906733260263));
#4204 = CARTESIAN_POINT('',(4.86975E+03,45.));
#4205 = ( GEOMETRIC_REPRESENTATION_CONTEXT(2) 
PARAMETRIC_REPRESENTATION_CONTEXT() REPRESENTATION_CONTEXT('2D SPACE',''
  ) );
#4206 = PCURVE('',#1301,#4207);
#4207 = DEFINITIONAL_REPRESENTATION('',(#4208),#4212);
#4208 = LINE('',#4209,#4210);
#4209 = CARTESIAN_POINT('',(0.,10.));
#4210 = VECTOR('',#4211,1.);
#4211 = DIRECTION('',(1.,0.));
#4212 = ( GEOMETRIC_REPRESENTATION_CONTEXT(2) 
PARAMETRIC_REPRESENTATION_CONTEXT() REPRESENTATION_CONTEXT('2D SPACE',''
  ) );
#4213 = FACE_BOUND('',#4214,.F.);
#4214 = EDGE_LOOP('',(#4215));
#4215 = ORIENTED_EDGE('',*,*,#4216,.T.);
#4216 = EDGE_CURVE('',#4217,#4217,#4219,.T.);
#4217 = VERTEX_POINT('',#4218);
#4218 = CARTESIAN_POINT('',(5.01975E+03,45.,0.));
#4219 = SURFACE_CURVE('',#4220,(#4225,#4236),.PCURVE_S1.);
#4220 = CIRCLE('',#4221,5.25);
#4221 = AXIS2_PLACEMENT_3D('',#4222,#4223,#4224);
#4222 = CARTESIAN_POINT('',(5.025E+03,45.,0.));
#4223 = DIRECTION('',(0.,0.,-1.));
#4224 = DIRECTION('',(-1.,0.,0.));
#4225 = PCURVE('',#72,#4226);
#4226 = DEFINITIONAL_REPRESENTATION('',(#4227),#4235);
#4227 = ( BOUNDED_CURVE() B_SPLINE_CURVE(2,(#4228,#4229,#4230,#4231,
#4232,#4233,#4234),.UNSPECIFIED.,.T.,.F.) B_SPLINE_CURVE_WITH_KNOTS((1,2
    ,2,2,2,1),(-2.094395102393,0.,2.094395102393,4.188790204786,
6.28318530718,8.377580409573),.UNSPECIFIED.) CURVE() 
GEOMETRIC_REPRESENTATION_ITEM() RATIONAL_B_SPLINE_CURVE((1.,0.5,1.,0.5,
1.,0.5,1.)) REPRESENTATION_ITEM('') );
#4228 = CARTESIAN_POINT('',(5.01975E+03,45.));
#4229 = CARTESIAN_POINT('',(5.01975E+03,54.093266739737));
#4230 = CARTESIAN_POINT('',(5.027625E+03,49.546633369868));
#4231 = CARTESIAN_POINT('',(5.0355E+03,45.));
#4232 = CARTESIAN_POINT('',(5.027625E+03,40.453366630132));
#4233 = CARTESIAN_POINT('',(5.01975E+03,35.906733260263));
#4234 = CARTESIAN_POINT('',(5.01975E+03,45.));
#4235 = ( GEOMETRIC_REPRESENTATION_CONTEXT(2) 
PARAMETRIC_REPRESENTATION_CONTEXT() REPRESENTATION_CONTEXT('2D SPACE',''
  ) );
#4236 = PCURVE('',#1336,#4237);
#4237 = DEFINITIONAL_REPRESENTATION('',(#4238),#4242);
#4238 = LINE('',#4239,#4240);
#4239 = CARTESIAN_POINT('',(0.,10.));
#4240 = VECTOR('',#4241,1.);
#4241 = DIRECTION('',(1.,0.));
#4242 = ( GEOMETRIC_REPRESENTATION_CONTEXT(2) 
PARAMETRIC_REPRESENTATION_CONTEXT() REPRESENTATION_CONTEXT('2D SPACE',''
  ) );
#4243 = FACE_BOUND('',#4244,.F.);
#4244 = EDGE_LOOP('',(#4245));
#4245 = ORIENTED_EDGE('',*,*,#4246,.T.);
#4246 = EDGE_CURVE('',#4247,#4247,#4249,.T.);
#4247 = VERTEX_POINT('',#4248);
#4248 = CARTESIAN_POINT('',(5.12975E+03,45.,0.));
#4249 = SURFACE_CURVE('',#4250,(#4255,#4266),.PCURVE_S1.);
#4250 = CIRCLE('',#4251,5.25);
#4251 = AXIS2_PLACEMENT_3D('',#4252,#4253,#4254);
#4252 = CARTESIAN_POINT('',(5.135E+03,45.,0.));
#4253 = DIRECTION('',(0.,0.,-1.));
#4254 = DIRECTION('',(-1.,0.,0.));
#4255 = PCURVE('',#72,#4256);
#4256 = DEFINITIONAL_REPRESENTATION('',(#4257),#4265);
#4257 = ( BOUNDED_CURVE() B_SPLINE_CURVE(2,(#4258,#4259,#4260,#4261,
#4262,#4263,#4264),.UNSPECIFIED.,.T.,.F.) B_SPLINE_CURVE_WITH_KNOTS((1,2
    ,2,2,2,1),(-2.094395102393,0.,2.094395102393,4.188790204786,
6.28318530718,8.377580409573),.UNSPECIFIED.) CURVE() 
GEOMETRIC_REPRESENTATION_ITEM() RATIONAL_B_SPLINE_CURVE((1.,0.5,1.,0.5,
1.,0.5,1.)) REPRESENTATION_ITEM('') );
#4258 = CARTESIAN_POINT('',(5.12975E+03,45.));
#4259 = CARTESIAN_POINT('',(5.12975E+03,54.093266739737));
#4260 = CARTESIAN_POINT('',(5.137625E+03,49.546633369868));
#4261 = CARTESIAN_POINT('',(5.1455E+03,45.));
#4262 = CARTESIAN_POINT('',(5.137625E+03,40.453366630132));
#4263 = CARTESIAN_POINT('',(5.12975E+03,35.906733260263));
#4264 = CARTESIAN_POINT('',(5.12975E+03,45.));
#4265 = ( GEOMETRIC_REPRESENTATION_CONTEXT(2) 
PARAMETRIC_REPRESENTATION_CONTEXT() REPRESENTATION_CONTEXT('2D SPACE',''
  ) );
#4266 = PCURVE('',#1371,#4267);
#4267 = DEFINITIONAL_REPRESENTATION('',(#4268),#4272);
#4268 = LINE('',#4269,#4270);
#4269 = CARTESIAN_POINT('',(0.,10.));
#4270 = VECTOR('',#4271,1.);
#4271 = DIRECTION('',(1.,0.));
#4272 = ( GEOMETRIC_REPRESENTATION_CONTEXT(2) 
PARAMETRIC_REPRESENTATION_CONTEXT() REPRESENTATION_CONTEXT('2D SPACE',''
  ) );
#4273 = FACE_BOUND('',#4274,.F.);
#4274 = EDGE_LOOP('',(#4275));
#4275 = ORIENTED_EDGE('',*,*,#4276,.T.);
#4276 = EDGE_CURVE('',#4277,#4277,#4279,.T.);
#4277 = VERTEX_POINT('',#4278);
#4278 = CARTESIAN_POINT('',(5.19975E+03,45.,0.));
#4279 = SURFACE_CURVE('',#4280,(#4285,#4296),.PCURVE_S1.);
#4280 = CIRCLE('',#4281,5.25);
#4281 = AXIS2_PLACEMENT_3D('',#4282,#4283,#4284);
#4282 = CARTESIAN_POINT('',(5.205E+03,45.,0.));
#4283 = DIRECTION('',(0.,0.,-1.));
#4284 = DIRECTION('',(-1.,0.,0.));
#4285 = PCURVE('',#72,#4286);
#4286 = DEFINITIONAL_REPRESENTATION('',(#4287),#4295);
#4287 = ( BOUNDED_CURVE() B_SPLINE_CURVE(2,(#4288,#4289,#4290,#4291,
#4292,#4293,#4294),.UNSPECIFIED.,.T.,.F.) B_SPLINE_CURVE_WITH_KNOTS((1,2
    ,2,2,2,1),(-2.094395102393,0.,2.094395102393,4.188790204786,
6.28318530718,8.377580409573),.UNSPECIFIED.) CURVE() 
GEOMETRIC_REPRESENTATION_ITEM() RATIONAL_B_SPLINE_CURVE((1.,0.5,1.,0.5,
1.,0.5,1.)) REPRESENTATION_ITEM('') );
#4288 = CARTESIAN_POINT('',(5.19975E+03,45.));
#4289 = CARTESIAN_POINT('',(5.19975E+03,54.093266739737));
#4290 = CARTESIAN_POINT('',(5.207625E+03,49.546633369868));
#4291 = CARTESIAN_POINT('',(5.2155E+03,45.));
#4292 = CARTESIAN_POINT('',(5.207625E+03,40.453366630132));
#4293 = CARTESIAN_POINT('',(5.19975E+03,35.906733260263));
#4294 = CARTESIAN_POINT('',(5.19975E+03,45.));
#4295 = ( GEOMETRIC_REPRESENTATION_CONTEXT(2) 
PARAMETRIC_REPRESENTATION_CONTEXT() REPRESENTATION_CONTEXT('2D SPACE',''
  ) );
#4296 = PCURVE('',#1406,#4297);
#4297 = DEFINITIONAL_REPRESENTATION('',(#4298),#4302);
#4298 = LINE('',#4299,#4300);
#4299 = CARTESIAN_POINT('',(0.,10.));
#4300 = VECTOR('',#4301,1.);
#4301 = DIRECTION('',(1.,0.));
#4302 = ( GEOMETRIC_REPRESENTATION_CONTEXT(2) 
PARAMETRIC_REPRESENTATION_CONTEXT() REPRESENTATION_CONTEXT('2D SPACE',''
  ) );
#4303 = FACE_BOUND('',#4304,.F.);
#4304 = EDGE_LOOP('',(#4305));
#4305 = ORIENTED_EDGE('',*,*,#4306,.T.);
#4306 = EDGE_CURVE('',#4307,#4307,#4309,.T.);
#4307 = VERTEX_POINT('',#4308);
#4308 = CARTESIAN_POINT('',(5.26975E+03,45.,0.));
#4309 = SURFACE_CURVE('',#4310,(#4315,#4326),.PCURVE_S1.);
#4310 = CIRCLE('',#4311,5.25);
#4311 = AXIS2_PLACEMENT_3D('',#4312,#4313,#4314);
#4312 = CARTESIAN_POINT('',(5.275E+03,45.,0.));
#4313 = DIRECTION('',(0.,0.,-1.));
#4314 = DIRECTION('',(-1.,0.,0.));
#4315 = PCURVE('',#72,#4316);
#4316 = DEFINITIONAL_REPRESENTATION('',(#4317),#4325);
#4317 = ( BOUNDED_CURVE() B_SPLINE_CURVE(2,(#4318,#4319,#4320,#4321,
#4322,#4323,#4324),.UNSPECIFIED.,.T.,.F.) B_SPLINE_CURVE_WITH_KNOTS((1,2
    ,2,2,2,1),(-2.094395102393,0.,2.094395102393,4.188790204786,
6.28318530718,8.377580409573),.UNSPECIFIED.) CURVE() 
GEOMETRIC_REPRESENTATION_ITEM() RATIONAL_B_SPLINE_CURVE((1.,0.5,1.,0.5,
1.,0.5,1.)) REPRESENTATION_ITEM('') );
#4318 = CARTESIAN_POINT('',(5.26975E+03,45.));
#4319 = CARTESIAN_POINT('',(5.26975E+03,54.093266739737));
#4320 = CARTESIAN_POINT('',(5.277625E+03,49.546633369868));
#4321 = CARTESIAN_POINT('',(5.2855E+03,45.));
#4322 = CARTESIAN_POINT('',(5.277625E+03,40.453366630132));
#4323 = CARTESIAN_POINT('',(5.26975E+03,35.906733260263));
#4324 = CARTESIAN_POINT('',(5.26975E+03,45.));
#4325 = ( GEOMETRIC_REPRESENTATION_CONTEXT(2) 
PARAMETRIC_REPRESENTATION_CONTEXT() REPRESENTATION_CONTEXT('2D SPACE',''
  ) );
#4326 = PCURVE('',#1441,#4327);
#4327 = DEFINITIONAL_REPRESENTATION('',(#4328),#4332);
#4328 = LINE('',#4329,#4330);
#4329 = CARTESIAN_POINT('',(0.,10.));
#4330 = VECTOR('',#4331,1.);
#4331 = DIRECTION('',(1.,0.));
#4332 = ( GEOMETRIC_REPRESENTATION_CONTEXT(2) 
PARAMETRIC_REPRESENTATION_CONTEXT() REPRESENTATION_CONTEXT('2D SPACE',''
  ) );
#4333 = FACE_BOUND('',#4334,.F.);
#4334 = EDGE_LOOP('',(#4335));
#4335 = ORIENTED_EDGE('',*,*,#4336,.T.);
#4336 = EDGE_CURVE('',#4337,#4337,#4339,.T.);
#4337 = VERTEX_POINT('',#4338);
#4338 = CARTESIAN_POINT('',(5.33975E+03,45.,0.));
#4339 = SURFACE_CURVE('',#4340,(#4345,#4356),.PCURVE_S1.);
#4340 = CIRCLE('',#4341,5.25);
#4341 = AXIS2_PLACEMENT_3D('',#4342,#4343,#4344);
#4342 = CARTESIAN_POINT('',(5.345E+03,45.,0.));
#4343 = DIRECTION('',(0.,0.,-1.));
#4344 = DIRECTION('',(-1.,0.,0.));
#4345 = PCURVE('',#72,#4346);
#4346 = DEFINITIONAL_REPRESENTATION('',(#4347),#4355);
#4347 = ( BOUNDED_CURVE() B_SPLINE_CURVE(2,(#4348,#4349,#4350,#4351,
#4352,#4353,#4354),.UNSPECIFIED.,.T.,.F.) B_SPLINE_CURVE_WITH_KNOTS((1,2
    ,2,2,2,1),(-2.094395102393,0.,2.094395102393,4.188790204786,
6.28318530718,8.377580409573),.UNSPECIFIED.) CURVE() 
GEOMETRIC_REPRESENTATION_ITEM() RATIONAL_B_SPLINE_CURVE((1.,0.5,1.,0.5,
1.,0.5,1.)) REPRESENTATION_ITEM('') );
#4348 = CARTESIAN_POINT('',(5.33975E+03,45.));
#4349 = CARTESIAN_POINT('',(5.33975E+03,54.093266739737));
#4350 = CARTESIAN_POINT('',(5.347625E+03,49.546633369868));
#4351 = CARTESIAN_POINT('',(5.3555E+03,45.));
#4352 = CARTESIAN_POINT('',(5.347625E+03,40.453366630132));
#4353 = CARTESIAN_POINT('',(5.33975E+03,35.906733260263));
#4354 = CARTESIAN_POINT('',(5.33975E+03,45.));
#4355 = ( GEOMETRIC_REPRESENTATION_CONTEXT(2) 
PARAMETRIC_REPRESENTATION_CONTEXT() REPRESENTATION_CONTEXT('2D SPACE',''
  ) );
#4356 = PCURVE('',#1476,#4357);
#4357 = DEFINITIONAL_REPRESENTATION('',(#4358),#4362);
#4358 = LINE('',#4359,#4360);
#4359 = CARTESIAN_POINT('',(0.,10.));
#4360 = VECTOR('',#4361,1.);
#4361 = DIRECTION('',(1.,0.));
#4362 = ( GEOMETRIC_REPRESENTATION_CONTEXT(2) 
PARAMETRIC_REPRESENTATION_CONTEXT() REPRESENTATION_CONTEXT('2D SPACE',''
  ) );
#4363 = FACE_BOUND('',#4364,.F.);
#4364 = EDGE_LOOP('',(#4365));
#4365 = ORIENTED_EDGE('',*,*,#4366,.T.);
#4366 = EDGE_CURVE('',#4367,#4367,#4369,.T.);
#4367 = VERTEX_POINT('',#4368);
#4368 = CARTESIAN_POINT('',(5.40975E+03,45.,0.));
#4369 = SURFACE_CURVE('',#4370,(#4375,#4386),.PCURVE_S1.);
#4370 = CIRCLE('',#4371,5.25);
#4371 = AXIS2_PLACEMENT_3D('',#4372,#4373,#4374);
#4372 = CARTESIAN_POINT('',(5.415E+03,45.,0.));
#4373 = DIRECTION('',(0.,0.,-1.));
#4374 = DIRECTION('',(-1.,0.,0.));
#4375 = PCURVE('',#72,#4376);
#4376 = DEFINITIONAL_REPRESENTATION('',(#4377),#4385);
#4377 = ( BOUNDED_CURVE() B_SPLINE_CURVE(2,(#4378,#4379,#4380,#4381,
#4382,#4383,#4384),.UNSPECIFIED.,.T.,.F.) B_SPLINE_CURVE_WITH_KNOTS((1,2
    ,2,2,2,1),(-2.094395102393,0.,2.094395102393,4.188790204786,
6.28318530718,8.377580409573),.UNSPECIFIED.) CURVE() 
GEOMETRIC_REPRESENTATION_ITEM() RATIONAL_B_SPLINE_CURVE((1.,0.5,1.,0.5,
1.,0.5,1.)) REPRESENTATION_ITEM('') );
#4378 = CARTESIAN_POINT('',(5.40975E+03,45.));
#4379 = CARTESIAN_POINT('',(5.40975E+03,54.093266739737));
#4380 = CARTESIAN_POINT('',(5.417625E+03,49.546633369868));
#4381 = CARTESIAN_POINT('',(5.4255E+03,45.));
#4382 = CARTESIAN_POINT('',(5.417625E+03,40.453366630132));
#4383 = CARTESIAN_POINT('',(5.40975E+03,35.906733260263));
#4384 = CARTESIAN_POINT('',(5.40975E+03,45.));
#4385 = ( GEOMETRIC_REPRESENTATION_CONTEXT(2) 
PARAMETRIC_REPRESENTATION_CONTEXT() REPRESENTATION_CONTEXT('2D SPACE',''
  ) );
#4386 = PCURVE('',#1511,#4387);
#4387 = DEFINITIONAL_REPRESENTATION('',(#4388),#4392);
#4388 = LINE('',#4389,#4390);
#4389 = CARTESIAN_POINT('',(0.,10.));
#4390 = VECTOR('',#4391,1.);
#4391 = DIRECTION('',(1.,0.));
#4392 = ( GEOMETRIC_REPRESENTATION_CONTEXT(2) 
PARAMETRIC_REPRESENTATION_CONTEXT() REPRESENTATION_CONTEXT('2D SPACE',''
  ) );
#4393 = FACE_BOUND('',#4394,.F.);
#4394 = EDGE_LOOP('',(#4395));
#4395 = ORIENTED_EDGE('',*,*,#4396,.T.);
#4396 = EDGE_CURVE('',#4397,#4397,#4399,.T.);
#4397 = VERTEX_POINT('',#4398);
#4398 = CARTESIAN_POINT('',(5.47975E+03,45.,0.));
#4399 = SURFACE_CURVE('',#4400,(#4405,#4416),.PCURVE_S1.);
#4400 = CIRCLE('',#4401,5.25);
#4401 = AXIS2_PLACEMENT_3D('',#4402,#4403,#4404);
#4402 = CARTESIAN_POINT('',(5.485E+03,45.,0.));
#4403 = DIRECTION('',(0.,0.,-1.));
#4404 = DIRECTION('',(-1.,0.,0.));
#4405 = PCURVE('',#72,#4406);
#4406 = DEFINITIONAL_REPRESENTATION('',(#4407),#4415);
#4407 = ( BOUNDED_CURVE() B_SPLINE_CURVE(2,(#4408,#4409,#4410,#4411,
#4412,#4413,#4414),.UNSPECIFIED.,.T.,.F.) B_SPLINE_CURVE_WITH_KNOTS((1,2
    ,2,2,2,1),(-2.094395102393,0.,2.094395102393,4.188790204786,
6.28318530718,8.377580409573),.UNSPECIFIED.) CURVE() 
GEOMETRIC_REPRESENTATION_ITEM() RATIONAL_B_SPLINE_CURVE((1.,0.5,1.,0.5,
1.,0.5,1.)) REPRESENTATION_ITEM('') );
#4408 = CARTESIAN_POINT('',(5.47975E+03,45.));
#4409 = CARTESIAN_POINT('',(5.47975E+03,54.093266739737));
#4410 = CARTESIAN_POINT('',(5.487625E+03,49.546633369868));
#4411 = CARTESIAN_POINT('',(5.4955E+03,45.));
#4412 = CARTESIAN_POINT('',(5.487625E+03,40.453366630132));
#4413 = CARTESIAN_POINT('',(5.47975E+03,35.906733260263));
#4414 = CARTESIAN_POINT('',(5.47975E+03,45.));
#4415 = ( GEOMETRIC_REPRESENTATION_CONTEXT(2) 
PARAMETRIC_REPRESENTATION_CONTEXT() REPRESENTATION_CONTEXT('2D SPACE',''
  ) );
#4416 = PCURVE('',#1546,#4417);
#4417 = DEFINITIONAL_REPRESENTATION('',(#4418),#4422);
#4418 = LINE('',#4419,#4420);
#4419 = CARTESIAN_POINT('',(0.,10.));
#4420 = VECTOR('',#4421,1.);
#4421 = DIRECTION('',(1.,0.));
#4422 = ( GEOMETRIC_REPRESENTATION_CONTEXT(2) 
PARAMETRIC_REPRESENTATION_CONTEXT() REPRESENTATION_CONTEXT('2D SPACE',''
  ) );
#4423 = FACE_BOUND('',#4424,.F.);
#4424 = EDGE_LOOP('',(#4425));
#4425 = ORIENTED_EDGE('',*,*,#4426,.T.);
#4426 = EDGE_CURVE('',#4427,#4427,#4429,.T.);
#4427 = VERTEX_POINT('',#4428);
#4428 = CARTESIAN_POINT('',(5.54975E+03,45.,0.));
#4429 = SURFACE_CURVE('',#4430,(#4435,#4446),.PCURVE_S1.);
#4430 = CIRCLE('',#4431,5.25);
#4431 = AXIS2_PLACEMENT_3D('',#4432,#4433,#4434);
#4432 = CARTESIAN_POINT('',(5.555E+03,45.,0.));
#4433 = DIRECTION('',(0.,0.,-1.));
#4434 = DIRECTION('',(-1.,0.,0.));
#4435 = PCURVE('',#72,#4436);
#4436 = DEFINITIONAL_REPRESENTATION('',(#4437),#4445);
#4437 = ( BOUNDED_CURVE() B_SPLINE_CURVE(2,(#4438,#4439,#4440,#4441,
#4442,#4443,#4444),.UNSPECIFIED.,.T.,.F.) B_SPLINE_CURVE_WITH_KNOTS((1,2
    ,2,2,2,1),(-2.094395102393,0.,2.094395102393,4.188790204786,
6.28318530718,8.377580409573),.UNSPECIFIED.) CURVE() 
GEOMETRIC_REPRESENTATION_ITEM() RATIONAL_B_SPLINE_CURVE((1.,0.5,1.,0.5,
1.,0.5,1.)) REPRESENTATION_ITEM('') );
#4438 = CARTESIAN_POINT('',(5.54975E+03,45.));
#4439 = CARTESIAN_POINT('',(5.54975E+03,54.093266739737));
#4440 = CARTESIAN_POINT('',(5.557625E+03,49.546633369868));
#4441 = CARTESIAN_POINT('',(5.5655E+03,45.));
#4442 = CARTESIAN_POINT('',(5.557625E+03,40.453366630132));
#4443 = CARTESIAN_POINT('',(5.54975E+03,35.906733260263));
#4444 = CARTESIAN_POINT('',(5.54975E+03,45.));
#4445 = ( GEOMETRIC_REPRESENTATION_CONTEXT(2) 
PARAMETRIC_REPRESENTATION_CONTEXT() REPRESENTATION_CONTEXT('2D SPACE',''
  ) );
#4446 = PCURVE('',#1581,#4447);
#4447 = DEFINITIONAL_REPRESENTATION('',(#4448),#4452);
#4448 = LINE('',#4449,#4450);
#4449 = CARTESIAN_POINT('',(0.,10.));
#4450 = VECTOR('',#4451,1.);
#4451 = DIRECTION('',(1.,0.));
#4452 = ( GEOMETRIC_REPRESENTATION_CONTEXT(2) 
PARAMETRIC_REPRESENTATION_CONTEXT() REPRESENTATION_CONTEXT('2D SPACE',''
  ) );
#4453 = FACE_BOUND('',#4454,.F.);
#4454 = EDGE_LOOP('',(#4455));
#4455 = ORIENTED_EDGE('',*,*,#4456,.T.);
#4456 = EDGE_CURVE('',#4457,#4457,#4459,.T.);
#4457 = VERTEX_POINT('',#4458);
#4458 = CARTESIAN_POINT('',(5.61975E+03,45.,0.));
#4459 = SURFACE_CURVE('',#4460,(#4465,#4476),.PCURVE_S1.);
#4460 = CIRCLE('',#4461,5.25);
#4461 = AXIS2_PLACEMENT_3D('',#4462,#4463,#4464);
#4462 = CARTESIAN_POINT('',(5.625E+03,45.,0.));
#4463 = DIRECTION('',(0.,0.,-1.));
#4464 = DIRECTION('',(-1.,0.,0.));
#4465 = PCURVE('',#72,#4466);
#4466 = DEFINITIONAL_REPRESENTATION('',(#4467),#4475);
#4467 = ( BOUNDED_CURVE() B_SPLINE_CURVE(2,(#4468,#4469,#4470,#4471,
#4472,#4473,#4474),.UNSPECIFIED.,.T.,.F.) B_SPLINE_CURVE_WITH_KNOTS((1,2
    ,2,2,2,1),(-2.094395102393,0.,2.094395102393,4.188790204786,
6.28318530718,8.377580409573),.UNSPECIFIED.) CURVE() 
GEOMETRIC_REPRESENTATION_ITEM() RATIONAL_B_SPLINE_CURVE((1.,0.5,1.,0.5,
1.,0.5,1.)) REPRESENTATION_ITEM('') );
#4468 = CARTESIAN_POINT('',(5.61975E+03,45.));
#4469 = CARTESIAN_POINT('',(5.61975E+03,54.093266739737));
#4470 = CARTESIAN_POINT('',(5.627625E+03,49.546633369868));
#4471 = CARTESIAN_POINT('',(5.6355E+03,45.));
#4472 = CARTESIAN_POINT('',(5.627625E+03,40.453366630132));
#4473 = CARTESIAN_POINT('',(5.61975E+03,35.906733260263));
#4474 = CARTESIAN_POINT('',(5.61975E+03,45.));
#4475 = ( GEOMETRIC_REPRESENTATION_CONTEXT(2) 
PARAMETRIC_REPRESENTATION_CONTEXT() REPRESENTATION_CONTEXT('2D SPACE',''
  ) );
#4476 = PCURVE('',#1616,#4477);
#4477 = DEFINITIONAL_REPRESENTATION('',(#4478),#4482);
#4478 = LINE('',#4479,#4480);
#4479 = CARTESIAN_POINT('',(0.,10.));
#4480 = VECTOR('',#4481,1.);
#4481 = DIRECTION('',(1.,0.));
#4482 = ( GEOMETRIC_REPRESENTATION_CONTEXT(2) 
PARAMETRIC_REPRESENTATION_CONTEXT() REPRESENTATION_CONTEXT('2D SPACE',''
  ) );
#4483 = FACE_BOUND('',#4484,.F.);
#4484 = EDGE_LOOP('',(#4485));
#4485 = ORIENTED_EDGE('',*,*,#4486,.T.);
#4486 = EDGE_CURVE('',#4487,#4487,#4489,.T.);
#4487 = VERTEX_POINT('',#4488);
#4488 = CARTESIAN_POINT('',(5.68975E+03,45.,0.));
#4489 = SURFACE_CURVE('',#4490,(#4495,#4506),.PCURVE_S1.);
#4490 = CIRCLE('',#4491,5.25);
#4491 = AXIS2_PLACEMENT_3D('',#4492,#4493,#4494);
#4492 = CARTESIAN_POINT('',(5.695E+03,45.,0.));
#4493 = DIRECTION('',(0.,0.,-1.));
#4494 = DIRECTION('',(-1.,0.,0.));
#4495 = PCURVE('',#72,#4496);
#4496 = DEFINITIONAL_REPRESENTATION('',(#4497),#4505);
#4497 = ( BOUNDED_CURVE() B_SPLINE_CURVE(2,(#4498,#4499,#4500,#4501,
#4502,#4503,#4504),.UNSPECIFIED.,.T.,.F.) B_SPLINE_CURVE_WITH_KNOTS((1,2
    ,2,2,2,1),(-2.094395102393,0.,2.094395102393,4.188790204786,
6.28318530718,8.377580409573),.UNSPECIFIED.) CURVE() 
GEOMETRIC_REPRESENTATION_ITEM() RATIONAL_B_SPLINE_CURVE((1.,0.5,1.,0.5,
1.,0.5,1.)) REPRESENTATION_ITEM('') );
#4498 = CARTESIAN_POINT('',(5.68975E+03,45.));
#4499 = CARTESIAN_POINT('',(5.68975E+03,54.093266739737));
#4500 = CARTESIAN_POINT('',(5.697625E+03,49.546633369868));
#4501 = CARTESIAN_POINT('',(5.7055E+03,45.));
#4502 = CARTESIAN_POINT('',(5.697625E+03,40.453366630132));
#4503 = CARTESIAN_POINT('',(5.68975E+03,35.906733260263));
#4504 = CARTESIAN_POINT('',(5.68975E+03,45.));
#4505 = ( GEOMETRIC_REPRESENTATION_CONTEXT(2) 
PARAMETRIC_REPRESENTATION_CONTEXT() REPRESENTATION_CONTEXT('2D SPACE',''
  ) );
#4506 = PCURVE('',#1651,#4507);
#4507 = DEFINITIONAL_REPRESENTATION('',(#4508),#4512);
#4508 = LINE('',#4509,#4510);
#4509 = CARTESIAN_POINT('',(0.,10.));
#4510 = VECTOR('',#4511,1.);
#4511 = DIRECTION('',(1.,0.));
#4512 = ( GEOMETRIC_REPRESENTATION_CONTEXT(2) 
PARAMETRIC_REPRESENTATION_CONTEXT() REPRESENTATION_CONTEXT('2D SPACE',''
  ) );
#4513 = FACE_BOUND('',#4514,.F.);
#4514 = EDGE_LOOP('',(#4515));
#4515 = ORIENTED_EDGE('',*,*,#4516,.T.);
#4516 = EDGE_CURVE('',#4517,#4517,#4519,.T.);
#4517 = VERTEX_POINT('',#4518);
#4518 = CARTESIAN_POINT('',(5.75975E+03,45.,0.));
#4519 = SURFACE_CURVE('',#4520,(#4525,#4536),.PCURVE_S1.);
#4520 = CIRCLE('',#4521,5.25);
#4521 = AXIS2_PLACEMENT_3D('',#4522,#4523,#4524);
#4522 = CARTESIAN_POINT('',(5.765E+03,45.,0.));
#4523 = DIRECTION('',(0.,0.,-1.));
#4524 = DIRECTION('',(-1.,0.,0.));
#4525 = PCURVE('',#72,#4526);
#4526 = DEFINITIONAL_REPRESENTATION('',(#4527),#4535);
#4527 = ( BOUNDED_CURVE() B_SPLINE_CURVE(2,(#4528,#4529,#4530,#4531,
#4532,#4533,#4534),.UNSPECIFIED.,.T.,.F.) B_SPLINE_CURVE_WITH_KNOTS((1,2
    ,2,2,2,1),(-2.094395102393,0.,2.094395102393,4.188790204786,
6.28318530718,8.377580409573),.UNSPECIFIED.) CURVE() 
GEOMETRIC_REPRESENTATION_ITEM() RATIONAL_B_SPLINE_CURVE((1.,0.5,1.,0.5,
1.,0.5,1.)) REPRESENTATION_ITEM('') );
#4528 = CARTESIAN_POINT('',(5.75975E+03,45.));
#4529 = CARTESIAN_POINT('',(5.75975E+03,54.093266739737));
#4530 = CARTESIAN_POINT('',(5.767625E+03,49.546633369868));
#4531 = CARTESIAN_POINT('',(5.7755E+03,45.));
#4532 = CARTESIAN_POINT('',(5.767625E+03,40.453366630132));
#4533 = CARTESIAN_POINT('',(5.75975E+03,35.906733260263));
#4534 = CARTESIAN_POINT('',(5.75975E+03,45.));
#4535 = ( GEOMETRIC_REPRESENTATION_CONTEXT(2) 
PARAMETRIC_REPRESENTATION_CONTEXT() REPRESENTATION_CONTEXT('2D SPACE',''
  ) );
#4536 = PCURVE('',#1686,#4537);
#4537 = DEFINITIONAL_REPRESENTATION('',(#4538),#4542);
#4538 = LINE('',#4539,#4540);
#4539 = CARTESIAN_POINT('',(0.,10.));
#4540 = VECTOR('',#4541,1.);
#4541 = DIRECTION('',(1.,0.));
#4542 = ( GEOMETRIC_REPRESENTATION_CONTEXT(2) 
PARAMETRIC_REPRESENTATION_CONTEXT() REPRESENTATION_CONTEXT('2D SPACE',''
  ) );
#4543 = FACE_BOUND('',#4544,.F.);
#4544 = EDGE_LOOP('',(#4545));
#4545 = ORIENTED_EDGE('',*,*,#4546,.T.);
#4546 = EDGE_CURVE('',#4547,#4547,#4549,.T.);
#4547 = VERTEX_POINT('',#4548);
#4548 = CARTESIAN_POINT('',(5.82975E+03,45.,0.));
#4549 = SURFACE_CURVE('',#4550,(#4555,#4566),.PCURVE_S1.);
#4550 = CIRCLE('',#4551,5.25);
#4551 = AXIS2_PLACEMENT_3D('',#4552,#4553,#4554);
#4552 = CARTESIAN_POINT('',(5.835E+03,45.,0.));
#4553 = DIRECTION('',(0.,0.,-1.));
#4554 = DIRECTION('',(-1.,0.,0.));
#4555 = PCURVE('',#72,#4556);
#4556 = DEFINITIONAL_REPRESENTATION('',(#4557),#4565);
#4557 = ( BOUNDED_CURVE() B_SPLINE_CURVE(2,(#4558,#4559,#4560,#4561,
#4562,#4563,#4564),.UNSPECIFIED.,.T.,.F.) B_SPLINE_CURVE_WITH_KNOTS((1,2
    ,2,2,2,1),(-2.094395102393,0.,2.094395102393,4.188790204786,
6.28318530718,8.377580409573),.UNSPECIFIED.) CURVE() 
GEOMETRIC_REPRESENTATION_ITEM() RATIONAL_B_SPLINE_CURVE((1.,0.5,1.,0.5,
1.,0.5,1.)) REPRESENTATION_ITEM('') );
#4558 = CARTESIAN_POINT('',(5.82975E+03,45.));
#4559 = CARTESIAN_POINT('',(5.82975E+03,54.093266739737));
#4560 = CARTESIAN_POINT('',(5.837625E+03,49.546633369868));
#4561 = CARTESIAN_POINT('',(5.8455E+03,45.));
#4562 = CARTESIAN_POINT('',(5.837625E+03,40.453366630132));
#4563 = CARTESIAN_POINT('',(5.82975E+03,35.906733260263));
#4564 = CARTESIAN_POINT('',(5.82975E+03,45.));
#4565 = ( GEOMETRIC_REPRESENTATION_CONTEXT(2) 
PARAMETRIC_REPRESENTATION_CONTEXT() REPRESENTATION_CONTEXT('2D SPACE',''
  ) );
#4566 = PCURVE('',#1721,#4567);
#4567 = DEFINITIONAL_REPRESENTATION('',(#4568),#4572);
#4568 = LINE('',#4569,#4570);
#4569 = CARTESIAN_POINT('',(0.,10.));
#4570 = VECTOR('',#4571,1.);
#4571 = DIRECTION('',(1.,0.));
#4572 = ( GEOMETRIC_REPRESENTATION_CONTEXT(2) 
PARAMETRIC_REPRESENTATION_CONTEXT() REPRESENTATION_CONTEXT('2D SPACE',''
  ) );
#4573 = FACE_BOUND('',#4574,.F.);
#4574 = EDGE_LOOP('',(#4575));
#4575 = ORIENTED_EDGE('',*,*,#4576,.T.);
#4576 = EDGE_CURVE('',#4577,#4577,#4579,.T.);
#4577 = VERTEX_POINT('',#4578);
#4578 = CARTESIAN_POINT('',(34.75,155.,0.));
#4579 = SURFACE_CURVE('',#4580,(#4585,#4596),.PCURVE_S1.);
#4580 = CIRCLE('',#4581,5.25);
#4581 = AXIS2_PLACEMENT_3D('',#4582,#4583,#4584);
#4582 = CARTESIAN_POINT('',(40.,155.,0.));
#4583 = DIRECTION('',(0.,0.,-1.));
#4584 = DIRECTION('',(-1.,0.,0.));
#4585 = PCURVE('',#72,#4586);
#4586 = DEFINITIONAL_REPRESENTATION('',(#4587),#4595);
#4587 = ( BOUNDED_CURVE() B_SPLINE_CURVE(2,(#4588,#4589,#4590,#4591,
#4592,#4593,#4594),.UNSPECIFIED.,.T.,.F.) B_SPLINE_CURVE_WITH_KNOTS((1,2
    ,2,2,2,1),(-2.094395102393,0.,2.094395102393,4.188790204786,
6.28318530718,8.377580409573),.UNSPECIFIED.) CURVE() 
GEOMETRIC_REPRESENTATION_ITEM() RATIONAL_B_SPLINE_CURVE((1.,0.5,1.,0.5,
1.,0.5,1.)) REPRESENTATION_ITEM('') );
#4588 = CARTESIAN_POINT('',(34.75,155.));
#4589 = CARTESIAN_POINT('',(34.75,164.09326673973));
#4590 = CARTESIAN_POINT('',(42.625,159.54663336986));
#4591 = CARTESIAN_POINT('',(50.5,155.));
#4592 = CARTESIAN_POINT('',(42.625,150.45336663013));
#4593 = CARTESIAN_POINT('',(34.75,145.90673326026));
#4594 = CARTESIAN_POINT('',(34.75,155.));
#4595 = ( GEOMETRIC_REPRESENTATION_CONTEXT(2) 
PARAMETRIC_REPRESENTATION_CONTEXT() REPRESENTATION_CONTEXT('2D SPACE',''
  ) );
#4596 = PCURVE('',#1756,#4597);
#4597 = DEFINITIONAL_REPRESENTATION('',(#4598),#4602);
#4598 = LINE('',#4599,#4600);
#4599 = CARTESIAN_POINT('',(0.,10.));
#4600 = VECTOR('',#4601,1.);
#4601 = DIRECTION('',(1.,0.));
#4602 = ( GEOMETRIC_REPRESENTATION_CONTEXT(2) 
PARAMETRIC_REPRESENTATION_CONTEXT() REPRESENTATION_CONTEXT('2D SPACE',''
  ) );
#4603 = FACE_BOUND('',#4604,.F.);
#4604 = EDGE_LOOP('',(#4605));
#4605 = ORIENTED_EDGE('',*,*,#4606,.T.);
#4606 = EDGE_CURVE('',#4607,#4607,#4609,.T.);
#4607 = VERTEX_POINT('',#4608);
#4608 = CARTESIAN_POINT('',(104.75,155.,0.));
#4609 = SURFACE_CURVE('',#4610,(#4615,#4626),.PCURVE_S1.);
#4610 = CIRCLE('',#4611,5.25);
#4611 = AXIS2_PLACEMENT_3D('',#4612,#4613,#4614);
#4612 = CARTESIAN_POINT('',(110.,155.,0.));
#4613 = DIRECTION('',(0.,0.,-1.));
#4614 = DIRECTION('',(-1.,0.,0.));
#4615 = PCURVE('',#72,#4616);
#4616 = DEFINITIONAL_REPRESENTATION('',(#4617),#4625);
#4617 = ( BOUNDED_CURVE() B_SPLINE_CURVE(2,(#4618,#4619,#4620,#4621,
#4622,#4623,#4624),.UNSPECIFIED.,.T.,.F.) B_SPLINE_CURVE_WITH_KNOTS((1,2
    ,2,2,2,1),(-2.094395102393,0.,2.094395102393,4.188790204786,
6.28318530718,8.377580409573),.UNSPECIFIED.) CURVE() 
GEOMETRIC_REPRESENTATION_ITEM() RATIONAL_B_SPLINE_CURVE((1.,0.5,1.,0.5,
1.,0.5,1.)) REPRESENTATION_ITEM('') );
#4618 = CARTESIAN_POINT('',(104.75,155.));
#4619 = CARTESIAN_POINT('',(104.75,164.09326673973));
#4620 = CARTESIAN_POINT('',(112.625,159.54663336986));
#4621 = CARTESIAN_POINT('',(120.5,155.));
#4622 = CARTESIAN_POINT('',(112.625,150.45336663013));
#4623 = CARTESIAN_POINT('',(104.75,145.90673326026));
#4624 = CARTESIAN_POINT('',(104.75,155.));
#4625 = ( GEOMETRIC_REPRESENTATION_CONTEXT(2) 
PARAMETRIC_REPRESENTATION_CONTEXT() REPRESENTATION_CONTEXT('2D SPACE',''
  ) );
#4626 = PCURVE('',#1791,#4627);
#4627 = DEFINITIONAL_REPRESENTATION('',(#4628),#4632);
#4628 = LINE('',#4629,#4630);
#4629 = CARTESIAN_POINT('',(0.,10.));
#4630 = VECTOR('',#4631,1.);
#4631 = DIRECTION('',(1.,0.));
#4632 = ( GEOMETRIC_REPRESENTATION_CONTEXT(2) 
PARAMETRIC_REPRESENTATION_CONTEXT() REPRESENTATION_CONTEXT('2D SPACE',''
  ) );
#4633 = FACE_BOUND('',#4634,.F.);
#4634 = EDGE_LOOP('',(#4635));
#4635 = ORIENTED_EDGE('',*,*,#4636,.T.);
#4636 = EDGE_CURVE('',#4637,#4637,#4639,.T.);
#4637 = VERTEX_POINT('',#4638);
#4638 = CARTESIAN_POINT('',(174.75,155.,0.));
#4639 = SURFACE_CURVE('',#4640,(#4645,#4656),.PCURVE_S1.);
#4640 = CIRCLE('',#4641,5.25);
#4641 = AXIS2_PLACEMENT_3D('',#4642,#4643,#4644);
#4642 = CARTESIAN_POINT('',(180.,155.,0.));
#4643 = DIRECTION('',(0.,0.,-1.));
#4644 = DIRECTION('',(-1.,0.,0.));
#4645 = PCURVE('',#72,#4646);
#4646 = DEFINITIONAL_REPRESENTATION('',(#4647),#4655);
#4647 = ( BOUNDED_CURVE() B_SPLINE_CURVE(2,(#4648,#4649,#4650,#4651,
#4652,#4653,#4654),.UNSPECIFIED.,.T.,.F.) B_SPLINE_CURVE_WITH_KNOTS((1,2
    ,2,2,2,1),(-2.094395102393,0.,2.094395102393,4.188790204786,
6.28318530718,8.377580409573),.UNSPECIFIED.) CURVE() 
GEOMETRIC_REPRESENTATION_ITEM() RATIONAL_B_SPLINE_CURVE((1.,0.5,1.,0.5,
1.,0.5,1.)) REPRESENTATION_ITEM('') );
#4648 = CARTESIAN_POINT('',(174.75,155.));
#4649 = CARTESIAN_POINT('',(174.75,164.09326673973));
#4650 = CARTESIAN_POINT('',(182.625,159.54663336986));
#4651 = CARTESIAN_POINT('',(190.5,155.));
#4652 = CARTESIAN_POINT('',(182.625,150.45336663013));
#4653 = CARTESIAN_POINT('',(174.75,145.90673326026));
#4654 = CARTESIAN_POINT('',(174.75,155.));
#4655 = ( GEOMETRIC_REPRESENTATION_CONTEXT(2) 
PARAMETRIC_REPRESENTATION_CONTEXT() REPRESENTATION_CONTEXT('2D SPACE',''
  ) );
#4656 = PCURVE('',#1826,#4657);
#4657 = DEFINITIONAL_REPRESENTATION('',(#4658),#4662);
#4658 = LINE('',#4659,#4660);
#4659 = CARTESIAN_POINT('',(0.,10.));
#4660 = VECTOR('',#4661,1.);
#4661 = DIRECTION('',(1.,0.));
#4662 = ( GEOMETRIC_REPRESENTATION_CONTEXT(2) 
PARAMETRIC_REPRESENTATION_CONTEXT() REPRESENTATION_CONTEXT('2D SPACE',''
  ) );
#4663 = FACE_BOUND('',#4664,.F.);
#4664 = EDGE_LOOP('',(#4665));
#4665 = ORIENTED_EDGE('',*,*,#4666,.T.);
#4666 = EDGE_CURVE('',#4667,#4667,#4669,.T.);
#4667 = VERTEX_POINT('',#4668);
#4668 = CARTESIAN_POINT('',(244.75,155.,0.));
#4669 = SURFACE_CURVE('',#4670,(#4675,#4686),.PCURVE_S1.);
#4670 = CIRCLE('',#4671,5.25);
#4671 = AXIS2_PLACEMENT_3D('',#4672,#4673,#4674);
#4672 = CARTESIAN_POINT('',(250.,155.,0.));
#4673 = DIRECTION('',(0.,0.,-1.));
#4674 = DIRECTION('',(-1.,0.,0.));
#4675 = PCURVE('',#72,#4676);
#4676 = DEFINITIONAL_REPRESENTATION('',(#4677),#4685);
#4677 = ( BOUNDED_CURVE() B_SPLINE_CURVE(2,(#4678,#4679,#4680,#4681,
#4682,#4683,#4684),.UNSPECIFIED.,.T.,.F.) B_SPLINE_CURVE_WITH_KNOTS((1,2
    ,2,2,2,1),(-2.094395102393,0.,2.094395102393,4.188790204786,
6.28318530718,8.377580409573),.UNSPECIFIED.) CURVE() 
GEOMETRIC_REPRESENTATION_ITEM() RATIONAL_B_SPLINE_CURVE((1.,0.5,1.,0.5,
1.,0.5,1.)) REPRESENTATION_ITEM('') );
#4678 = CARTESIAN_POINT('',(244.75,155.));
#4679 = CARTESIAN_POINT('',(244.75,164.09326673973));
#4680 = CARTESIAN_POINT('',(252.625,159.54663336986));
#4681 = CARTESIAN_POINT('',(260.5,155.));
#4682 = CARTESIAN_POINT('',(252.625,150.45336663013));
#4683 = CARTESIAN_POINT('',(244.75,145.90673326026));
#4684 = CARTESIAN_POINT('',(244.75,155.));
#4685 = ( GEOMETRIC_REPRESENTATION_CONTEXT(2) 
PARAMETRIC_REPRESENTATION_CONTEXT() REPRESENTATION_CONTEXT('2D SPACE',''
  ) );
#4686 = PCURVE('',#1861,#4687);
#4687 = DEFINITIONAL_REPRESENTATION('',(#4688),#4692);
#4688 = LINE('',#4689,#4690);
#4689 = CARTESIAN_POINT('',(0.,10.));
#4690 = VECTOR('',#4691,1.);
#4691 = DIRECTION('',(1.,0.));
#4692 = ( GEOMETRIC_REPRESENTATION_CONTEXT(2) 
PARAMETRIC_REPRESENTATION_CONTEXT() REPRESENTATION_CONTEXT('2D SPACE',''
  ) );
#4693 = FACE_BOUND('',#4694,.F.);
#4694 = EDGE_LOOP('',(#4695));
#4695 = ORIENTED_EDGE('',*,*,#4696,.T.);
#4696 = EDGE_CURVE('',#4697,#4697,#4699,.T.);
#4697 = VERTEX_POINT('',#4698);
#4698 = CARTESIAN_POINT('',(314.75,155.,0.));
#4699 = SURFACE_CURVE('',#4700,(#4705,#4716),.PCURVE_S1.);
#4700 = CIRCLE('',#4701,5.25);
#4701 = AXIS2_PLACEMENT_3D('',#4702,#4703,#4704);
#4702 = CARTESIAN_POINT('',(320.,155.,0.));
#4703 = DIRECTION('',(0.,0.,-1.));
#4704 = DIRECTION('',(-1.,0.,0.));
#4705 = PCURVE('',#72,#4706);
#4706 = DEFINITIONAL_REPRESENTATION('',(#4707),#4715);
#4707 = ( BOUNDED_CURVE() B_SPLINE_CURVE(2,(#4708,#4709,#4710,#4711,
#4712,#4713,#4714),.UNSPECIFIED.,.T.,.F.) B_SPLINE_CURVE_WITH_KNOTS((1,2
    ,2,2,2,1),(-2.094395102393,0.,2.094395102393,4.188790204786,
6.28318530718,8.377580409573),.UNSPECIFIED.) CURVE() 
GEOMETRIC_REPRESENTATION_ITEM() RATIONAL_B_SPLINE_CURVE((1.,0.5,1.,0.5,
1.,0.5,1.)) REPRESENTATION_ITEM('') );
#4708 = CARTESIAN_POINT('',(314.75,155.));
#4709 = CARTESIAN_POINT('',(314.75,164.09326673973));
#4710 = CARTESIAN_POINT('',(322.625,159.54663336986));
#4711 = CARTESIAN_POINT('',(330.5,155.));
#4712 = CARTESIAN_POINT('',(322.625,150.45336663013));
#4713 = CARTESIAN_POINT('',(314.75,145.90673326026));
#4714 = CARTESIAN_POINT('',(314.75,155.));
#4715 = ( GEOMETRIC_REPRESENTATION_CONTEXT(2) 
PARAMETRIC_REPRESENTATION_CONTEXT() REPRESENTATION_CONTEXT('2D SPACE',''
  ) );
#4716 = PCURVE('',#1896,#4717);
#4717 = DEFINITIONAL_REPRESENTATION('',(#4718),#4722);
#4718 = LINE('',#4719,#4720);
#4719 = CARTESIAN_POINT('',(0.,10.));
#4720 = VECTOR('',#4721,1.);
#4721 = DIRECTION('',(1.,0.));
#4722 = ( GEOMETRIC_REPRESENTATION_CONTEXT(2) 
PARAMETRIC_REPRESENTATION_CONTEXT() REPRESENTATION_CONTEXT('2D SPACE',''
  ) );
#4723 = FACE_BOUND('',#4724,.F.);
#4724 = EDGE_LOOP('',(#4725));
#4725 = ORIENTED_EDGE('',*,*,#4726,.T.);
#4726 = EDGE_CURVE('',#4727,#4727,#4729,.T.);
#4727 = VERTEX_POINT('',#4728);
#4728 = CARTESIAN_POINT('',(384.75,155.,0.));
#4729 = SURFACE_CURVE('',#4730,(#4735,#4746),.PCURVE_S1.);
#4730 = CIRCLE('',#4731,5.25);
#4731 = AXIS2_PLACEMENT_3D('',#4732,#4733,#4734);
#4732 = CARTESIAN_POINT('',(390.,155.,0.));
#4733 = DIRECTION('',(0.,0.,-1.));
#4734 = DIRECTION('',(-1.,0.,0.));
#4735 = PCURVE('',#72,#4736);
#4736 = DEFINITIONAL_REPRESENTATION('',(#4737),#4745);
#4737 = ( BOUNDED_CURVE() B_SPLINE_CURVE(2,(#4738,#4739,#4740,#4741,
#4742,#4743,#4744),.UNSPECIFIED.,.T.,.F.) B_SPLINE_CURVE_WITH_KNOTS((1,2
    ,2,2,2,1),(-2.094395102393,0.,2.094395102393,4.188790204786,
6.28318530718,8.377580409573),.UNSPECIFIED.) CURVE() 
GEOMETRIC_REPRESENTATION_ITEM() RATIONAL_B_SPLINE_CURVE((1.,0.5,1.,0.5,
1.,0.5,1.)) REPRESENTATION_ITEM('') );
#4738 = CARTESIAN_POINT('',(384.75,155.));
#4739 = CARTESIAN_POINT('',(384.75,164.09326673973));
#4740 = CARTESIAN_POINT('',(392.625,159.54663336986));
#4741 = CARTESIAN_POINT('',(400.5,155.));
#4742 = CARTESIAN_POINT('',(392.625,150.45336663013));
#4743 = CARTESIAN_POINT('',(384.75,145.90673326026));
#4744 = CARTESIAN_POINT('',(384.75,155.));
#4745 = ( GEOMETRIC_REPRESENTATION_CONTEXT(2) 
PARAMETRIC_REPRESENTATION_CONTEXT() REPRESENTATION_CONTEXT('2D SPACE',''
  ) );
#4746 = PCURVE('',#1931,#4747);
#4747 = DEFINITIONAL_REPRESENTATION('',(#4748),#4752);
#4748 = LINE('',#4749,#4750);
#4749 = CARTESIAN_POINT('',(0.,10.));
#4750 = VECTOR('',#4751,1.);
#4751 = DIRECTION('',(1.,0.));
#4752 = ( GEOMETRIC_REPRESENTATION_CONTEXT(2) 
PARAMETRIC_REPRESENTATION_CONTEXT() REPRESENTATION_CONTEXT('2D SPACE',''
  ) );
#4753 = FACE_BOUND('',#4754,.F.);
#4754 = EDGE_LOOP('',(#4755));
#4755 = ORIENTED_EDGE('',*,*,#4756,.T.);
#4756 = EDGE_CURVE('',#4757,#4757,#4759,.T.);
#4757 = VERTEX_POINT('',#4758);
#4758 = CARTESIAN_POINT('',(454.75,155.,0.));
#4759 = SURFACE_CURVE('',#4760,(#4765,#4776),.PCURVE_S1.);
#4760 = CIRCLE('',#4761,5.25);
#4761 = AXIS2_PLACEMENT_3D('',#4762,#4763,#4764);
#4762 = CARTESIAN_POINT('',(460.,155.,0.));
#4763 = DIRECTION('',(0.,0.,-1.));
#4764 = DIRECTION('',(-1.,0.,0.));
#4765 = PCURVE('',#72,#4766);
#4766 = DEFINITIONAL_REPRESENTATION('',(#4767),#4775);
#4767 = ( BOUNDED_CURVE() B_SPLINE_CURVE(2,(#4768,#4769,#4770,#4771,
#4772,#4773,#4774),.UNSPECIFIED.,.T.,.F.) B_SPLINE_CURVE_WITH_KNOTS((1,2
    ,2,2,2,1),(-2.094395102393,0.,2.094395102393,4.188790204786,
6.28318530718,8.377580409573),.UNSPECIFIED.) CURVE() 
GEOMETRIC_REPRESENTATION_ITEM() RATIONAL_B_SPLINE_CURVE((1.,0.5,1.,0.5,
1.,0.5,1.)) REPRESENTATION_ITEM('') );
#4768 = CARTESIAN_POINT('',(454.75,155.));
#4769 = CARTESIAN_POINT('',(454.75,164.09326673973));
#4770 = CARTESIAN_POINT('',(462.625,159.54663336986));
#4771 = CARTESIAN_POINT('',(470.5,155.));
#4772 = CARTESIAN_POINT('',(462.625,150.45336663013));
#4773 = CARTESIAN_POINT('',(454.75,145.90673326026));
#4774 = CARTESIAN_POINT('',(454.75,155.));
#4775 = ( GEOMETRIC_REPRESENTATION_CONTEXT(2) 
PARAMETRIC_REPRESENTATION_CONTEXT() REPRESENTATION_CONTEXT('2D SPACE',''
  ) );
#4776 = PCURVE('',#1966,#4777);
#4777 = DEFINITIONAL_REPRESENTATION('',(#4778),#4782);
#4778 = LINE('',#4779,#4780);
#4779 = CARTESIAN_POINT('',(0.,10.));
#4780 = VECTOR('',#4781,1.);
#4781 = DIRECTION('',(1.,0.));
#4782 = ( GEOMETRIC_REPRESENTATION_CONTEXT(2) 
PARAMETRIC_REPRESENTATION_CONTEXT() REPRESENTATION_CONTEXT('2D SPACE',''
  ) );
#4783 = FACE_BOUND('',#4784,.F.);
#4784 = EDGE_LOOP('',(#4785));
#4785 = ORIENTED_EDGE('',*,*,#4786,.T.);
#4786 = EDGE_CURVE('',#4787,#4787,#4789,.T.);
#4787 = VERTEX_POINT('',#4788);
#4788 = CARTESIAN_POINT('',(524.75,155.,0.));
#4789 = SURFACE_CURVE('',#4790,(#4795,#4806),.PCURVE_S1.);
#4790 = CIRCLE('',#4791,5.25);
#4791 = AXIS2_PLACEMENT_3D('',#4792,#4793,#4794);
#4792 = CARTESIAN_POINT('',(530.,155.,0.));
#4793 = DIRECTION('',(0.,0.,-1.));
#4794 = DIRECTION('',(-1.,0.,0.));
#4795 = PCURVE('',#72,#4796);
#4796 = DEFINITIONAL_REPRESENTATION('',(#4797),#4805);
#4797 = ( BOUNDED_CURVE() B_SPLINE_CURVE(2,(#4798,#4799,#4800,#4801,
#4802,#4803,#4804),.UNSPECIFIED.,.T.,.F.) B_SPLINE_CURVE_WITH_KNOTS((1,2
    ,2,2,2,1),(-2.094395102393,0.,2.094395102393,4.188790204786,
6.28318530718,8.377580409573),.UNSPECIFIED.) CURVE() 
GEOMETRIC_REPRESENTATION_ITEM() RATIONAL_B_SPLINE_CURVE((1.,0.5,1.,0.5,
1.,0.5,1.)) REPRESENTATION_ITEM('') );
#4798 = CARTESIAN_POINT('',(524.75,155.));
#4799 = CARTESIAN_POINT('',(524.75,164.09326673973));
#4800 = CARTESIAN_POINT('',(532.625,159.54663336986));
#4801 = CARTESIAN_POINT('',(540.5,155.));
#4802 = CARTESIAN_POINT('',(532.625,150.45336663013));
#4803 = CARTESIAN_POINT('',(524.75,145.90673326026));
#4804 = CARTESIAN_POINT('',(524.75,155.));
#4805 = ( GEOMETRIC_REPRESENTATION_CONTEXT(2) 
PARAMETRIC_REPRESENTATION_CONTEXT() REPRESENTATION_CONTEXT('2D SPACE',''
  ) );
#4806 = PCURVE('',#2001,#4807);
#4807 = DEFINITIONAL_REPRESENTATION('',(#4808),#4812);
#4808 = LINE('',#4809,#4810);
#4809 = CARTESIAN_POINT('',(0.,10.));
#4810 = VECTOR('',#4811,1.);
#4811 = DIRECTION('',(1.,0.));
#4812 = ( GEOMETRIC_REPRESENTATION_CONTEXT(2) 
PARAMETRIC_REPRESENTATION_CONTEXT() REPRESENTATION_CONTEXT('2D SPACE',''
  ) );
#4813 = FACE_BOUND('',#4814,.F.);
#4814 = EDGE_LOOP('',(#4815));
#4815 = ORIENTED_EDGE('',*,*,#4816,.T.);
#4816 = EDGE_CURVE('',#4817,#4817,#4819,.T.);
#4817 = VERTEX_POINT('',#4818);
#4818 = CARTESIAN_POINT('',(624.75,155.,0.));
#4819 = SURFACE_CURVE('',#4820,(#4825,#4836),.PCURVE_S1.);
#4820 = CIRCLE('',#4821,5.25);
#4821 = AXIS2_PLACEMENT_3D('',#4822,#4823,#4824);
#4822 = CARTESIAN_POINT('',(630.,155.,0.));
#4823 = DIRECTION('',(0.,0.,-1.));
#4824 = DIRECTION('',(-1.,0.,0.));
#4825 = PCURVE('',#72,#4826);
#4826 = DEFINITIONAL_REPRESENTATION('',(#4827),#4835);
#4827 = ( BOUNDED_CURVE() B_SPLINE_CURVE(2,(#4828,#4829,#4830,#4831,
#4832,#4833,#4834),.UNSPECIFIED.,.T.,.F.) B_SPLINE_CURVE_WITH_KNOTS((1,2
    ,2,2,2,1),(-2.094395102393,0.,2.094395102393,4.188790204786,
6.28318530718,8.377580409573),.UNSPECIFIED.) CURVE() 
GEOMETRIC_REPRESENTATION_ITEM() RATIONAL_B_SPLINE_CURVE((1.,0.5,1.,0.5,
1.,0.5,1.)) REPRESENTATION_ITEM('') );
#4828 = CARTESIAN_POINT('',(624.75,155.));
#4829 = CARTESIAN_POINT('',(624.75,164.09326673973));
#4830 = CARTESIAN_POINT('',(632.625,159.54663336986));
#4831 = CARTESIAN_POINT('',(640.5,155.));
#4832 = CARTESIAN_POINT('',(632.625,150.45336663013));
#4833 = CARTESIAN_POINT('',(624.75,145.90673326026));
#4834 = CARTESIAN_POINT('',(624.75,155.));
#4835 = ( GEOMETRIC_REPRESENTATION_CONTEXT(2) 
PARAMETRIC_REPRESENTATION_CONTEXT() REPRESENTATION_CONTEXT('2D SPACE',''
  ) );
#4836 = PCURVE('',#2036,#4837);
#4837 = DEFINITIONAL_REPRESENTATION('',(#4838),#4842);
#4838 = LINE('',#4839,#4840);
#4839 = CARTESIAN_POINT('',(0.,10.));
#4840 = VECTOR('',#4841,1.);
#4841 = DIRECTION('',(1.,0.));
#4842 = ( GEOMETRIC_REPRESENTATION_CONTEXT(2) 
PARAMETRIC_REPRESENTATION_CONTEXT() REPRESENTATION_CONTEXT('2D SPACE',''
  ) );
#4843 = FACE_BOUND('',#4844,.F.);
#4844 = EDGE_LOOP('',(#4845));
#4845 = ORIENTED_EDGE('',*,*,#4846,.T.);
#4846 = EDGE_CURVE('',#4847,#4847,#4849,.T.);
#4847 = VERTEX_POINT('',#4848);
#4848 = CARTESIAN_POINT('',(724.75,155.,0.));
#4849 = SURFACE_CURVE('',#4850,(#4855,#4866),.PCURVE_S1.);
#4850 = CIRCLE('',#4851,5.25);
#4851 = AXIS2_PLACEMENT_3D('',#4852,#4853,#4854);
#4852 = CARTESIAN_POINT('',(730.,155.,0.));
#4853 = DIRECTION('',(0.,0.,-1.));
#4854 = DIRECTION('',(-1.,0.,0.));
#4855 = PCURVE('',#72,#4856);
#4856 = DEFINITIONAL_REPRESENTATION('',(#4857),#4865);
#4857 = ( BOUNDED_CURVE() B_SPLINE_CURVE(2,(#4858,#4859,#4860,#4861,
#4862,#4863,#4864),.UNSPECIFIED.,.T.,.F.) B_SPLINE_CURVE_WITH_KNOTS((1,2
    ,2,2,2,1),(-2.094395102393,0.,2.094395102393,4.188790204786,
6.28318530718,8.377580409573),.UNSPECIFIED.) CURVE() 
GEOMETRIC_REPRESENTATION_ITEM() RATIONAL_B_SPLINE_CURVE((1.,0.5,1.,0.5,
1.,0.5,1.)) REPRESENTATION_ITEM('') );
#4858 = CARTESIAN_POINT('',(724.75,155.));
#4859 = CARTESIAN_POINT('',(724.75,164.09326673973));
#4860 = CARTESIAN_POINT('',(732.625,159.54663336986));
#4861 = CARTESIAN_POINT('',(740.5,155.));
#4862 = CARTESIAN_POINT('',(732.625,150.45336663013));
#4863 = CARTESIAN_POINT('',(724.75,145.90673326026));
#4864 = CARTESIAN_POINT('',(724.75,155.));
#4865 = ( GEOMETRIC_REPRESENTATION_CONTEXT(2) 
PARAMETRIC_REPRESENTATION_CONTEXT() REPRESENTATION_CONTEXT('2D SPACE',''
  ) );
#4866 = PCURVE('',#2071,#4867);
#4867 = DEFINITIONAL_REPRESENTATION('',(#4868),#4872);
#4868 = LINE('',#4869,#4870);
#4869 = CARTESIAN_POINT('',(0.,10.));
#4870 = VECTOR('',#4871,1.);
#4871 = DIRECTION('',(1.,0.));
#4872 = ( GEOMETRIC_REPRESENTATION_CONTEXT(2) 
PARAMETRIC_REPRESENTATION_CONTEXT() REPRESENTATION_CONTEXT('2D SPACE',''
  ) );
#4873 = FACE_BOUND('',#4874,.F.);
#4874 = EDGE_LOOP('',(#4875));
#4875 = ORIENTED_EDGE('',*,*,#4876,.T.);
#4876 = EDGE_CURVE('',#4877,#4877,#4879,.T.);
#4877 = VERTEX_POINT('',#4878);
#4878 = CARTESIAN_POINT('',(824.75,155.,0.));
#4879 = SURFACE_CURVE('',#4880,(#4885,#4896),.PCURVE_S1.);
#4880 = CIRCLE('',#4881,5.25);
#4881 = AXIS2_PLACEMENT_3D('',#4882,#4883,#4884);
#4882 = CARTESIAN_POINT('',(830.,155.,0.));
#4883 = DIRECTION('',(0.,0.,-1.));
#4884 = DIRECTION('',(-1.,0.,0.));
#4885 = PCURVE('',#72,#4886);
#4886 = DEFINITIONAL_REPRESENTATION('',(#4887),#4895);
#4887 = ( BOUNDED_CURVE() B_SPLINE_CURVE(2,(#4888,#4889,#4890,#4891,
#4892,#4893,#4894),.UNSPECIFIED.,.T.,.F.) B_SPLINE_CURVE_WITH_KNOTS((1,2
    ,2,2,2,1),(-2.094395102393,0.,2.094395102393,4.188790204786,
6.28318530718,8.377580409573),.UNSPECIFIED.) CURVE() 
GEOMETRIC_REPRESENTATION_ITEM() RATIONAL_B_SPLINE_CURVE((1.,0.5,1.,0.5,
1.,0.5,1.)) REPRESENTATION_ITEM('') );
#4888 = CARTESIAN_POINT('',(824.75,155.));
#4889 = CARTESIAN_POINT('',(824.75,164.09326673973));
#4890 = CARTESIAN_POINT('',(832.625,159.54663336986));
#4891 = CARTESIAN_POINT('',(840.5,155.));
#4892 = CARTESIAN_POINT('',(832.625,150.45336663013));
#4893 = CARTESIAN_POINT('',(824.75,145.90673326026));
#4894 = CARTESIAN_POINT('',(824.75,155.));
#4895 = ( GEOMETRIC_REPRESENTATION_CONTEXT(2) 
PARAMETRIC_REPRESENTATION_CONTEXT() REPRESENTATION_CONTEXT('2D SPACE',''
  ) );
#4896 = PCURVE('',#2106,#4897);
#4897 = DEFINITIONAL_REPRESENTATION('',(#4898),#4902);
#4898 = LINE('',#4899,#4900);
#4899 = CARTESIAN_POINT('',(0.,10.));
#4900 = VECTOR('',#4901,1.);
#4901 = DIRECTION('',(1.,0.));
#4902 = ( GEOMETRIC_REPRESENTATION_CONTEXT(2) 
PARAMETRIC_REPRESENTATION_CONTEXT() REPRESENTATION_CONTEXT('2D SPACE',''
  ) );
#4903 = FACE_BOUND('',#4904,.F.);
#4904 = EDGE_LOOP('',(#4905));
#4905 = ORIENTED_EDGE('',*,*,#4906,.T.);
#4906 = EDGE_CURVE('',#4907,#4907,#4909,.T.);
#4907 = VERTEX_POINT('',#4908);
#4908 = CARTESIAN_POINT('',(924.75,155.,0.));
#4909 = SURFACE_CURVE('',#4910,(#4915,#4926),.PCURVE_S1.);
#4910 = CIRCLE('',#4911,5.25);
#4911 = AXIS2_PLACEMENT_3D('',#4912,#4913,#4914);
#4912 = CARTESIAN_POINT('',(930.,155.,0.));
#4913 = DIRECTION('',(0.,0.,-1.));
#4914 = DIRECTION('',(-1.,0.,0.));
#4915 = PCURVE('',#72,#4916);
#4916 = DEFINITIONAL_REPRESENTATION('',(#4917),#4925);
#4917 = ( BOUNDED_CURVE() B_SPLINE_CURVE(2,(#4918,#4919,#4920,#4921,
#4922,#4923,#4924),.UNSPECIFIED.,.T.,.F.) B_SPLINE_CURVE_WITH_KNOTS((1,2
    ,2,2,2,1),(-2.094395102393,0.,2.094395102393,4.188790204786,
6.28318530718,8.377580409573),.UNSPECIFIED.) CURVE() 
GEOMETRIC_REPRESENTATION_ITEM() RATIONAL_B_SPLINE_CURVE((1.,0.5,1.,0.5,
1.,0.5,1.)) REPRESENTATION_ITEM('') );
#4918 = CARTESIAN_POINT('',(924.75,155.));
#4919 = CARTESIAN_POINT('',(924.75,164.09326673973));
#4920 = CARTESIAN_POINT('',(932.625,159.54663336986));
#4921 = CARTESIAN_POINT('',(940.5,155.));
#4922 = CARTESIAN_POINT('',(932.625,150.45336663013));
#4923 = CARTESIAN_POINT('',(924.75,145.90673326026));
#4924 = CARTESIAN_POINT('',(924.75,155.));
#4925 = ( GEOMETRIC_REPRESENTATION_CONTEXT(2) 
PARAMETRIC_REPRESENTATION_CONTEXT() REPRESENTATION_CONTEXT('2D SPACE',''
  ) );
#4926 = PCURVE('',#2141,#4927);
#4927 = DEFINITIONAL_REPRESENTATION('',(#4928),#4932);
#4928 = LINE('',#4929,#4930);
#4929 = CARTESIAN_POINT('',(0.,10.));
#4930 = VECTOR('',#4931,1.);
#4931 = DIRECTION('',(1.,0.));
#4932 = ( GEOMETRIC_REPRESENTATION_CONTEXT(2) 
PARAMETRIC_REPRESENTATION_CONTEXT() REPRESENTATION_CONTEXT('2D SPACE',''
  ) );
#4933 = FACE_BOUND('',#4934,.F.);
#4934 = EDGE_LOOP('',(#4935));
#4935 = ORIENTED_EDGE('',*,*,#4936,.T.);
#4936 = EDGE_CURVE('',#4937,#4937,#4939,.T.);
#4937 = VERTEX_POINT('',#4938);
#4938 = CARTESIAN_POINT('',(1.02475E+03,155.,0.));
#4939 = SURFACE_CURVE('',#4940,(#4945,#4956),.PCURVE_S1.);
#4940 = CIRCLE('',#4941,5.25);
#4941 = AXIS2_PLACEMENT_3D('',#4942,#4943,#4944);
#4942 = CARTESIAN_POINT('',(1.03E+03,155.,0.));
#4943 = DIRECTION('',(0.,0.,-1.));
#4944 = DIRECTION('',(-1.,0.,0.));
#4945 = PCURVE('',#72,#4946);
#4946 = DEFINITIONAL_REPRESENTATION('',(#4947),#4955);
#4947 = ( BOUNDED_CURVE() B_SPLINE_CURVE(2,(#4948,#4949,#4950,#4951,
#4952,#4953,#4954),.UNSPECIFIED.,.T.,.F.) B_SPLINE_CURVE_WITH_KNOTS((1,2
    ,2,2,2,1),(-2.094395102393,0.,2.094395102393,4.188790204786,
6.28318530718,8.377580409573),.UNSPECIFIED.) CURVE() 
GEOMETRIC_REPRESENTATION_ITEM() RATIONAL_B_SPLINE_CURVE((1.,0.5,1.,0.5,
1.,0.5,1.)) REPRESENTATION_ITEM('') );
#4948 = CARTESIAN_POINT('',(1.02475E+03,155.));
#4949 = CARTESIAN_POINT('',(1.02475E+03,164.09326673973));
#4950 = CARTESIAN_POINT('',(1.032625E+03,159.54663336986));
#4951 = CARTESIAN_POINT('',(1.0405E+03,155.));
#4952 = CARTESIAN_POINT('',(1.032625E+03,150.45336663013));
#4953 = CARTESIAN_POINT('',(1.02475E+03,145.90673326026));
#4954 = CARTESIAN_POINT('',(1.02475E+03,155.));
#4955 = ( GEOMETRIC_REPRESENTATION_CONTEXT(2) 
PARAMETRIC_REPRESENTATION_CONTEXT() REPRESENTATION_CONTEXT('2D SPACE',''
  ) );
#4956 = PCURVE('',#2176,#4957);
#4957 = DEFINITIONAL_REPRESENTATION('',(#4958),#4962);
#4958 = LINE('',#4959,#4960);
#4959 = CARTESIAN_POINT('',(0.,10.));
#4960 = VECTOR('',#4961,1.);
#4961 = DIRECTION('',(1.,0.));
#4962 = ( GEOMETRIC_REPRESENTATION_CONTEXT(2) 
PARAMETRIC_REPRESENTATION_CONTEXT() REPRESENTATION_CONTEXT('2D SPACE',''
  ) );
#4963 = FACE_BOUND('',#4964,.F.);
#4964 = EDGE_LOOP('',(#4965));
#4965 = ORIENTED_EDGE('',*,*,#4966,.T.);
#4966 = EDGE_CURVE('',#4967,#4967,#4969,.T.);
#4967 = VERTEX_POINT('',#4968);
#4968 = CARTESIAN_POINT('',(1.12475E+03,155.,0.));
#4969 = SURFACE_CURVE('',#4970,(#4975,#4986),.PCURVE_S1.);
#4970 = CIRCLE('',#4971,5.25);
#4971 = AXIS2_PLACEMENT_3D('',#4972,#4973,#4974);
#4972 = CARTESIAN_POINT('',(1.13E+03,155.,0.));
#4973 = DIRECTION('',(0.,0.,-1.));
#4974 = DIRECTION('',(-1.,0.,0.));
#4975 = PCURVE('',#72,#4976);
#4976 = DEFINITIONAL_REPRESENTATION('',(#4977),#4985);
#4977 = ( BOUNDED_CURVE() B_SPLINE_CURVE(2,(#4978,#4979,#4980,#4981,
#4982,#4983,#4984),.UNSPECIFIED.,.T.,.F.) B_SPLINE_CURVE_WITH_KNOTS((1,2
    ,2,2,2,1),(-2.094395102393,0.,2.094395102393,4.188790204786,
6.28318530718,8.377580409573),.UNSPECIFIED.) CURVE() 
GEOMETRIC_REPRESENTATION_ITEM() RATIONAL_B_SPLINE_CURVE((1.,0.5,1.,0.5,
1.,0.5,1.)) REPRESENTATION_ITEM('') );
#4978 = CARTESIAN_POINT('',(1.12475E+03,155.));
#4979 = CARTESIAN_POINT('',(1.12475E+03,164.09326673973));
#4980 = CARTESIAN_POINT('',(1.132625E+03,159.54663336986));
#4981 = CARTESIAN_POINT('',(1.1405E+03,155.));
#4982 = CARTESIAN_POINT('',(1.132625E+03,150.45336663013));
#4983 = CARTESIAN_POINT('',(1.12475E+03,145.90673326026));
#4984 = CARTESIAN_POINT('',(1.12475E+03,155.));
#4985 = ( GEOMETRIC_REPRESENTATION_CONTEXT(2) 
PARAMETRIC_REPRESENTATION_CONTEXT() REPRESENTATION_CONTEXT('2D SPACE',''
  ) );
#4986 = PCURVE('',#2211,#4987);
#4987 = DEFINITIONAL_REPRESENTATION('',(#4988),#4992);
#4988 = LINE('',#4989,#4990);
#4989 = CARTESIAN_POINT('',(0.,10.));
#4990 = VECTOR('',#4991,1.);
#4991 = DIRECTION('',(1.,0.));
#4992 = ( GEOMETRIC_REPRESENTATION_CONTEXT(2) 
PARAMETRIC_REPRESENTATION_CONTEXT() REPRESENTATION_CONTEXT('2D SPACE',''
  ) );
#4993 = FACE_BOUND('',#4994,.F.);
#4994 = EDGE_LOOP('',(#4995));
#4995 = ORIENTED_EDGE('',*,*,#4996,.T.);
#4996 = EDGE_CURVE('',#4997,#4997,#4999,.T.);
#4997 = VERTEX_POINT('',#4998);
#4998 = CARTESIAN_POINT('',(1.22475E+03,155.,0.));
#4999 = SURFACE_CURVE('',#5000,(#5005,#5016),.PCURVE_S1.);
#5000 = CIRCLE('',#5001,5.25);
#5001 = AXIS2_PLACEMENT_3D('',#5002,#5003,#5004);
#5002 = CARTESIAN_POINT('',(1.23E+03,155.,0.));
#5003 = DIRECTION('',(0.,0.,-1.));
#5004 = DIRECTION('',(-1.,0.,0.));
#5005 = PCURVE('',#72,#5006);
#5006 = DEFINITIONAL_REPRESENTATION('',(#5007),#5015);
#5007 = ( BOUNDED_CURVE() B_SPLINE_CURVE(2,(#5008,#5009,#5010,#5011,
#5012,#5013,#5014),.UNSPECIFIED.,.T.,.F.) B_SPLINE_CURVE_WITH_KNOTS((1,2
    ,2,2,2,1),(-2.094395102393,0.,2.094395102393,4.188790204786,
6.28318530718,8.377580409573),.UNSPECIFIED.) CURVE() 
GEOMETRIC_REPRESENTATION_ITEM() RATIONAL_B_SPLINE_CURVE((1.,0.5,1.,0.5,
1.,0.5,1.)) REPRESENTATION_ITEM('') );
#5008 = CARTESIAN_POINT('',(1.22475E+03,155.));
#5009 = CARTESIAN_POINT('',(1.22475E+03,164.09326673973));
#5010 = CARTESIAN_POINT('',(1.232625E+03,159.54663336986));
#5011 = CARTESIAN_POINT('',(1.2405E+03,155.));
#5012 = CARTESIAN_POINT('',(1.232625E+03,150.45336663013));
#5013 = CARTESIAN_POINT('',(1.22475E+03,145.90673326026));
#5014 = CARTESIAN_POINT('',(1.22475E+03,155.));
#5015 = ( GEOMETRIC_REPRESENTATION_CONTEXT(2) 
PARAMETRIC_REPRESENTATION_CONTEXT() REPRESENTATION_CONTEXT('2D SPACE',''
  ) );
#5016 = PCURVE('',#2246,#5017);
#5017 = DEFINITIONAL_REPRESENTATION('',(#5018),#5022);
#5018 = LINE('',#5019,#5020);
#5019 = CARTESIAN_POINT('',(0.,10.));
#5020 = VECTOR('',#5021,1.);
#5021 = DIRECTION('',(1.,0.));
#5022 = ( GEOMETRIC_REPRESENTATION_CONTEXT(2) 
PARAMETRIC_REPRESENTATION_CONTEXT() REPRESENTATION_CONTEXT('2D SPACE',''
  ) );
#5023 = FACE_BOUND('',#5024,.F.);
#5024 = EDGE_LOOP('',(#5025));
#5025 = ORIENTED_EDGE('',*,*,#5026,.T.);
#5026 = EDGE_CURVE('',#5027,#5027,#5029,.T.);
#5027 = VERTEX_POINT('',#5028);
#5028 = CARTESIAN_POINT('',(1.39975E+03,155.,0.));
#5029 = SURFACE_CURVE('',#5030,(#5035,#5046),.PCURVE_S1.);
#5030 = CIRCLE('',#5031,5.25);
#5031 = AXIS2_PLACEMENT_3D('',#5032,#5033,#5034);
#5032 = CARTESIAN_POINT('',(1.405E+03,155.,0.));
#5033 = DIRECTION('',(0.,0.,-1.));
#5034 = DIRECTION('',(-1.,0.,0.));
#5035 = PCURVE('',#72,#5036);
#5036 = DEFINITIONAL_REPRESENTATION('',(#5037),#5045);
#5037 = ( BOUNDED_CURVE() B_SPLINE_CURVE(2,(#5038,#5039,#5040,#5041,
#5042,#5043,#5044),.UNSPECIFIED.,.T.,.F.) B_SPLINE_CURVE_WITH_KNOTS((1,2
    ,2,2,2,1),(-2.094395102393,0.,2.094395102393,4.188790204786,
6.28318530718,8.377580409573),.UNSPECIFIED.) CURVE() 
GEOMETRIC_REPRESENTATION_ITEM() RATIONAL_B_SPLINE_CURVE((1.,0.5,1.,0.5,
1.,0.5,1.)) REPRESENTATION_ITEM('') );
#5038 = CARTESIAN_POINT('',(1.39975E+03,155.));
#5039 = CARTESIAN_POINT('',(1.39975E+03,164.09326673973));
#5040 = CARTESIAN_POINT('',(1.407625E+03,159.54663336986));
#5041 = CARTESIAN_POINT('',(1.4155E+03,155.));
#5042 = CARTESIAN_POINT('',(1.407625E+03,150.45336663013));
#5043 = CARTESIAN_POINT('',(1.39975E+03,145.90673326026));
#5044 = CARTESIAN_POINT('',(1.39975E+03,155.));
#5045 = ( GEOMETRIC_REPRESENTATION_CONTEXT(2) 
PARAMETRIC_REPRESENTATION_CONTEXT() REPRESENTATION_CONTEXT('2D SPACE',''
  ) );
#5046 = PCURVE('',#2281,#5047);
#5047 = DEFINITIONAL_REPRESENTATION('',(#5048),#5052);
#5048 = LINE('',#5049,#5050);
#5049 = CARTESIAN_POINT('',(0.,10.));
#5050 = VECTOR('',#5051,1.);
#5051 = DIRECTION('',(1.,0.));
#5052 = ( GEOMETRIC_REPRESENTATION_CONTEXT(2) 
PARAMETRIC_REPRESENTATION_CONTEXT() REPRESENTATION_CONTEXT('2D SPACE',''
  ) );
#5053 = FACE_BOUND('',#5054,.F.);
#5054 = EDGE_LOOP('',(#5055));
#5055 = ORIENTED_EDGE('',*,*,#5056,.T.);
#5056 = EDGE_CURVE('',#5057,#5057,#5059,.T.);
#5057 = VERTEX_POINT('',#5058);
#5058 = CARTESIAN_POINT('',(1.64975E+03,155.,0.));
#5059 = SURFACE_CURVE('',#5060,(#5065,#5076),.PCURVE_S1.);
#5060 = CIRCLE('',#5061,5.25);
#5061 = AXIS2_PLACEMENT_3D('',#5062,#5063,#5064);
#5062 = CARTESIAN_POINT('',(1.655E+03,155.,0.));
#5063 = DIRECTION('',(0.,0.,-1.));
#5064 = DIRECTION('',(-1.,0.,0.));
#5065 = PCURVE('',#72,#5066);
#5066 = DEFINITIONAL_REPRESENTATION('',(#5067),#5075);
#5067 = ( BOUNDED_CURVE() B_SPLINE_CURVE(2,(#5068,#5069,#5070,#5071,
#5072,#5073,#5074),.UNSPECIFIED.,.T.,.F.) B_SPLINE_CURVE_WITH_KNOTS((1,2
    ,2,2,2,1),(-2.094395102393,0.,2.094395102393,4.188790204786,
6.28318530718,8.377580409573),.UNSPECIFIED.) CURVE() 
GEOMETRIC_REPRESENTATION_ITEM() RATIONAL_B_SPLINE_CURVE((1.,0.5,1.,0.5,
1.,0.5,1.)) REPRESENTATION_ITEM('') );
#5068 = CARTESIAN_POINT('',(1.64975E+03,155.));
#5069 = CARTESIAN_POINT('',(1.64975E+03,164.09326673973));
#5070 = CARTESIAN_POINT('',(1.657625E+03,159.54663336986));
#5071 = CARTESIAN_POINT('',(1.6655E+03,155.));
#5072 = CARTESIAN_POINT('',(1.657625E+03,150.45336663013));
#5073 = CARTESIAN_POINT('',(1.64975E+03,145.90673326026));
#5074 = CARTESIAN_POINT('',(1.64975E+03,155.));
#5075 = ( GEOMETRIC_REPRESENTATION_CONTEXT(2) 
PARAMETRIC_REPRESENTATION_CONTEXT() REPRESENTATION_CONTEXT('2D SPACE',''
  ) );
#5076 = PCURVE('',#2316,#5077);
#5077 = DEFINITIONAL_REPRESENTATION('',(#5078),#5082);
#5078 = LINE('',#5079,#5080);
#5079 = CARTESIAN_POINT('',(0.,10.));
#5080 = VECTOR('',#5081,1.);
#5081 = DIRECTION('',(1.,0.));
#5082 = ( GEOMETRIC_REPRESENTATION_CONTEXT(2) 
PARAMETRIC_REPRESENTATION_CONTEXT() REPRESENTATION_CONTEXT('2D SPACE',''
  ) );
#5083 = FACE_BOUND('',#5084,.F.);
#5084 = EDGE_LOOP('',(#5085));
#5085 = ORIENTED_EDGE('',*,*,#5086,.T.);
#5086 = EDGE_CURVE('',#5087,#5087,#5089,.T.);
#5087 = VERTEX_POINT('',#5088);
#5088 = CARTESIAN_POINT('',(1.89975E+03,155.,0.));
#5089 = SURFACE_CURVE('',#5090,(#5095,#5106),.PCURVE_S1.);
#5090 = CIRCLE('',#5091,5.25);
#5091 = AXIS2_PLACEMENT_3D('',#5092,#5093,#5094);
#5092 = CARTESIAN_POINT('',(1.905E+03,155.,0.));
#5093 = DIRECTION('',(0.,0.,-1.));
#5094 = DIRECTION('',(-1.,0.,0.));
#5095 = PCURVE('',#72,#5096);
#5096 = DEFINITIONAL_REPRESENTATION('',(#5097),#5105);
#5097 = ( BOUNDED_CURVE() B_SPLINE_CURVE(2,(#5098,#5099,#5100,#5101,
#5102,#5103,#5104),.UNSPECIFIED.,.T.,.F.) B_SPLINE_CURVE_WITH_KNOTS((1,2
    ,2,2,2,1),(-2.094395102393,0.,2.094395102393,4.188790204786,
6.28318530718,8.377580409573),.UNSPECIFIED.) CURVE() 
GEOMETRIC_REPRESENTATION_ITEM() RATIONAL_B_SPLINE_CURVE((1.,0.5,1.,0.5,
1.,0.5,1.)) REPRESENTATION_ITEM('') );
#5098 = CARTESIAN_POINT('',(1.89975E+03,155.));
#5099 = CARTESIAN_POINT('',(1.89975E+03,164.09326673973));
#5100 = CARTESIAN_POINT('',(1.907625E+03,159.54663336986));
#5101 = CARTESIAN_POINT('',(1.9155E+03,155.));
#5102 = CARTESIAN_POINT('',(1.907625E+03,150.45336663013));
#5103 = CARTESIAN_POINT('',(1.89975E+03,145.90673326026));
#5104 = CARTESIAN_POINT('',(1.89975E+03,155.));
#5105 = ( GEOMETRIC_REPRESENTATION_CONTEXT(2) 
PARAMETRIC_REPRESENTATION_CONTEXT() REPRESENTATION_CONTEXT('2D SPACE',''
  ) );
#5106 = PCURVE('',#2351,#5107);
#5107 = DEFINITIONAL_REPRESENTATION('',(#5108),#5112);
#5108 = LINE('',#5109,#5110);
#5109 = CARTESIAN_POINT('',(0.,10.));
#5110 = VECTOR('',#5111,1.);
#5111 = DIRECTION('',(1.,0.));
#5112 = ( GEOMETRIC_REPRESENTATION_CONTEXT(2) 
PARAMETRIC_REPRESENTATION_CONTEXT() REPRESENTATION_CONTEXT('2D SPACE',''
  ) );
#5113 = FACE_BOUND('',#5114,.F.);
#5114 = EDGE_LOOP('',(#5115));
#5115 = ORIENTED_EDGE('',*,*,#5116,.T.);
#5116 = EDGE_CURVE('',#5117,#5117,#5119,.T.);
#5117 = VERTEX_POINT('',#5118);
#5118 = CARTESIAN_POINT('',(2.14975E+03,155.,0.));
#5119 = SURFACE_CURVE('',#5120,(#5125,#5136),.PCURVE_S1.);
#5120 = CIRCLE('',#5121,5.25);
#5121 = AXIS2_PLACEMENT_3D('',#5122,#5123,#5124);
#5122 = CARTESIAN_POINT('',(2.155E+03,155.,0.));
#5123 = DIRECTION('',(0.,0.,-1.));
#5124 = DIRECTION('',(-1.,0.,0.));
#5125 = PCURVE('',#72,#5126);
#5126 = DEFINITIONAL_REPRESENTATION('',(#5127),#5135);
#5127 = ( BOUNDED_CURVE() B_SPLINE_CURVE(2,(#5128,#5129,#5130,#5131,
#5132,#5133,#5134),.UNSPECIFIED.,.T.,.F.) B_SPLINE_CURVE_WITH_KNOTS((1,2
    ,2,2,2,1),(-2.094395102393,0.,2.094395102393,4.188790204786,
6.28318530718,8.377580409573),.UNSPECIFIED.) CURVE() 
GEOMETRIC_REPRESENTATION_ITEM() RATIONAL_B_SPLINE_CURVE((1.,0.5,1.,0.5,
1.,0.5,1.)) REPRESENTATION_ITEM('') );
#5128 = CARTESIAN_POINT('',(2.14975E+03,155.));
#5129 = CARTESIAN_POINT('',(2.14975E+03,164.09326673973));
#5130 = CARTESIAN_POINT('',(2.157625E+03,159.54663336986));
#5131 = CARTESIAN_POINT('',(2.1655E+03,155.));
#5132 = CARTESIAN_POINT('',(2.157625E+03,150.45336663013));
#5133 = CARTESIAN_POINT('',(2.14975E+03,145.90673326026));
#5134 = CARTESIAN_POINT('',(2.14975E+03,155.));
#5135 = ( GEOMETRIC_REPRESENTATION_CONTEXT(2) 
PARAMETRIC_REPRESENTATION_CONTEXT() REPRESENTATION_CONTEXT('2D SPACE',''
  ) );
#5136 = PCURVE('',#2386,#5137);
#5137 = DEFINITIONAL_REPRESENTATION('',(#5138),#5142);
#5138 = LINE('',#5139,#5140);
#5139 = CARTESIAN_POINT('',(0.,10.));
#5140 = VECTOR('',#5141,1.);
#5141 = DIRECTION('',(1.,0.));
#5142 = ( GEOMETRIC_REPRESENTATION_CONTEXT(2) 
PARAMETRIC_REPRESENTATION_CONTEXT() REPRESENTATION_CONTEXT('2D SPACE',''
  ) );
#5143 = FACE_BOUND('',#5144,.F.);
#5144 = EDGE_LOOP('',(#5145));
#5145 = ORIENTED_EDGE('',*,*,#5146,.T.);
#5146 = EDGE_CURVE('',#5147,#5147,#5149,.T.);
#5147 = VERTEX_POINT('',#5148);
#5148 = CARTESIAN_POINT('',(2.49975E+03,155.,0.));
#5149 = SURFACE_CURVE('',#5150,(#5155,#5166),.PCURVE_S1.);
#5150 = CIRCLE('',#5151,5.25);
#5151 = AXIS2_PLACEMENT_3D('',#5152,#5153,#5154);
#5152 = CARTESIAN_POINT('',(2.505E+03,155.,0.));
#5153 = DIRECTION('',(0.,0.,-1.));
#5154 = DIRECTION('',(-1.,0.,0.));
#5155 = PCURVE('',#72,#5156);
#5156 = DEFINITIONAL_REPRESENTATION('',(#5157),#5165);
#5157 = ( BOUNDED_CURVE() B_SPLINE_CURVE(2,(#5158,#5159,#5160,#5161,
#5162,#5163,#5164),.UNSPECIFIED.,.T.,.F.) B_SPLINE_CURVE_WITH_KNOTS((1,2
    ,2,2,2,1),(-2.094395102393,0.,2.094395102393,4.188790204786,
6.28318530718,8.377580409573),.UNSPECIFIED.) CURVE() 
GEOMETRIC_REPRESENTATION_ITEM() RATIONAL_B_SPLINE_CURVE((1.,0.5,1.,0.5,
1.,0.5,1.)) REPRESENTATION_ITEM('') );
#5158 = CARTESIAN_POINT('',(2.49975E+03,155.));
#5159 = CARTESIAN_POINT('',(2.49975E+03,164.09326673973));
#5160 = CARTESIAN_POINT('',(2.507625E+03,159.54663336986));
#5161 = CARTESIAN_POINT('',(2.5155E+03,155.));
#5162 = CARTESIAN_POINT('',(2.507625E+03,150.45336663013));
#5163 = CARTESIAN_POINT('',(2.49975E+03,145.90673326026));
#5164 = CARTESIAN_POINT('',(2.49975E+03,155.));
#5165 = ( GEOMETRIC_REPRESENTATION_CONTEXT(2) 
PARAMETRIC_REPRESENTATION_CONTEXT() REPRESENTATION_CONTEXT('2D SPACE',''
  ) );
#5166 = PCURVE('',#2421,#5167);
#5167 = DEFINITIONAL_REPRESENTATION('',(#5168),#5172);
#5168 = LINE('',#5169,#5170);
#5169 = CARTESIAN_POINT('',(0.,10.));
#5170 = VECTOR('',#5171,1.);
#5171 = DIRECTION('',(1.,0.));
#5172 = ( GEOMETRIC_REPRESENTATION_CONTEXT(2) 
PARAMETRIC_REPRESENTATION_CONTEXT() REPRESENTATION_CONTEXT('2D SPACE',''
  ) );
#5173 = FACE_BOUND('',#5174,.F.);
#5174 = EDGE_LOOP('',(#5175));
#5175 = ORIENTED_EDGE('',*,*,#5176,.T.);
#5176 = EDGE_CURVE('',#5177,#5177,#5179,.T.);
#5177 = VERTEX_POINT('',#5178);
#5178 = CARTESIAN_POINT('',(2.84975E+03,155.,0.));
#5179 = SURFACE_CURVE('',#5180,(#5185,#5196),.PCURVE_S1.);
#5180 = CIRCLE('',#5181,5.25);
#5181 = AXIS2_PLACEMENT_3D('',#5182,#5183,#5184);
#5182 = CARTESIAN_POINT('',(2.855E+03,155.,0.));
#5183 = DIRECTION('',(0.,0.,-1.));
#5184 = DIRECTION('',(-1.,0.,0.));
#5185 = PCURVE('',#72,#5186);
#5186 = DEFINITIONAL_REPRESENTATION('',(#5187),#5195);
#5187 = ( BOUNDED_CURVE() B_SPLINE_CURVE(2,(#5188,#5189,#5190,#5191,
#5192,#5193,#5194),.UNSPECIFIED.,.T.,.F.) B_SPLINE_CURVE_WITH_KNOTS((1,2
    ,2,2,2,1),(-2.094395102393,0.,2.094395102393,4.188790204786,
6.28318530718,8.377580409573),.UNSPECIFIED.) CURVE() 
GEOMETRIC_REPRESENTATION_ITEM() RATIONAL_B_SPLINE_CURVE((1.,0.5,1.,0.5,
1.,0.5,1.)) REPRESENTATION_ITEM('') );
#5188 = CARTESIAN_POINT('',(2.84975E+03,155.));
#5189 = CARTESIAN_POINT('',(2.84975E+03,164.09326673973));
#5190 = CARTESIAN_POINT('',(2.857625E+03,159.54663336986));
#5191 = CARTESIAN_POINT('',(2.8655E+03,155.));
#5192 = CARTESIAN_POINT('',(2.857625E+03,150.45336663013));
#5193 = CARTESIAN_POINT('',(2.84975E+03,145.90673326026));
#5194 = CARTESIAN_POINT('',(2.84975E+03,155.));
#5195 = ( GEOMETRIC_REPRESENTATION_CONTEXT(2) 
PARAMETRIC_REPRESENTATION_CONTEXT() REPRESENTATION_CONTEXT('2D SPACE',''
  ) );
#5196 = PCURVE('',#2456,#5197);
#5197 = DEFINITIONAL_REPRESENTATION('',(#5198),#5202);
#5198 = LINE('',#5199,#5200);
#5199 = CARTESIAN_POINT('',(0.,10.));
#5200 = VECTOR('',#5201,1.);
#5201 = DIRECTION('',(1.,0.));
#5202 = ( GEOMETRIC_REPRESENTATION_CONTEXT(2) 
PARAMETRIC_REPRESENTATION_CONTEXT() REPRESENTATION_CONTEXT('2D SPACE',''
  ) );
#5203 = FACE_BOUND('',#5204,.F.);
#5204 = EDGE_LOOP('',(#5205));
#5205 = ORIENTED_EDGE('',*,*,#5206,.T.);
#5206 = EDGE_CURVE('',#5207,#5207,#5209,.T.);
#5207 = VERTEX_POINT('',#5208);
#5208 = CARTESIAN_POINT('',(3.19475E+03,155.,0.));
#5209 = SURFACE_CURVE('',#5210,(#5215,#5226),.PCURVE_S1.);
#5210 = CIRCLE('',#5211,5.25);
#5211 = AXIS2_PLACEMENT_3D('',#5212,#5213,#5214);
#5212 = CARTESIAN_POINT('',(3.2E+03,155.,0.));
#5213 = DIRECTION('',(0.,0.,-1.));
#5214 = DIRECTION('',(-1.,0.,0.));
#5215 = PCURVE('',#72,#5216);
#5216 = DEFINITIONAL_REPRESENTATION('',(#5217),#5225);
#5217 = ( BOUNDED_CURVE() B_SPLINE_CURVE(2,(#5218,#5219,#5220,#5221,
#5222,#5223,#5224),.UNSPECIFIED.,.T.,.F.) B_SPLINE_CURVE_WITH_KNOTS((1,2
    ,2,2,2,1),(-2.094395102393,0.,2.094395102393,4.188790204786,
6.28318530718,8.377580409573),.UNSPECIFIED.) CURVE() 
GEOMETRIC_REPRESENTATION_ITEM() RATIONAL_B_SPLINE_CURVE((1.,0.5,1.,0.5,
1.,0.5,1.)) REPRESENTATION_ITEM('') );
#5218 = CARTESIAN_POINT('',(3.19475E+03,155.));
#5219 = CARTESIAN_POINT('',(3.19475E+03,164.09326673973));
#5220 = CARTESIAN_POINT('',(3.202625E+03,159.54663336986));
#5221 = CARTESIAN_POINT('',(3.2105E+03,155.));
#5222 = CARTESIAN_POINT('',(3.202625E+03,150.45336663013));
#5223 = CARTESIAN_POINT('',(3.19475E+03,145.90673326026));
#5224 = CARTESIAN_POINT('',(3.19475E+03,155.));
#5225 = ( GEOMETRIC_REPRESENTATION_CONTEXT(2) 
PARAMETRIC_REPRESENTATION_CONTEXT() REPRESENTATION_CONTEXT('2D SPACE',''
  ) );
#5226 = PCURVE('',#2491,#5227);
#5227 = DEFINITIONAL_REPRESENTATION('',(#5228),#5232);
#5228 = LINE('',#5229,#5230);
#5229 = CARTESIAN_POINT('',(0.,10.));
#5230 = VECTOR('',#5231,1.);
#5231 = DIRECTION('',(1.,0.));
#5232 = ( GEOMETRIC_REPRESENTATION_CONTEXT(2) 
PARAMETRIC_REPRESENTATION_CONTEXT() REPRESENTATION_CONTEXT('2D SPACE',''
  ) );
#5233 = FACE_BOUND('',#5234,.F.);
#5234 = EDGE_LOOP('',(#5235));
#5235 = ORIENTED_EDGE('',*,*,#5236,.T.);
#5236 = EDGE_CURVE('',#5237,#5237,#5239,.T.);
#5237 = VERTEX_POINT('',#5238);
#5238 = CARTESIAN_POINT('',(3.54475E+03,155.,0.));
#5239 = SURFACE_CURVE('',#5240,(#5245,#5256),.PCURVE_S1.);
#5240 = CIRCLE('',#5241,5.25);
#5241 = AXIS2_PLACEMENT_3D('',#5242,#5243,#5244);
#5242 = CARTESIAN_POINT('',(3.55E+03,155.,0.));
#5243 = DIRECTION('',(0.,0.,-1.));
#5244 = DIRECTION('',(-1.,0.,0.));
#5245 = PCURVE('',#72,#5246);
#5246 = DEFINITIONAL_REPRESENTATION('',(#5247),#5255);
#5247 = ( BOUNDED_CURVE() B_SPLINE_CURVE(2,(#5248,#5249,#5250,#5251,
#5252,#5253,#5254),.UNSPECIFIED.,.T.,.F.) B_SPLINE_CURVE_WITH_KNOTS((1,2
    ,2,2,2,1),(-2.094395102393,0.,2.094395102393,4.188790204786,
6.28318530718,8.377580409573),.UNSPECIFIED.) CURVE() 
GEOMETRIC_REPRESENTATION_ITEM() RATIONAL_B_SPLINE_CURVE((1.,0.5,1.,0.5,
1.,0.5,1.)) REPRESENTATION_ITEM('') );
#5248 = CARTESIAN_POINT('',(3.54475E+03,155.));
#5249 = CARTESIAN_POINT('',(3.54475E+03,164.09326673973));
#5250 = CARTESIAN_POINT('',(3.552625E+03,159.54663336986));
#5251 = CARTESIAN_POINT('',(3.5605E+03,155.));
#5252 = CARTESIAN_POINT('',(3.552625E+03,150.45336663013));
#5253 = CARTESIAN_POINT('',(3.54475E+03,145.90673326026));
#5254 = CARTESIAN_POINT('',(3.54475E+03,155.));
#5255 = ( GEOMETRIC_REPRESENTATION_CONTEXT(2) 
PARAMETRIC_REPRESENTATION_CONTEXT() REPRESENTATION_CONTEXT('2D SPACE',''
  ) );
#5256 = PCURVE('',#2526,#5257);
#5257 = DEFINITIONAL_REPRESENTATION('',(#5258),#5262);
#5258 = LINE('',#5259,#5260);
#5259 = CARTESIAN_POINT('',(0.,10.));
#5260 = VECTOR('',#5261,1.);
#5261 = DIRECTION('',(1.,0.));
#5262 = ( GEOMETRIC_REPRESENTATION_CONTEXT(2) 
PARAMETRIC_REPRESENTATION_CONTEXT() REPRESENTATION_CONTEXT('2D SPACE',''
  ) );
#5263 = FACE_BOUND('',#5264,.F.);
#5264 = EDGE_LOOP('',(#5265));
#5265 = ORIENTED_EDGE('',*,*,#5266,.T.);
#5266 = EDGE_CURVE('',#5267,#5267,#5269,.T.);
#5267 = VERTEX_POINT('',#5268);
#5268 = CARTESIAN_POINT('',(3.89475E+03,155.,0.));
#5269 = SURFACE_CURVE('',#5270,(#5275,#5286),.PCURVE_S1.);
#5270 = CIRCLE('',#5271,5.25);
#5271 = AXIS2_PLACEMENT_3D('',#5272,#5273,#5274);
#5272 = CARTESIAN_POINT('',(3.9E+03,155.,0.));
#5273 = DIRECTION('',(0.,0.,-1.));
#5274 = DIRECTION('',(-1.,0.,0.));
#5275 = PCURVE('',#72,#5276);
#5276 = DEFINITIONAL_REPRESENTATION('',(#5277),#5285);
#5277 = ( BOUNDED_CURVE() B_SPLINE_CURVE(2,(#5278,#5279,#5280,#5281,
#5282,#5283,#5284),.UNSPECIFIED.,.T.,.F.) B_SPLINE_CURVE_WITH_KNOTS((1,2
    ,2,2,2,1),(-2.094395102393,0.,2.094395102393,4.188790204786,
6.28318530718,8.377580409573),.UNSPECIFIED.) CURVE() 
GEOMETRIC_REPRESENTATION_ITEM() RATIONAL_B_SPLINE_CURVE((1.,0.5,1.,0.5,
1.,0.5,1.)) REPRESENTATION_ITEM('') );
#5278 = CARTESIAN_POINT('',(3.89475E+03,155.));
#5279 = CARTESIAN_POINT('',(3.89475E+03,164.09326673973));
#5280 = CARTESIAN_POINT('',(3.902625E+03,159.54663336986));
#5281 = CARTESIAN_POINT('',(3.9105E+03,155.));
#5282 = CARTESIAN_POINT('',(3.902625E+03,150.45336663013));
#5283 = CARTESIAN_POINT('',(3.89475E+03,145.90673326026));
#5284 = CARTESIAN_POINT('',(3.89475E+03,155.));
#5285 = ( GEOMETRIC_REPRESENTATION_CONTEXT(2) 
PARAMETRIC_REPRESENTATION_CONTEXT() REPRESENTATION_CONTEXT('2D SPACE',''
  ) );
#5286 = PCURVE('',#2561,#5287);
#5287 = DEFINITIONAL_REPRESENTATION('',(#5288),#5292);
#5288 = LINE('',#5289,#5290);
#5289 = CARTESIAN_POINT('',(0.,10.));
#5290 = VECTOR('',#5291,1.);
#5291 = DIRECTION('',(1.,0.));
#5292 = ( GEOMETRIC_REPRESENTATION_CONTEXT(2) 
PARAMETRIC_REPRESENTATION_CONTEXT() REPRESENTATION_CONTEXT('2D SPACE',''
  ) );
#5293 = FACE_BOUND('',#5294,.F.);
#5294 = EDGE_LOOP('',(#5295));
#5295 = ORIENTED_EDGE('',*,*,#5296,.T.);
#5296 = EDGE_CURVE('',#5297,#5297,#5299,.T.);
#5297 = VERTEX_POINT('',#5298);
#5298 = CARTESIAN_POINT('',(4.04475E+03,155.,0.));
#5299 = SURFACE_CURVE('',#5300,(#5305,#5316),.PCURVE_S1.);
#5300 = CIRCLE('',#5301,5.25);
#5301 = AXIS2_PLACEMENT_3D('',#5302,#5303,#5304);
#5302 = CARTESIAN_POINT('',(4.05E+03,155.,0.));
#5303 = DIRECTION('',(0.,0.,-1.));
#5304 = DIRECTION('',(-1.,0.,0.));
#5305 = PCURVE('',#72,#5306);
#5306 = DEFINITIONAL_REPRESENTATION('',(#5307),#5315);
#5307 = ( BOUNDED_CURVE() B_SPLINE_CURVE(2,(#5308,#5309,#5310,#5311,
#5312,#5313,#5314),.UNSPECIFIED.,.T.,.F.) B_SPLINE_CURVE_WITH_KNOTS((1,2
    ,2,2,2,1),(-2.094395102393,0.,2.094395102393,4.188790204786,
6.28318530718,8.377580409573),.UNSPECIFIED.) CURVE() 
GEOMETRIC_REPRESENTATION_ITEM() RATIONAL_B_SPLINE_CURVE((1.,0.5,1.,0.5,
1.,0.5,1.)) REPRESENTATION_ITEM('') );
#5308 = CARTESIAN_POINT('',(4.04475E+03,155.));
#5309 = CARTESIAN_POINT('',(4.04475E+03,164.09326673973));
#5310 = CARTESIAN_POINT('',(4.052625E+03,159.54663336986));
#5311 = CARTESIAN_POINT('',(4.0605E+03,155.));
#5312 = CARTESIAN_POINT('',(4.052625E+03,150.45336663013));
#5313 = CARTESIAN_POINT('',(4.04475E+03,145.90673326026));
#5314 = CARTESIAN_POINT('',(4.04475E+03,155.));
#5315 = ( GEOMETRIC_REPRESENTATION_CONTEXT(2) 
PARAMETRIC_REPRESENTATION_CONTEXT() REPRESENTATION_CONTEXT('2D SPACE',''
  ) );
#5316 = PCURVE('',#2596,#5317);
#5317 = DEFINITIONAL_REPRESENTATION('',(#5318),#5322);
#5318 = LINE('',#5319,#5320);
#5319 = CARTESIAN_POINT('',(0.,10.));
#5320 = VECTOR('',#5321,1.);
#5321 = DIRECTION('',(1.,0.));
#5322 = ( GEOMETRIC_REPRESENTATION_CONTEXT(2) 
PARAMETRIC_REPRESENTATION_CONTEXT() REPRESENTATION_CONTEXT('2D SPACE',''
  ) );
#5323 = FACE_BOUND('',#5324,.F.);
#5324 = EDGE_LOOP('',(#5325));
#5325 = ORIENTED_EDGE('',*,*,#5326,.T.);
#5326 = EDGE_CURVE('',#5327,#5327,#5329,.T.);
#5327 = VERTEX_POINT('',#5328);
#5328 = CARTESIAN_POINT('',(4.19475E+03,155.,0.));
#5329 = SURFACE_CURVE('',#5330,(#5335,#5346),.PCURVE_S1.);
#5330 = CIRCLE('',#5331,5.25);
#5331 = AXIS2_PLACEMENT_3D('',#5332,#5333,#5334);
#5332 = CARTESIAN_POINT('',(4.2E+03,155.,0.));
#5333 = DIRECTION('',(0.,0.,-1.));
#5334 = DIRECTION('',(-1.,0.,0.));
#5335 = PCURVE('',#72,#5336);
#5336 = DEFINITIONAL_REPRESENTATION('',(#5337),#5345);
#5337 = ( BOUNDED_CURVE() B_SPLINE_CURVE(2,(#5338,#5339,#5340,#5341,
#5342,#5343,#5344),.UNSPECIFIED.,.T.,.F.) B_SPLINE_CURVE_WITH_KNOTS((1,2
    ,2,2,2,1),(-2.094395102393,0.,2.094395102393,4.188790204786,
6.28318530718,8.377580409573),.UNSPECIFIED.) CURVE() 
GEOMETRIC_REPRESENTATION_ITEM() RATIONAL_B_SPLINE_CURVE((1.,0.5,1.,0.5,
1.,0.5,1.)) REPRESENTATION_ITEM('') );
#5338 = CARTESIAN_POINT('',(4.19475E+03,155.));
#5339 = CARTESIAN_POINT('',(4.19475E+03,164.09326673973));
#5340 = CARTESIAN_POINT('',(4.202625E+03,159.54663336986));
#5341 = CARTESIAN_POINT('',(4.2105E+03,155.));
#5342 = CARTESIAN_POINT('',(4.202625E+03,150.45336663013));
#5343 = CARTESIAN_POINT('',(4.19475E+03,145.90673326026));
#5344 = CARTESIAN_POINT('',(4.19475E+03,155.));
#5345 = ( GEOMETRIC_REPRESENTATION_CONTEXT(2) 
PARAMETRIC_REPRESENTATION_CONTEXT() REPRESENTATION_CONTEXT('2D SPACE',''
  ) );
#5346 = PCURVE('',#2631,#5347);
#5347 = DEFINITIONAL_REPRESENTATION('',(#5348),#5352);
#5348 = LINE('',#5349,#5350);
#5349 = CARTESIAN_POINT('',(0.,10.));
#5350 = VECTOR('',#5351,1.);
#5351 = DIRECTION('',(1.,0.));
#5352 = ( GEOMETRIC_REPRESENTATION_CONTEXT(2) 
PARAMETRIC_REPRESENTATION_CONTEXT() REPRESENTATION_CONTEXT('2D SPACE',''
  ) );
#5353 = FACE_BOUND('',#5354,.F.);
#5354 = EDGE_LOOP('',(#5355));
#5355 = ORIENTED_EDGE('',*,*,#5356,.T.);
#5356 = EDGE_CURVE('',#5357,#5357,#5359,.T.);
#5357 = VERTEX_POINT('',#5358);
#5358 = CARTESIAN_POINT('',(4.34475E+03,155.,0.));
#5359 = SURFACE_CURVE('',#5360,(#5365,#5376),.PCURVE_S1.);
#5360 = CIRCLE('',#5361,5.25);
#5361 = AXIS2_PLACEMENT_3D('',#5362,#5363,#5364);
#5362 = CARTESIAN_POINT('',(4.35E+03,155.,0.));
#5363 = DIRECTION('',(0.,0.,-1.));
#5364 = DIRECTION('',(-1.,0.,0.));
#5365 = PCURVE('',#72,#5366);
#5366 = DEFINITIONAL_REPRESENTATION('',(#5367),#5375);
#5367 = ( BOUNDED_CURVE() B_SPLINE_CURVE(2,(#5368,#5369,#5370,#5371,
#5372,#5373,#5374),.UNSPECIFIED.,.T.,.F.) B_SPLINE_CURVE_WITH_KNOTS((1,2
    ,2,2,2,1),(-2.094395102393,0.,2.094395102393,4.188790204786,
6.28318530718,8.377580409573),.UNSPECIFIED.) CURVE() 
GEOMETRIC_REPRESENTATION_ITEM() RATIONAL_B_SPLINE_CURVE((1.,0.5,1.,0.5,
1.,0.5,1.)) REPRESENTATION_ITEM('') );
#5368 = CARTESIAN_POINT('',(4.34475E+03,155.));
#5369 = CARTESIAN_POINT('',(4.34475E+03,164.09326673973));
#5370 = CARTESIAN_POINT('',(4.352625E+03,159.54663336986));
#5371 = CARTESIAN_POINT('',(4.3605E+03,155.));
#5372 = CARTESIAN_POINT('',(4.352625E+03,150.45336663013));
#5373 = CARTESIAN_POINT('',(4.34475E+03,145.90673326026));
#5374 = CARTESIAN_POINT('',(4.34475E+03,155.));
#5375 = ( GEOMETRIC_REPRESENTATION_CONTEXT(2) 
PARAMETRIC_REPRESENTATION_CONTEXT() REPRESENTATION_CONTEXT('2D SPACE',''
  ) );
#5376 = PCURVE('',#2666,#5377);
#5377 = DEFINITIONAL_REPRESENTATION('',(#5378),#5382);
#5378 = LINE('',#5379,#5380);
#5379 = CARTESIAN_POINT('',(0.,10.));
#5380 = VECTOR('',#5381,1.);
#5381 = DIRECTION('',(1.,0.));
#5382 = ( GEOMETRIC_REPRESENTATION_CONTEXT(2) 
PARAMETRIC_REPRESENTATION_CONTEXT() REPRESENTATION_CONTEXT('2D SPACE',''
  ) );
#5383 = FACE_BOUND('',#5384,.F.);
#5384 = EDGE_LOOP('',(#5385));
#5385 = ORIENTED_EDGE('',*,*,#5386,.T.);
#5386 = EDGE_CURVE('',#5387,#5387,#5389,.T.);
#5387 = VERTEX_POINT('',#5388);
#5388 = CARTESIAN_POINT('',(4.49475E+03,155.,0.));
#5389 = SURFACE_CURVE('',#5390,(#5395,#5406),.PCURVE_S1.);
#5390 = CIRCLE('',#5391,5.25);
#5391 = AXIS2_PLACEMENT_3D('',#5392,#5393,#5394);
#5392 = CARTESIAN_POINT('',(4.5E+03,155.,0.));
#5393 = DIRECTION('',(0.,0.,-1.));
#5394 = DIRECTION('',(-1.,0.,0.));
#5395 = PCURVE('',#72,#5396);
#5396 = DEFINITIONAL_REPRESENTATION('',(#5397),#5405);
#5397 = ( BOUNDED_CURVE() B_SPLINE_CURVE(2,(#5398,#5399,#5400,#5401,
#5402,#5403,#5404),.UNSPECIFIED.,.T.,.F.) B_SPLINE_CURVE_WITH_KNOTS((1,2
    ,2,2,2,1),(-2.094395102393,0.,2.094395102393,4.188790204786,
6.28318530718,8.377580409573),.UNSPECIFIED.) CURVE() 
GEOMETRIC_REPRESENTATION_ITEM() RATIONAL_B_SPLINE_CURVE((1.,0.5,1.,0.5,
1.,0.5,1.)) REPRESENTATION_ITEM('') );
#5398 = CARTESIAN_POINT('',(4.49475E+03,155.));
#5399 = CARTESIAN_POINT('',(4.49475E+03,164.09326673973));
#5400 = CARTESIAN_POINT('',(4.502625E+03,159.54663336986));
#5401 = CARTESIAN_POINT('',(4.5105E+03,155.));
#5402 = CARTESIAN_POINT('',(4.502625E+03,150.45336663013));
#5403 = CARTESIAN_POINT('',(4.49475E+03,145.90673326026));
#5404 = CARTESIAN_POINT('',(4.49475E+03,155.));
#5405 = ( GEOMETRIC_REPRESENTATION_CONTEXT(2) 
PARAMETRIC_REPRESENTATION_CONTEXT() REPRESENTATION_CONTEXT('2D SPACE',''
  ) );
#5406 = PCURVE('',#2701,#5407);
#5407 = DEFINITIONAL_REPRESENTATION('',(#5408),#5412);
#5408 = LINE('',#5409,#5410);
#5409 = CARTESIAN_POINT('',(0.,10.));
#5410 = VECTOR('',#5411,1.);
#5411 = DIRECTION('',(1.,0.));
#5412 = ( GEOMETRIC_REPRESENTATION_CONTEXT(2) 
PARAMETRIC_REPRESENTATION_CONTEXT() REPRESENTATION_CONTEXT('2D SPACE',''
  ) );
#5413 = FACE_BOUND('',#5414,.F.);
#5414 = EDGE_LOOP('',(#5415));
#5415 = ORIENTED_EDGE('',*,*,#5416,.T.);
#5416 = EDGE_CURVE('',#5417,#5417,#5419,.T.);
#5417 = VERTEX_POINT('',#5418);
#5418 = CARTESIAN_POINT('',(4.64475E+03,155.,0.));
#5419 = SURFACE_CURVE('',#5420,(#5425,#5436),.PCURVE_S1.);
#5420 = CIRCLE('',#5421,5.25);
#5421 = AXIS2_PLACEMENT_3D('',#5422,#5423,#5424);
#5422 = CARTESIAN_POINT('',(4.65E+03,155.,0.));
#5423 = DIRECTION('',(0.,0.,-1.));
#5424 = DIRECTION('',(-1.,0.,0.));
#5425 = PCURVE('',#72,#5426);
#5426 = DEFINITIONAL_REPRESENTATION('',(#5427),#5435);
#5427 = ( BOUNDED_CURVE() B_SPLINE_CURVE(2,(#5428,#5429,#5430,#5431,
#5432,#5433,#5434),.UNSPECIFIED.,.T.,.F.) B_SPLINE_CURVE_WITH_KNOTS((1,2
    ,2,2,2,1),(-2.094395102393,0.,2.094395102393,4.188790204786,
6.28318530718,8.377580409573),.UNSPECIFIED.) CURVE() 
GEOMETRIC_REPRESENTATION_ITEM() RATIONAL_B_SPLINE_CURVE((1.,0.5,1.,0.5,
1.,0.5,1.)) REPRESENTATION_ITEM('') );
#5428 = CARTESIAN_POINT('',(4.64475E+03,155.));
#5429 = CARTESIAN_POINT('',(4.64475E+03,164.09326673973));
#5430 = CARTESIAN_POINT('',(4.652625E+03,159.54663336986));
#5431 = CARTESIAN_POINT('',(4.6605E+03,155.));
#5432 = CARTESIAN_POINT('',(4.652625E+03,150.45336663013));
#5433 = CARTESIAN_POINT('',(4.64475E+03,145.90673326026));
#5434 = CARTESIAN_POINT('',(4.64475E+03,155.));
#5435 = ( GEOMETRIC_REPRESENTATION_CONTEXT(2) 
PARAMETRIC_REPRESENTATION_CONTEXT() REPRESENTATION_CONTEXT('2D SPACE',''
  ) );
#5436 = PCURVE('',#2736,#5437);
#5437 = DEFINITIONAL_REPRESENTATION('',(#5438),#5442);
#5438 = LINE('',#5439,#5440);
#5439 = CARTESIAN_POINT('',(0.,10.));
#5440 = VECTOR('',#5441,1.);
#5441 = DIRECTION('',(1.,0.));
#5442 = ( GEOMETRIC_REPRESENTATION_CONTEXT(2) 
PARAMETRIC_REPRESENTATION_CONTEXT() REPRESENTATION_CONTEXT('2D SPACE',''
  ) );
#5443 = FACE_BOUND('',#5444,.F.);
#5444 = EDGE_LOOP('',(#5445));
#5445 = ORIENTED_EDGE('',*,*,#5446,.T.);
#5446 = EDGE_CURVE('',#5447,#5447,#5449,.T.);
#5447 = VERTEX_POINT('',#5448);
#5448 = CARTESIAN_POINT('',(4.79475E+03,155.,0.));
#5449 = SURFACE_CURVE('',#5450,(#5455,#5466),.PCURVE_S1.);
#5450 = CIRCLE('',#5451,5.25);
#5451 = AXIS2_PLACEMENT_3D('',#5452,#5453,#5454);
#5452 = CARTESIAN_POINT('',(4.8E+03,155.,0.));
#5453 = DIRECTION('',(0.,0.,-1.));
#5454 = DIRECTION('',(-1.,0.,0.));
#5455 = PCURVE('',#72,#5456);
#5456 = DEFINITIONAL_REPRESENTATION('',(#5457),#5465);
#5457 = ( BOUNDED_CURVE() B_SPLINE_CURVE(2,(#5458,#5459,#5460,#5461,
#5462,#5463,#5464),.UNSPECIFIED.,.T.,.F.) B_SPLINE_CURVE_WITH_KNOTS((1,2
    ,2,2,2,1),(-2.094395102393,0.,2.094395102393,4.188790204786,
6.28318530718,8.377580409573),.UNSPECIFIED.) CURVE() 
GEOMETRIC_REPRESENTATION_ITEM() RATIONAL_B_SPLINE_CURVE((1.,0.5,1.,0.5,
1.,0.5,1.)) REPRESENTATION_ITEM('') );
#5458 = CARTESIAN_POINT('',(4.79475E+03,155.));
#5459 = CARTESIAN_POINT('',(4.79475E+03,164.09326673973));
#5460 = CARTESIAN_POINT('',(4.802625E+03,159.54663336986));
#5461 = CARTESIAN_POINT('',(4.8105E+03,155.));
#5462 = CARTESIAN_POINT('',(4.802625E+03,150.45336663013));
#5463 = CARTESIAN_POINT('',(4.79475E+03,145.90673326026));
#5464 = CARTESIAN_POINT('',(4.79475E+03,155.));
#5465 = ( GEOMETRIC_REPRESENTATION_CONTEXT(2) 
PARAMETRIC_REPRESENTATION_CONTEXT() REPRESENTATION_CONTEXT('2D SPACE',''
  ) );
#5466 = PCURVE('',#2771,#5467);
#5467 = DEFINITIONAL_REPRESENTATION('',(#5468),#5472);
#5468 = LINE('',#5469,#5470);
#5469 = CARTESIAN_POINT('',(0.,10.));
#5470 = VECTOR('',#5471,1.);
#5471 = DIRECTION('',(1.,0.));
#5472 = ( GEOMETRIC_REPRESENTATION_CONTEXT(2) 
PARAMETRIC_REPRESENTATION_CONTEXT() REPRESENTATION_CONTEXT('2D SPACE',''
  ) );
#5473 = FACE_BOUND('',#5474,.F.);
#5474 = EDGE_LOOP('',(#5475));
#5475 = ORIENTED_EDGE('',*,*,#5476,.T.);
#5476 = EDGE_CURVE('',#5477,#5477,#5479,.T.);
#5477 = VERTEX_POINT('',#5478);
#5478 = CARTESIAN_POINT('',(4.94475E+03,155.,0.));
#5479 = SURFACE_CURVE('',#5480,(#5485,#5496),.PCURVE_S1.);
#5480 = CIRCLE('',#5481,5.25);
#5481 = AXIS2_PLACEMENT_3D('',#5482,#5483,#5484);
#5482 = CARTESIAN_POINT('',(4.95E+03,155.,0.));
#5483 = DIRECTION('',(0.,0.,-1.));
#5484 = DIRECTION('',(-1.,0.,0.));
#5485 = PCURVE('',#72,#5486);
#5486 = DEFINITIONAL_REPRESENTATION('',(#5487),#5495);
#5487 = ( BOUNDED_CURVE() B_SPLINE_CURVE(2,(#5488,#5489,#5490,#5491,
#5492,#5493,#5494),.UNSPECIFIED.,.T.,.F.) B_SPLINE_CURVE_WITH_KNOTS((1,2
    ,2,2,2,1),(-2.094395102393,0.,2.094395102393,4.188790204786,
6.28318530718,8.377580409573),.UNSPECIFIED.) CURVE() 
GEOMETRIC_REPRESENTATION_ITEM() RATIONAL_B_SPLINE_CURVE((1.,0.5,1.,0.5,
1.,0.5,1.)) REPRESENTATION_ITEM('') );
#5488 = CARTESIAN_POINT('',(4.94475E+03,155.));
#5489 = CARTESIAN_POINT('',(4.94475E+03,164.09326673973));
#5490 = CARTESIAN_POINT('',(4.952625E+03,159.54663336986));
#5491 = CARTESIAN_POINT('',(4.9605E+03,155.));
#5492 = CARTESIAN_POINT('',(4.952625E+03,150.45336663013));
#5493 = CARTESIAN_POINT('',(4.94475E+03,145.90673326026));
#5494 = CARTESIAN_POINT('',(4.94475E+03,155.));
#5495 = ( GEOMETRIC_REPRESENTATION_CONTEXT(2) 
PARAMETRIC_REPRESENTATION_CONTEXT() REPRESENTATION_CONTEXT('2D SPACE',''
  ) );
#5496 = PCURVE('',#2806,#5497);
#5497 = DEFINITIONAL_REPRESENTATION('',(#5498),#5502);
#5498 = LINE('',#5499,#5500);
#5499 = CARTESIAN_POINT('',(0.,10.));
#5500 = VECTOR('',#5501,1.);
#5501 = DIRECTION('',(1.,0.));
#5502 = ( GEOMETRIC_REPRESENTATION_CONTEXT(2) 
PARAMETRIC_REPRESENTATION_CONTEXT() REPRESENTATION_CONTEXT('2D SPACE',''
  ) );
#5503 = FACE_BOUND('',#5504,.F.);
#5504 = EDGE_LOOP('',(#5505));
#5505 = ORIENTED_EDGE('',*,*,#5506,.T.);
#5506 = EDGE_CURVE('',#5507,#5507,#5509,.T.);
#5507 = VERTEX_POINT('',#5508);
#5508 = CARTESIAN_POINT('',(5.09475E+03,155.,0.));
#5509 = SURFACE_CURVE('',#5510,(#5515,#5526),.PCURVE_S1.);
#5510 = CIRCLE('',#5511,5.25);
#5511 = AXIS2_PLACEMENT_3D('',#5512,#5513,#5514);
#5512 = CARTESIAN_POINT('',(5.1E+03,155.,0.));
#5513 = DIRECTION('',(0.,0.,-1.));
#5514 = DIRECTION('',(-1.,0.,0.));
#5515 = PCURVE('',#72,#5516);
#5516 = DEFINITIONAL_REPRESENTATION('',(#5517),#5525);
#5517 = ( BOUNDED_CURVE() B_SPLINE_CURVE(2,(#5518,#5519,#5520,#5521,
#5522,#5523,#5524),.UNSPECIFIED.,.T.,.F.) B_SPLINE_CURVE_WITH_KNOTS((1,2
    ,2,2,2,1),(-2.094395102393,0.,2.094395102393,4.188790204786,
6.28318530718,8.377580409573),.UNSPECIFIED.) CURVE() 
GEOMETRIC_REPRESENTATION_ITEM() RATIONAL_B_SPLINE_CURVE((1.,0.5,1.,0.5,
1.,0.5,1.)) REPRESENTATION_ITEM('') );
#5518 = CARTESIAN_POINT('',(5.09475E+03,155.));
#5519 = CARTESIAN_POINT('',(5.09475E+03,164.09326673973));
#5520 = CARTESIAN_POINT('',(5.102625E+03,159.54663336986));
#5521 = CARTESIAN_POINT('',(5.1105E+03,155.));
#5522 = CARTESIAN_POINT('',(5.102625E+03,150.45336663013));
#5523 = CARTESIAN_POINT('',(5.09475E+03,145.90673326026));
#5524 = CARTESIAN_POINT('',(5.09475E+03,155.));
#5525 = ( GEOMETRIC_REPRESENTATION_CONTEXT(2) 
PARAMETRIC_REPRESENTATION_CONTEXT() REPRESENTATION_CONTEXT('2D SPACE',''
  ) );
#5526 = PCURVE('',#2841,#5527);
#5527 = DEFINITIONAL_REPRESENTATION('',(#5528),#5532);
#5528 = LINE('',#5529,#5530);
#5529 = CARTESIAN_POINT('',(0.,10.));
#5530 = VECTOR('',#5531,1.);
#5531 = DIRECTION('',(1.,0.));
#5532 = ( GEOMETRIC_REPRESENTATION_CONTEXT(2) 
PARAMETRIC_REPRESENTATION_CONTEXT() REPRESENTATION_CONTEXT('2D SPACE',''
  ) );
#5533 = FACE_BOUND('',#5534,.F.);
#5534 = EDGE_LOOP('',(#5535));
#5535 = ORIENTED_EDGE('',*,*,#5536,.T.);
#5536 = EDGE_CURVE('',#5537,#5537,#5539,.T.);
#5537 = VERTEX_POINT('',#5538);
#5538 = CARTESIAN_POINT('',(5.16475E+03,155.,0.));
#5539 = SURFACE_CURVE('',#5540,(#5545,#5556),.PCURVE_S1.);
#5540 = CIRCLE('',#5541,5.25);
#5541 = AXIS2_PLACEMENT_3D('',#5542,#5543,#5544);
#5542 = CARTESIAN_POINT('',(5.17E+03,155.,0.));
#5543 = DIRECTION('',(0.,0.,-1.));
#5544 = DIRECTION('',(-1.,0.,0.));
#5545 = PCURVE('',#72,#5546);
#5546 = DEFINITIONAL_REPRESENTATION('',(#5547),#5555);
#5547 = ( BOUNDED_CURVE() B_SPLINE_CURVE(2,(#5548,#5549,#5550,#5551,
#5552,#5553,#5554),.UNSPECIFIED.,.T.,.F.) B_SPLINE_CURVE_WITH_KNOTS((1,2
    ,2,2,2,1),(-2.094395102393,0.,2.094395102393,4.188790204786,
6.28318530718,8.377580409573),.UNSPECIFIED.) CURVE() 
GEOMETRIC_REPRESENTATION_ITEM() RATIONAL_B_SPLINE_CURVE((1.,0.5,1.,0.5,
1.,0.5,1.)) REPRESENTATION_ITEM('') );
#5548 = CARTESIAN_POINT('',(5.16475E+03,155.));
#5549 = CARTESIAN_POINT('',(5.16475E+03,164.09326673973));
#5550 = CARTESIAN_POINT('',(5.172625E+03,159.54663336986));
#5551 = CARTESIAN_POINT('',(5.1805E+03,155.));
#5552 = CARTESIAN_POINT('',(5.172625E+03,150.45336663013));
#5553 = CARTESIAN_POINT('',(5.16475E+03,145.90673326026));
#5554 = CARTESIAN_POINT('',(5.16475E+03,155.));
#5555 = ( GEOMETRIC_REPRESENTATION_CONTEXT(2) 
PARAMETRIC_REPRESENTATION_CONTEXT() REPRESENTATION_CONTEXT('2D SPACE',''
  ) );
#5556 = PCURVE('',#2876,#5557);
#5557 = DEFINITIONAL_REPRESENTATION('',(#5558),#5562);
#5558 = LINE('',#5559,#5560);
#5559 = CARTESIAN_POINT('',(0.,10.));
#5560 = VECTOR('',#5561,1.);
#5561 = DIRECTION('',(1.,0.));
#5562 = ( GEOMETRIC_REPRESENTATION_CONTEXT(2) 
PARAMETRIC_REPRESENTATION_CONTEXT() REPRESENTATION_CONTEXT('2D SPACE',''
  ) );
#5563 = FACE_BOUND('',#5564,.F.);
#5564 = EDGE_LOOP('',(#5565));
#5565 = ORIENTED_EDGE('',*,*,#5566,.T.);
#5566 = EDGE_CURVE('',#5567,#5567,#5569,.T.);
#5567 = VERTEX_POINT('',#5568);
#5568 = CARTESIAN_POINT('',(5.23475E+03,155.,0.));
#5569 = SURFACE_CURVE('',#5570,(#5575,#5586),.PCURVE_S1.);
#5570 = CIRCLE('',#5571,5.25);
#5571 = AXIS2_PLACEMENT_3D('',#5572,#5573,#5574);
#5572 = CARTESIAN_POINT('',(5.24E+03,155.,0.));
#5573 = DIRECTION('',(0.,0.,-1.));
#5574 = DIRECTION('',(-1.,0.,0.));
#5575 = PCURVE('',#72,#5576);
#5576 = DEFINITIONAL_REPRESENTATION('',(#5577),#5585);
#5577 = ( BOUNDED_CURVE() B_SPLINE_CURVE(2,(#5578,#5579,#5580,#5581,
#5582,#5583,#5584),.UNSPECIFIED.,.T.,.F.) B_SPLINE_CURVE_WITH_KNOTS((1,2
    ,2,2,2,1),(-2.094395102393,0.,2.094395102393,4.188790204786,
6.28318530718,8.377580409573),.UNSPECIFIED.) CURVE() 
GEOMETRIC_REPRESENTATION_ITEM() RATIONAL_B_SPLINE_CURVE((1.,0.5,1.,0.5,
1.,0.5,1.)) REPRESENTATION_ITEM('') );
#5578 = CARTESIAN_POINT('',(5.23475E+03,155.));
#5579 = CARTESIAN_POINT('',(5.23475E+03,164.09326673973));
#5580 = CARTESIAN_POINT('',(5.242625E+03,159.54663336986));
#5581 = CARTESIAN_POINT('',(5.2505E+03,155.));
#5582 = CARTESIAN_POINT('',(5.242625E+03,150.45336663013));
#5583 = CARTESIAN_POINT('',(5.23475E+03,145.90673326026));
#5584 = CARTESIAN_POINT('',(5.23475E+03,155.));
#5585 = ( GEOMETRIC_REPRESENTATION_CONTEXT(2) 
PARAMETRIC_REPRESENTATION_CONTEXT() REPRESENTATION_CONTEXT('2D SPACE',''
  ) );
#5586 = PCURVE('',#2911,#5587);
#5587 = DEFINITIONAL_REPRESENTATION('',(#5588),#5592);
#5588 = LINE('',#5589,#5590);
#5589 = CARTESIAN_POINT('',(0.,10.));
#5590 = VECTOR('',#5591,1.);
#5591 = DIRECTION('',(1.,0.));
#5592 = ( GEOMETRIC_REPRESENTATION_CONTEXT(2) 
PARAMETRIC_REPRESENTATION_CONTEXT() REPRESENTATION_CONTEXT('2D SPACE',''
  ) );
#5593 = FACE_BOUND('',#5594,.F.);
#5594 = EDGE_LOOP('',(#5595));
#5595 = ORIENTED_EDGE('',*,*,#5596,.T.);
#5596 = EDGE_CURVE('',#5597,#5597,#5599,.T.);
#5597 = VERTEX_POINT('',#5598);
#5598 = CARTESIAN_POINT('',(5.30475E+03,155.,0.));
#5599 = SURFACE_CURVE('',#5600,(#5605,#5616),.PCURVE_S1.);
#5600 = CIRCLE('',#5601,5.25);
#5601 = AXIS2_PLACEMENT_3D('',#5602,#5603,#5604);
#5602 = CARTESIAN_POINT('',(5.31E+03,155.,0.));
#5603 = DIRECTION('',(0.,0.,-1.));
#5604 = DIRECTION('',(-1.,0.,0.));
#5605 = PCURVE('',#72,#5606);
#5606 = DEFINITIONAL_REPRESENTATION('',(#5607),#5615);
#5607 = ( BOUNDED_CURVE() B_SPLINE_CURVE(2,(#5608,#5609,#5610,#5611,
#5612,#5613,#5614),.UNSPECIFIED.,.T.,.F.) B_SPLINE_CURVE_WITH_KNOTS((1,2
    ,2,2,2,1),(-2.094395102393,0.,2.094395102393,4.188790204786,
6.28318530718,8.377580409573),.UNSPECIFIED.) CURVE() 
GEOMETRIC_REPRESENTATION_ITEM() RATIONAL_B_SPLINE_CURVE((1.,0.5,1.,0.5,
1.,0.5,1.)) REPRESENTATION_ITEM('') );
#5608 = CARTESIAN_POINT('',(5.30475E+03,155.));
#5609 = CARTESIAN_POINT('',(5.30475E+03,164.09326673973));
#5610 = CARTESIAN_POINT('',(5.312625E+03,159.54663336986));
#5611 = CARTESIAN_POINT('',(5.3205E+03,155.));
#5612 = CARTESIAN_POINT('',(5.312625E+03,150.45336663013));
#5613 = CARTESIAN_POINT('',(5.30475E+03,145.90673326026));
#5614 = CARTESIAN_POINT('',(5.30475E+03,155.));
#5615 = ( GEOMETRIC_REPRESENTATION_CONTEXT(2) 
PARAMETRIC_REPRESENTATION_CONTEXT() REPRESENTATION_CONTEXT('2D SPACE',''
  ) );
#5616 = PCURVE('',#2946,#5617);
#5617 = DEFINITIONAL_REPRESENTATION('',(#5618),#5622);
#5618 = LINE('',#5619,#5620);
#5619 = CARTESIAN_POINT('',(0.,10.));
#5620 = VECTOR('',#5621,1.);
#5621 = DIRECTION('',(1.,0.));
#5622 = ( GEOMETRIC_REPRESENTATION_CONTEXT(2) 
PARAMETRIC_REPRESENTATION_CONTEXT() REPRESENTATION_CONTEXT('2D SPACE',''
  ) );
#5623 = FACE_BOUND('',#5624,.F.);
#5624 = EDGE_LOOP('',(#5625));
#5625 = ORIENTED_EDGE('',*,*,#5626,.T.);
#5626 = EDGE_CURVE('',#5627,#5627,#5629,.T.);
#5627 = VERTEX_POINT('',#5628);
#5628 = CARTESIAN_POINT('',(5.37475E+03,155.,0.));
#5629 = SURFACE_CURVE('',#5630,(#5635,#5646),.PCURVE_S1.);
#5630 = CIRCLE('',#5631,5.25);
#5631 = AXIS2_PLACEMENT_3D('',#5632,#5633,#5634);
#5632 = CARTESIAN_POINT('',(5.38E+03,155.,0.));
#5633 = DIRECTION('',(0.,0.,-1.));
#5634 = DIRECTION('',(-1.,0.,0.));
#5635 = PCURVE('',#72,#5636);
#5636 = DEFINITIONAL_REPRESENTATION('',(#5637),#5645);
#5637 = ( BOUNDED_CURVE() B_SPLINE_CURVE(2,(#5638,#5639,#5640,#5641,
#5642,#5643,#5644),.UNSPECIFIED.,.T.,.F.) B_SPLINE_CURVE_WITH_KNOTS((1,2
    ,2,2,2,1),(-2.094395102393,0.,2.094395102393,4.188790204786,
6.28318530718,8.377580409573),.UNSPECIFIED.) CURVE() 
GEOMETRIC_REPRESENTATION_ITEM() RATIONAL_B_SPLINE_CURVE((1.,0.5,1.,0.5,
1.,0.5,1.)) REPRESENTATION_ITEM('') );
#5638 = CARTESIAN_POINT('',(5.37475E+03,155.));
#5639 = CARTESIAN_POINT('',(5.37475E+03,164.09326673973));
#5640 = CARTESIAN_POINT('',(5.382625E+03,159.54663336986));
#5641 = CARTESIAN_POINT('',(5.3905E+03,155.));
#5642 = CARTESIAN_POINT('',(5.382625E+03,150.45336663013));
#5643 = CARTESIAN_POINT('',(5.37475E+03,145.90673326026));
#5644 = CARTESIAN_POINT('',(5.37475E+03,155.));
#5645 = ( GEOMETRIC_REPRESENTATION_CONTEXT(2) 
PARAMETRIC_REPRESENTATION_CONTEXT() REPRESENTATION_CONTEXT('2D SPACE',''
  ) );
#5646 = PCURVE('',#2981,#5647);
#5647 = DEFINITIONAL_REPRESENTATION('',(#5648),#5652);
#5648 = LINE('',#5649,#5650);
#5649 = CARTESIAN_POINT('',(0.,10.));
#5650 = VECTOR('',#5651,1.);
#5651 = DIRECTION('',(1.,0.));
#5652 = ( GEOMETRIC_REPRESENTATION_CONTEXT(2) 
PARAMETRIC_REPRESENTATION_CONTEXT() REPRESENTATION_CONTEXT('2D SPACE',''
  ) );
#5653 = FACE_BOUND('',#5654,.F.);
#5654 = EDGE_LOOP('',(#5655));
#5655 = ORIENTED_EDGE('',*,*,#5656,.T.);
#5656 = EDGE_CURVE('',#5657,#5657,#5659,.T.);
#5657 = VERTEX_POINT('',#5658);
#5658 = CARTESIAN_POINT('',(5.44475E+03,155.,0.));
#5659 = SURFACE_CURVE('',#5660,(#5665,#5676),.PCURVE_S1.);
#5660 = CIRCLE('',#5661,5.25);
#5661 = AXIS2_PLACEMENT_3D('',#5662,#5663,#5664);
#5662 = CARTESIAN_POINT('',(5.45E+03,155.,0.));
#5663 = DIRECTION('',(0.,0.,-1.));
#5664 = DIRECTION('',(-1.,0.,0.));
#5665 = PCURVE('',#72,#5666);
#5666 = DEFINITIONAL_REPRESENTATION('',(#5667),#5675);
#5667 = ( BOUNDED_CURVE() B_SPLINE_CURVE(2,(#5668,#5669,#5670,#5671,
#5672,#5673,#5674),.UNSPECIFIED.,.T.,.F.) B_SPLINE_CURVE_WITH_KNOTS((1,2
    ,2,2,2,1),(-2.094395102393,0.,2.094395102393,4.188790204786,
6.28318530718,8.377580409573),.UNSPECIFIED.) CURVE() 
GEOMETRIC_REPRESENTATION_ITEM() RATIONAL_B_SPLINE_CURVE((1.,0.5,1.,0.5,
1.,0.5,1.)) REPRESENTATION_ITEM('') );
#5668 = CARTESIAN_POINT('',(5.44475E+03,155.));
#5669 = CARTESIAN_POINT('',(5.44475E+03,164.09326673973));
#5670 = CARTESIAN_POINT('',(5.452625E+03,159.54663336986));
#5671 = CARTESIAN_POINT('',(5.4605E+03,155.));
#5672 = CARTESIAN_POINT('',(5.452625E+03,150.45336663013));
#5673 = CARTESIAN_POINT('',(5.44475E+03,145.90673326026));
#5674 = CARTESIAN_POINT('',(5.44475E+03,155.));
#5675 = ( GEOMETRIC_REPRESENTATION_CONTEXT(2) 
PARAMETRIC_REPRESENTATION_CONTEXT() REPRESENTATION_CONTEXT('2D SPACE',''
  ) );
#5676 = PCURVE('',#3016,#5677);
#5677 = DEFINITIONAL_REPRESENTATION('',(#5678),#5682);
#5678 = LINE('',#5679,#5680);
#5679 = CARTESIAN_POINT('',(0.,10.));
#5680 = VECTOR('',#5681,1.);
#5681 = DIRECTION('',(1.,0.));
#5682 = ( GEOMETRIC_REPRESENTATION_CONTEXT(2) 
PARAMETRIC_REPRESENTATION_CONTEXT() REPRESENTATION_CONTEXT('2D SPACE',''
  ) );
#5683 = FACE_BOUND('',#5684,.F.);
#5684 = EDGE_LOOP('',(#5685));
#5685 = ORIENTED_EDGE('',*,*,#5686,.T.);
#5686 = EDGE_CURVE('',#5687,#5687,#5689,.T.);
#5687 = VERTEX_POINT('',#5688);
#5688 = CARTESIAN_POINT('',(5.51475E+03,155.,0.));
#5689 = SURFACE_CURVE('',#5690,(#5695,#5706),.PCURVE_S1.);
#5690 = CIRCLE('',#5691,5.25);
#5691 = AXIS2_PLACEMENT_3D('',#5692,#5693,#5694);
#5692 = CARTESIAN_POINT('',(5.52E+03,155.,0.));
#5693 = DIRECTION('',(0.,0.,-1.));
#5694 = DIRECTION('',(-1.,0.,0.));
#5695 = PCURVE('',#72,#5696);
#5696 = DEFINITIONAL_REPRESENTATION('',(#5697),#5705);
#5697 = ( BOUNDED_CURVE() B_SPLINE_CURVE(2,(#5698,#5699,#5700,#5701,
#5702,#5703,#5704),.UNSPECIFIED.,.T.,.F.) B_SPLINE_CURVE_WITH_KNOTS((1,2
    ,2,2,2,1),(-2.094395102393,0.,2.094395102393,4.188790204786,
6.28318530718,8.377580409573),.UNSPECIFIED.) CURVE() 
GEOMETRIC_REPRESENTATION_ITEM() RATIONAL_B_SPLINE_CURVE((1.,0.5,1.,0.5,
1.,0.5,1.)) REPRESENTATION_ITEM('') );
#5698 = CARTESIAN_POINT('',(5.51475E+03,155.));
#5699 = CARTESIAN_POINT('',(5.51475E+03,164.09326673973));
#5700 = CARTESIAN_POINT('',(5.522625E+03,159.54663336986));
#5701 = CARTESIAN_POINT('',(5.5305E+03,155.));
#5702 = CARTESIAN_POINT('',(5.522625E+03,150.45336663013));
#5703 = CARTESIAN_POINT('',(5.51475E+03,145.90673326026));
#5704 = CARTESIAN_POINT('',(5.51475E+03,155.));
#5705 = ( GEOMETRIC_REPRESENTATION_CONTEXT(2) 
PARAMETRIC_REPRESENTATION_CONTEXT() REPRESENTATION_CONTEXT('2D SPACE',''
  ) );
#5706 = PCURVE('',#3051,#5707);
#5707 = DEFINITIONAL_REPRESENTATION('',(#5708),#5712);
#5708 = LINE('',#5709,#5710);
#5709 = CARTESIAN_POINT('',(0.,10.));
#5710 = VECTOR('',#5711,1.);
#5711 = DIRECTION('',(1.,0.));
#5712 = ( GEOMETRIC_REPRESENTATION_CONTEXT(2) 
PARAMETRIC_REPRESENTATION_CONTEXT() REPRESENTATION_CONTEXT('2D SPACE',''
  ) );
#5713 = FACE_BOUND('',#5714,.F.);
#5714 = EDGE_LOOP('',(#5715));
#5715 = ORIENTED_EDGE('',*,*,#5716,.T.);
#5716 = EDGE_CURVE('',#5717,#5717,#5719,.T.);
#5717 = VERTEX_POINT('',#5718);
#5718 = CARTESIAN_POINT('',(5.58475E+03,155.,0.));
#5719 = SURFACE_CURVE('',#5720,(#5725,#5736),.PCURVE_S1.);
#5720 = CIRCLE('',#5721,5.25);
#5721 = AXIS2_PLACEMENT_3D('',#5722,#5723,#5724);
#5722 = CARTESIAN_POINT('',(5.59E+03,155.,0.));
#5723 = DIRECTION('',(0.,0.,-1.));
#5724 = DIRECTION('',(-1.,0.,0.));
#5725 = PCURVE('',#72,#5726);
#5726 = DEFINITIONAL_REPRESENTATION('',(#5727),#5735);
#5727 = ( BOUNDED_CURVE() B_SPLINE_CURVE(2,(#5728,#5729,#5730,#5731,
#5732,#5733,#5734),.UNSPECIFIED.,.T.,.F.) B_SPLINE_CURVE_WITH_KNOTS((1,2
    ,2,2,2,1),(-2.094395102393,0.,2.094395102393,4.188790204786,
6.28318530718,8.377580409573),.UNSPECIFIED.) CURVE() 
GEOMETRIC_REPRESENTATION_ITEM() RATIONAL_B_SPLINE_CURVE((1.,0.5,1.,0.5,
1.,0.5,1.)) REPRESENTATION_ITEM('') );
#5728 = CARTESIAN_POINT('',(5.58475E+03,155.));
#5729 = CARTESIAN_POINT('',(5.58475E+03,164.09326673973));
#5730 = CARTESIAN_POINT('',(5.592625E+03,159.54663336986));
#5731 = CARTESIAN_POINT('',(5.6005E+03,155.));
#5732 = CARTESIAN_POINT('',(5.592625E+03,150.45336663013));
#5733 = CARTESIAN_POINT('',(5.58475E+03,145.90673326026));
#5734 = CARTESIAN_POINT('',(5.58475E+03,155.));
#5735 = ( GEOMETRIC_REPRESENTATION_CONTEXT(2) 
PARAMETRIC_REPRESENTATION_CONTEXT() REPRESENTATION_CONTEXT('2D SPACE',''
  ) );
#5736 = PCURVE('',#3086,#5737);
#5737 = DEFINITIONAL_REPRESENTATION('',(#5738),#5742);
#5738 = LINE('',#5739,#5740);
#5739 = CARTESIAN_POINT('',(0.,10.));
#5740 = VECTOR('',#5741,1.);
#5741 = DIRECTION('',(1.,0.));
#5742 = ( GEOMETRIC_REPRESENTATION_CONTEXT(2) 
PARAMETRIC_REPRESENTATION_CONTEXT() REPRESENTATION_CONTEXT('2D SPACE',''
  ) );
#5743 = FACE_BOUND('',#5744,.F.);
#5744 = EDGE_LOOP('',(#5745));
#5745 = ORIENTED_EDGE('',*,*,#5746,.T.);
#5746 = EDGE_CURVE('',#5747,#5747,#5749,.T.);
#5747 = VERTEX_POINT('',#5748);
#5748 = CARTESIAN_POINT('',(5.65475E+03,155.,0.));
#5749 = SURFACE_CURVE('',#5750,(#5755,#5766),.PCURVE_S1.);
#5750 = CIRCLE('',#5751,5.25);
#5751 = AXIS2_PLACEMENT_3D('',#5752,#5753,#5754);
#5752 = CARTESIAN_POINT('',(5.66E+03,155.,0.));
#5753 = DIRECTION('',(0.,0.,-1.));
#5754 = DIRECTION('',(-1.,0.,0.));
#5755 = PCURVE('',#72,#5756);
#5756 = DEFINITIONAL_REPRESENTATION('',(#5757),#5765);
#5757 = ( BOUNDED_CURVE() B_SPLINE_CURVE(2,(#5758,#5759,#5760,#5761,
#5762,#5763,#5764),.UNSPECIFIED.,.T.,.F.) B_SPLINE_CURVE_WITH_KNOTS((1,2
    ,2,2,2,1),(-2.094395102393,0.,2.094395102393,4.188790204786,
6.28318530718,8.377580409573),.UNSPECIFIED.) CURVE() 
GEOMETRIC_REPRESENTATION_ITEM() RATIONAL_B_SPLINE_CURVE((1.,0.5,1.,0.5,
1.,0.5,1.)) REPRESENTATION_ITEM('') );
#5758 = CARTESIAN_POINT('',(5.65475E+03,155.));
#5759 = CARTESIAN_POINT('',(5.65475E+03,164.09326673973));
#5760 = CARTESIAN_POINT('',(5.662625E+03,159.54663336986));
#5761 = CARTESIAN_POINT('',(5.6705E+03,155.));
#5762 = CARTESIAN_POINT('',(5.662625E+03,150.45336663013));
#5763 = CARTESIAN_POINT('',(5.65475E+03,145.90673326026));
#5764 = CARTESIAN_POINT('',(5.65475E+03,155.));
#5765 = ( GEOMETRIC_REPRESENTATION_CONTEXT(2) 
PARAMETRIC_REPRESENTATION_CONTEXT() REPRESENTATION_CONTEXT('2D SPACE',''
  ) );
#5766 = PCURVE('',#3121,#5767);
#5767 = DEFINITIONAL_REPRESENTATION('',(#5768),#5772);
#5768 = LINE('',#5769,#5770);
#5769 = CARTESIAN_POINT('',(0.,10.));
#5770 = VECTOR('',#5771,1.);
#5771 = DIRECTION('',(1.,0.));
#5772 = ( GEOMETRIC_REPRESENTATION_CONTEXT(2) 
PARAMETRIC_REPRESENTATION_CONTEXT() REPRESENTATION_CONTEXT('2D SPACE',''
  ) );
#5773 = FACE_BOUND('',#5774,.F.);
#5774 = EDGE_LOOP('',(#5775));
#5775 = ORIENTED_EDGE('',*,*,#5776,.T.);
#5776 = EDGE_CURVE('',#5777,#5777,#5779,.T.);
#5777 = VERTEX_POINT('',#5778);
#5778 = CARTESIAN_POINT('',(5.72475E+03,155.,0.));
#5779 = SURFACE_CURVE('',#5780,(#5785,#5796),.PCURVE_S1.);
#5780 = CIRCLE('',#5781,5.25);
#5781 = AXIS2_PLACEMENT_3D('',#5782,#5783,#5784);
#5782 = CARTESIAN_POINT('',(5.73E+03,155.,0.));
#5783 = DIRECTION('',(0.,0.,-1.));
#5784 = DIRECTION('',(-1.,0.,0.));
#5785 = PCURVE('',#72,#5786);
#5786 = DEFINITIONAL_REPRESENTATION('',(#5787),#5795);
#5787 = ( BOUNDED_CURVE() B_SPLINE_CURVE(2,(#5788,#5789,#5790,#5791,
#5792,#5793,#5794),.UNSPECIFIED.,.T.,.F.) B_SPLINE_CURVE_WITH_KNOTS((1,2
    ,2,2,2,1),(-2.094395102393,0.,2.094395102393,4.188790204786,
6.28318530718,8.377580409573),.UNSPECIFIED.) CURVE() 
GEOMETRIC_REPRESENTATION_ITEM() RATIONAL_B_SPLINE_CURVE((1.,0.5,1.,0.5,
1.,0.5,1.)) REPRESENTATION_ITEM('') );
#5788 = CARTESIAN_POINT('',(5.72475E+03,155.));
#5789 = CARTESIAN_POINT('',(5.72475E+03,164.09326673973));
#5790 = CARTESIAN_POINT('',(5.732625E+03,159.54663336986));
#5791 = CARTESIAN_POINT('',(5.7405E+03,155.));
#5792 = CARTESIAN_POINT('',(5.732625E+03,150.45336663013));
#5793 = CARTESIAN_POINT('',(5.72475E+03,145.90673326026));
#5794 = CARTESIAN_POINT('',(5.72475E+03,155.));
#5795 = ( GEOMETRIC_REPRESENTATION_CONTEXT(2) 
PARAMETRIC_REPRESENTATION_CONTEXT() REPRESENTATION_CONTEXT('2D SPACE',''
  ) );
#5796 = PCURVE('',#3156,#5797);
#5797 = DEFINITIONAL_REPRESENTATION('',(#5798),#5802);
#5798 = LINE('',#5799,#5800);
#5799 = CARTESIAN_POINT('',(0.,10.));
#5800 = VECTOR('',#5801,1.);
#5801 = DIRECTION('',(1.,0.));
#5802 = ( GEOMETRIC_REPRESENTATION_CONTEXT(2) 
PARAMETRIC_REPRESENTATION_CONTEXT() REPRESENTATION_CONTEXT('2D SPACE',''
  ) );
#5803 = FACE_BOUND('',#5804,.F.);
#5804 = EDGE_LOOP('',(#5805));
#5805 = ORIENTED_EDGE('',*,*,#5806,.T.);
#5806 = EDGE_CURVE('',#5807,#5807,#5809,.T.);
#5807 = VERTEX_POINT('',#5808);
#5808 = CARTESIAN_POINT('',(5.79475E+03,155.,0.));
#5809 = SURFACE_CURVE('',#5810,(#5815,#5826),.PCURVE_S1.);
#5810 = CIRCLE('',#5811,5.25);
#5811 = AXIS2_PLACEMENT_3D('',#5812,#5813,#5814);
#5812 = CARTESIAN_POINT('',(5.8E+03,155.,0.));
#5813 = DIRECTION('',(0.,0.,-1.));
#5814 = DIRECTION('',(-1.,0.,0.));
#5815 = PCURVE('',#72,#5816);
#5816 = DEFINITIONAL_REPRESENTATION('',(#5817),#5825);
#5817 = ( BOUNDED_CURVE() B_SPLINE_CURVE(2,(#5818,#5819,#5820,#5821,
#5822,#5823,#5824),.UNSPECIFIED.,.T.,.F.) B_SPLINE_CURVE_WITH_KNOTS((1,2
    ,2,2,2,1),(-2.094395102393,0.,2.094395102393,4.188790204786,
6.28318530718,8.377580409573),.UNSPECIFIED.) CURVE() 
GEOMETRIC_REPRESENTATION_ITEM() RATIONAL_B_SPLINE_CURVE((1.,0.5,1.,0.5,
1.,0.5,1.)) REPRESENTATION_ITEM('') );
#5818 = CARTESIAN_POINT('',(5.79475E+03,155.));
#5819 = CARTESIAN_POINT('',(5.79475E+03,164.09326673973));
#5820 = CARTESIAN_POINT('',(5.802625E+03,159.54663336986));
#5821 = CARTESIAN_POINT('',(5.8105E+03,155.));
#5822 = CARTESIAN_POINT('',(5.802625E+03,150.45336663013));
#5823 = CARTESIAN_POINT('',(5.79475E+03,145.90673326026));
#5824 = CARTESIAN_POINT('',(5.79475E+03,155.));
#5825 = ( GEOMETRIC_REPRESENTATION_CONTEXT(2) 
PARAMETRIC_REPRESENTATION_CONTEXT() REPRESENTATION_CONTEXT('2D SPACE',''
  ) );
#5826 = PCURVE('',#3191,#5827);
#5827 = DEFINITIONAL_REPRESENTATION('',(#5828),#5832);
#5828 = LINE('',#5829,#5830);
#5829 = CARTESIAN_POINT('',(0.,10.));
#5830 = VECTOR('',#5831,1.);
#5831 = DIRECTION('',(1.,0.));
#5832 = ( GEOMETRIC_REPRESENTATION_CONTEXT(2) 
PARAMETRIC_REPRESENTATION_CONTEXT() REPRESENTATION_CONTEXT('2D SPACE',''
  ) );
#5833 = FACE_BOUND('',#5834,.F.);
#5834 = EDGE_LOOP('',(#5835));
#5835 = ORIENTED_EDGE('',*,*,#5836,.T.);
#5836 = EDGE_CURVE('',#5837,#5837,#5839,.T.);
#5837 = VERTEX_POINT('',#5838);
#5838 = CARTESIAN_POINT('',(5.86475E+03,155.,0.));
#5839 = SURFACE_CURVE('',#5840,(#5845,#5856),.PCURVE_S1.);
#5840 = CIRCLE('',#5841,5.25);
#5841 = AXIS2_PLACEMENT_3D('',#5842,#5843,#5844);
#5842 = CARTESIAN_POINT('',(5.87E+03,155.,0.));
#5843 = DIRECTION('',(0.,0.,-1.));
#5844 = DIRECTION('',(-1.,0.,0.));
#5845 = PCURVE('',#72,#5846);
#5846 = DEFINITIONAL_REPRESENTATION('',(#5847),#5855);
#5847 = ( BOUNDED_CURVE() B_SPLINE_CURVE(2,(#5848,#5849,#5850,#5851,
#5852,#5853,#5854),.UNSPECIFIED.,.T.,.F.) B_SPLINE_CURVE_WITH_KNOTS((1,2
    ,2,2,2,1),(-2.094395102393,0.,2.094395102393,4.188790204786,
6.28318530718,8.377580409573),.UNSPECIFIED.) CURVE() 
GEOMETRIC_REPRESENTATION_ITEM() RATIONAL_B_SPLINE_CURVE((1.,0.5,1.,0.5,
1.,0.5,1.)) REPRESENTATION_ITEM('') );
#5848 = CARTESIAN_POINT('',(5.86475E+03,155.));
#5849 = CARTESIAN_POINT('',(5.86475E+03,164.09326673973));
#5850 = CARTESIAN_POINT('',(5.872625E+03,159.54663336986));
#5851 = CARTESIAN_POINT('',(5.8805E+03,155.));
#5852 = CARTESIAN_POINT('',(5.872625E+03,150.45336663013));
#5853 = CARTESIAN_POINT('',(5.86475E+03,145.90673326026));
#5854 = CARTESIAN_POINT('',(5.86475E+03,155.));
#5855 = ( GEOMETRIC_REPRESENTATION_CONTEXT(2) 
PARAMETRIC_REPRESENTATION_CONTEXT() REPRESENTATION_CONTEXT('2D SPACE',''
  ) );
#5856 = PCURVE('',#3226,#5857);
#5857 = DEFINITIONAL_REPRESENTATION('',(#5858),#5862);
#5858 = LINE('',#5859,#5860);
#5859 = CARTESIAN_POINT('',(0.,10.));
#5860 = VECTOR('',#5861,1.);
#5861 = DIRECTION('',(1.,0.));
#5862 = ( GEOMETRIC_REPRESENTATION_CONTEXT(2) 
PARAMETRIC_REPRESENTATION_CONTEXT() REPRESENTATION_CONTEXT('2D SPACE',''
  ) );
#5863 = ADVANCED_FACE('',(#5864),#202,.T.);
#5864 = FACE_BOUND('',#5865,.T.);
#5865 = EDGE_LOOP('',(#5866,#5867,#5868,#5869));
#5866 = ORIENTED_EDGE('',*,*,#188,.F.);
#5867 = ORIENTED_EDGE('',*,*,#3292,.T.);
#5868 = ORIENTED_EDGE('',*,*,#3266,.T.);
#5869 = ORIENTED_EDGE('',*,*,#219,.F.);
#5870 = ADVANCED_FACE('',(#5871),#286,.F.);
#5871 = FACE_BOUND('',#5872,.F.);
#5872 = EDGE_LOOP('',(#5873,#5874,#5895,#5896));
#5873 = ORIENTED_EDGE('',*,*,#3316,.F.);
#5874 = ORIENTED_EDGE('',*,*,#5875,.F.);
#5875 = EDGE_CURVE('',#266,#3317,#5876,.T.);
#5876 = SEAM_CURVE('',#5877,(#5881,#5888),.PCURVE_S1.);
#5877 = LINE('',#5878,#5879);
#5878 = CARTESIAN_POINT('',(69.75,45.,10.));
#5879 = VECTOR('',#5880,1.);
#5880 = DIRECTION('',(0.,0.,-1.));
#5881 = PCURVE('',#286,#5882);
#5882 = DEFINITIONAL_REPRESENTATION('',(#5883),#5887);
#5883 = LINE('',#5884,#5885);
#5884 = CARTESIAN_POINT('',(6.28318530718,-0.));
#5885 = VECTOR('',#5886,1.);
#5886 = DIRECTION('',(0.,1.));
#5887 = ( GEOMETRIC_REPRESENTATION_CONTEXT(2) 
PARAMETRIC_REPRESENTATION_CONTEXT() REPRESENTATION_CONTEXT('2D SPACE',''
  ) );
#5888 = PCURVE('',#286,#5889);
#5889 = DEFINITIONAL_REPRESENTATION('',(#5890),#5894);
#5890 = LINE('',#5891,#5892);
#5891 = CARTESIAN_POINT('',(0.,-0.));
#5892 = VECTOR('',#5893,1.);
#5893 = DIRECTION('',(0.,1.));
#5894 = ( GEOMETRIC_REPRESENTATION_CONTEXT(2) 
PARAMETRIC_REPRESENTATION_CONTEXT() REPRESENTATION_CONTEXT('2D SPACE',''
  ) );
#5895 = ORIENTED_EDGE('',*,*,#265,.T.);
#5896 = ORIENTED_EDGE('',*,*,#5875,.T.);
#5897 = ADVANCED_FACE('',(#5898),#321,.F.);
#5898 = FACE_BOUND('',#5899,.F.);
#5899 = EDGE_LOOP('',(#5900,#5901,#5922,#5923));
#5900 = ORIENTED_EDGE('',*,*,#3346,.F.);
#5901 = ORIENTED_EDGE('',*,*,#5902,.F.);
#5902 = EDGE_CURVE('',#301,#3347,#5903,.T.);
#5903 = SEAM_CURVE('',#5904,(#5908,#5915),.PCURVE_S1.);
#5904 = LINE('',#5905,#5906);
#5905 = CARTESIAN_POINT('',(139.75,45.,10.));
#5906 = VECTOR('',#5907,1.);
#5907 = DIRECTION('',(0.,0.,-1.));
#5908 = PCURVE('',#321,#5909);
#5909 = DEFINITIONAL_REPRESENTATION('',(#5910),#5914);
#5910 = LINE('',#5911,#5912);
#5911 = CARTESIAN_POINT('',(6.28318530718,-0.));
#5912 = VECTOR('',#5913,1.);
#5913 = DIRECTION('',(0.,1.));
#5914 = ( GEOMETRIC_REPRESENTATION_CONTEXT(2) 
PARAMETRIC_REPRESENTATION_CONTEXT() REPRESENTATION_CONTEXT('2D SPACE',''
  ) );
#5915 = PCURVE('',#321,#5916);
#5916 = DEFINITIONAL_REPRESENTATION('',(#5917),#5921);
#5917 = LINE('',#5918,#5919);
#5918 = CARTESIAN_POINT('',(0.,-0.));
#5919 = VECTOR('',#5920,1.);
#5920 = DIRECTION('',(0.,1.));
#5921 = ( GEOMETRIC_REPRESENTATION_CONTEXT(2) 
PARAMETRIC_REPRESENTATION_CONTEXT() REPRESENTATION_CONTEXT('2D SPACE',''
  ) );
#5922 = ORIENTED_EDGE('',*,*,#300,.T.);
#5923 = ORIENTED_EDGE('',*,*,#5902,.T.);
#5924 = ADVANCED_FACE('',(#5925),#356,.F.);
#5925 = FACE_BOUND('',#5926,.F.);
#5926 = EDGE_LOOP('',(#5927,#5928,#5949,#5950));
#5927 = ORIENTED_EDGE('',*,*,#3376,.F.);
#5928 = ORIENTED_EDGE('',*,*,#5929,.F.);
#5929 = EDGE_CURVE('',#336,#3377,#5930,.T.);
#5930 = SEAM_CURVE('',#5931,(#5935,#5942),.PCURVE_S1.);
#5931 = LINE('',#5932,#5933);
#5932 = CARTESIAN_POINT('',(209.75,45.,10.));
#5933 = VECTOR('',#5934,1.);
#5934 = DIRECTION('',(0.,0.,-1.));
#5935 = PCURVE('',#356,#5936);
#5936 = DEFINITIONAL_REPRESENTATION('',(#5937),#5941);
#5937 = LINE('',#5938,#5939);
#5938 = CARTESIAN_POINT('',(6.28318530718,-0.));
#5939 = VECTOR('',#5940,1.);
#5940 = DIRECTION('',(0.,1.));
#5941 = ( GEOMETRIC_REPRESENTATION_CONTEXT(2) 
PARAMETRIC_REPRESENTATION_CONTEXT() REPRESENTATION_CONTEXT('2D SPACE',''
  ) );
#5942 = PCURVE('',#356,#5943);
#5943 = DEFINITIONAL_REPRESENTATION('',(#5944),#5948);
#5944 = LINE('',#5945,#5946);
#5945 = CARTESIAN_POINT('',(0.,-0.));
#5946 = VECTOR('',#5947,1.);
#5947 = DIRECTION('',(0.,1.));
#5948 = ( GEOMETRIC_REPRESENTATION_CONTEXT(2) 
PARAMETRIC_REPRESENTATION_CONTEXT() REPRESENTATION_CONTEXT('2D SPACE',''
  ) );
#5949 = ORIENTED_EDGE('',*,*,#335,.T.);
#5950 = ORIENTED_EDGE('',*,*,#5929,.T.);
#5951 = ADVANCED_FACE('',(#5952),#391,.F.);
#5952 = FACE_BOUND('',#5953,.F.);
#5953 = EDGE_LOOP('',(#5954,#5955,#5976,#5977));
#5954 = ORIENTED_EDGE('',*,*,#3406,.F.);
#5955 = ORIENTED_EDGE('',*,*,#5956,.F.);
#5956 = EDGE_CURVE('',#371,#3407,#5957,.T.);
#5957 = SEAM_CURVE('',#5958,(#5962,#5969),.PCURVE_S1.);
#5958 = LINE('',#5959,#5960);
#5959 = CARTESIAN_POINT('',(279.75,45.,10.));
#5960 = VECTOR('',#5961,1.);
#5961 = DIRECTION('',(0.,0.,-1.));
#5962 = PCURVE('',#391,#5963);
#5963 = DEFINITIONAL_REPRESENTATION('',(#5964),#5968);
#5964 = LINE('',#5965,#5966);
#5965 = CARTESIAN_POINT('',(6.28318530718,-0.));
#5966 = VECTOR('',#5967,1.);
#5967 = DIRECTION('',(0.,1.));
#5968 = ( GEOMETRIC_REPRESENTATION_CONTEXT(2) 
PARAMETRIC_REPRESENTATION_CONTEXT() REPRESENTATION_CONTEXT('2D SPACE',''
  ) );
#5969 = PCURVE('',#391,#5970);
#5970 = DEFINITIONAL_REPRESENTATION('',(#5971),#5975);
#5971 = LINE('',#5972,#5973);
#5972 = CARTESIAN_POINT('',(0.,-0.));
#5973 = VECTOR('',#5974,1.);
#5974 = DIRECTION('',(0.,1.));
#5975 = ( GEOMETRIC_REPRESENTATION_CONTEXT(2) 
PARAMETRIC_REPRESENTATION_CONTEXT() REPRESENTATION_CONTEXT('2D SPACE',''
  ) );
#5976 = ORIENTED_EDGE('',*,*,#370,.T.);
#5977 = ORIENTED_EDGE('',*,*,#5956,.T.);
#5978 = ADVANCED_FACE('',(#5979),#426,.F.);
#5979 = FACE_BOUND('',#5980,.F.);
#5980 = EDGE_LOOP('',(#5981,#5982,#6003,#6004));
#5981 = ORIENTED_EDGE('',*,*,#3436,.F.);
#5982 = ORIENTED_EDGE('',*,*,#5983,.F.);
#5983 = EDGE_CURVE('',#406,#3437,#5984,.T.);
#5984 = SEAM_CURVE('',#5985,(#5989,#5996),.PCURVE_S1.);
#5985 = LINE('',#5986,#5987);
#5986 = CARTESIAN_POINT('',(349.75,45.,10.));
#5987 = VECTOR('',#5988,1.);
#5988 = DIRECTION('',(0.,0.,-1.));
#5989 = PCURVE('',#426,#5990);
#5990 = DEFINITIONAL_REPRESENTATION('',(#5991),#5995);
#5991 = LINE('',#5992,#5993);
#5992 = CARTESIAN_POINT('',(6.28318530718,-0.));
#5993 = VECTOR('',#5994,1.);
#5994 = DIRECTION('',(0.,1.));
#5995 = ( GEOMETRIC_REPRESENTATION_CONTEXT(2) 
PARAMETRIC_REPRESENTATION_CONTEXT() REPRESENTATION_CONTEXT('2D SPACE',''
  ) );
#5996 = PCURVE('',#426,#5997);
#5997 = DEFINITIONAL_REPRESENTATION('',(#5998),#6002);
#5998 = LINE('',#5999,#6000);
#5999 = CARTESIAN_POINT('',(0.,-0.));
#6000 = VECTOR('',#6001,1.);
#6001 = DIRECTION('',(0.,1.));
#6002 = ( GEOMETRIC_REPRESENTATION_CONTEXT(2) 
PARAMETRIC_REPRESENTATION_CONTEXT() REPRESENTATION_CONTEXT('2D SPACE',''
  ) );
#6003 = ORIENTED_EDGE('',*,*,#405,.T.);
#6004 = ORIENTED_EDGE('',*,*,#5983,.T.);
#6005 = ADVANCED_FACE('',(#6006),#461,.F.);
#6006 = FACE_BOUND('',#6007,.F.);
#6007 = EDGE_LOOP('',(#6008,#6009,#6030,#6031));
#6008 = ORIENTED_EDGE('',*,*,#3466,.F.);
#6009 = ORIENTED_EDGE('',*,*,#6010,.F.);
#6010 = EDGE_CURVE('',#441,#3467,#6011,.T.);
#6011 = SEAM_CURVE('',#6012,(#6016,#6023),.PCURVE_S1.);
#6012 = LINE('',#6013,#6014);
#6013 = CARTESIAN_POINT('',(419.75,45.,10.));
#6014 = VECTOR('',#6015,1.);
#6015 = DIRECTION('',(0.,0.,-1.));
#6016 = PCURVE('',#461,#6017);
#6017 = DEFINITIONAL_REPRESENTATION('',(#6018),#6022);
#6018 = LINE('',#6019,#6020);
#6019 = CARTESIAN_POINT('',(6.28318530718,-0.));
#6020 = VECTOR('',#6021,1.);
#6021 = DIRECTION('',(0.,1.));
#6022 = ( GEOMETRIC_REPRESENTATION_CONTEXT(2) 
PARAMETRIC_REPRESENTATION_CONTEXT() REPRESENTATION_CONTEXT('2D SPACE',''
  ) );
#6023 = PCURVE('',#461,#6024);
#6024 = DEFINITIONAL_REPRESENTATION('',(#6025),#6029);
#6025 = LINE('',#6026,#6027);
#6026 = CARTESIAN_POINT('',(0.,-0.));
#6027 = VECTOR('',#6028,1.);
#6028 = DIRECTION('',(0.,1.));
#6029 = ( GEOMETRIC_REPRESENTATION_CONTEXT(2) 
PARAMETRIC_REPRESENTATION_CONTEXT() REPRESENTATION_CONTEXT('2D SPACE',''
  ) );
#6030 = ORIENTED_EDGE('',*,*,#440,.T.);
#6031 = ORIENTED_EDGE('',*,*,#6010,.T.);
#6032 = ADVANCED_FACE('',(#6033),#496,.F.);
#6033 = FACE_BOUND('',#6034,.F.);
#6034 = EDGE_LOOP('',(#6035,#6036,#6057,#6058));
#6035 = ORIENTED_EDGE('',*,*,#3496,.F.);
#6036 = ORIENTED_EDGE('',*,*,#6037,.F.);
#6037 = EDGE_CURVE('',#476,#3497,#6038,.T.);
#6038 = SEAM_CURVE('',#6039,(#6043,#6050),.PCURVE_S1.);
#6039 = LINE('',#6040,#6041);
#6040 = CARTESIAN_POINT('',(489.75,45.,10.));
#6041 = VECTOR('',#6042,1.);
#6042 = DIRECTION('',(0.,0.,-1.));
#6043 = PCURVE('',#496,#6044);
#6044 = DEFINITIONAL_REPRESENTATION('',(#6045),#6049);
#6045 = LINE('',#6046,#6047);
#6046 = CARTESIAN_POINT('',(6.28318530718,-0.));
#6047 = VECTOR('',#6048,1.);
#6048 = DIRECTION('',(0.,1.));
#6049 = ( GEOMETRIC_REPRESENTATION_CONTEXT(2) 
PARAMETRIC_REPRESENTATION_CONTEXT() REPRESENTATION_CONTEXT('2D SPACE',''
  ) );
#6050 = PCURVE('',#496,#6051);
#6051 = DEFINITIONAL_REPRESENTATION('',(#6052),#6056);
#6052 = LINE('',#6053,#6054);
#6053 = CARTESIAN_POINT('',(0.,-0.));
#6054 = VECTOR('',#6055,1.);
#6055 = DIRECTION('',(0.,1.));
#6056 = ( GEOMETRIC_REPRESENTATION_CONTEXT(2) 
PARAMETRIC_REPRESENTATION_CONTEXT() REPRESENTATION_CONTEXT('2D SPACE',''
  ) );
#6057 = ORIENTED_EDGE('',*,*,#475,.T.);
#6058 = ORIENTED_EDGE('',*,*,#6037,.T.);
#6059 = ADVANCED_FACE('',(#6060),#531,.F.);
#6060 = FACE_BOUND('',#6061,.F.);
#6061 = EDGE_LOOP('',(#6062,#6063,#6084,#6085));
#6062 = ORIENTED_EDGE('',*,*,#3526,.F.);
#6063 = ORIENTED_EDGE('',*,*,#6064,.F.);
#6064 = EDGE_CURVE('',#511,#3527,#6065,.T.);
#6065 = SEAM_CURVE('',#6066,(#6070,#6077),.PCURVE_S1.);
#6066 = LINE('',#6067,#6068);
#6067 = CARTESIAN_POINT('',(574.75,45.,10.));
#6068 = VECTOR('',#6069,1.);
#6069 = DIRECTION('',(0.,0.,-1.));
#6070 = PCURVE('',#531,#6071);
#6071 = DEFINITIONAL_REPRESENTATION('',(#6072),#6076);
#6072 = LINE('',#6073,#6074);
#6073 = CARTESIAN_POINT('',(6.28318530718,-0.));
#6074 = VECTOR('',#6075,1.);
#6075 = DIRECTION('',(0.,1.));
#6076 = ( GEOMETRIC_REPRESENTATION_CONTEXT(2) 
PARAMETRIC_REPRESENTATION_CONTEXT() REPRESENTATION_CONTEXT('2D SPACE',''
  ) );
#6077 = PCURVE('',#531,#6078);
#6078 = DEFINITIONAL_REPRESENTATION('',(#6079),#6083);
#6079 = LINE('',#6080,#6081);
#6080 = CARTESIAN_POINT('',(0.,-0.));
#6081 = VECTOR('',#6082,1.);
#6082 = DIRECTION('',(0.,1.));
#6083 = ( GEOMETRIC_REPRESENTATION_CONTEXT(2) 
PARAMETRIC_REPRESENTATION_CONTEXT() REPRESENTATION_CONTEXT('2D SPACE',''
  ) );
#6084 = ORIENTED_EDGE('',*,*,#510,.T.);
#6085 = ORIENTED_EDGE('',*,*,#6064,.T.);
#6086 = ADVANCED_FACE('',(#6087),#566,.F.);
#6087 = FACE_BOUND('',#6088,.F.);
#6088 = EDGE_LOOP('',(#6089,#6090,#6111,#6112));
#6089 = ORIENTED_EDGE('',*,*,#3556,.F.);
#6090 = ORIENTED_EDGE('',*,*,#6091,.F.);
#6091 = EDGE_CURVE('',#546,#3557,#6092,.T.);
#6092 = SEAM_CURVE('',#6093,(#6097,#6104),.PCURVE_S1.);
#6093 = LINE('',#6094,#6095);
#6094 = CARTESIAN_POINT('',(674.75,45.,10.));
#6095 = VECTOR('',#6096,1.);
#6096 = DIRECTION('',(0.,0.,-1.));
#6097 = PCURVE('',#566,#6098);
#6098 = DEFINITIONAL_REPRESENTATION('',(#6099),#6103);
#6099 = LINE('',#6100,#6101);
#6100 = CARTESIAN_POINT('',(6.28318530718,-0.));
#6101 = VECTOR('',#6102,1.);
#6102 = DIRECTION('',(0.,1.));
#6103 = ( GEOMETRIC_REPRESENTATION_CONTEXT(2) 
PARAMETRIC_REPRESENTATION_CONTEXT() REPRESENTATION_CONTEXT('2D SPACE',''
  ) );
#6104 = PCURVE('',#566,#6105);
#6105 = DEFINITIONAL_REPRESENTATION('',(#6106),#6110);
#6106 = LINE('',#6107,#6108);
#6107 = CARTESIAN_POINT('',(0.,-0.));
#6108 = VECTOR('',#6109,1.);
#6109 = DIRECTION('',(0.,1.));
#6110 = ( GEOMETRIC_REPRESENTATION_CONTEXT(2) 
PARAMETRIC_REPRESENTATION_CONTEXT() REPRESENTATION_CONTEXT('2D SPACE',''
  ) );
#6111 = ORIENTED_EDGE('',*,*,#545,.T.);
#6112 = ORIENTED_EDGE('',*,*,#6091,.T.);
#6113 = ADVANCED_FACE('',(#6114),#601,.F.);
#6114 = FACE_BOUND('',#6115,.F.);
#6115 = EDGE_LOOP('',(#6116,#6117,#6138,#6139));
#6116 = ORIENTED_EDGE('',*,*,#3586,.F.);
#6117 = ORIENTED_EDGE('',*,*,#6118,.F.);
#6118 = EDGE_CURVE('',#581,#3587,#6119,.T.);
#6119 = SEAM_CURVE('',#6120,(#6124,#6131),.PCURVE_S1.);
#6120 = LINE('',#6121,#6122);
#6121 = CARTESIAN_POINT('',(774.75,45.,10.));
#6122 = VECTOR('',#6123,1.);
#6123 = DIRECTION('',(0.,0.,-1.));
#6124 = PCURVE('',#601,#6125);
#6125 = DEFINITIONAL_REPRESENTATION('',(#6126),#6130);
#6126 = LINE('',#6127,#6128);
#6127 = CARTESIAN_POINT('',(6.28318530718,-0.));
#6128 = VECTOR('',#6129,1.);
#6129 = DIRECTION('',(0.,1.));
#6130 = ( GEOMETRIC_REPRESENTATION_CONTEXT(2) 
PARAMETRIC_REPRESENTATION_CONTEXT() REPRESENTATION_CONTEXT('2D SPACE',''
  ) );
#6131 = PCURVE('',#601,#6132);
#6132 = DEFINITIONAL_REPRESENTATION('',(#6133),#6137);
#6133 = LINE('',#6134,#6135);
#6134 = CARTESIAN_POINT('',(0.,-0.));
#6135 = VECTOR('',#6136,1.);
#6136 = DIRECTION('',(0.,1.));
#6137 = ( GEOMETRIC_REPRESENTATION_CONTEXT(2) 
PARAMETRIC_REPRESENTATION_CONTEXT() REPRESENTATION_CONTEXT('2D SPACE',''
  ) );
#6138 = ORIENTED_EDGE('',*,*,#580,.T.);
#6139 = ORIENTED_EDGE('',*,*,#6118,.T.);
#6140 = ADVANCED_FACE('',(#6141),#636,.F.);
#6141 = FACE_BOUND('',#6142,.F.);
#6142 = EDGE_LOOP('',(#6143,#6144,#6165,#6166));
#6143 = ORIENTED_EDGE('',*,*,#3616,.F.);
#6144 = ORIENTED_EDGE('',*,*,#6145,.F.);
#6145 = EDGE_CURVE('',#616,#3617,#6146,.T.);
#6146 = SEAM_CURVE('',#6147,(#6151,#6158),.PCURVE_S1.);
#6147 = LINE('',#6148,#6149);
#6148 = CARTESIAN_POINT('',(874.75,45.,10.));
#6149 = VECTOR('',#6150,1.);
#6150 = DIRECTION('',(0.,0.,-1.));
#6151 = PCURVE('',#636,#6152);
#6152 = DEFINITIONAL_REPRESENTATION('',(#6153),#6157);
#6153 = LINE('',#6154,#6155);
#6154 = CARTESIAN_POINT('',(6.28318530718,-0.));
#6155 = VECTOR('',#6156,1.);
#6156 = DIRECTION('',(0.,1.));
#6157 = ( GEOMETRIC_REPRESENTATION_CONTEXT(2) 
PARAMETRIC_REPRESENTATION_CONTEXT() REPRESENTATION_CONTEXT('2D SPACE',''
  ) );
#6158 = PCURVE('',#636,#6159);
#6159 = DEFINITIONAL_REPRESENTATION('',(#6160),#6164);
#6160 = LINE('',#6161,#6162);
#6161 = CARTESIAN_POINT('',(0.,-0.));
#6162 = VECTOR('',#6163,1.);
#6163 = DIRECTION('',(0.,1.));
#6164 = ( GEOMETRIC_REPRESENTATION_CONTEXT(2) 
PARAMETRIC_REPRESENTATION_CONTEXT() REPRESENTATION_CONTEXT('2D SPACE',''
  ) );
#6165 = ORIENTED_EDGE('',*,*,#615,.T.);
#6166 = ORIENTED_EDGE('',*,*,#6145,.T.);
#6167 = ADVANCED_FACE('',(#6168),#671,.F.);
#6168 = FACE_BOUND('',#6169,.F.);
#6169 = EDGE_LOOP('',(#6170,#6171,#6192,#6193));
#6170 = ORIENTED_EDGE('',*,*,#3646,.F.);
#6171 = ORIENTED_EDGE('',*,*,#6172,.F.);
#6172 = EDGE_CURVE('',#651,#3647,#6173,.T.);
#6173 = SEAM_CURVE('',#6174,(#6178,#6185),.PCURVE_S1.);
#6174 = LINE('',#6175,#6176);
#6175 = CARTESIAN_POINT('',(974.75,45.,10.));
#6176 = VECTOR('',#6177,1.);
#6177 = DIRECTION('',(0.,0.,-1.));
#6178 = PCURVE('',#671,#6179);
#6179 = DEFINITIONAL_REPRESENTATION('',(#6180),#6184);
#6180 = LINE('',#6181,#6182);
#6181 = CARTESIAN_POINT('',(6.28318530718,-0.));
#6182 = VECTOR('',#6183,1.);
#6183 = DIRECTION('',(0.,1.));
#6184 = ( GEOMETRIC_REPRESENTATION_CONTEXT(2) 
PARAMETRIC_REPRESENTATION_CONTEXT() REPRESENTATION_CONTEXT('2D SPACE',''
  ) );
#6185 = PCURVE('',#671,#6186);
#6186 = DEFINITIONAL_REPRESENTATION('',(#6187),#6191);
#6187 = LINE('',#6188,#6189);
#6188 = CARTESIAN_POINT('',(0.,-0.));
#6189 = VECTOR('',#6190,1.);
#6190 = DIRECTION('',(0.,1.));
#6191 = ( GEOMETRIC_REPRESENTATION_CONTEXT(2) 
PARAMETRIC_REPRESENTATION_CONTEXT() REPRESENTATION_CONTEXT('2D SPACE',''
  ) );
#6192 = ORIENTED_EDGE('',*,*,#650,.T.);
#6193 = ORIENTED_EDGE('',*,*,#6172,.T.);
#6194 = ADVANCED_FACE('',(#6195),#706,.F.);
#6195 = FACE_BOUND('',#6196,.F.);
#6196 = EDGE_LOOP('',(#6197,#6198,#6219,#6220));
#6197 = ORIENTED_EDGE('',*,*,#3676,.F.);
#6198 = ORIENTED_EDGE('',*,*,#6199,.F.);
#6199 = EDGE_CURVE('',#686,#3677,#6200,.T.);
#6200 = SEAM_CURVE('',#6201,(#6205,#6212),.PCURVE_S1.);
#6201 = LINE('',#6202,#6203);
#6202 = CARTESIAN_POINT('',(1.07475E+03,45.,10.));
#6203 = VECTOR('',#6204,1.);
#6204 = DIRECTION('',(0.,0.,-1.));
#6205 = PCURVE('',#706,#6206);
#6206 = DEFINITIONAL_REPRESENTATION('',(#6207),#6211);
#6207 = LINE('',#6208,#6209);
#6208 = CARTESIAN_POINT('',(6.28318530718,-0.));
#6209 = VECTOR('',#6210,1.);
#6210 = DIRECTION('',(0.,1.));
#6211 = ( GEOMETRIC_REPRESENTATION_CONTEXT(2) 
PARAMETRIC_REPRESENTATION_CONTEXT() REPRESENTATION_CONTEXT('2D SPACE',''
  ) );
#6212 = PCURVE('',#706,#6213);
#6213 = DEFINITIONAL_REPRESENTATION('',(#6214),#6218);
#6214 = LINE('',#6215,#6216);
#6215 = CARTESIAN_POINT('',(0.,-0.));
#6216 = VECTOR('',#6217,1.);
#6217 = DIRECTION('',(0.,1.));
#6218 = ( GEOMETRIC_REPRESENTATION_CONTEXT(2) 
PARAMETRIC_REPRESENTATION_CONTEXT() REPRESENTATION_CONTEXT('2D SPACE',''
  ) );
#6219 = ORIENTED_EDGE('',*,*,#685,.T.);
#6220 = ORIENTED_EDGE('',*,*,#6199,.T.);
#6221 = ADVANCED_FACE('',(#6222),#741,.F.);
#6222 = FACE_BOUND('',#6223,.F.);
#6223 = EDGE_LOOP('',(#6224,#6225,#6246,#6247));
#6224 = ORIENTED_EDGE('',*,*,#3706,.F.);
#6225 = ORIENTED_EDGE('',*,*,#6226,.F.);
#6226 = EDGE_CURVE('',#721,#3707,#6227,.T.);
#6227 = SEAM_CURVE('',#6228,(#6232,#6239),.PCURVE_S1.);
#6228 = LINE('',#6229,#6230);
#6229 = CARTESIAN_POINT('',(1.17475E+03,45.,10.));
#6230 = VECTOR('',#6231,1.);
#6231 = DIRECTION('',(0.,0.,-1.));
#6232 = PCURVE('',#741,#6233);
#6233 = DEFINITIONAL_REPRESENTATION('',(#6234),#6238);
#6234 = LINE('',#6235,#6236);
#6235 = CARTESIAN_POINT('',(6.28318530718,-0.));
#6236 = VECTOR('',#6237,1.);
#6237 = DIRECTION('',(0.,1.));
#6238 = ( GEOMETRIC_REPRESENTATION_CONTEXT(2) 
PARAMETRIC_REPRESENTATION_CONTEXT() REPRESENTATION_CONTEXT('2D SPACE',''
  ) );
#6239 = PCURVE('',#741,#6240);
#6240 = DEFINITIONAL_REPRESENTATION('',(#6241),#6245);
#6241 = LINE('',#6242,#6243);
#6242 = CARTESIAN_POINT('',(0.,-0.));
#6243 = VECTOR('',#6244,1.);
#6244 = DIRECTION('',(0.,1.));
#6245 = ( GEOMETRIC_REPRESENTATION_CONTEXT(2) 
PARAMETRIC_REPRESENTATION_CONTEXT() REPRESENTATION_CONTEXT('2D SPACE',''
  ) );
#6246 = ORIENTED_EDGE('',*,*,#720,.T.);
#6247 = ORIENTED_EDGE('',*,*,#6226,.T.);
#6248 = ADVANCED_FACE('',(#6249),#776,.F.);
#6249 = FACE_BOUND('',#6250,.F.);
#6250 = EDGE_LOOP('',(#6251,#6252,#6273,#6274));
#6251 = ORIENTED_EDGE('',*,*,#3736,.F.);
#6252 = ORIENTED_EDGE('',*,*,#6253,.F.);
#6253 = EDGE_CURVE('',#756,#3737,#6254,.T.);
#6254 = SEAM_CURVE('',#6255,(#6259,#6266),.PCURVE_S1.);
#6255 = LINE('',#6256,#6257);
#6256 = CARTESIAN_POINT('',(1.27475E+03,45.,10.));
#6257 = VECTOR('',#6258,1.);
#6258 = DIRECTION('',(0.,0.,-1.));
#6259 = PCURVE('',#776,#6260);
#6260 = DEFINITIONAL_REPRESENTATION('',(#6261),#6265);
#6261 = LINE('',#6262,#6263);
#6262 = CARTESIAN_POINT('',(6.28318530718,-0.));
#6263 = VECTOR('',#6264,1.);
#6264 = DIRECTION('',(0.,1.));
#6265 = ( GEOMETRIC_REPRESENTATION_CONTEXT(2) 
PARAMETRIC_REPRESENTATION_CONTEXT() REPRESENTATION_CONTEXT('2D SPACE',''
  ) );
#6266 = PCURVE('',#776,#6267);
#6267 = DEFINITIONAL_REPRESENTATION('',(#6268),#6272);
#6268 = LINE('',#6269,#6270);
#6269 = CARTESIAN_POINT('',(0.,-0.));
#6270 = VECTOR('',#6271,1.);
#6271 = DIRECTION('',(0.,1.));
#6272 = ( GEOMETRIC_REPRESENTATION_CONTEXT(2) 
PARAMETRIC_REPRESENTATION_CONTEXT() REPRESENTATION_CONTEXT('2D SPACE',''
  ) );
#6273 = ORIENTED_EDGE('',*,*,#755,.T.);
#6274 = ORIENTED_EDGE('',*,*,#6253,.T.);
#6275 = ADVANCED_FACE('',(#6276),#811,.F.);
#6276 = FACE_BOUND('',#6277,.F.);
#6277 = EDGE_LOOP('',(#6278,#6279,#6300,#6301));
#6278 = ORIENTED_EDGE('',*,*,#3766,.F.);
#6279 = ORIENTED_EDGE('',*,*,#6280,.F.);
#6280 = EDGE_CURVE('',#791,#3767,#6281,.T.);
#6281 = SEAM_CURVE('',#6282,(#6286,#6293),.PCURVE_S1.);
#6282 = LINE('',#6283,#6284);
#6283 = CARTESIAN_POINT('',(1.52475E+03,45.,10.));
#6284 = VECTOR('',#6285,1.);
#6285 = DIRECTION('',(0.,0.,-1.));
#6286 = PCURVE('',#811,#6287);
#6287 = DEFINITIONAL_REPRESENTATION('',(#6288),#6292);
#6288 = LINE('',#6289,#6290);
#6289 = CARTESIAN_POINT('',(6.28318530718,-0.));
#6290 = VECTOR('',#6291,1.);
#6291 = DIRECTION('',(0.,1.));
#6292 = ( GEOMETRIC_REPRESENTATION_CONTEXT(2) 
PARAMETRIC_REPRESENTATION_CONTEXT() REPRESENTATION_CONTEXT('2D SPACE',''
  ) );
#6293 = PCURVE('',#811,#6294);
#6294 = DEFINITIONAL_REPRESENTATION('',(#6295),#6299);
#6295 = LINE('',#6296,#6297);
#6296 = CARTESIAN_POINT('',(0.,-0.));
#6297 = VECTOR('',#6298,1.);
#6298 = DIRECTION('',(0.,1.));
#6299 = ( GEOMETRIC_REPRESENTATION_CONTEXT(2) 
PARAMETRIC_REPRESENTATION_CONTEXT() REPRESENTATION_CONTEXT('2D SPACE',''
  ) );
#6300 = ORIENTED_EDGE('',*,*,#790,.T.);
#6301 = ORIENTED_EDGE('',*,*,#6280,.T.);
#6302 = ADVANCED_FACE('',(#6303),#846,.F.);
#6303 = FACE_BOUND('',#6304,.F.);
#6304 = EDGE_LOOP('',(#6305,#6306,#6327,#6328));
#6305 = ORIENTED_EDGE('',*,*,#3796,.F.);
#6306 = ORIENTED_EDGE('',*,*,#6307,.F.);
#6307 = EDGE_CURVE('',#826,#3797,#6308,.T.);
#6308 = SEAM_CURVE('',#6309,(#6313,#6320),.PCURVE_S1.);
#6309 = LINE('',#6310,#6311);
#6310 = CARTESIAN_POINT('',(1.77475E+03,45.,10.));
#6311 = VECTOR('',#6312,1.);
#6312 = DIRECTION('',(0.,0.,-1.));
#6313 = PCURVE('',#846,#6314);
#6314 = DEFINITIONAL_REPRESENTATION('',(#6315),#6319);
#6315 = LINE('',#6316,#6317);
#6316 = CARTESIAN_POINT('',(6.28318530718,-0.));
#6317 = VECTOR('',#6318,1.);
#6318 = DIRECTION('',(0.,1.));
#6319 = ( GEOMETRIC_REPRESENTATION_CONTEXT(2) 
PARAMETRIC_REPRESENTATION_CONTEXT() REPRESENTATION_CONTEXT('2D SPACE',''
  ) );
#6320 = PCURVE('',#846,#6321);
#6321 = DEFINITIONAL_REPRESENTATION('',(#6322),#6326);
#6322 = LINE('',#6323,#6324);
#6323 = CARTESIAN_POINT('',(0.,-0.));
#6324 = VECTOR('',#6325,1.);
#6325 = DIRECTION('',(0.,1.));
#6326 = ( GEOMETRIC_REPRESENTATION_CONTEXT(2) 
PARAMETRIC_REPRESENTATION_CONTEXT() REPRESENTATION_CONTEXT('2D SPACE',''
  ) );
#6327 = ORIENTED_EDGE('',*,*,#825,.T.);
#6328 = ORIENTED_EDGE('',*,*,#6307,.T.);
#6329 = ADVANCED_FACE('',(#6330),#881,.F.);
#6330 = FACE_BOUND('',#6331,.F.);
#6331 = EDGE_LOOP('',(#6332,#6333,#6354,#6355));
#6332 = ORIENTED_EDGE('',*,*,#3826,.F.);
#6333 = ORIENTED_EDGE('',*,*,#6334,.F.);
#6334 = EDGE_CURVE('',#861,#3827,#6335,.T.);
#6335 = SEAM_CURVE('',#6336,(#6340,#6347),.PCURVE_S1.);
#6336 = LINE('',#6337,#6338);
#6337 = CARTESIAN_POINT('',(2.02475E+03,45.,10.));
#6338 = VECTOR('',#6339,1.);
#6339 = DIRECTION('',(0.,0.,-1.));
#6340 = PCURVE('',#881,#6341);
#6341 = DEFINITIONAL_REPRESENTATION('',(#6342),#6346);
#6342 = LINE('',#6343,#6344);
#6343 = CARTESIAN_POINT('',(6.28318530718,-0.));
#6344 = VECTOR('',#6345,1.);
#6345 = DIRECTION('',(0.,1.));
#6346 = ( GEOMETRIC_REPRESENTATION_CONTEXT(2) 
PARAMETRIC_REPRESENTATION_CONTEXT() REPRESENTATION_CONTEXT('2D SPACE',''
  ) );
#6347 = PCURVE('',#881,#6348);
#6348 = DEFINITIONAL_REPRESENTATION('',(#6349),#6353);
#6349 = LINE('',#6350,#6351);
#6350 = CARTESIAN_POINT('',(0.,-0.));
#6351 = VECTOR('',#6352,1.);
#6352 = DIRECTION('',(0.,1.));
#6353 = ( GEOMETRIC_REPRESENTATION_CONTEXT(2) 
PARAMETRIC_REPRESENTATION_CONTEXT() REPRESENTATION_CONTEXT('2D SPACE',''
  ) );
#6354 = ORIENTED_EDGE('',*,*,#860,.T.);
#6355 = ORIENTED_EDGE('',*,*,#6334,.T.);
#6356 = ADVANCED_FACE('',(#6357),#916,.F.);
#6357 = FACE_BOUND('',#6358,.F.);
#6358 = EDGE_LOOP('',(#6359,#6360,#6381,#6382));
#6359 = ORIENTED_EDGE('',*,*,#3856,.F.);
#6360 = ORIENTED_EDGE('',*,*,#6361,.F.);
#6361 = EDGE_CURVE('',#896,#3857,#6362,.T.);
#6362 = SEAM_CURVE('',#6363,(#6367,#6374),.PCURVE_S1.);
#6363 = LINE('',#6364,#6365);
#6364 = CARTESIAN_POINT('',(2.32475E+03,45.,10.));
#6365 = VECTOR('',#6366,1.);
#6366 = DIRECTION('',(0.,0.,-1.));
#6367 = PCURVE('',#916,#6368);
#6368 = DEFINITIONAL_REPRESENTATION('',(#6369),#6373);
#6369 = LINE('',#6370,#6371);
#6370 = CARTESIAN_POINT('',(6.28318530718,-0.));
#6371 = VECTOR('',#6372,1.);
#6372 = DIRECTION('',(0.,1.));
#6373 = ( GEOMETRIC_REPRESENTATION_CONTEXT(2) 
PARAMETRIC_REPRESENTATION_CONTEXT() REPRESENTATION_CONTEXT('2D SPACE',''
  ) );
#6374 = PCURVE('',#916,#6375);
#6375 = DEFINITIONAL_REPRESENTATION('',(#6376),#6380);
#6376 = LINE('',#6377,#6378);
#6377 = CARTESIAN_POINT('',(0.,-0.));
#6378 = VECTOR('',#6379,1.);
#6379 = DIRECTION('',(0.,1.));
#6380 = ( GEOMETRIC_REPRESENTATION_CONTEXT(2) 
PARAMETRIC_REPRESENTATION_CONTEXT() REPRESENTATION_CONTEXT('2D SPACE',''
  ) );
#6381 = ORIENTED_EDGE('',*,*,#895,.T.);
#6382 = ORIENTED_EDGE('',*,*,#6361,.T.);
#6383 = ADVANCED_FACE('',(#6384),#951,.F.);
#6384 = FACE_BOUND('',#6385,.F.);
#6385 = EDGE_LOOP('',(#6386,#6387,#6408,#6409));
#6386 = ORIENTED_EDGE('',*,*,#3886,.F.);
#6387 = ORIENTED_EDGE('',*,*,#6388,.F.);
#6388 = EDGE_CURVE('',#931,#3887,#6389,.T.);
#6389 = SEAM_CURVE('',#6390,(#6394,#6401),.PCURVE_S1.);
#6390 = LINE('',#6391,#6392);
#6391 = CARTESIAN_POINT('',(2.67475E+03,45.,10.));
#6392 = VECTOR('',#6393,1.);
#6393 = DIRECTION('',(0.,0.,-1.));
#6394 = PCURVE('',#951,#6395);
#6395 = DEFINITIONAL_REPRESENTATION('',(#6396),#6400);
#6396 = LINE('',#6397,#6398);
#6397 = CARTESIAN_POINT('',(6.28318530718,-0.));
#6398 = VECTOR('',#6399,1.);
#6399 = DIRECTION('',(0.,1.));
#6400 = ( GEOMETRIC_REPRESENTATION_CONTEXT(2) 
PARAMETRIC_REPRESENTATION_CONTEXT() REPRESENTATION_CONTEXT('2D SPACE',''
  ) );
#6401 = PCURVE('',#951,#6402);
#6402 = DEFINITIONAL_REPRESENTATION('',(#6403),#6407);
#6403 = LINE('',#6404,#6405);
#6404 = CARTESIAN_POINT('',(0.,-0.));
#6405 = VECTOR('',#6406,1.);
#6406 = DIRECTION('',(0.,1.));
#6407 = ( GEOMETRIC_REPRESENTATION_CONTEXT(2) 
PARAMETRIC_REPRESENTATION_CONTEXT() REPRESENTATION_CONTEXT('2D SPACE',''
  ) );
#6408 = ORIENTED_EDGE('',*,*,#930,.T.);
#6409 = ORIENTED_EDGE('',*,*,#6388,.T.);
#6410 = ADVANCED_FACE('',(#6411),#986,.F.);
#6411 = FACE_BOUND('',#6412,.F.);
#6412 = EDGE_LOOP('',(#6413,#6414,#6435,#6436));
#6413 = ORIENTED_EDGE('',*,*,#3916,.F.);
#6414 = ORIENTED_EDGE('',*,*,#6415,.F.);
#6415 = EDGE_CURVE('',#966,#3917,#6416,.T.);
#6416 = SEAM_CURVE('',#6417,(#6421,#6428),.PCURVE_S1.);
#6417 = LINE('',#6418,#6419);
#6418 = CARTESIAN_POINT('',(3.02475E+03,45.,10.));
#6419 = VECTOR('',#6420,1.);
#6420 = DIRECTION('',(0.,0.,-1.));
#6421 = PCURVE('',#986,#6422);
#6422 = DEFINITIONAL_REPRESENTATION('',(#6423),#6427);
#6423 = LINE('',#6424,#6425);
#6424 = CARTESIAN_POINT('',(6.28318530718,-0.));
#6425 = VECTOR('',#6426,1.);
#6426 = DIRECTION('',(0.,1.));
#6427 = ( GEOMETRIC_REPRESENTATION_CONTEXT(2) 
PARAMETRIC_REPRESENTATION_CONTEXT() REPRESENTATION_CONTEXT('2D SPACE',''
  ) );
#6428 = PCURVE('',#986,#6429);
#6429 = DEFINITIONAL_REPRESENTATION('',(#6430),#6434);
#6430 = LINE('',#6431,#6432);
#6431 = CARTESIAN_POINT('',(0.,-0.));
#6432 = VECTOR('',#6433,1.);
#6433 = DIRECTION('',(0.,1.));
#6434 = ( GEOMETRIC_REPRESENTATION_CONTEXT(2) 
PARAMETRIC_REPRESENTATION_CONTEXT() REPRESENTATION_CONTEXT('2D SPACE',''
  ) );
#6435 = ORIENTED_EDGE('',*,*,#965,.T.);
#6436 = ORIENTED_EDGE('',*,*,#6415,.T.);
#6437 = ADVANCED_FACE('',(#6438),#1021,.F.);
#6438 = FACE_BOUND('',#6439,.F.);
#6439 = EDGE_LOOP('',(#6440,#6441,#6462,#6463));
#6440 = ORIENTED_EDGE('',*,*,#3946,.F.);
#6441 = ORIENTED_EDGE('',*,*,#6442,.F.);
#6442 = EDGE_CURVE('',#1001,#3947,#6443,.T.);
#6443 = SEAM_CURVE('',#6444,(#6448,#6455),.PCURVE_S1.);
#6444 = LINE('',#6445,#6446);
#6445 = CARTESIAN_POINT('',(3.36975E+03,45.,10.));
#6446 = VECTOR('',#6447,1.);
#6447 = DIRECTION('',(0.,0.,-1.));
#6448 = PCURVE('',#1021,#6449);
#6449 = DEFINITIONAL_REPRESENTATION('',(#6450),#6454);
#6450 = LINE('',#6451,#6452);
#6451 = CARTESIAN_POINT('',(6.28318530718,-0.));
#6452 = VECTOR('',#6453,1.);
#6453 = DIRECTION('',(0.,1.));
#6454 = ( GEOMETRIC_REPRESENTATION_CONTEXT(2) 
PARAMETRIC_REPRESENTATION_CONTEXT() REPRESENTATION_CONTEXT('2D SPACE',''
  ) );
#6455 = PCURVE('',#1021,#6456);
#6456 = DEFINITIONAL_REPRESENTATION('',(#6457),#6461);
#6457 = LINE('',#6458,#6459);
#6458 = CARTESIAN_POINT('',(0.,-0.));
#6459 = VECTOR('',#6460,1.);
#6460 = DIRECTION('',(0.,1.));
#6461 = ( GEOMETRIC_REPRESENTATION_CONTEXT(2) 
PARAMETRIC_REPRESENTATION_CONTEXT() REPRESENTATION_CONTEXT('2D SPACE',''
  ) );
#6462 = ORIENTED_EDGE('',*,*,#1000,.T.);
#6463 = ORIENTED_EDGE('',*,*,#6442,.T.);
#6464 = ADVANCED_FACE('',(#6465),#1056,.F.);
#6465 = FACE_BOUND('',#6466,.F.);
#6466 = EDGE_LOOP('',(#6467,#6468,#6489,#6490));
#6467 = ORIENTED_EDGE('',*,*,#3976,.F.);
#6468 = ORIENTED_EDGE('',*,*,#6469,.F.);
#6469 = EDGE_CURVE('',#1036,#3977,#6470,.T.);
#6470 = SEAM_CURVE('',#6471,(#6475,#6482),.PCURVE_S1.);
#6471 = LINE('',#6472,#6473);
#6472 = CARTESIAN_POINT('',(3.71975E+03,45.,10.));
#6473 = VECTOR('',#6474,1.);
#6474 = DIRECTION('',(0.,0.,-1.));
#6475 = PCURVE('',#1056,#6476);
#6476 = DEFINITIONAL_REPRESENTATION('',(#6477),#6481);
#6477 = LINE('',#6478,#6479);
#6478 = CARTESIAN_POINT('',(6.28318530718,-0.));
#6479 = VECTOR('',#6480,1.);
#6480 = DIRECTION('',(0.,1.));
#6481 = ( GEOMETRIC_REPRESENTATION_CONTEXT(2) 
PARAMETRIC_REPRESENTATION_CONTEXT() REPRESENTATION_CONTEXT('2D SPACE',''
  ) );
#6482 = PCURVE('',#1056,#6483);
#6483 = DEFINITIONAL_REPRESENTATION('',(#6484),#6488);
#6484 = LINE('',#6485,#6486);
#6485 = CARTESIAN_POINT('',(0.,-0.));
#6486 = VECTOR('',#6487,1.);
#6487 = DIRECTION('',(0.,1.));
#6488 = ( GEOMETRIC_REPRESENTATION_CONTEXT(2) 
PARAMETRIC_REPRESENTATION_CONTEXT() REPRESENTATION_CONTEXT('2D SPACE',''
  ) );
#6489 = ORIENTED_EDGE('',*,*,#1035,.T.);
#6490 = ORIENTED_EDGE('',*,*,#6469,.T.);
#6491 = ADVANCED_FACE('',(#6492),#1091,.F.);
#6492 = FACE_BOUND('',#6493,.F.);
#6493 = EDGE_LOOP('',(#6494,#6495,#6516,#6517));
#6494 = ORIENTED_EDGE('',*,*,#4006,.F.);
#6495 = ORIENTED_EDGE('',*,*,#6496,.F.);
#6496 = EDGE_CURVE('',#1071,#4007,#6497,.T.);
#6497 = SEAM_CURVE('',#6498,(#6502,#6509),.PCURVE_S1.);
#6498 = LINE('',#6499,#6500);
#6499 = CARTESIAN_POINT('',(3.96975E+03,45.,10.));
#6500 = VECTOR('',#6501,1.);
#6501 = DIRECTION('',(0.,0.,-1.));
#6502 = PCURVE('',#1091,#6503);
#6503 = DEFINITIONAL_REPRESENTATION('',(#6504),#6508);
#6504 = LINE('',#6505,#6506);
#6505 = CARTESIAN_POINT('',(6.28318530718,-0.));
#6506 = VECTOR('',#6507,1.);
#6507 = DIRECTION('',(0.,1.));
#6508 = ( GEOMETRIC_REPRESENTATION_CONTEXT(2) 
PARAMETRIC_REPRESENTATION_CONTEXT() REPRESENTATION_CONTEXT('2D SPACE',''
  ) );
#6509 = PCURVE('',#1091,#6510);
#6510 = DEFINITIONAL_REPRESENTATION('',(#6511),#6515);
#6511 = LINE('',#6512,#6513);
#6512 = CARTESIAN_POINT('',(0.,-0.));
#6513 = VECTOR('',#6514,1.);
#6514 = DIRECTION('',(0.,1.));
#6515 = ( GEOMETRIC_REPRESENTATION_CONTEXT(2) 
PARAMETRIC_REPRESENTATION_CONTEXT() REPRESENTATION_CONTEXT('2D SPACE',''
  ) );
#6516 = ORIENTED_EDGE('',*,*,#1070,.T.);
#6517 = ORIENTED_EDGE('',*,*,#6496,.T.);
#6518 = ADVANCED_FACE('',(#6519),#1126,.F.);
#6519 = FACE_BOUND('',#6520,.F.);
#6520 = EDGE_LOOP('',(#6521,#6522,#6543,#6544));
#6521 = ORIENTED_EDGE('',*,*,#4036,.F.);
#6522 = ORIENTED_EDGE('',*,*,#6523,.F.);
#6523 = EDGE_CURVE('',#1106,#4037,#6524,.T.);
#6524 = SEAM_CURVE('',#6525,(#6529,#6536),.PCURVE_S1.);
#6525 = LINE('',#6526,#6527);
#6526 = CARTESIAN_POINT('',(4.11975E+03,45.,10.));
#6527 = VECTOR('',#6528,1.);
#6528 = DIRECTION('',(0.,0.,-1.));
#6529 = PCURVE('',#1126,#6530);
#6530 = DEFINITIONAL_REPRESENTATION('',(#6531),#6535);
#6531 = LINE('',#6532,#6533);
#6532 = CARTESIAN_POINT('',(6.28318530718,-0.));
#6533 = VECTOR('',#6534,1.);
#6534 = DIRECTION('',(0.,1.));
#6535 = ( GEOMETRIC_REPRESENTATION_CONTEXT(2) 
PARAMETRIC_REPRESENTATION_CONTEXT() REPRESENTATION_CONTEXT('2D SPACE',''
  ) );
#6536 = PCURVE('',#1126,#6537);
#6537 = DEFINITIONAL_REPRESENTATION('',(#6538),#6542);
#6538 = LINE('',#6539,#6540);
#6539 = CARTESIAN_POINT('',(0.,-0.));
#6540 = VECTOR('',#6541,1.);
#6541 = DIRECTION('',(0.,1.));
#6542 = ( GEOMETRIC_REPRESENTATION_CONTEXT(2) 
PARAMETRIC_REPRESENTATION_CONTEXT() REPRESENTATION_CONTEXT('2D SPACE',''
  ) );
#6543 = ORIENTED_EDGE('',*,*,#1105,.T.);
#6544 = ORIENTED_EDGE('',*,*,#6523,.T.);
#6545 = ADVANCED_FACE('',(#6546),#1161,.F.);
#6546 = FACE_BOUND('',#6547,.F.);
#6547 = EDGE_LOOP('',(#6548,#6549,#6570,#6571));
#6548 = ORIENTED_EDGE('',*,*,#4066,.F.);
#6549 = ORIENTED_EDGE('',*,*,#6550,.F.);
#6550 = EDGE_CURVE('',#1141,#4067,#6551,.T.);
#6551 = SEAM_CURVE('',#6552,(#6556,#6563),.PCURVE_S1.);
#6552 = LINE('',#6553,#6554);
#6553 = CARTESIAN_POINT('',(4.26975E+03,45.,10.));
#6554 = VECTOR('',#6555,1.);
#6555 = DIRECTION('',(0.,0.,-1.));
#6556 = PCURVE('',#1161,#6557);
#6557 = DEFINITIONAL_REPRESENTATION('',(#6558),#6562);
#6558 = LINE('',#6559,#6560);
#6559 = CARTESIAN_POINT('',(6.28318530718,-0.));
#6560 = VECTOR('',#6561,1.);
#6561 = DIRECTION('',(0.,1.));
#6562 = ( GEOMETRIC_REPRESENTATION_CONTEXT(2) 
PARAMETRIC_REPRESENTATION_CONTEXT() REPRESENTATION_CONTEXT('2D SPACE',''
  ) );
#6563 = PCURVE('',#1161,#6564);
#6564 = DEFINITIONAL_REPRESENTATION('',(#6565),#6569);
#6565 = LINE('',#6566,#6567);
#6566 = CARTESIAN_POINT('',(0.,-0.));
#6567 = VECTOR('',#6568,1.);
#6568 = DIRECTION('',(0.,1.));
#6569 = ( GEOMETRIC_REPRESENTATION_CONTEXT(2) 
PARAMETRIC_REPRESENTATION_CONTEXT() REPRESENTATION_CONTEXT('2D SPACE',''
  ) );
#6570 = ORIENTED_EDGE('',*,*,#1140,.T.);
#6571 = ORIENTED_EDGE('',*,*,#6550,.T.);
#6572 = ADVANCED_FACE('',(#6573),#1196,.F.);
#6573 = FACE_BOUND('',#6574,.F.);
#6574 = EDGE_LOOP('',(#6575,#6576,#6597,#6598));
#6575 = ORIENTED_EDGE('',*,*,#4096,.F.);
#6576 = ORIENTED_EDGE('',*,*,#6577,.F.);
#6577 = EDGE_CURVE('',#1176,#4097,#6578,.T.);
#6578 = SEAM_CURVE('',#6579,(#6583,#6590),.PCURVE_S1.);
#6579 = LINE('',#6580,#6581);
#6580 = CARTESIAN_POINT('',(4.41975E+03,45.,10.));
#6581 = VECTOR('',#6582,1.);
#6582 = DIRECTION('',(0.,0.,-1.));
#6583 = PCURVE('',#1196,#6584);
#6584 = DEFINITIONAL_REPRESENTATION('',(#6585),#6589);
#6585 = LINE('',#6586,#6587);
#6586 = CARTESIAN_POINT('',(6.28318530718,-0.));
#6587 = VECTOR('',#6588,1.);
#6588 = DIRECTION('',(0.,1.));
#6589 = ( GEOMETRIC_REPRESENTATION_CONTEXT(2) 
PARAMETRIC_REPRESENTATION_CONTEXT() REPRESENTATION_CONTEXT('2D SPACE',''
  ) );
#6590 = PCURVE('',#1196,#6591);
#6591 = DEFINITIONAL_REPRESENTATION('',(#6592),#6596);
#6592 = LINE('',#6593,#6594);
#6593 = CARTESIAN_POINT('',(0.,-0.));
#6594 = VECTOR('',#6595,1.);
#6595 = DIRECTION('',(0.,1.));
#6596 = ( GEOMETRIC_REPRESENTATION_CONTEXT(2) 
PARAMETRIC_REPRESENTATION_CONTEXT() REPRESENTATION_CONTEXT('2D SPACE',''
  ) );
#6597 = ORIENTED_EDGE('',*,*,#1175,.T.);
#6598 = ORIENTED_EDGE('',*,*,#6577,.T.);
#6599 = ADVANCED_FACE('',(#6600),#1231,.F.);
#6600 = FACE_BOUND('',#6601,.F.);
#6601 = EDGE_LOOP('',(#6602,#6603,#6624,#6625));
#6602 = ORIENTED_EDGE('',*,*,#4126,.F.);
#6603 = ORIENTED_EDGE('',*,*,#6604,.F.);
#6604 = EDGE_CURVE('',#1211,#4127,#6605,.T.);
#6605 = SEAM_CURVE('',#6606,(#6610,#6617),.PCURVE_S1.);
#6606 = LINE('',#6607,#6608);
#6607 = CARTESIAN_POINT('',(4.56975E+03,45.,10.));
#6608 = VECTOR('',#6609,1.);
#6609 = DIRECTION('',(0.,0.,-1.));
#6610 = PCURVE('',#1231,#6611);
#6611 = DEFINITIONAL_REPRESENTATION('',(#6612),#6616);
#6612 = LINE('',#6613,#6614);
#6613 = CARTESIAN_POINT('',(6.28318530718,-0.));
#6614 = VECTOR('',#6615,1.);
#6615 = DIRECTION('',(0.,1.));
#6616 = ( GEOMETRIC_REPRESENTATION_CONTEXT(2) 
PARAMETRIC_REPRESENTATION_CONTEXT() REPRESENTATION_CONTEXT('2D SPACE',''
  ) );
#6617 = PCURVE('',#1231,#6618);
#6618 = DEFINITIONAL_REPRESENTATION('',(#6619),#6623);
#6619 = LINE('',#6620,#6621);
#6620 = CARTESIAN_POINT('',(0.,-0.));
#6621 = VECTOR('',#6622,1.);
#6622 = DIRECTION('',(0.,1.));
#6623 = ( GEOMETRIC_REPRESENTATION_CONTEXT(2) 
PARAMETRIC_REPRESENTATION_CONTEXT() REPRESENTATION_CONTEXT('2D SPACE',''
  ) );
#6624 = ORIENTED_EDGE('',*,*,#1210,.T.);
#6625 = ORIENTED_EDGE('',*,*,#6604,.T.);
#6626 = ADVANCED_FACE('',(#6627),#1266,.F.);
#6627 = FACE_BOUND('',#6628,.F.);
#6628 = EDGE_LOOP('',(#6629,#6630,#6651,#6652));
#6629 = ORIENTED_EDGE('',*,*,#4156,.F.);
#6630 = ORIENTED_EDGE('',*,*,#6631,.F.);
#6631 = EDGE_CURVE('',#1246,#4157,#6632,.T.);
#6632 = SEAM_CURVE('',#6633,(#6637,#6644),.PCURVE_S1.);
#6633 = LINE('',#6634,#6635);
#6634 = CARTESIAN_POINT('',(4.71975E+03,45.,10.));
#6635 = VECTOR('',#6636,1.);
#6636 = DIRECTION('',(0.,0.,-1.));
#6637 = PCURVE('',#1266,#6638);
#6638 = DEFINITIONAL_REPRESENTATION('',(#6639),#6643);
#6639 = LINE('',#6640,#6641);
#6640 = CARTESIAN_POINT('',(6.28318530718,-0.));
#6641 = VECTOR('',#6642,1.);
#6642 = DIRECTION('',(0.,1.));
#6643 = ( GEOMETRIC_REPRESENTATION_CONTEXT(2) 
PARAMETRIC_REPRESENTATION_CONTEXT() REPRESENTATION_CONTEXT('2D SPACE',''
  ) );
#6644 = PCURVE('',#1266,#6645);
#6645 = DEFINITIONAL_REPRESENTATION('',(#6646),#6650);
#6646 = LINE('',#6647,#6648);
#6647 = CARTESIAN_POINT('',(0.,-0.));
#6648 = VECTOR('',#6649,1.);
#6649 = DIRECTION('',(0.,1.));
#6650 = ( GEOMETRIC_REPRESENTATION_CONTEXT(2) 
PARAMETRIC_REPRESENTATION_CONTEXT() REPRESENTATION_CONTEXT('2D SPACE',''
  ) );
#6651 = ORIENTED_EDGE('',*,*,#1245,.T.);
#6652 = ORIENTED_EDGE('',*,*,#6631,.T.);
#6653 = ADVANCED_FACE('',(#6654),#1301,.F.);
#6654 = FACE_BOUND('',#6655,.F.);
#6655 = EDGE_LOOP('',(#6656,#6657,#6678,#6679));
#6656 = ORIENTED_EDGE('',*,*,#4186,.F.);
#6657 = ORIENTED_EDGE('',*,*,#6658,.F.);
#6658 = EDGE_CURVE('',#1281,#4187,#6659,.T.);
#6659 = SEAM_CURVE('',#6660,(#6664,#6671),.PCURVE_S1.);
#6660 = LINE('',#6661,#6662);
#6661 = CARTESIAN_POINT('',(4.86975E+03,45.,10.));
#6662 = VECTOR('',#6663,1.);
#6663 = DIRECTION('',(0.,0.,-1.));
#6664 = PCURVE('',#1301,#6665);
#6665 = DEFINITIONAL_REPRESENTATION('',(#6666),#6670);
#6666 = LINE('',#6667,#6668);
#6667 = CARTESIAN_POINT('',(6.28318530718,-0.));
#6668 = VECTOR('',#6669,1.);
#6669 = DIRECTION('',(0.,1.));
#6670 = ( GEOMETRIC_REPRESENTATION_CONTEXT(2) 
PARAMETRIC_REPRESENTATION_CONTEXT() REPRESENTATION_CONTEXT('2D SPACE',''
  ) );
#6671 = PCURVE('',#1301,#6672);
#6672 = DEFINITIONAL_REPRESENTATION('',(#6673),#6677);
#6673 = LINE('',#6674,#6675);
#6674 = CARTESIAN_POINT('',(0.,-0.));
#6675 = VECTOR('',#6676,1.);
#6676 = DIRECTION('',(0.,1.));
#6677 = ( GEOMETRIC_REPRESENTATION_CONTEXT(2) 
PARAMETRIC_REPRESENTATION_CONTEXT() REPRESENTATION_CONTEXT('2D SPACE',''
  ) );
#6678 = ORIENTED_EDGE('',*,*,#1280,.T.);
#6679 = ORIENTED_EDGE('',*,*,#6658,.T.);
#6680 = ADVANCED_FACE('',(#6681),#1336,.F.);
#6681 = FACE_BOUND('',#6682,.F.);
#6682 = EDGE_LOOP('',(#6683,#6684,#6705,#6706));
#6683 = ORIENTED_EDGE('',*,*,#4216,.F.);
#6684 = ORIENTED_EDGE('',*,*,#6685,.F.);
#6685 = EDGE_CURVE('',#1316,#4217,#6686,.T.);
#6686 = SEAM_CURVE('',#6687,(#6691,#6698),.PCURVE_S1.);
#6687 = LINE('',#6688,#6689);
#6688 = CARTESIAN_POINT('',(5.01975E+03,45.,10.));
#6689 = VECTOR('',#6690,1.);
#6690 = DIRECTION('',(0.,0.,-1.));
#6691 = PCURVE('',#1336,#6692);
#6692 = DEFINITIONAL_REPRESENTATION('',(#6693),#6697);
#6693 = LINE('',#6694,#6695);
#6694 = CARTESIAN_POINT('',(6.28318530718,-0.));
#6695 = VECTOR('',#6696,1.);
#6696 = DIRECTION('',(0.,1.));
#6697 = ( GEOMETRIC_REPRESENTATION_CONTEXT(2) 
PARAMETRIC_REPRESENTATION_CONTEXT() REPRESENTATION_CONTEXT('2D SPACE',''
  ) );
#6698 = PCURVE('',#1336,#6699);
#6699 = DEFINITIONAL_REPRESENTATION('',(#6700),#6704);
#6700 = LINE('',#6701,#6702);
#6701 = CARTESIAN_POINT('',(0.,-0.));
#6702 = VECTOR('',#6703,1.);
#6703 = DIRECTION('',(0.,1.));
#6704 = ( GEOMETRIC_REPRESENTATION_CONTEXT(2) 
PARAMETRIC_REPRESENTATION_CONTEXT() REPRESENTATION_CONTEXT('2D SPACE',''
  ) );
#6705 = ORIENTED_EDGE('',*,*,#1315,.T.);
#6706 = ORIENTED_EDGE('',*,*,#6685,.T.);
#6707 = ADVANCED_FACE('',(#6708),#1371,.F.);
#6708 = FACE_BOUND('',#6709,.F.);
#6709 = EDGE_LOOP('',(#6710,#6711,#6732,#6733));
#6710 = ORIENTED_EDGE('',*,*,#4246,.F.);
#6711 = ORIENTED_EDGE('',*,*,#6712,.F.);
#6712 = EDGE_CURVE('',#1351,#4247,#6713,.T.);
#6713 = SEAM_CURVE('',#6714,(#6718,#6725),.PCURVE_S1.);
#6714 = LINE('',#6715,#6716);
#6715 = CARTESIAN_POINT('',(5.12975E+03,45.,10.));
#6716 = VECTOR('',#6717,1.);
#6717 = DIRECTION('',(0.,0.,-1.));
#6718 = PCURVE('',#1371,#6719);
#6719 = DEFINITIONAL_REPRESENTATION('',(#6720),#6724);
#6720 = LINE('',#6721,#6722);
#6721 = CARTESIAN_POINT('',(6.28318530718,-0.));
#6722 = VECTOR('',#6723,1.);
#6723 = DIRECTION('',(0.,1.));
#6724 = ( GEOMETRIC_REPRESENTATION_CONTEXT(2) 
PARAMETRIC_REPRESENTATION_CONTEXT() REPRESENTATION_CONTEXT('2D SPACE',''
  ) );
#6725 = PCURVE('',#1371,#6726);
#6726 = DEFINITIONAL_REPRESENTATION('',(#6727),#6731);
#6727 = LINE('',#6728,#6729);
#6728 = CARTESIAN_POINT('',(0.,-0.));
#6729 = VECTOR('',#6730,1.);
#6730 = DIRECTION('',(0.,1.));
#6731 = ( GEOMETRIC_REPRESENTATION_CONTEXT(2) 
PARAMETRIC_REPRESENTATION_CONTEXT() REPRESENTATION_CONTEXT('2D SPACE',''
  ) );
#6732 = ORIENTED_EDGE('',*,*,#1350,.T.);
#6733 = ORIENTED_EDGE('',*,*,#6712,.T.);
#6734 = ADVANCED_FACE('',(#6735),#1406,.F.);
#6735 = FACE_BOUND('',#6736,.F.);
#6736 = EDGE_LOOP('',(#6737,#6738,#6759,#6760));
#6737 = ORIENTED_EDGE('',*,*,#4276,.F.);
#6738 = ORIENTED_EDGE('',*,*,#6739,.F.);
#6739 = EDGE_CURVE('',#1386,#4277,#6740,.T.);
#6740 = SEAM_CURVE('',#6741,(#6745,#6752),.PCURVE_S1.);
#6741 = LINE('',#6742,#6743);
#6742 = CARTESIAN_POINT('',(5.19975E+03,45.,10.));
#6743 = VECTOR('',#6744,1.);
#6744 = DIRECTION('',(0.,0.,-1.));
#6745 = PCURVE('',#1406,#6746);
#6746 = DEFINITIONAL_REPRESENTATION('',(#6747),#6751);
#6747 = LINE('',#6748,#6749);
#6748 = CARTESIAN_POINT('',(6.28318530718,-0.));
#6749 = VECTOR('',#6750,1.);
#6750 = DIRECTION('',(0.,1.));
#6751 = ( GEOMETRIC_REPRESENTATION_CONTEXT(2) 
PARAMETRIC_REPRESENTATION_CONTEXT() REPRESENTATION_CONTEXT('2D SPACE',''
  ) );
#6752 = PCURVE('',#1406,#6753);
#6753 = DEFINITIONAL_REPRESENTATION('',(#6754),#6758);
#6754 = LINE('',#6755,#6756);
#6755 = CARTESIAN_POINT('',(0.,-0.));
#6756 = VECTOR('',#6757,1.);
#6757 = DIRECTION('',(0.,1.));
#6758 = ( GEOMETRIC_REPRESENTATION_CONTEXT(2) 
PARAMETRIC_REPRESENTATION_CONTEXT() REPRESENTATION_CONTEXT('2D SPACE',''
  ) );
#6759 = ORIENTED_EDGE('',*,*,#1385,.T.);
#6760 = ORIENTED_EDGE('',*,*,#6739,.T.);
#6761 = ADVANCED_FACE('',(#6762),#1441,.F.);
#6762 = FACE_BOUND('',#6763,.F.);
#6763 = EDGE_LOOP('',(#6764,#6765,#6786,#6787));
#6764 = ORIENTED_EDGE('',*,*,#4306,.F.);
#6765 = ORIENTED_EDGE('',*,*,#6766,.F.);
#6766 = EDGE_CURVE('',#1421,#4307,#6767,.T.);
#6767 = SEAM_CURVE('',#6768,(#6772,#6779),.PCURVE_S1.);
#6768 = LINE('',#6769,#6770);
#6769 = CARTESIAN_POINT('',(5.26975E+03,45.,10.));
#6770 = VECTOR('',#6771,1.);
#6771 = DIRECTION('',(0.,0.,-1.));
#6772 = PCURVE('',#1441,#6773);
#6773 = DEFINITIONAL_REPRESENTATION('',(#6774),#6778);
#6774 = LINE('',#6775,#6776);
#6775 = CARTESIAN_POINT('',(6.28318530718,-0.));
#6776 = VECTOR('',#6777,1.);
#6777 = DIRECTION('',(0.,1.));
#6778 = ( GEOMETRIC_REPRESENTATION_CONTEXT(2) 
PARAMETRIC_REPRESENTATION_CONTEXT() REPRESENTATION_CONTEXT('2D SPACE',''
  ) );
#6779 = PCURVE('',#1441,#6780);
#6780 = DEFINITIONAL_REPRESENTATION('',(#6781),#6785);
#6781 = LINE('',#6782,#6783);
#6782 = CARTESIAN_POINT('',(0.,-0.));
#6783 = VECTOR('',#6784,1.);
#6784 = DIRECTION('',(0.,1.));
#6785 = ( GEOMETRIC_REPRESENTATION_CONTEXT(2) 
PARAMETRIC_REPRESENTATION_CONTEXT() REPRESENTATION_CONTEXT('2D SPACE',''
  ) );
#6786 = ORIENTED_EDGE('',*,*,#1420,.T.);
#6787 = ORIENTED_EDGE('',*,*,#6766,.T.);
#6788 = ADVANCED_FACE('',(#6789),#1476,.F.);
#6789 = FACE_BOUND('',#6790,.F.);
#6790 = EDGE_LOOP('',(#6791,#6792,#6813,#6814));
#6791 = ORIENTED_EDGE('',*,*,#4336,.F.);
#6792 = ORIENTED_EDGE('',*,*,#6793,.F.);
#6793 = EDGE_CURVE('',#1456,#4337,#6794,.T.);
#6794 = SEAM_CURVE('',#6795,(#6799,#6806),.PCURVE_S1.);
#6795 = LINE('',#6796,#6797);
#6796 = CARTESIAN_POINT('',(5.33975E+03,45.,10.));
#6797 = VECTOR('',#6798,1.);
#6798 = DIRECTION('',(0.,0.,-1.));
#6799 = PCURVE('',#1476,#6800);
#6800 = DEFINITIONAL_REPRESENTATION('',(#6801),#6805);
#6801 = LINE('',#6802,#6803);
#6802 = CARTESIAN_POINT('',(6.28318530718,-0.));
#6803 = VECTOR('',#6804,1.);
#6804 = DIRECTION('',(0.,1.));
#6805 = ( GEOMETRIC_REPRESENTATION_CONTEXT(2) 
PARAMETRIC_REPRESENTATION_CONTEXT() REPRESENTATION_CONTEXT('2D SPACE',''
  ) );
#6806 = PCURVE('',#1476,#6807);
#6807 = DEFINITIONAL_REPRESENTATION('',(#6808),#6812);
#6808 = LINE('',#6809,#6810);
#6809 = CARTESIAN_POINT('',(0.,-0.));
#6810 = VECTOR('',#6811,1.);
#6811 = DIRECTION('',(0.,1.));
#6812 = ( GEOMETRIC_REPRESENTATION_CONTEXT(2) 
PARAMETRIC_REPRESENTATION_CONTEXT() REPRESENTATION_CONTEXT('2D SPACE',''
  ) );
#6813 = ORIENTED_EDGE('',*,*,#1455,.T.);
#6814 = ORIENTED_EDGE('',*,*,#6793,.T.);
#6815 = ADVANCED_FACE('',(#6816),#1511,.F.);
#6816 = FACE_BOUND('',#6817,.F.);
#6817 = EDGE_LOOP('',(#6818,#6819,#6840,#6841));
#6818 = ORIENTED_EDGE('',*,*,#4366,.F.);
#6819 = ORIENTED_EDGE('',*,*,#6820,.F.);
#6820 = EDGE_CURVE('',#1491,#4367,#6821,.T.);
#6821 = SEAM_CURVE('',#6822,(#6826,#6833),.PCURVE_S1.);
#6822 = LINE('',#6823,#6824);
#6823 = CARTESIAN_POINT('',(5.40975E+03,45.,10.));
#6824 = VECTOR('',#6825,1.);
#6825 = DIRECTION('',(0.,0.,-1.));
#6826 = PCURVE('',#1511,#6827);
#6827 = DEFINITIONAL_REPRESENTATION('',(#6828),#6832);
#6828 = LINE('',#6829,#6830);
#6829 = CARTESIAN_POINT('',(6.28318530718,-0.));
#6830 = VECTOR('',#6831,1.);
#6831 = DIRECTION('',(0.,1.));
#6832 = ( GEOMETRIC_REPRESENTATION_CONTEXT(2) 
PARAMETRIC_REPRESENTATION_CONTEXT() REPRESENTATION_CONTEXT('2D SPACE',''
  ) );
#6833 = PCURVE('',#1511,#6834);
#6834 = DEFINITIONAL_REPRESENTATION('',(#6835),#6839);
#6835 = LINE('',#6836,#6837);
#6836 = CARTESIAN_POINT('',(0.,-0.));
#6837 = VECTOR('',#6838,1.);
#6838 = DIRECTION('',(0.,1.));
#6839 = ( GEOMETRIC_REPRESENTATION_CONTEXT(2) 
PARAMETRIC_REPRESENTATION_CONTEXT() REPRESENTATION_CONTEXT('2D SPACE',''
  ) );
#6840 = ORIENTED_EDGE('',*,*,#1490,.T.);
#6841 = ORIENTED_EDGE('',*,*,#6820,.T.);
#6842 = ADVANCED_FACE('',(#6843),#1546,.F.);
#6843 = FACE_BOUND('',#6844,.F.);
#6844 = EDGE_LOOP('',(#6845,#6846,#6867,#6868));
#6845 = ORIENTED_EDGE('',*,*,#4396,.F.);
#6846 = ORIENTED_EDGE('',*,*,#6847,.F.);
#6847 = EDGE_CURVE('',#1526,#4397,#6848,.T.);
#6848 = SEAM_CURVE('',#6849,(#6853,#6860),.PCURVE_S1.);
#6849 = LINE('',#6850,#6851);
#6850 = CARTESIAN_POINT('',(5.47975E+03,45.,10.));
#6851 = VECTOR('',#6852,1.);
#6852 = DIRECTION('',(0.,0.,-1.));
#6853 = PCURVE('',#1546,#6854);
#6854 = DEFINITIONAL_REPRESENTATION('',(#6855),#6859);
#6855 = LINE('',#6856,#6857);
#6856 = CARTESIAN_POINT('',(6.28318530718,-0.));
#6857 = VECTOR('',#6858,1.);
#6858 = DIRECTION('',(0.,1.));
#6859 = ( GEOMETRIC_REPRESENTATION_CONTEXT(2) 
PARAMETRIC_REPRESENTATION_CONTEXT() REPRESENTATION_CONTEXT('2D SPACE',''
  ) );
#6860 = PCURVE('',#1546,#6861);
#6861 = DEFINITIONAL_REPRESENTATION('',(#6862),#6866);
#6862 = LINE('',#6863,#6864);
#6863 = CARTESIAN_POINT('',(0.,-0.));
#6864 = VECTOR('',#6865,1.);
#6865 = DIRECTION('',(0.,1.));
#6866 = ( GEOMETRIC_REPRESENTATION_CONTEXT(2) 
PARAMETRIC_REPRESENTATION_CONTEXT() REPRESENTATION_CONTEXT('2D SPACE',''
  ) );
#6867 = ORIENTED_EDGE('',*,*,#1525,.T.);
#6868 = ORIENTED_EDGE('',*,*,#6847,.T.);
#6869 = ADVANCED_FACE('',(#6870),#1581,.F.);
#6870 = FACE_BOUND('',#6871,.F.);
#6871 = EDGE_LOOP('',(#6872,#6873,#6894,#6895));
#6872 = ORIENTED_EDGE('',*,*,#4426,.F.);
#6873 = ORIENTED_EDGE('',*,*,#6874,.F.);
#6874 = EDGE_CURVE('',#1561,#4427,#6875,.T.);
#6875 = SEAM_CURVE('',#6876,(#6880,#6887),.PCURVE_S1.);
#6876 = LINE('',#6877,#6878);
#6877 = CARTESIAN_POINT('',(5.54975E+03,45.,10.));
#6878 = VECTOR('',#6879,1.);
#6879 = DIRECTION('',(0.,0.,-1.));
#6880 = PCURVE('',#1581,#6881);
#6881 = DEFINITIONAL_REPRESENTATION('',(#6882),#6886);
#6882 = LINE('',#6883,#6884);
#6883 = CARTESIAN_POINT('',(6.28318530718,-0.));
#6884 = VECTOR('',#6885,1.);
#6885 = DIRECTION('',(0.,1.));
#6886 = ( GEOMETRIC_REPRESENTATION_CONTEXT(2) 
PARAMETRIC_REPRESENTATION_CONTEXT() REPRESENTATION_CONTEXT('2D SPACE',''
  ) );
#6887 = PCURVE('',#1581,#6888);
#6888 = DEFINITIONAL_REPRESENTATION('',(#6889),#6893);
#6889 = LINE('',#6890,#6891);
#6890 = CARTESIAN_POINT('',(0.,-0.));
#6891 = VECTOR('',#6892,1.);
#6892 = DIRECTION('',(0.,1.));
#6893 = ( GEOMETRIC_REPRESENTATION_CONTEXT(2) 
PARAMETRIC_REPRESENTATION_CONTEXT() REPRESENTATION_CONTEXT('2D SPACE',''
  ) );
#6894 = ORIENTED_EDGE('',*,*,#1560,.T.);
#6895 = ORIENTED_EDGE('',*,*,#6874,.T.);
#6896 = ADVANCED_FACE('',(#6897),#1616,.F.);
#6897 = FACE_BOUND('',#6898,.F.);
#6898 = EDGE_LOOP('',(#6899,#6900,#6921,#6922));
#6899 = ORIENTED_EDGE('',*,*,#4456,.F.);
#6900 = ORIENTED_EDGE('',*,*,#6901,.F.);
#6901 = EDGE_CURVE('',#1596,#4457,#6902,.T.);
#6902 = SEAM_CURVE('',#6903,(#6907,#6914),.PCURVE_S1.);
#6903 = LINE('',#6904,#6905);
#6904 = CARTESIAN_POINT('',(5.61975E+03,45.,10.));
#6905 = VECTOR('',#6906,1.);
#6906 = DIRECTION('',(0.,0.,-1.));
#6907 = PCURVE('',#1616,#6908);
#6908 = DEFINITIONAL_REPRESENTATION('',(#6909),#6913);
#6909 = LINE('',#6910,#6911);
#6910 = CARTESIAN_POINT('',(6.28318530718,-0.));
#6911 = VECTOR('',#6912,1.);
#6912 = DIRECTION('',(0.,1.));
#6913 = ( GEOMETRIC_REPRESENTATION_CONTEXT(2) 
PARAMETRIC_REPRESENTATION_CONTEXT() REPRESENTATION_CONTEXT('2D SPACE',''
  ) );
#6914 = PCURVE('',#1616,#6915);
#6915 = DEFINITIONAL_REPRESENTATION('',(#6916),#6920);
#6916 = LINE('',#6917,#6918);
#6917 = CARTESIAN_POINT('',(0.,-0.));
#6918 = VECTOR('',#6919,1.);
#6919 = DIRECTION('',(0.,1.));
#6920 = ( GEOMETRIC_REPRESENTATION_CONTEXT(2) 
PARAMETRIC_REPRESENTATION_CONTEXT() REPRESENTATION_CONTEXT('2D SPACE',''
  ) );
#6921 = ORIENTED_EDGE('',*,*,#1595,.T.);
#6922 = ORIENTED_EDGE('',*,*,#6901,.T.);
#6923 = ADVANCED_FACE('',(#6924),#1651,.F.);
#6924 = FACE_BOUND('',#6925,.F.);
#6925 = EDGE_LOOP('',(#6926,#6927,#6948,#6949));
#6926 = ORIENTED_EDGE('',*,*,#4486,.F.);
#6927 = ORIENTED_EDGE('',*,*,#6928,.F.);
#6928 = EDGE_CURVE('',#1631,#4487,#6929,.T.);
#6929 = SEAM_CURVE('',#6930,(#6934,#6941),.PCURVE_S1.);
#6930 = LINE('',#6931,#6932);
#6931 = CARTESIAN_POINT('',(5.68975E+03,45.,10.));
#6932 = VECTOR('',#6933,1.);
#6933 = DIRECTION('',(0.,0.,-1.));
#6934 = PCURVE('',#1651,#6935);
#6935 = DEFINITIONAL_REPRESENTATION('',(#6936),#6940);
#6936 = LINE('',#6937,#6938);
#6937 = CARTESIAN_POINT('',(6.28318530718,-0.));
#6938 = VECTOR('',#6939,1.);
#6939 = DIRECTION('',(0.,1.));
#6940 = ( GEOMETRIC_REPRESENTATION_CONTEXT(2) 
PARAMETRIC_REPRESENTATION_CONTEXT() REPRESENTATION_CONTEXT('2D SPACE',''
  ) );
#6941 = PCURVE('',#1651,#6942);
#6942 = DEFINITIONAL_REPRESENTATION('',(#6943),#6947);
#6943 = LINE('',#6944,#6945);
#6944 = CARTESIAN_POINT('',(0.,-0.));
#6945 = VECTOR('',#6946,1.);
#6946 = DIRECTION('',(0.,1.));
#6947 = ( GEOMETRIC_REPRESENTATION_CONTEXT(2) 
PARAMETRIC_REPRESENTATION_CONTEXT() REPRESENTATION_CONTEXT('2D SPACE',''
  ) );
#6948 = ORIENTED_EDGE('',*,*,#1630,.T.);
#6949 = ORIENTED_EDGE('',*,*,#6928,.T.);
#6950 = ADVANCED_FACE('',(#6951),#1686,.F.);
#6951 = FACE_BOUND('',#6952,.F.);
#6952 = EDGE_LOOP('',(#6953,#6954,#6975,#6976));
#6953 = ORIENTED_EDGE('',*,*,#4516,.F.);
#6954 = ORIENTED_EDGE('',*,*,#6955,.F.);
#6955 = EDGE_CURVE('',#1666,#4517,#6956,.T.);
#6956 = SEAM_CURVE('',#6957,(#6961,#6968),.PCURVE_S1.);
#6957 = LINE('',#6958,#6959);
#6958 = CARTESIAN_POINT('',(5.75975E+03,45.,10.));
#6959 = VECTOR('',#6960,1.);
#6960 = DIRECTION('',(0.,0.,-1.));
#6961 = PCURVE('',#1686,#6962);
#6962 = DEFINITIONAL_REPRESENTATION('',(#6963),#6967);
#6963 = LINE('',#6964,#6965);
#6964 = CARTESIAN_POINT('',(6.28318530718,-0.));
#6965 = VECTOR('',#6966,1.);
#6966 = DIRECTION('',(0.,1.));
#6967 = ( GEOMETRIC_REPRESENTATION_CONTEXT(2) 
PARAMETRIC_REPRESENTATION_CONTEXT() REPRESENTATION_CONTEXT('2D SPACE',''
  ) );
#6968 = PCURVE('',#1686,#6969);
#6969 = DEFINITIONAL_REPRESENTATION('',(#6970),#6974);
#6970 = LINE('',#6971,#6972);
#6971 = CARTESIAN_POINT('',(0.,-0.));
#6972 = VECTOR('',#6973,1.);
#6973 = DIRECTION('',(0.,1.));
#6974 = ( GEOMETRIC_REPRESENTATION_CONTEXT(2) 
PARAMETRIC_REPRESENTATION_CONTEXT() REPRESENTATION_CONTEXT('2D SPACE',''
  ) );
#6975 = ORIENTED_EDGE('',*,*,#1665,.T.);
#6976 = ORIENTED_EDGE('',*,*,#6955,.T.);
#6977 = ADVANCED_FACE('',(#6978),#1721,.F.);
#6978 = FACE_BOUND('',#6979,.F.);
#6979 = EDGE_LOOP('',(#6980,#6981,#7002,#7003));
#6980 = ORIENTED_EDGE('',*,*,#4546,.F.);
#6981 = ORIENTED_EDGE('',*,*,#6982,.F.);
#6982 = EDGE_CURVE('',#1701,#4547,#6983,.T.);
#6983 = SEAM_CURVE('',#6984,(#6988,#6995),.PCURVE_S1.);
#6984 = LINE('',#6985,#6986);
#6985 = CARTESIAN_POINT('',(5.82975E+03,45.,10.));
#6986 = VECTOR('',#6987,1.);
#6987 = DIRECTION('',(0.,0.,-1.));
#6988 = PCURVE('',#1721,#6989);
#6989 = DEFINITIONAL_REPRESENTATION('',(#6990),#6994);
#6990 = LINE('',#6991,#6992);
#6991 = CARTESIAN_POINT('',(6.28318530718,-0.));
#6992 = VECTOR('',#6993,1.);
#6993 = DIRECTION('',(0.,1.));
#6994 = ( GEOMETRIC_REPRESENTATION_CONTEXT(2) 
PARAMETRIC_REPRESENTATION_CONTEXT() REPRESENTATION_CONTEXT('2D SPACE',''
  ) );
#6995 = PCURVE('',#1721,#6996);
#6996 = DEFINITIONAL_REPRESENTATION('',(#6997),#7001);
#6997 = LINE('',#6998,#6999);
#6998 = CARTESIAN_POINT('',(0.,-0.));
#6999 = VECTOR('',#7000,1.);
#7000 = DIRECTION('',(0.,1.));
#7001 = ( GEOMETRIC_REPRESENTATION_CONTEXT(2) 
PARAMETRIC_REPRESENTATION_CONTEXT() REPRESENTATION_CONTEXT('2D SPACE',''
  ) );
#7002 = ORIENTED_EDGE('',*,*,#1700,.T.);
#7003 = ORIENTED_EDGE('',*,*,#6982,.T.);
#7004 = ADVANCED_FACE('',(#7005),#1756,.F.);
#7005 = FACE_BOUND('',#7006,.F.);
#7006 = EDGE_LOOP('',(#7007,#7008,#7029,#7030));
#7007 = ORIENTED_EDGE('',*,*,#4576,.F.);
#7008 = ORIENTED_EDGE('',*,*,#7009,.F.);
#7009 = EDGE_CURVE('',#1736,#4577,#7010,.T.);
#7010 = SEAM_CURVE('',#7011,(#7015,#7022),.PCURVE_S1.);
#7011 = LINE('',#7012,#7013);
#7012 = CARTESIAN_POINT('',(34.75,155.,10.));
#7013 = VECTOR('',#7014,1.);
#7014 = DIRECTION('',(0.,0.,-1.));
#7015 = PCURVE('',#1756,#7016);
#7016 = DEFINITIONAL_REPRESENTATION('',(#7017),#7021);
#7017 = LINE('',#7018,#7019);
#7018 = CARTESIAN_POINT('',(6.28318530718,-0.));
#7019 = VECTOR('',#7020,1.);
#7020 = DIRECTION('',(0.,1.));
#7021 = ( GEOMETRIC_REPRESENTATION_CONTEXT(2) 
PARAMETRIC_REPRESENTATION_CONTEXT() REPRESENTATION_CONTEXT('2D SPACE',''
  ) );
#7022 = PCURVE('',#1756,#7023);
#7023 = DEFINITIONAL_REPRESENTATION('',(#7024),#7028);
#7024 = LINE('',#7025,#7026);
#7025 = CARTESIAN_POINT('',(0.,-0.));
#7026 = VECTOR('',#7027,1.);
#7027 = DIRECTION('',(0.,1.));
#7028 = ( GEOMETRIC_REPRESENTATION_CONTEXT(2) 
PARAMETRIC_REPRESENTATION_CONTEXT() REPRESENTATION_CONTEXT('2D SPACE',''
  ) );
#7029 = ORIENTED_EDGE('',*,*,#1735,.T.);
#7030 = ORIENTED_EDGE('',*,*,#7009,.T.);
#7031 = ADVANCED_FACE('',(#7032),#1791,.F.);
#7032 = FACE_BOUND('',#7033,.F.);
#7033 = EDGE_LOOP('',(#7034,#7035,#7056,#7057));
#7034 = ORIENTED_EDGE('',*,*,#4606,.F.);
#7035 = ORIENTED_EDGE('',*,*,#7036,.F.);
#7036 = EDGE_CURVE('',#1771,#4607,#7037,.T.);
#7037 = SEAM_CURVE('',#7038,(#7042,#7049),.PCURVE_S1.);
#7038 = LINE('',#7039,#7040);
#7039 = CARTESIAN_POINT('',(104.75,155.,10.));
#7040 = VECTOR('',#7041,1.);
#7041 = DIRECTION('',(0.,0.,-1.));
#7042 = PCURVE('',#1791,#7043);
#7043 = DEFINITIONAL_REPRESENTATION('',(#7044),#7048);
#7044 = LINE('',#7045,#7046);
#7045 = CARTESIAN_POINT('',(6.28318530718,-0.));
#7046 = VECTOR('',#7047,1.);
#7047 = DIRECTION('',(0.,1.));
#7048 = ( GEOMETRIC_REPRESENTATION_CONTEXT(2) 
PARAMETRIC_REPRESENTATION_CONTEXT() REPRESENTATION_CONTEXT('2D SPACE',''
  ) );
#7049 = PCURVE('',#1791,#7050);
#7050 = DEFINITIONAL_REPRESENTATION('',(#7051),#7055);
#7051 = LINE('',#7052,#7053);
#7052 = CARTESIAN_POINT('',(0.,-0.));
#7053 = VECTOR('',#7054,1.);
#7054 = DIRECTION('',(0.,1.));
#7055 = ( GEOMETRIC_REPRESENTATION_CONTEXT(2) 
PARAMETRIC_REPRESENTATION_CONTEXT() REPRESENTATION_CONTEXT('2D SPACE',''
  ) );
#7056 = ORIENTED_EDGE('',*,*,#1770,.T.);
#7057 = ORIENTED_EDGE('',*,*,#7036,.T.);
#7058 = ADVANCED_FACE('',(#7059),#1826,.F.);
#7059 = FACE_BOUND('',#7060,.F.);
#7060 = EDGE_LOOP('',(#7061,#7062,#7083,#7084));
#7061 = ORIENTED_EDGE('',*,*,#4636,.F.);
#7062 = ORIENTED_EDGE('',*,*,#7063,.F.);
#7063 = EDGE_CURVE('',#1806,#4637,#7064,.T.);
#7064 = SEAM_CURVE('',#7065,(#7069,#7076),.PCURVE_S1.);
#7065 = LINE('',#7066,#7067);
#7066 = CARTESIAN_POINT('',(174.75,155.,10.));
#7067 = VECTOR('',#7068,1.);
#7068 = DIRECTION('',(0.,0.,-1.));
#7069 = PCURVE('',#1826,#7070);
#7070 = DEFINITIONAL_REPRESENTATION('',(#7071),#7075);
#7071 = LINE('',#7072,#7073);
#7072 = CARTESIAN_POINT('',(6.28318530718,-0.));
#7073 = VECTOR('',#7074,1.);
#7074 = DIRECTION('',(0.,1.));
#7075 = ( GEOMETRIC_REPRESENTATION_CONTEXT(2) 
PARAMETRIC_REPRESENTATION_CONTEXT() REPRESENTATION_CONTEXT('2D SPACE',''
  ) );
#7076 = PCURVE('',#1826,#7077);
#7077 = DEFINITIONAL_REPRESENTATION('',(#7078),#7082);
#7078 = LINE('',#7079,#7080);
#7079 = CARTESIAN_POINT('',(0.,-0.));
#7080 = VECTOR('',#7081,1.);
#7081 = DIRECTION('',(0.,1.));
#7082 = ( GEOMETRIC_REPRESENTATION_CONTEXT(2) 
PARAMETRIC_REPRESENTATION_CONTEXT() REPRESENTATION_CONTEXT('2D SPACE',''
  ) );
#7083 = ORIENTED_EDGE('',*,*,#1805,.T.);
#7084 = ORIENTED_EDGE('',*,*,#7063,.T.);
#7085 = ADVANCED_FACE('',(#7086),#1861,.F.);
#7086 = FACE_BOUND('',#7087,.F.);
#7087 = EDGE_LOOP('',(#7088,#7089,#7110,#7111));
#7088 = ORIENTED_EDGE('',*,*,#4666,.F.);
#7089 = ORIENTED_EDGE('',*,*,#7090,.F.);
#7090 = EDGE_CURVE('',#1841,#4667,#7091,.T.);
#7091 = SEAM_CURVE('',#7092,(#7096,#7103),.PCURVE_S1.);
#7092 = LINE('',#7093,#7094);
#7093 = CARTESIAN_POINT('',(244.75,155.,10.));
#7094 = VECTOR('',#7095,1.);
#7095 = DIRECTION('',(0.,0.,-1.));
#7096 = PCURVE('',#1861,#7097);
#7097 = DEFINITIONAL_REPRESENTATION('',(#7098),#7102);
#7098 = LINE('',#7099,#7100);
#7099 = CARTESIAN_POINT('',(6.28318530718,-0.));
#7100 = VECTOR('',#7101,1.);
#7101 = DIRECTION('',(0.,1.));
#7102 = ( GEOMETRIC_REPRESENTATION_CONTEXT(2) 
PARAMETRIC_REPRESENTATION_CONTEXT() REPRESENTATION_CONTEXT('2D SPACE',''
  ) );
#7103 = PCURVE('',#1861,#7104);
#7104 = DEFINITIONAL_REPRESENTATION('',(#7105),#7109);
#7105 = LINE('',#7106,#7107);
#7106 = CARTESIAN_POINT('',(0.,-0.));
#7107 = VECTOR('',#7108,1.);
#7108 = DIRECTION('',(0.,1.));
#7109 = ( GEOMETRIC_REPRESENTATION_CONTEXT(2) 
PARAMETRIC_REPRESENTATION_CONTEXT() REPRESENTATION_CONTEXT('2D SPACE',''
  ) );
#7110 = ORIENTED_EDGE('',*,*,#1840,.T.);
#7111 = ORIENTED_EDGE('',*,*,#7090,.T.);
#7112 = ADVANCED_FACE('',(#7113),#1896,.F.);
#7113 = FACE_BOUND('',#7114,.F.);
#7114 = EDGE_LOOP('',(#7115,#7116,#7137,#7138));
#7115 = ORIENTED_EDGE('',*,*,#4696,.F.);
#7116 = ORIENTED_EDGE('',*,*,#7117,.F.);
#7117 = EDGE_CURVE('',#1876,#4697,#7118,.T.);
#7118 = SEAM_CURVE('',#7119,(#7123,#7130),.PCURVE_S1.);
#7119 = LINE('',#7120,#7121);
#7120 = CARTESIAN_POINT('',(314.75,155.,10.));
#7121 = VECTOR('',#7122,1.);
#7122 = DIRECTION('',(0.,0.,-1.));
#7123 = PCURVE('',#1896,#7124);
#7124 = DEFINITIONAL_REPRESENTATION('',(#7125),#7129);
#7125 = LINE('',#7126,#7127);
#7126 = CARTESIAN_POINT('',(6.28318530718,-0.));
#7127 = VECTOR('',#7128,1.);
#7128 = DIRECTION('',(0.,1.));
#7129 = ( GEOMETRIC_REPRESENTATION_CONTEXT(2) 
PARAMETRIC_REPRESENTATION_CONTEXT() REPRESENTATION_CONTEXT('2D SPACE',''
  ) );
#7130 = PCURVE('',#1896,#7131);
#7131 = DEFINITIONAL_REPRESENTATION('',(#7132),#7136);
#7132 = LINE('',#7133,#7134);
#7133 = CARTESIAN_POINT('',(0.,-0.));
#7134 = VECTOR('',#7135,1.);
#7135 = DIRECTION('',(0.,1.));
#7136 = ( GEOMETRIC_REPRESENTATION_CONTEXT(2) 
PARAMETRIC_REPRESENTATION_CONTEXT() REPRESENTATION_CONTEXT('2D SPACE',''
  ) );
#7137 = ORIENTED_EDGE('',*,*,#1875,.T.);
#7138 = ORIENTED_EDGE('',*,*,#7117,.T.);
#7139 = ADVANCED_FACE('',(#7140),#1931,.F.);
#7140 = FACE_BOUND('',#7141,.F.);
#7141 = EDGE_LOOP('',(#7142,#7143,#7164,#7165));
#7142 = ORIENTED_EDGE('',*,*,#4726,.F.);
#7143 = ORIENTED_EDGE('',*,*,#7144,.F.);
#7144 = EDGE_CURVE('',#1911,#4727,#7145,.T.);
#7145 = SEAM_CURVE('',#7146,(#7150,#7157),.PCURVE_S1.);
#7146 = LINE('',#7147,#7148);
#7147 = CARTESIAN_POINT('',(384.75,155.,10.));
#7148 = VECTOR('',#7149,1.);
#7149 = DIRECTION('',(0.,0.,-1.));
#7150 = PCURVE('',#1931,#7151);
#7151 = DEFINITIONAL_REPRESENTATION('',(#7152),#7156);
#7152 = LINE('',#7153,#7154);
#7153 = CARTESIAN_POINT('',(6.28318530718,-0.));
#7154 = VECTOR('',#7155,1.);
#7155 = DIRECTION('',(0.,1.));
#7156 = ( GEOMETRIC_REPRESENTATION_CONTEXT(2) 
PARAMETRIC_REPRESENTATION_CONTEXT() REPRESENTATION_CONTEXT('2D SPACE',''
  ) );
#7157 = PCURVE('',#1931,#7158);
#7158 = DEFINITIONAL_REPRESENTATION('',(#7159),#7163);
#7159 = LINE('',#7160,#7161);
#7160 = CARTESIAN_POINT('',(0.,-0.));
#7161 = VECTOR('',#7162,1.);
#7162 = DIRECTION('',(0.,1.));
#7163 = ( GEOMETRIC_REPRESENTATION_CONTEXT(2) 
PARAMETRIC_REPRESENTATION_CONTEXT() REPRESENTATION_CONTEXT('2D SPACE',''
  ) );
#7164 = ORIENTED_EDGE('',*,*,#1910,.T.);
#7165 = ORIENTED_EDGE('',*,*,#7144,.T.);
#7166 = ADVANCED_FACE('',(#7167),#1966,.F.);
#7167 = FACE_BOUND('',#7168,.F.);
#7168 = EDGE_LOOP('',(#7169,#7170,#7191,#7192));
#7169 = ORIENTED_EDGE('',*,*,#4756,.F.);
#7170 = ORIENTED_EDGE('',*,*,#7171,.F.);
#7171 = EDGE_CURVE('',#1946,#4757,#7172,.T.);
#7172 = SEAM_CURVE('',#7173,(#7177,#7184),.PCURVE_S1.);
#7173 = LINE('',#7174,#7175);
#7174 = CARTESIAN_POINT('',(454.75,155.,10.));
#7175 = VECTOR('',#7176,1.);
#7176 = DIRECTION('',(0.,0.,-1.));
#7177 = PCURVE('',#1966,#7178);
#7178 = DEFINITIONAL_REPRESENTATION('',(#7179),#7183);
#7179 = LINE('',#7180,#7181);
#7180 = CARTESIAN_POINT('',(6.28318530718,-0.));
#7181 = VECTOR('',#7182,1.);
#7182 = DIRECTION('',(0.,1.));
#7183 = ( GEOMETRIC_REPRESENTATION_CONTEXT(2) 
PARAMETRIC_REPRESENTATION_CONTEXT() REPRESENTATION_CONTEXT('2D SPACE',''
  ) );
#7184 = PCURVE('',#1966,#7185);
#7185 = DEFINITIONAL_REPRESENTATION('',(#7186),#7190);
#7186 = LINE('',#7187,#7188);
#7187 = CARTESIAN_POINT('',(0.,-0.));
#7188 = VECTOR('',#7189,1.);
#7189 = DIRECTION('',(0.,1.));
#7190 = ( GEOMETRIC_REPRESENTATION_CONTEXT(2) 
PARAMETRIC_REPRESENTATION_CONTEXT() REPRESENTATION_CONTEXT('2D SPACE',''
  ) );
#7191 = ORIENTED_EDGE('',*,*,#1945,.T.);
#7192 = ORIENTED_EDGE('',*,*,#7171,.T.);
#7193 = ADVANCED_FACE('',(#7194),#2001,.F.);
#7194 = FACE_BOUND('',#7195,.F.);
#7195 = EDGE_LOOP('',(#7196,#7197,#7218,#7219));
#7196 = ORIENTED_EDGE('',*,*,#4786,.F.);
#7197 = ORIENTED_EDGE('',*,*,#7198,.F.);
#7198 = EDGE_CURVE('',#1981,#4787,#7199,.T.);
#7199 = SEAM_CURVE('',#7200,(#7204,#7211),.PCURVE_S1.);
#7200 = LINE('',#7201,#7202);
#7201 = CARTESIAN_POINT('',(524.75,155.,10.));
#7202 = VECTOR('',#7203,1.);
#7203 = DIRECTION('',(0.,0.,-1.));
#7204 = PCURVE('',#2001,#7205);
#7205 = DEFINITIONAL_REPRESENTATION('',(#7206),#7210);
#7206 = LINE('',#7207,#7208);
#7207 = CARTESIAN_POINT('',(6.28318530718,-0.));
#7208 = VECTOR('',#7209,1.);
#7209 = DIRECTION('',(0.,1.));
#7210 = ( GEOMETRIC_REPRESENTATION_CONTEXT(2) 
PARAMETRIC_REPRESENTATION_CONTEXT() REPRESENTATION_CONTEXT('2D SPACE',''
  ) );
#7211 = PCURVE('',#2001,#7212);
#7212 = DEFINITIONAL_REPRESENTATION('',(#7213),#7217);
#7213 = LINE('',#7214,#7215);
#7214 = CARTESIAN_POINT('',(0.,-0.));
#7215 = VECTOR('',#7216,1.);
#7216 = DIRECTION('',(0.,1.));
#7217 = ( GEOMETRIC_REPRESENTATION_CONTEXT(2) 
PARAMETRIC_REPRESENTATION_CONTEXT() REPRESENTATION_CONTEXT('2D SPACE',''
  ) );
#7218 = ORIENTED_EDGE('',*,*,#1980,.T.);
#7219 = ORIENTED_EDGE('',*,*,#7198,.T.);
#7220 = ADVANCED_FACE('',(#7221),#2036,.F.);
#7221 = FACE_BOUND('',#7222,.F.);
#7222 = EDGE_LOOP('',(#7223,#7224,#7245,#7246));
#7223 = ORIENTED_EDGE('',*,*,#4816,.F.);
#7224 = ORIENTED_EDGE('',*,*,#7225,.F.);
#7225 = EDGE_CURVE('',#2016,#4817,#7226,.T.);
#7226 = SEAM_CURVE('',#7227,(#7231,#7238),.PCURVE_S1.);
#7227 = LINE('',#7228,#7229);
#7228 = CARTESIAN_POINT('',(624.75,155.,10.));
#7229 = VECTOR('',#7230,1.);
#7230 = DIRECTION('',(0.,0.,-1.));
#7231 = PCURVE('',#2036,#7232);
#7232 = DEFINITIONAL_REPRESENTATION('',(#7233),#7237);
#7233 = LINE('',#7234,#7235);
#7234 = CARTESIAN_POINT('',(6.28318530718,-0.));
#7235 = VECTOR('',#7236,1.);
#7236 = DIRECTION('',(0.,1.));
#7237 = ( GEOMETRIC_REPRESENTATION_CONTEXT(2) 
PARAMETRIC_REPRESENTATION_CONTEXT() REPRESENTATION_CONTEXT('2D SPACE',''
  ) );
#7238 = PCURVE('',#2036,#7239);
#7239 = DEFINITIONAL_REPRESENTATION('',(#7240),#7244);
#7240 = LINE('',#7241,#7242);
#7241 = CARTESIAN_POINT('',(0.,-0.));
#7242 = VECTOR('',#7243,1.);
#7243 = DIRECTION('',(0.,1.));
#7244 = ( GEOMETRIC_REPRESENTATION_CONTEXT(2) 
PARAMETRIC_REPRESENTATION_CONTEXT() REPRESENTATION_CONTEXT('2D SPACE',''
  ) );
#7245 = ORIENTED_EDGE('',*,*,#2015,.T.);
#7246 = ORIENTED_EDGE('',*,*,#7225,.T.);
#7247 = ADVANCED_FACE('',(#7248),#2071,.F.);
#7248 = FACE_BOUND('',#7249,.F.);
#7249 = EDGE_LOOP('',(#7250,#7251,#7272,#7273));
#7250 = ORIENTED_EDGE('',*,*,#4846,.F.);
#7251 = ORIENTED_EDGE('',*,*,#7252,.F.);
#7252 = EDGE_CURVE('',#2051,#4847,#7253,.T.);
#7253 = SEAM_CURVE('',#7254,(#7258,#7265),.PCURVE_S1.);
#7254 = LINE('',#7255,#7256);
#7255 = CARTESIAN_POINT('',(724.75,155.,10.));
#7256 = VECTOR('',#7257,1.);
#7257 = DIRECTION('',(0.,0.,-1.));
#7258 = PCURVE('',#2071,#7259);
#7259 = DEFINITIONAL_REPRESENTATION('',(#7260),#7264);
#7260 = LINE('',#7261,#7262);
#7261 = CARTESIAN_POINT('',(6.28318530718,-0.));
#7262 = VECTOR('',#7263,1.);
#7263 = DIRECTION('',(0.,1.));
#7264 = ( GEOMETRIC_REPRESENTATION_CONTEXT(2) 
PARAMETRIC_REPRESENTATION_CONTEXT() REPRESENTATION_CONTEXT('2D SPACE',''
  ) );
#7265 = PCURVE('',#2071,#7266);
#7266 = DEFINITIONAL_REPRESENTATION('',(#7267),#7271);
#7267 = LINE('',#7268,#7269);
#7268 = CARTESIAN_POINT('',(0.,-0.));
#7269 = VECTOR('',#7270,1.);
#7270 = DIRECTION('',(0.,1.));
#7271 = ( GEOMETRIC_REPRESENTATION_CONTEXT(2) 
PARAMETRIC_REPRESENTATION_CONTEXT() REPRESENTATION_CONTEXT('2D SPACE',''
  ) );
#7272 = ORIENTED_EDGE('',*,*,#2050,.T.);
#7273 = ORIENTED_EDGE('',*,*,#7252,.T.);
#7274 = ADVANCED_FACE('',(#7275),#2106,.F.);
#7275 = FACE_BOUND('',#7276,.F.);
#7276 = EDGE_LOOP('',(#7277,#7278,#7299,#7300));
#7277 = ORIENTED_EDGE('',*,*,#4876,.F.);
#7278 = ORIENTED_EDGE('',*,*,#7279,.F.);
#7279 = EDGE_CURVE('',#2086,#4877,#7280,.T.);
#7280 = SEAM_CURVE('',#7281,(#7285,#7292),.PCURVE_S1.);
#7281 = LINE('',#7282,#7283);
#7282 = CARTESIAN_POINT('',(824.75,155.,10.));
#7283 = VECTOR('',#7284,1.);
#7284 = DIRECTION('',(0.,0.,-1.));
#7285 = PCURVE('',#2106,#7286);
#7286 = DEFINITIONAL_REPRESENTATION('',(#7287),#7291);
#7287 = LINE('',#7288,#7289);
#7288 = CARTESIAN_POINT('',(6.28318530718,-0.));
#7289 = VECTOR('',#7290,1.);
#7290 = DIRECTION('',(0.,1.));
#7291 = ( GEOMETRIC_REPRESENTATION_CONTEXT(2) 
PARAMETRIC_REPRESENTATION_CONTEXT() REPRESENTATION_CONTEXT('2D SPACE',''
  ) );
#7292 = PCURVE('',#2106,#7293);
#7293 = DEFINITIONAL_REPRESENTATION('',(#7294),#7298);
#7294 = LINE('',#7295,#7296);
#7295 = CARTESIAN_POINT('',(0.,-0.));
#7296 = VECTOR('',#7297,1.);
#7297 = DIRECTION('',(0.,1.));
#7298 = ( GEOMETRIC_REPRESENTATION_CONTEXT(2) 
PARAMETRIC_REPRESENTATION_CONTEXT() REPRESENTATION_CONTEXT('2D SPACE',''
  ) );
#7299 = ORIENTED_EDGE('',*,*,#2085,.T.);
#7300 = ORIENTED_EDGE('',*,*,#7279,.T.);
#7301 = ADVANCED_FACE('',(#7302),#2141,.F.);
#7302 = FACE_BOUND('',#7303,.F.);
#7303 = EDGE_LOOP('',(#7304,#7305,#7326,#7327));
#7304 = ORIENTED_EDGE('',*,*,#4906,.F.);
#7305 = ORIENTED_EDGE('',*,*,#7306,.F.);
#7306 = EDGE_CURVE('',#2121,#4907,#7307,.T.);
#7307 = SEAM_CURVE('',#7308,(#7312,#7319),.PCURVE_S1.);
#7308 = LINE('',#7309,#7310);
#7309 = CARTESIAN_POINT('',(924.75,155.,10.));
#7310 = VECTOR('',#7311,1.);
#7311 = DIRECTION('',(0.,0.,-1.));
#7312 = PCURVE('',#2141,#7313);
#7313 = DEFINITIONAL_REPRESENTATION('',(#7314),#7318);
#7314 = LINE('',#7315,#7316);
#7315 = CARTESIAN_POINT('',(6.28318530718,-0.));
#7316 = VECTOR('',#7317,1.);
#7317 = DIRECTION('',(0.,1.));
#7318 = ( GEOMETRIC_REPRESENTATION_CONTEXT(2) 
PARAMETRIC_REPRESENTATION_CONTEXT() REPRESENTATION_CONTEXT('2D SPACE',''
  ) );
#7319 = PCURVE('',#2141,#7320);
#7320 = DEFINITIONAL_REPRESENTATION('',(#7321),#7325);
#7321 = LINE('',#7322,#7323);
#7322 = CARTESIAN_POINT('',(0.,-0.));
#7323 = VECTOR('',#7324,1.);
#7324 = DIRECTION('',(0.,1.));
#7325 = ( GEOMETRIC_REPRESENTATION_CONTEXT(2) 
PARAMETRIC_REPRESENTATION_CONTEXT() REPRESENTATION_CONTEXT('2D SPACE',''
  ) );
#7326 = ORIENTED_EDGE('',*,*,#2120,.T.);
#7327 = ORIENTED_EDGE('',*,*,#7306,.T.);
#7328 = ADVANCED_FACE('',(#7329),#2176,.F.);
#7329 = FACE_BOUND('',#7330,.F.);
#7330 = EDGE_LOOP('',(#7331,#7332,#7353,#7354));
#7331 = ORIENTED_EDGE('',*,*,#4936,.F.);
#7332 = ORIENTED_EDGE('',*,*,#7333,.F.);
#7333 = EDGE_CURVE('',#2156,#4937,#7334,.T.);
#7334 = SEAM_CURVE('',#7335,(#7339,#7346),.PCURVE_S1.);
#7335 = LINE('',#7336,#7337);
#7336 = CARTESIAN_POINT('',(1.02475E+03,155.,10.));
#7337 = VECTOR('',#7338,1.);
#7338 = DIRECTION('',(0.,0.,-1.));
#7339 = PCURVE('',#2176,#7340);
#7340 = DEFINITIONAL_REPRESENTATION('',(#7341),#7345);
#7341 = LINE('',#7342,#7343);
#7342 = CARTESIAN_POINT('',(6.28318530718,-0.));
#7343 = VECTOR('',#7344,1.);
#7344 = DIRECTION('',(0.,1.));
#7345 = ( GEOMETRIC_REPRESENTATION_CONTEXT(2) 
PARAMETRIC_REPRESENTATION_CONTEXT() REPRESENTATION_CONTEXT('2D SPACE',''
  ) );
#7346 = PCURVE('',#2176,#7347);
#7347 = DEFINITIONAL_REPRESENTATION('',(#7348),#7352);
#7348 = LINE('',#7349,#7350);
#7349 = CARTESIAN_POINT('',(0.,-0.));
#7350 = VECTOR('',#7351,1.);
#7351 = DIRECTION('',(0.,1.));
#7352 = ( GEOMETRIC_REPRESENTATION_CONTEXT(2) 
PARAMETRIC_REPRESENTATION_CONTEXT() REPRESENTATION_CONTEXT('2D SPACE',''
  ) );
#7353 = ORIENTED_EDGE('',*,*,#2155,.T.);
#7354 = ORIENTED_EDGE('',*,*,#7333,.T.);
#7355 = ADVANCED_FACE('',(#7356),#2211,.F.);
#7356 = FACE_BOUND('',#7357,.F.);
#7357 = EDGE_LOOP('',(#7358,#7359,#7380,#7381));
#7358 = ORIENTED_EDGE('',*,*,#4966,.F.);
#7359 = ORIENTED_EDGE('',*,*,#7360,.F.);
#7360 = EDGE_CURVE('',#2191,#4967,#7361,.T.);
#7361 = SEAM_CURVE('',#7362,(#7366,#7373),.PCURVE_S1.);
#7362 = LINE('',#7363,#7364);
#7363 = CARTESIAN_POINT('',(1.12475E+03,155.,10.));
#7364 = VECTOR('',#7365,1.);
#7365 = DIRECTION('',(0.,0.,-1.));
#7366 = PCURVE('',#2211,#7367);
#7367 = DEFINITIONAL_REPRESENTATION('',(#7368),#7372);
#7368 = LINE('',#7369,#7370);
#7369 = CARTESIAN_POINT('',(6.28318530718,-0.));
#7370 = VECTOR('',#7371,1.);
#7371 = DIRECTION('',(0.,1.));
#7372 = ( GEOMETRIC_REPRESENTATION_CONTEXT(2) 
PARAMETRIC_REPRESENTATION_CONTEXT() REPRESENTATION_CONTEXT('2D SPACE',''
  ) );
#7373 = PCURVE('',#2211,#7374);
#7374 = DEFINITIONAL_REPRESENTATION('',(#7375),#7379);
#7375 = LINE('',#7376,#7377);
#7376 = CARTESIAN_POINT('',(0.,-0.));
#7377 = VECTOR('',#7378,1.);
#7378 = DIRECTION('',(0.,1.));
#7379 = ( GEOMETRIC_REPRESENTATION_CONTEXT(2) 
PARAMETRIC_REPRESENTATION_CONTEXT() REPRESENTATION_CONTEXT('2D SPACE',''
  ) );
#7380 = ORIENTED_EDGE('',*,*,#2190,.T.);
#7381 = ORIENTED_EDGE('',*,*,#7360,.T.);
#7382 = ADVANCED_FACE('',(#7383),#2246,.F.);
#7383 = FACE_BOUND('',#7384,.F.);
#7384 = EDGE_LOOP('',(#7385,#7386,#7407,#7408));
#7385 = ORIENTED_EDGE('',*,*,#4996,.F.);
#7386 = ORIENTED_EDGE('',*,*,#7387,.F.);
#7387 = EDGE_CURVE('',#2226,#4997,#7388,.T.);
#7388 = SEAM_CURVE('',#7389,(#7393,#7400),.PCURVE_S1.);
#7389 = LINE('',#7390,#7391);
#7390 = CARTESIAN_POINT('',(1.22475E+03,155.,10.));
#7391 = VECTOR('',#7392,1.);
#7392 = DIRECTION('',(0.,0.,-1.));
#7393 = PCURVE('',#2246,#7394);
#7394 = DEFINITIONAL_REPRESENTATION('',(#7395),#7399);
#7395 = LINE('',#7396,#7397);
#7396 = CARTESIAN_POINT('',(6.28318530718,-0.));
#7397 = VECTOR('',#7398,1.);
#7398 = DIRECTION('',(0.,1.));
#7399 = ( GEOMETRIC_REPRESENTATION_CONTEXT(2) 
PARAMETRIC_REPRESENTATION_CONTEXT() REPRESENTATION_CONTEXT('2D SPACE',''
  ) );
#7400 = PCURVE('',#2246,#7401);
#7401 = DEFINITIONAL_REPRESENTATION('',(#7402),#7406);
#7402 = LINE('',#7403,#7404);
#7403 = CARTESIAN_POINT('',(0.,-0.));
#7404 = VECTOR('',#7405,1.);
#7405 = DIRECTION('',(0.,1.));
#7406 = ( GEOMETRIC_REPRESENTATION_CONTEXT(2) 
PARAMETRIC_REPRESENTATION_CONTEXT() REPRESENTATION_CONTEXT('2D SPACE',''
  ) );
#7407 = ORIENTED_EDGE('',*,*,#2225,.T.);
#7408 = ORIENTED_EDGE('',*,*,#7387,.T.);
#7409 = ADVANCED_FACE('',(#7410),#2281,.F.);
#7410 = FACE_BOUND('',#7411,.F.);
#7411 = EDGE_LOOP('',(#7412,#7413,#7434,#7435));
#7412 = ORIENTED_EDGE('',*,*,#5026,.F.);
#7413 = ORIENTED_EDGE('',*,*,#7414,.F.);
#7414 = EDGE_CURVE('',#2261,#5027,#7415,.T.);
#7415 = SEAM_CURVE('',#7416,(#7420,#7427),.PCURVE_S1.);
#7416 = LINE('',#7417,#7418);
#7417 = CARTESIAN_POINT('',(1.39975E+03,155.,10.));
#7418 = VECTOR('',#7419,1.);
#7419 = DIRECTION('',(0.,0.,-1.));
#7420 = PCURVE('',#2281,#7421);
#7421 = DEFINITIONAL_REPRESENTATION('',(#7422),#7426);
#7422 = LINE('',#7423,#7424);
#7423 = CARTESIAN_POINT('',(6.28318530718,-0.));
#7424 = VECTOR('',#7425,1.);
#7425 = DIRECTION('',(0.,1.));
#7426 = ( GEOMETRIC_REPRESENTATION_CONTEXT(2) 
PARAMETRIC_REPRESENTATION_CONTEXT() REPRESENTATION_CONTEXT('2D SPACE',''
  ) );
#7427 = PCURVE('',#2281,#7428);
#7428 = DEFINITIONAL_REPRESENTATION('',(#7429),#7433);
#7429 = LINE('',#7430,#7431);
#7430 = CARTESIAN_POINT('',(0.,-0.));
#7431 = VECTOR('',#7432,1.);
#7432 = DIRECTION('',(0.,1.));
#7433 = ( GEOMETRIC_REPRESENTATION_CONTEXT(2) 
PARAMETRIC_REPRESENTATION_CONTEXT() REPRESENTATION_CONTEXT('2D SPACE',''
  ) );
#7434 = ORIENTED_EDGE('',*,*,#2260,.T.);
#7435 = ORIENTED_EDGE('',*,*,#7414,.T.);
#7436 = ADVANCED_FACE('',(#7437),#2316,.F.);
#7437 = FACE_BOUND('',#7438,.F.);
#7438 = EDGE_LOOP('',(#7439,#7440,#7461,#7462));
#7439 = ORIENTED_EDGE('',*,*,#5056,.F.);
#7440 = ORIENTED_EDGE('',*,*,#7441,.F.);
#7441 = EDGE_CURVE('',#2296,#5057,#7442,.T.);
#7442 = SEAM_CURVE('',#7443,(#7447,#7454),.PCURVE_S1.);
#7443 = LINE('',#7444,#7445);
#7444 = CARTESIAN_POINT('',(1.64975E+03,155.,10.));
#7445 = VECTOR('',#7446,1.);
#7446 = DIRECTION('',(0.,0.,-1.));
#7447 = PCURVE('',#2316,#7448);
#7448 = DEFINITIONAL_REPRESENTATION('',(#7449),#7453);
#7449 = LINE('',#7450,#7451);
#7450 = CARTESIAN_POINT('',(6.28318530718,-0.));
#7451 = VECTOR('',#7452,1.);
#7452 = DIRECTION('',(0.,1.));
#7453 = ( GEOMETRIC_REPRESENTATION_CONTEXT(2) 
PARAMETRIC_REPRESENTATION_CONTEXT() REPRESENTATION_CONTEXT('2D SPACE',''
  ) );
#7454 = PCURVE('',#2316,#7455);
#7455 = DEFINITIONAL_REPRESENTATION('',(#7456),#7460);
#7456 = LINE('',#7457,#7458);
#7457 = CARTESIAN_POINT('',(0.,-0.));
#7458 = VECTOR('',#7459,1.);
#7459 = DIRECTION('',(0.,1.));
#7460 = ( GEOMETRIC_REPRESENTATION_CONTEXT(2) 
PARAMETRIC_REPRESENTATION_CONTEXT() REPRESENTATION_CONTEXT('2D SPACE',''
  ) );
#7461 = ORIENTED_EDGE('',*,*,#2295,.T.);
#7462 = ORIENTED_EDGE('',*,*,#7441,.T.);
#7463 = ADVANCED_FACE('',(#7464),#2351,.F.);
#7464 = FACE_BOUND('',#7465,.F.);
#7465 = EDGE_LOOP('',(#7466,#7467,#7488,#7489));
#7466 = ORIENTED_EDGE('',*,*,#5086,.F.);
#7467 = ORIENTED_EDGE('',*,*,#7468,.F.);
#7468 = EDGE_CURVE('',#2331,#5087,#7469,.T.);
#7469 = SEAM_CURVE('',#7470,(#7474,#7481),.PCURVE_S1.);
#7470 = LINE('',#7471,#7472);
#7471 = CARTESIAN_POINT('',(1.89975E+03,155.,10.));
#7472 = VECTOR('',#7473,1.);
#7473 = DIRECTION('',(0.,0.,-1.));
#7474 = PCURVE('',#2351,#7475);
#7475 = DEFINITIONAL_REPRESENTATION('',(#7476),#7480);
#7476 = LINE('',#7477,#7478);
#7477 = CARTESIAN_POINT('',(6.28318530718,-0.));
#7478 = VECTOR('',#7479,1.);
#7479 = DIRECTION('',(0.,1.));
#7480 = ( GEOMETRIC_REPRESENTATION_CONTEXT(2) 
PARAMETRIC_REPRESENTATION_CONTEXT() REPRESENTATION_CONTEXT('2D SPACE',''
  ) );
#7481 = PCURVE('',#2351,#7482);
#7482 = DEFINITIONAL_REPRESENTATION('',(#7483),#7487);
#7483 = LINE('',#7484,#7485);
#7484 = CARTESIAN_POINT('',(0.,-0.));
#7485 = VECTOR('',#7486,1.);
#7486 = DIRECTION('',(0.,1.));
#7487 = ( GEOMETRIC_REPRESENTATION_CONTEXT(2) 
PARAMETRIC_REPRESENTATION_CONTEXT() REPRESENTATION_CONTEXT('2D SPACE',''
  ) );
#7488 = ORIENTED_EDGE('',*,*,#2330,.T.);
#7489 = ORIENTED_EDGE('',*,*,#7468,.T.);
#7490 = ADVANCED_FACE('',(#7491),#2386,.F.);
#7491 = FACE_BOUND('',#7492,.F.);
#7492 = EDGE_LOOP('',(#7493,#7494,#7515,#7516));
#7493 = ORIENTED_EDGE('',*,*,#5116,.F.);
#7494 = ORIENTED_EDGE('',*,*,#7495,.F.);
#7495 = EDGE_CURVE('',#2366,#5117,#7496,.T.);
#7496 = SEAM_CURVE('',#7497,(#7501,#7508),.PCURVE_S1.);
#7497 = LINE('',#7498,#7499);
#7498 = CARTESIAN_POINT('',(2.14975E+03,155.,10.));
#7499 = VECTOR('',#7500,1.);
#7500 = DIRECTION('',(0.,0.,-1.));
#7501 = PCURVE('',#2386,#7502);
#7502 = DEFINITIONAL_REPRESENTATION('',(#7503),#7507);
#7503 = LINE('',#7504,#7505);
#7504 = CARTESIAN_POINT('',(6.28318530718,-0.));
#7505 = VECTOR('',#7506,1.);
#7506 = DIRECTION('',(0.,1.));
#7507 = ( GEOMETRIC_REPRESENTATION_CONTEXT(2) 
PARAMETRIC_REPRESENTATION_CONTEXT() REPRESENTATION_CONTEXT('2D SPACE',''
  ) );
#7508 = PCURVE('',#2386,#7509);
#7509 = DEFINITIONAL_REPRESENTATION('',(#7510),#7514);
#7510 = LINE('',#7511,#7512);
#7511 = CARTESIAN_POINT('',(0.,-0.));
#7512 = VECTOR('',#7513,1.);
#7513 = DIRECTION('',(0.,1.));
#7514 = ( GEOMETRIC_REPRESENTATION_CONTEXT(2) 
PARAMETRIC_REPRESENTATION_CONTEXT() REPRESENTATION_CONTEXT('2D SPACE',''
  ) );
#7515 = ORIENTED_EDGE('',*,*,#2365,.T.);
#7516 = ORIENTED_EDGE('',*,*,#7495,.T.);
#7517 = ADVANCED_FACE('',(#7518),#2421,.F.);
#7518 = FACE_BOUND('',#7519,.F.);
#7519 = EDGE_LOOP('',(#7520,#7521,#7542,#7543));
#7520 = ORIENTED_EDGE('',*,*,#5146,.F.);
#7521 = ORIENTED_EDGE('',*,*,#7522,.F.);
#7522 = EDGE_CURVE('',#2401,#5147,#7523,.T.);
#7523 = SEAM_CURVE('',#7524,(#7528,#7535),.PCURVE_S1.);
#7524 = LINE('',#7525,#7526);
#7525 = CARTESIAN_POINT('',(2.49975E+03,155.,10.));
#7526 = VECTOR('',#7527,1.);
#7527 = DIRECTION('',(0.,0.,-1.));
#7528 = PCURVE('',#2421,#7529);
#7529 = DEFINITIONAL_REPRESENTATION('',(#7530),#7534);
#7530 = LINE('',#7531,#7532);
#7531 = CARTESIAN_POINT('',(6.28318530718,-0.));
#7532 = VECTOR('',#7533,1.);
#7533 = DIRECTION('',(0.,1.));
#7534 = ( GEOMETRIC_REPRESENTATION_CONTEXT(2) 
PARAMETRIC_REPRESENTATION_CONTEXT() REPRESENTATION_CONTEXT('2D SPACE',''
  ) );
#7535 = PCURVE('',#2421,#7536);
#7536 = DEFINITIONAL_REPRESENTATION('',(#7537),#7541);
#7537 = LINE('',#7538,#7539);
#7538 = CARTESIAN_POINT('',(0.,-0.));
#7539 = VECTOR('',#7540,1.);
#7540 = DIRECTION('',(0.,1.));
#7541 = ( GEOMETRIC_REPRESENTATION_CONTEXT(2) 
PARAMETRIC_REPRESENTATION_CONTEXT() REPRESENTATION_CONTEXT('2D SPACE',''
  ) );
#7542 = ORIENTED_EDGE('',*,*,#2400,.T.);
#7543 = ORIENTED_EDGE('',*,*,#7522,.T.);
#7544 = ADVANCED_FACE('',(#7545),#2456,.F.);
#7545 = FACE_BOUND('',#7546,.F.);
#7546 = EDGE_LOOP('',(#7547,#7548,#7569,#7570));
#7547 = ORIENTED_EDGE('',*,*,#5176,.F.);
#7548 = ORIENTED_EDGE('',*,*,#7549,.F.);
#7549 = EDGE_CURVE('',#2436,#5177,#7550,.T.);
#7550 = SEAM_CURVE('',#7551,(#7555,#7562),.PCURVE_S1.);
#7551 = LINE('',#7552,#7553);
#7552 = CARTESIAN_POINT('',(2.84975E+03,155.,10.));
#7553 = VECTOR('',#7554,1.);
#7554 = DIRECTION('',(0.,0.,-1.));
#7555 = PCURVE('',#2456,#7556);
#7556 = DEFINITIONAL_REPRESENTATION('',(#7557),#7561);
#7557 = LINE('',#7558,#7559);
#7558 = CARTESIAN_POINT('',(6.28318530718,-0.));
#7559 = VECTOR('',#7560,1.);
#7560 = DIRECTION('',(0.,1.));
#7561 = ( GEOMETRIC_REPRESENTATION_CONTEXT(2) 
PARAMETRIC_REPRESENTATION_CONTEXT() REPRESENTATION_CONTEXT('2D SPACE',''
  ) );
#7562 = PCURVE('',#2456,#7563);
#7563 = DEFINITIONAL_REPRESENTATION('',(#7564),#7568);
#7564 = LINE('',#7565,#7566);
#7565 = CARTESIAN_POINT('',(0.,-0.));
#7566 = VECTOR('',#7567,1.);
#7567 = DIRECTION('',(0.,1.));
#7568 = ( GEOMETRIC_REPRESENTATION_CONTEXT(2) 
PARAMETRIC_REPRESENTATION_CONTEXT() REPRESENTATION_CONTEXT('2D SPACE',''
  ) );
#7569 = ORIENTED_EDGE('',*,*,#2435,.T.);
#7570 = ORIENTED_EDGE('',*,*,#7549,.T.);
#7571 = ADVANCED_FACE('',(#7572),#2491,.F.);
#7572 = FACE_BOUND('',#7573,.F.);
#7573 = EDGE_LOOP('',(#7574,#7575,#7596,#7597));
#7574 = ORIENTED_EDGE('',*,*,#5206,.F.);
#7575 = ORIENTED_EDGE('',*,*,#7576,.F.);
#7576 = EDGE_CURVE('',#2471,#5207,#7577,.T.);
#7577 = SEAM_CURVE('',#7578,(#7582,#7589),.PCURVE_S1.);
#7578 = LINE('',#7579,#7580);
#7579 = CARTESIAN_POINT('',(3.19475E+03,155.,10.));
#7580 = VECTOR('',#7581,1.);
#7581 = DIRECTION('',(0.,0.,-1.));
#7582 = PCURVE('',#2491,#7583);
#7583 = DEFINITIONAL_REPRESENTATION('',(#7584),#7588);
#7584 = LINE('',#7585,#7586);
#7585 = CARTESIAN_POINT('',(6.28318530718,-0.));
#7586 = VECTOR('',#7587,1.);
#7587 = DIRECTION('',(0.,1.));
#7588 = ( GEOMETRIC_REPRESENTATION_CONTEXT(2) 
PARAMETRIC_REPRESENTATION_CONTEXT() REPRESENTATION_CONTEXT('2D SPACE',''
  ) );
#7589 = PCURVE('',#2491,#7590);
#7590 = DEFINITIONAL_REPRESENTATION('',(#7591),#7595);
#7591 = LINE('',#7592,#7593);
#7592 = CARTESIAN_POINT('',(0.,-0.));
#7593 = VECTOR('',#7594,1.);
#7594 = DIRECTION('',(0.,1.));
#7595 = ( GEOMETRIC_REPRESENTATION_CONTEXT(2) 
PARAMETRIC_REPRESENTATION_CONTEXT() REPRESENTATION_CONTEXT('2D SPACE',''
  ) );
#7596 = ORIENTED_EDGE('',*,*,#2470,.T.);
#7597 = ORIENTED_EDGE('',*,*,#7576,.T.);
#7598 = ADVANCED_FACE('',(#7599),#2526,.F.);
#7599 = FACE_BOUND('',#7600,.F.);
#7600 = EDGE_LOOP('',(#7601,#7602,#7623,#7624));
#7601 = ORIENTED_EDGE('',*,*,#5236,.F.);
#7602 = ORIENTED_EDGE('',*,*,#7603,.F.);
#7603 = EDGE_CURVE('',#2506,#5237,#7604,.T.);
#7604 = SEAM_CURVE('',#7605,(#7609,#7616),.PCURVE_S1.);
#7605 = LINE('',#7606,#7607);
#7606 = CARTESIAN_POINT('',(3.54475E+03,155.,10.));
#7607 = VECTOR('',#7608,1.);
#7608 = DIRECTION('',(0.,0.,-1.));
#7609 = PCURVE('',#2526,#7610);
#7610 = DEFINITIONAL_REPRESENTATION('',(#7611),#7615);
#7611 = LINE('',#7612,#7613);
#7612 = CARTESIAN_POINT('',(6.28318530718,-0.));
#7613 = VECTOR('',#7614,1.);
#7614 = DIRECTION('',(0.,1.));
#7615 = ( GEOMETRIC_REPRESENTATION_CONTEXT(2) 
PARAMETRIC_REPRESENTATION_CONTEXT() REPRESENTATION_CONTEXT('2D SPACE',''
  ) );
#7616 = PCURVE('',#2526,#7617);
#7617 = DEFINITIONAL_REPRESENTATION('',(#7618),#7622);
#7618 = LINE('',#7619,#7620);
#7619 = CARTESIAN_POINT('',(0.,-0.));
#7620 = VECTOR('',#7621,1.);
#7621 = DIRECTION('',(0.,1.));
#7622 = ( GEOMETRIC_REPRESENTATION_CONTEXT(2) 
PARAMETRIC_REPRESENTATION_CONTEXT() REPRESENTATION_CONTEXT('2D SPACE',''
  ) );
#7623 = ORIENTED_EDGE('',*,*,#2505,.T.);
#7624 = ORIENTED_EDGE('',*,*,#7603,.T.);
#7625 = ADVANCED_FACE('',(#7626),#2561,.F.);
#7626 = FACE_BOUND('',#7627,.F.);
#7627 = EDGE_LOOP('',(#7628,#7629,#7650,#7651));
#7628 = ORIENTED_EDGE('',*,*,#5266,.F.);
#7629 = ORIENTED_EDGE('',*,*,#7630,.F.);
#7630 = EDGE_CURVE('',#2541,#5267,#7631,.T.);
#7631 = SEAM_CURVE('',#7632,(#7636,#7643),.PCURVE_S1.);
#7632 = LINE('',#7633,#7634);
#7633 = CARTESIAN_POINT('',(3.89475E+03,155.,10.));
#7634 = VECTOR('',#7635,1.);
#7635 = DIRECTION('',(0.,0.,-1.));
#7636 = PCURVE('',#2561,#7637);
#7637 = DEFINITIONAL_REPRESENTATION('',(#7638),#7642);
#7638 = LINE('',#7639,#7640);
#7639 = CARTESIAN_POINT('',(6.28318530718,-0.));
#7640 = VECTOR('',#7641,1.);
#7641 = DIRECTION('',(0.,1.));
#7642 = ( GEOMETRIC_REPRESENTATION_CONTEXT(2) 
PARAMETRIC_REPRESENTATION_CONTEXT() REPRESENTATION_CONTEXT('2D SPACE',''
  ) );
#7643 = PCURVE('',#2561,#7644);
#7644 = DEFINITIONAL_REPRESENTATION('',(#7645),#7649);
#7645 = LINE('',#7646,#7647);
#7646 = CARTESIAN_POINT('',(0.,-0.));
#7647 = VECTOR('',#7648,1.);
#7648 = DIRECTION('',(0.,1.));
#7649 = ( GEOMETRIC_REPRESENTATION_CONTEXT(2) 
PARAMETRIC_REPRESENTATION_CONTEXT() REPRESENTATION_CONTEXT('2D SPACE',''
  ) );
#7650 = ORIENTED_EDGE('',*,*,#2540,.T.);
#7651 = ORIENTED_EDGE('',*,*,#7630,.T.);
#7652 = ADVANCED_FACE('',(#7653),#2596,.F.);
#7653 = FACE_BOUND('',#7654,.F.);
#7654 = EDGE_LOOP('',(#7655,#7656,#7677,#7678));
#7655 = ORIENTED_EDGE('',*,*,#5296,.F.);
#7656 = ORIENTED_EDGE('',*,*,#7657,.F.);
#7657 = EDGE_CURVE('',#2576,#5297,#7658,.T.);
#7658 = SEAM_CURVE('',#7659,(#7663,#7670),.PCURVE_S1.);
#7659 = LINE('',#7660,#7661);
#7660 = CARTESIAN_POINT('',(4.04475E+03,155.,10.));
#7661 = VECTOR('',#7662,1.);
#7662 = DIRECTION('',(0.,0.,-1.));
#7663 = PCURVE('',#2596,#7664);
#7664 = DEFINITIONAL_REPRESENTATION('',(#7665),#7669);
#7665 = LINE('',#7666,#7667);
#7666 = CARTESIAN_POINT('',(6.28318530718,-0.));
#7667 = VECTOR('',#7668,1.);
#7668 = DIRECTION('',(0.,1.));
#7669 = ( GEOMETRIC_REPRESENTATION_CONTEXT(2) 
PARAMETRIC_REPRESENTATION_CONTEXT() REPRESENTATION_CONTEXT('2D SPACE',''
  ) );
#7670 = PCURVE('',#2596,#7671);
#7671 = DEFINITIONAL_REPRESENTATION('',(#7672),#7676);
#7672 = LINE('',#7673,#7674);
#7673 = CARTESIAN_POINT('',(0.,-0.));
#7674 = VECTOR('',#7675,1.);
#7675 = DIRECTION('',(0.,1.));
#7676 = ( GEOMETRIC_REPRESENTATION_CONTEXT(2) 
PARAMETRIC_REPRESENTATION_CONTEXT() REPRESENTATION_CONTEXT('2D SPACE',''
  ) );
#7677 = ORIENTED_EDGE('',*,*,#2575,.T.);
#7678 = ORIENTED_EDGE('',*,*,#7657,.T.);
#7679 = ADVANCED_FACE('',(#7680),#2631,.F.);
#7680 = FACE_BOUND('',#7681,.F.);
#7681 = EDGE_LOOP('',(#7682,#7683,#7704,#7705));
#7682 = ORIENTED_EDGE('',*,*,#5326,.F.);
#7683 = ORIENTED_EDGE('',*,*,#7684,.F.);
#7684 = EDGE_CURVE('',#2611,#5327,#7685,.T.);
#7685 = SEAM_CURVE('',#7686,(#7690,#7697),.PCURVE_S1.);
#7686 = LINE('',#7687,#7688);
#7687 = CARTESIAN_POINT('',(4.19475E+03,155.,10.));
#7688 = VECTOR('',#7689,1.);
#7689 = DIRECTION('',(0.,0.,-1.));
#7690 = PCURVE('',#2631,#7691);
#7691 = DEFINITIONAL_REPRESENTATION('',(#7692),#7696);
#7692 = LINE('',#7693,#7694);
#7693 = CARTESIAN_POINT('',(6.28318530718,-0.));
#7694 = VECTOR('',#7695,1.);
#7695 = DIRECTION('',(0.,1.));
#7696 = ( GEOMETRIC_REPRESENTATION_CONTEXT(2) 
PARAMETRIC_REPRESENTATION_CONTEXT() REPRESENTATION_CONTEXT('2D SPACE',''
  ) );
#7697 = PCURVE('',#2631,#7698);
#7698 = DEFINITIONAL_REPRESENTATION('',(#7699),#7703);
#7699 = LINE('',#7700,#7701);
#7700 = CARTESIAN_POINT('',(0.,-0.));
#7701 = VECTOR('',#7702,1.);
#7702 = DIRECTION('',(0.,1.));
#7703 = ( GEOMETRIC_REPRESENTATION_CONTEXT(2) 
PARAMETRIC_REPRESENTATION_CONTEXT() REPRESENTATION_CONTEXT('2D SPACE',''
  ) );
#7704 = ORIENTED_EDGE('',*,*,#2610,.T.);
#7705 = ORIENTED_EDGE('',*,*,#7684,.T.);
#7706 = ADVANCED_FACE('',(#7707),#2666,.F.);
#7707 = FACE_BOUND('',#7708,.F.);
#7708 = EDGE_LOOP('',(#7709,#7710,#7731,#7732));
#7709 = ORIENTED_EDGE('',*,*,#5356,.F.);
#7710 = ORIENTED_EDGE('',*,*,#7711,.F.);
#7711 = EDGE_CURVE('',#2646,#5357,#7712,.T.);
#7712 = SEAM_CURVE('',#7713,(#7717,#7724),.PCURVE_S1.);
#7713 = LINE('',#7714,#7715);
#7714 = CARTESIAN_POINT('',(4.34475E+03,155.,10.));
#7715 = VECTOR('',#7716,1.);
#7716 = DIRECTION('',(0.,0.,-1.));
#7717 = PCURVE('',#2666,#7718);
#7718 = DEFINITIONAL_REPRESENTATION('',(#7719),#7723);
#7719 = LINE('',#7720,#7721);
#7720 = CARTESIAN_POINT('',(6.28318530718,-0.));
#7721 = VECTOR('',#7722,1.);
#7722 = DIRECTION('',(0.,1.));
#7723 = ( GEOMETRIC_REPRESENTATION_CONTEXT(2) 
PARAMETRIC_REPRESENTATION_CONTEXT() REPRESENTATION_CONTEXT('2D SPACE',''
  ) );
#7724 = PCURVE('',#2666,#7725);
#7725 = DEFINITIONAL_REPRESENTATION('',(#7726),#7730);
#7726 = LINE('',#7727,#7728);
#7727 = CARTESIAN_POINT('',(0.,-0.));
#7728 = VECTOR('',#7729,1.);
#7729 = DIRECTION('',(0.,1.));
#7730 = ( GEOMETRIC_REPRESENTATION_CONTEXT(2) 
PARAMETRIC_REPRESENTATION_CONTEXT() REPRESENTATION_CONTEXT('2D SPACE',''
  ) );
#7731 = ORIENTED_EDGE('',*,*,#2645,.T.);
#7732 = ORIENTED_EDGE('',*,*,#7711,.T.);
#7733 = ADVANCED_FACE('',(#7734),#2701,.F.);
#7734 = FACE_BOUND('',#7735,.F.);
#7735 = EDGE_LOOP('',(#7736,#7737,#7758,#7759));
#7736 = ORIENTED_EDGE('',*,*,#5386,.F.);
#7737 = ORIENTED_EDGE('',*,*,#7738,.F.);
#7738 = EDGE_CURVE('',#2681,#5387,#7739,.T.);
#7739 = SEAM_CURVE('',#7740,(#7744,#7751),.PCURVE_S1.);
#7740 = LINE('',#7741,#7742);
#7741 = CARTESIAN_POINT('',(4.49475E+03,155.,10.));
#7742 = VECTOR('',#7743,1.);
#7743 = DIRECTION('',(0.,0.,-1.));
#7744 = PCURVE('',#2701,#7745);
#7745 = DEFINITIONAL_REPRESENTATION('',(#7746),#7750);
#7746 = LINE('',#7747,#7748);
#7747 = CARTESIAN_POINT('',(6.28318530718,-0.));
#7748 = VECTOR('',#7749,1.);
#7749 = DIRECTION('',(0.,1.));
#7750 = ( GEOMETRIC_REPRESENTATION_CONTEXT(2) 
PARAMETRIC_REPRESENTATION_CONTEXT() REPRESENTATION_CONTEXT('2D SPACE',''
  ) );
#7751 = PCURVE('',#2701,#7752);
#7752 = DEFINITIONAL_REPRESENTATION('',(#7753),#7757);
#7753 = LINE('',#7754,#7755);
#7754 = CARTESIAN_POINT('',(0.,-0.));
#7755 = VECTOR('',#7756,1.);
#7756 = DIRECTION('',(0.,1.));
#7757 = ( GEOMETRIC_REPRESENTATION_CONTEXT(2) 
PARAMETRIC_REPRESENTATION_CONTEXT() REPRESENTATION_CONTEXT('2D SPACE',''
  ) );
#7758 = ORIENTED_EDGE('',*,*,#2680,.T.);
#7759 = ORIENTED_EDGE('',*,*,#7738,.T.);
#7760 = ADVANCED_FACE('',(#7761),#2736,.F.);
#7761 = FACE_BOUND('',#7762,.F.);
#7762 = EDGE_LOOP('',(#7763,#7764,#7785,#7786));
#7763 = ORIENTED_EDGE('',*,*,#5416,.F.);
#7764 = ORIENTED_EDGE('',*,*,#7765,.F.);
#7765 = EDGE_CURVE('',#2716,#5417,#7766,.T.);
#7766 = SEAM_CURVE('',#7767,(#7771,#7778),.PCURVE_S1.);
#7767 = LINE('',#7768,#7769);
#7768 = CARTESIAN_POINT('',(4.64475E+03,155.,10.));
#7769 = VECTOR('',#7770,1.);
#7770 = DIRECTION('',(0.,0.,-1.));
#7771 = PCURVE('',#2736,#7772);
#7772 = DEFINITIONAL_REPRESENTATION('',(#7773),#7777);
#7773 = LINE('',#7774,#7775);
#7774 = CARTESIAN_POINT('',(6.28318530718,-0.));
#7775 = VECTOR('',#7776,1.);
#7776 = DIRECTION('',(0.,1.));
#7777 = ( GEOMETRIC_REPRESENTATION_CONTEXT(2) 
PARAMETRIC_REPRESENTATION_CONTEXT() REPRESENTATION_CONTEXT('2D SPACE',''
  ) );
#7778 = PCURVE('',#2736,#7779);
#7779 = DEFINITIONAL_REPRESENTATION('',(#7780),#7784);
#7780 = LINE('',#7781,#7782);
#7781 = CARTESIAN_POINT('',(0.,-0.));
#7782 = VECTOR('',#7783,1.);
#7783 = DIRECTION('',(0.,1.));
#7784 = ( GEOMETRIC_REPRESENTATION_CONTEXT(2) 
PARAMETRIC_REPRESENTATION_CONTEXT() REPRESENTATION_CONTEXT('2D SPACE',''
  ) );
#7785 = ORIENTED_EDGE('',*,*,#2715,.T.);
#7786 = ORIENTED_EDGE('',*,*,#7765,.T.);
#7787 = ADVANCED_FACE('',(#7788),#2771,.F.);
#7788 = FACE_BOUND('',#7789,.F.);
#7789 = EDGE_LOOP('',(#7790,#7791,#7812,#7813));
#7790 = ORIENTED_EDGE('',*,*,#5446,.F.);
#7791 = ORIENTED_EDGE('',*,*,#7792,.F.);
#7792 = EDGE_CURVE('',#2751,#5447,#7793,.T.);
#7793 = SEAM_CURVE('',#7794,(#7798,#7805),.PCURVE_S1.);
#7794 = LINE('',#7795,#7796);
#7795 = CARTESIAN_POINT('',(4.79475E+03,155.,10.));
#7796 = VECTOR('',#7797,1.);
#7797 = DIRECTION('',(0.,0.,-1.));
#7798 = PCURVE('',#2771,#7799);
#7799 = DEFINITIONAL_REPRESENTATION('',(#7800),#7804);
#7800 = LINE('',#7801,#7802);
#7801 = CARTESIAN_POINT('',(6.28318530718,-0.));
#7802 = VECTOR('',#7803,1.);
#7803 = DIRECTION('',(0.,1.));
#7804 = ( GEOMETRIC_REPRESENTATION_CONTEXT(2) 
PARAMETRIC_REPRESENTATION_CONTEXT() REPRESENTATION_CONTEXT('2D SPACE',''
  ) );
#7805 = PCURVE('',#2771,#7806);
#7806 = DEFINITIONAL_REPRESENTATION('',(#7807),#7811);
#7807 = LINE('',#7808,#7809);
#7808 = CARTESIAN_POINT('',(0.,-0.));
#7809 = VECTOR('',#7810,1.);
#7810 = DIRECTION('',(0.,1.));
#7811 = ( GEOMETRIC_REPRESENTATION_CONTEXT(2) 
PARAMETRIC_REPRESENTATION_CONTEXT() REPRESENTATION_CONTEXT('2D SPACE',''
  ) );
#7812 = ORIENTED_EDGE('',*,*,#2750,.T.);
#7813 = ORIENTED_EDGE('',*,*,#7792,.T.);
#7814 = ADVANCED_FACE('',(#7815),#2806,.F.);
#7815 = FACE_BOUND('',#7816,.F.);
#7816 = EDGE_LOOP('',(#7817,#7818,#7839,#7840));
#7817 = ORIENTED_EDGE('',*,*,#5476,.F.);
#7818 = ORIENTED_EDGE('',*,*,#7819,.F.);
#7819 = EDGE_CURVE('',#2786,#5477,#7820,.T.);
#7820 = SEAM_CURVE('',#7821,(#7825,#7832),.PCURVE_S1.);
#7821 = LINE('',#7822,#7823);
#7822 = CARTESIAN_POINT('',(4.94475E+03,155.,10.));
#7823 = VECTOR('',#7824,1.);
#7824 = DIRECTION('',(0.,0.,-1.));
#7825 = PCURVE('',#2806,#7826);
#7826 = DEFINITIONAL_REPRESENTATION('',(#7827),#7831);
#7827 = LINE('',#7828,#7829);
#7828 = CARTESIAN_POINT('',(6.28318530718,-0.));
#7829 = VECTOR('',#7830,1.);
#7830 = DIRECTION('',(0.,1.));
#7831 = ( GEOMETRIC_REPRESENTATION_CONTEXT(2) 
PARAMETRIC_REPRESENTATION_CONTEXT() REPRESENTATION_CONTEXT('2D SPACE',''
  ) );
#7832 = PCURVE('',#2806,#7833);
#7833 = DEFINITIONAL_REPRESENTATION('',(#7834),#7838);
#7834 = LINE('',#7835,#7836);
#7835 = CARTESIAN_POINT('',(0.,-0.));
#7836 = VECTOR('',#7837,1.);
#7837 = DIRECTION('',(0.,1.));
#7838 = ( GEOMETRIC_REPRESENTATION_CONTEXT(2) 
PARAMETRIC_REPRESENTATION_CONTEXT() REPRESENTATION_CONTEXT('2D SPACE',''
  ) );
#7839 = ORIENTED_EDGE('',*,*,#2785,.T.);
#7840 = ORIENTED_EDGE('',*,*,#7819,.T.);
#7841 = ADVANCED_FACE('',(#7842),#2841,.F.);
#7842 = FACE_BOUND('',#7843,.F.);
#7843 = EDGE_LOOP('',(#7844,#7845,#7866,#7867));
#7844 = ORIENTED_EDGE('',*,*,#5506,.F.);
#7845 = ORIENTED_EDGE('',*,*,#7846,.F.);
#7846 = EDGE_CURVE('',#2821,#5507,#7847,.T.);
#7847 = SEAM_CURVE('',#7848,(#7852,#7859),.PCURVE_S1.);
#7848 = LINE('',#7849,#7850);
#7849 = CARTESIAN_POINT('',(5.09475E+03,155.,10.));
#7850 = VECTOR('',#7851,1.);
#7851 = DIRECTION('',(0.,0.,-1.));
#7852 = PCURVE('',#2841,#7853);
#7853 = DEFINITIONAL_REPRESENTATION('',(#7854),#7858);
#7854 = LINE('',#7855,#7856);
#7855 = CARTESIAN_POINT('',(6.28318530718,-0.));
#7856 = VECTOR('',#7857,1.);
#7857 = DIRECTION('',(0.,1.));
#7858 = ( GEOMETRIC_REPRESENTATION_CONTEXT(2) 
PARAMETRIC_REPRESENTATION_CONTEXT() REPRESENTATION_CONTEXT('2D SPACE',''
  ) );
#7859 = PCURVE('',#2841,#7860);
#7860 = DEFINITIONAL_REPRESENTATION('',(#7861),#7865);
#7861 = LINE('',#7862,#7863);
#7862 = CARTESIAN_POINT('',(0.,-0.));
#7863 = VECTOR('',#7864,1.);
#7864 = DIRECTION('',(0.,1.));
#7865 = ( GEOMETRIC_REPRESENTATION_CONTEXT(2) 
PARAMETRIC_REPRESENTATION_CONTEXT() REPRESENTATION_CONTEXT('2D SPACE',''
  ) );
#7866 = ORIENTED_EDGE('',*,*,#2820,.T.);
#7867 = ORIENTED_EDGE('',*,*,#7846,.T.);
#7868 = ADVANCED_FACE('',(#7869),#2876,.F.);
#7869 = FACE_BOUND('',#7870,.F.);
#7870 = EDGE_LOOP('',(#7871,#7872,#7893,#7894));
#7871 = ORIENTED_EDGE('',*,*,#5536,.F.);
#7872 = ORIENTED_EDGE('',*,*,#7873,.F.);
#7873 = EDGE_CURVE('',#2856,#5537,#7874,.T.);
#7874 = SEAM_CURVE('',#7875,(#7879,#7886),.PCURVE_S1.);
#7875 = LINE('',#7876,#7877);
#7876 = CARTESIAN_POINT('',(5.16475E+03,155.,10.));
#7877 = VECTOR('',#7878,1.);
#7878 = DIRECTION('',(0.,0.,-1.));
#7879 = PCURVE('',#2876,#7880);
#7880 = DEFINITIONAL_REPRESENTATION('',(#7881),#7885);
#7881 = LINE('',#7882,#7883);
#7882 = CARTESIAN_POINT('',(6.28318530718,-0.));
#7883 = VECTOR('',#7884,1.);
#7884 = DIRECTION('',(0.,1.));
#7885 = ( GEOMETRIC_REPRESENTATION_CONTEXT(2) 
PARAMETRIC_REPRESENTATION_CONTEXT() REPRESENTATION_CONTEXT('2D SPACE',''
  ) );
#7886 = PCURVE('',#2876,#7887);
#7887 = DEFINITIONAL_REPRESENTATION('',(#7888),#7892);
#7888 = LINE('',#7889,#7890);
#7889 = CARTESIAN_POINT('',(0.,-0.));
#7890 = VECTOR('',#7891,1.);
#7891 = DIRECTION('',(0.,1.));
#7892 = ( GEOMETRIC_REPRESENTATION_CONTEXT(2) 
PARAMETRIC_REPRESENTATION_CONTEXT() REPRESENTATION_CONTEXT('2D SPACE',''
  ) );
#7893 = ORIENTED_EDGE('',*,*,#2855,.T.);
#7894 = ORIENTED_EDGE('',*,*,#7873,.T.);
#7895 = ADVANCED_FACE('',(#7896),#2911,.F.);
#7896 = FACE_BOUND('',#7897,.F.);
#7897 = EDGE_LOOP('',(#7898,#7899,#7920,#7921));
#7898 = ORIENTED_EDGE('',*,*,#5566,.F.);
#7899 = ORIENTED_EDGE('',*,*,#7900,.F.);
#7900 = EDGE_CURVE('',#2891,#5567,#7901,.T.);
#7901 = SEAM_CURVE('',#7902,(#7906,#7913),.PCURVE_S1.);
#7902 = LINE('',#7903,#7904);
#7903 = CARTESIAN_POINT('',(5.23475E+03,155.,10.));
#7904 = VECTOR('',#7905,1.);
#7905 = DIRECTION('',(0.,0.,-1.));
#7906 = PCURVE('',#2911,#7907);
#7907 = DEFINITIONAL_REPRESENTATION('',(#7908),#7912);
#7908 = LINE('',#7909,#7910);
#7909 = CARTESIAN_POINT('',(6.28318530718,-0.));
#7910 = VECTOR('',#7911,1.);
#7911 = DIRECTION('',(0.,1.));
#7912 = ( GEOMETRIC_REPRESENTATION_CONTEXT(2) 
PARAMETRIC_REPRESENTATION_CONTEXT() REPRESENTATION_CONTEXT('2D SPACE',''
  ) );
#7913 = PCURVE('',#2911,#7914);
#7914 = DEFINITIONAL_REPRESENTATION('',(#7915),#7919);
#7915 = LINE('',#7916,#7917);
#7916 = CARTESIAN_POINT('',(0.,-0.));
#7917 = VECTOR('',#7918,1.);
#7918 = DIRECTION('',(0.,1.));
#7919 = ( GEOMETRIC_REPRESENTATION_CONTEXT(2) 
PARAMETRIC_REPRESENTATION_CONTEXT() REPRESENTATION_CONTEXT('2D SPACE',''
  ) );
#7920 = ORIENTED_EDGE('',*,*,#2890,.T.);
#7921 = ORIENTED_EDGE('',*,*,#7900,.T.);
#7922 = ADVANCED_FACE('',(#7923),#2946,.F.);
#7923 = FACE_BOUND('',#7924,.F.);
#7924 = EDGE_LOOP('',(#7925,#7926,#7947,#7948));
#7925 = ORIENTED_EDGE('',*,*,#5596,.F.);
#7926 = ORIENTED_EDGE('',*,*,#7927,.F.);
#7927 = EDGE_CURVE('',#2926,#5597,#7928,.T.);
#7928 = SEAM_CURVE('',#7929,(#7933,#7940),.PCURVE_S1.);
#7929 = LINE('',#7930,#7931);
#7930 = CARTESIAN_POINT('',(5.30475E+03,155.,10.));
#7931 = VECTOR('',#7932,1.);
#7932 = DIRECTION('',(0.,0.,-1.));
#7933 = PCURVE('',#2946,#7934);
#7934 = DEFINITIONAL_REPRESENTATION('',(#7935),#7939);
#7935 = LINE('',#7936,#7937);
#7936 = CARTESIAN_POINT('',(6.28318530718,-0.));
#7937 = VECTOR('',#7938,1.);
#7938 = DIRECTION('',(0.,1.));
#7939 = ( GEOMETRIC_REPRESENTATION_CONTEXT(2) 
PARAMETRIC_REPRESENTATION_CONTEXT() REPRESENTATION_CONTEXT('2D SPACE',''
  ) );
#7940 = PCURVE('',#2946,#7941);
#7941 = DEFINITIONAL_REPRESENTATION('',(#7942),#7946);
#7942 = LINE('',#7943,#7944);
#7943 = CARTESIAN_POINT('',(0.,-0.));
#7944 = VECTOR('',#7945,1.);
#7945 = DIRECTION('',(0.,1.));
#7946 = ( GEOMETRIC_REPRESENTATION_CONTEXT(2) 
PARAMETRIC_REPRESENTATION_CONTEXT() REPRESENTATION_CONTEXT('2D SPACE',''
  ) );
#7947 = ORIENTED_EDGE('',*,*,#2925,.T.);
#7948 = ORIENTED_EDGE('',*,*,#7927,.T.);
#7949 = ADVANCED_FACE('',(#7950),#2981,.F.);
#7950 = FACE_BOUND('',#7951,.F.);
#7951 = EDGE_LOOP('',(#7952,#7953,#7974,#7975));
#7952 = ORIENTED_EDGE('',*,*,#5626,.F.);
#7953 = ORIENTED_EDGE('',*,*,#7954,.F.);
#7954 = EDGE_CURVE('',#2961,#5627,#7955,.T.);
#7955 = SEAM_CURVE('',#7956,(#7960,#7967),.PCURVE_S1.);
#7956 = LINE('',#7957,#7958);
#7957 = CARTESIAN_POINT('',(5.37475E+03,155.,10.));
#7958 = VECTOR('',#7959,1.);
#7959 = DIRECTION('',(0.,0.,-1.));
#7960 = PCURVE('',#2981,#7961);
#7961 = DEFINITIONAL_REPRESENTATION('',(#7962),#7966);
#7962 = LINE('',#7963,#7964);
#7963 = CARTESIAN_POINT('',(6.28318530718,-0.));
#7964 = VECTOR('',#7965,1.);
#7965 = DIRECTION('',(0.,1.));
#7966 = ( GEOMETRIC_REPRESENTATION_CONTEXT(2) 
PARAMETRIC_REPRESENTATION_CONTEXT() REPRESENTATION_CONTEXT('2D SPACE',''
  ) );
#7967 = PCURVE('',#2981,#7968);
#7968 = DEFINITIONAL_REPRESENTATION('',(#7969),#7973);
#7969 = LINE('',#7970,#7971);
#7970 = CARTESIAN_POINT('',(0.,-0.));
#7971 = VECTOR('',#7972,1.);
#7972 = DIRECTION('',(0.,1.));
#7973 = ( GEOMETRIC_REPRESENTATION_CONTEXT(2) 
PARAMETRIC_REPRESENTATION_CONTEXT() REPRESENTATION_CONTEXT('2D SPACE',''
  ) );
#7974 = ORIENTED_EDGE('',*,*,#2960,.T.);
#7975 = ORIENTED_EDGE('',*,*,#7954,.T.);
#7976 = ADVANCED_FACE('',(#7977),#3016,.F.);
#7977 = FACE_BOUND('',#7978,.F.);
#7978 = EDGE_LOOP('',(#7979,#7980,#8001,#8002));
#7979 = ORIENTED_EDGE('',*,*,#5656,.F.);
#7980 = ORIENTED_EDGE('',*,*,#7981,.F.);
#7981 = EDGE_CURVE('',#2996,#5657,#7982,.T.);
#7982 = SEAM_CURVE('',#7983,(#7987,#7994),.PCURVE_S1.);
#7983 = LINE('',#7984,#7985);
#7984 = CARTESIAN_POINT('',(5.44475E+03,155.,10.));
#7985 = VECTOR('',#7986,1.);
#7986 = DIRECTION('',(0.,0.,-1.));
#7987 = PCURVE('',#3016,#7988);
#7988 = DEFINITIONAL_REPRESENTATION('',(#7989),#7993);
#7989 = LINE('',#7990,#7991);
#7990 = CARTESIAN_POINT('',(6.28318530718,-0.));
#7991 = VECTOR('',#7992,1.);
#7992 = DIRECTION('',(0.,1.));
#7993 = ( GEOMETRIC_REPRESENTATION_CONTEXT(2) 
PARAMETRIC_REPRESENTATION_CONTEXT() REPRESENTATION_CONTEXT('2D SPACE',''
  ) );
#7994 = PCURVE('',#3016,#7995);
#7995 = DEFINITIONAL_REPRESENTATION('',(#7996),#8000);
#7996 = LINE('',#7997,#7998);
#7997 = CARTESIAN_POINT('',(0.,-0.));
#7998 = VECTOR('',#7999,1.);
#7999 = DIRECTION('',(0.,1.));
#8000 = ( GEOMETRIC_REPRESENTATION_CONTEXT(2) 
PARAMETRIC_REPRESENTATION_CONTEXT() REPRESENTATION_CONTEXT('2D SPACE',''
  ) );
#8001 = ORIENTED_EDGE('',*,*,#2995,.T.);
#8002 = ORIENTED_EDGE('',*,*,#7981,.T.);
#8003 = ADVANCED_FACE('',(#8004),#3051,.F.);
#8004 = FACE_BOUND('',#8005,.F.);
#8005 = EDGE_LOOP('',(#8006,#8007,#8028,#8029));
#8006 = ORIENTED_EDGE('',*,*,#5686,.F.);
#8007 = ORIENTED_EDGE('',*,*,#8008,.F.);
#8008 = EDGE_CURVE('',#3031,#5687,#8009,.T.);
#8009 = SEAM_CURVE('',#8010,(#8014,#8021),.PCURVE_S1.);
#8010 = LINE('',#8011,#8012);
#8011 = CARTESIAN_POINT('',(5.51475E+03,155.,10.));
#8012 = VECTOR('',#8013,1.);
#8013 = DIRECTION('',(0.,0.,-1.));
#8014 = PCURVE('',#3051,#8015);
#8015 = DEFINITIONAL_REPRESENTATION('',(#8016),#8020);
#8016 = LINE('',#8017,#8018);
#8017 = CARTESIAN_POINT('',(6.28318530718,-0.));
#8018 = VECTOR('',#8019,1.);
#8019 = DIRECTION('',(0.,1.));
#8020 = ( GEOMETRIC_REPRESENTATION_CONTEXT(2) 
PARAMETRIC_REPRESENTATION_CONTEXT() REPRESENTATION_CONTEXT('2D SPACE',''
  ) );
#8021 = PCURVE('',#3051,#8022);
#8022 = DEFINITIONAL_REPRESENTATION('',(#8023),#8027);
#8023 = LINE('',#8024,#8025);
#8024 = CARTESIAN_POINT('',(0.,-0.));
#8025 = VECTOR('',#8026,1.);
#8026 = DIRECTION('',(0.,1.));
#8027 = ( GEOMETRIC_REPRESENTATION_CONTEXT(2) 
PARAMETRIC_REPRESENTATION_CONTEXT() REPRESENTATION_CONTEXT('2D SPACE',''
  ) );
#8028 = ORIENTED_EDGE('',*,*,#3030,.T.);
#8029 = ORIENTED_EDGE('',*,*,#8008,.T.);
#8030 = ADVANCED_FACE('',(#8031),#3086,.F.);
#8031 = FACE_BOUND('',#8032,.F.);
#8032 = EDGE_LOOP('',(#8033,#8034,#8055,#8056));
#8033 = ORIENTED_EDGE('',*,*,#5716,.F.);
#8034 = ORIENTED_EDGE('',*,*,#8035,.F.);
#8035 = EDGE_CURVE('',#3066,#5717,#8036,.T.);
#8036 = SEAM_CURVE('',#8037,(#8041,#8048),.PCURVE_S1.);
#8037 = LINE('',#8038,#8039);
#8038 = CARTESIAN_POINT('',(5.58475E+03,155.,10.));
#8039 = VECTOR('',#8040,1.);
#8040 = DIRECTION('',(0.,0.,-1.));
#8041 = PCURVE('',#3086,#8042);
#8042 = DEFINITIONAL_REPRESENTATION('',(#8043),#8047);
#8043 = LINE('',#8044,#8045);
#8044 = CARTESIAN_POINT('',(6.28318530718,-0.));
#8045 = VECTOR('',#8046,1.);
#8046 = DIRECTION('',(0.,1.));
#8047 = ( GEOMETRIC_REPRESENTATION_CONTEXT(2) 
PARAMETRIC_REPRESENTATION_CONTEXT() REPRESENTATION_CONTEXT('2D SPACE',''
  ) );
#8048 = PCURVE('',#3086,#8049);
#8049 = DEFINITIONAL_REPRESENTATION('',(#8050),#8054);
#8050 = LINE('',#8051,#8052);
#8051 = CARTESIAN_POINT('',(0.,-0.));
#8052 = VECTOR('',#8053,1.);
#8053 = DIRECTION('',(0.,1.));
#8054 = ( GEOMETRIC_REPRESENTATION_CONTEXT(2) 
PARAMETRIC_REPRESENTATION_CONTEXT() REPRESENTATION_CONTEXT('2D SPACE',''
  ) );
#8055 = ORIENTED_EDGE('',*,*,#3065,.T.);
#8056 = ORIENTED_EDGE('',*,*,#8035,.T.);
#8057 = ADVANCED_FACE('',(#8058),#3121,.F.);
#8058 = FACE_BOUND('',#8059,.F.);
#8059 = EDGE_LOOP('',(#8060,#8061,#8082,#8083));
#8060 = ORIENTED_EDGE('',*,*,#5746,.F.);
#8061 = ORIENTED_EDGE('',*,*,#8062,.F.);
#8062 = EDGE_CURVE('',#3101,#5747,#8063,.T.);
#8063 = SEAM_CURVE('',#8064,(#8068,#8075),.PCURVE_S1.);
#8064 = LINE('',#8065,#8066);
#8065 = CARTESIAN_POINT('',(5.65475E+03,155.,10.));
#8066 = VECTOR('',#8067,1.);
#8067 = DIRECTION('',(0.,0.,-1.));
#8068 = PCURVE('',#3121,#8069);
#8069 = DEFINITIONAL_REPRESENTATION('',(#8070),#8074);
#8070 = LINE('',#8071,#8072);
#8071 = CARTESIAN_POINT('',(6.28318530718,-0.));
#8072 = VECTOR('',#8073,1.);
#8073 = DIRECTION('',(0.,1.));
#8074 = ( GEOMETRIC_REPRESENTATION_CONTEXT(2) 
PARAMETRIC_REPRESENTATION_CONTEXT() REPRESENTATION_CONTEXT('2D SPACE',''
  ) );
#8075 = PCURVE('',#3121,#8076);
#8076 = DEFINITIONAL_REPRESENTATION('',(#8077),#8081);
#8077 = LINE('',#8078,#8079);
#8078 = CARTESIAN_POINT('',(0.,-0.));
#8079 = VECTOR('',#8080,1.);
#8080 = DIRECTION('',(0.,1.));
#8081 = ( GEOMETRIC_REPRESENTATION_CONTEXT(2) 
PARAMETRIC_REPRESENTATION_CONTEXT() REPRESENTATION_CONTEXT('2D SPACE',''
  ) );
#8082 = ORIENTED_EDGE('',*,*,#3100,.T.);
#8083 = ORIENTED_EDGE('',*,*,#8062,.T.);
#8084 = ADVANCED_FACE('',(#8085),#3156,.F.);
#8085 = FACE_BOUND('',#8086,.F.);
#8086 = EDGE_LOOP('',(#8087,#8088,#8109,#8110));
#8087 = ORIENTED_EDGE('',*,*,#5776,.F.);
#8088 = ORIENTED_EDGE('',*,*,#8089,.F.);
#8089 = EDGE_CURVE('',#3136,#5777,#8090,.T.);
#8090 = SEAM_CURVE('',#8091,(#8095,#8102),.PCURVE_S1.);
#8091 = LINE('',#8092,#8093);
#8092 = CARTESIAN_POINT('',(5.72475E+03,155.,10.));
#8093 = VECTOR('',#8094,1.);
#8094 = DIRECTION('',(0.,0.,-1.));
#8095 = PCURVE('',#3156,#8096);
#8096 = DEFINITIONAL_REPRESENTATION('',(#8097),#8101);
#8097 = LINE('',#8098,#8099);
#8098 = CARTESIAN_POINT('',(6.28318530718,-0.));
#8099 = VECTOR('',#8100,1.);
#8100 = DIRECTION('',(0.,1.));
#8101 = ( GEOMETRIC_REPRESENTATION_CONTEXT(2) 
PARAMETRIC_REPRESENTATION_CONTEXT() REPRESENTATION_CONTEXT('2D SPACE',''
  ) );
#8102 = PCURVE('',#3156,#8103);
#8103 = DEFINITIONAL_REPRESENTATION('',(#8104),#8108);
#8104 = LINE('',#8105,#8106);
#8105 = CARTESIAN_POINT('',(0.,-0.));
#8106 = VECTOR('',#8107,1.);
#8107 = DIRECTION('',(0.,1.));
#8108 = ( GEOMETRIC_REPRESENTATION_CONTEXT(2) 
PARAMETRIC_REPRESENTATION_CONTEXT() REPRESENTATION_CONTEXT('2D SPACE',''
  ) );
#8109 = ORIENTED_EDGE('',*,*,#3135,.T.);
#8110 = ORIENTED_EDGE('',*,*,#8089,.T.);
#8111 = ADVANCED_FACE('',(#8112),#3191,.F.);
#8112 = FACE_BOUND('',#8113,.F.);
#8113 = EDGE_LOOP('',(#8114,#8115,#8136,#8137));
#8114 = ORIENTED_EDGE('',*,*,#5806,.F.);
#8115 = ORIENTED_EDGE('',*,*,#8116,.F.);
#8116 = EDGE_CURVE('',#3171,#5807,#8117,.T.);
#8117 = SEAM_CURVE('',#8118,(#8122,#8129),.PCURVE_S1.);
#8118 = LINE('',#8119,#8120);
#8119 = CARTESIAN_POINT('',(5.79475E+03,155.,10.));
#8120 = VECTOR('',#8121,1.);
#8121 = DIRECTION('',(0.,0.,-1.));
#8122 = PCURVE('',#3191,#8123);
#8123 = DEFINITIONAL_REPRESENTATION('',(#8124),#8128);
#8124 = LINE('',#8125,#8126);
#8125 = CARTESIAN_POINT('',(6.28318530718,-0.));
#8126 = VECTOR('',#8127,1.);
#8127 = DIRECTION('',(0.,1.));
#8128 = ( GEOMETRIC_REPRESENTATION_CONTEXT(2) 
PARAMETRIC_REPRESENTATION_CONTEXT() REPRESENTATION_CONTEXT('2D SPACE',''
  ) );
#8129 = PCURVE('',#3191,#8130);
#8130 = DEFINITIONAL_REPRESENTATION('',(#8131),#8135);
#8131 = LINE('',#8132,#8133);
#8132 = CARTESIAN_POINT('',(0.,-0.));
#8133 = VECTOR('',#8134,1.);
#8134 = DIRECTION('',(0.,1.));
#8135 = ( GEOMETRIC_REPRESENTATION_CONTEXT(2) 
PARAMETRIC_REPRESENTATION_CONTEXT() REPRESENTATION_CONTEXT('2D SPACE',''
  ) );
#8136 = ORIENTED_EDGE('',*,*,#3170,.T.);
#8137 = ORIENTED_EDGE('',*,*,#8116,.T.);
#8138 = ADVANCED_FACE('',(#8139),#3226,.F.);
#8139 = FACE_BOUND('',#8140,.F.);
#8140 = EDGE_LOOP('',(#8141,#8142,#8163,#8164));
#8141 = ORIENTED_EDGE('',*,*,#5836,.F.);
#8142 = ORIENTED_EDGE('',*,*,#8143,.F.);
#8143 = EDGE_CURVE('',#3206,#5837,#8144,.T.);
#8144 = SEAM_CURVE('',#8145,(#8149,#8156),.PCURVE_S1.);
#8145 = LINE('',#8146,#8147);
#8146 = CARTESIAN_POINT('',(5.86475E+03,155.,10.));
#8147 = VECTOR('',#8148,1.);
#8148 = DIRECTION('',(0.,0.,-1.));
#8149 = PCURVE('',#3226,#8150);
#8150 = DEFINITIONAL_REPRESENTATION('',(#8151),#8155);
#8151 = LINE('',#8152,#8153);
#8152 = CARTESIAN_POINT('',(6.28318530718,-0.));
#8153 = VECTOR('',#8154,1.);
#8154 = DIRECTION('',(0.,1.));
#8155 = ( GEOMETRIC_REPRESENTATION_CONTEXT(2) 
PARAMETRIC_REPRESENTATION_CONTEXT() REPRESENTATION_CONTEXT('2D SPACE',''
  ) );
#8156 = PCURVE('',#3226,#8157);
#8157 = DEFINITIONAL_REPRESENTATION('',(#8158),#8162);
#8158 = LINE('',#8159,#8160);
#8159 = CARTESIAN_POINT('',(0.,-0.));
#8160 = VECTOR('',#8161,1.);
#8161 = DIRECTION('',(0.,1.));
#8162 = ( GEOMETRIC_REPRESENTATION_CONTEXT(2) 
PARAMETRIC_REPRESENTATION_CONTEXT() REPRESENTATION_CONTEXT('2D SPACE',''
  ) );
#8163 = ORIENTED_EDGE('',*,*,#3205,.T.);
#8164 = ORIENTED_EDGE('',*,*,#8143,.T.);
#8165 = ( GEOMETRIC_REPRESENTATION_CONTEXT(3) 
GLOBAL_UNCERTAINTY_ASSIGNED_CONTEXT((#8169)) 
GLOBAL_UNIT_ASSIGNED_CONTEXT((#8166,#8167,#8168)) REPRESENTATION_CONTEXT
('Context #1','3D Context with UNIT and UNCERTAINTY') );
#8166 = ( LENGTH_UNIT() NAMED_UNIT(*) SI_UNIT(.MILLI.,.METRE.) );
#8167 = ( NAMED_UNIT(*) PLANE_ANGLE_UNIT() SI_UNIT($,.RADIAN.) );
#8168 = ( NAMED_UNIT(*) SI_UNIT($,.STERADIAN.) SOLID_ANGLE_UNIT() );
#8169 = UNCERTAINTY_MEASURE_WITH_UNIT(LENGTH_MEASURE(1.E-07),#8166,
  'distance_accuracy_value','confusion accuracy');
#8170 = PRODUCT_RELATED_PRODUCT_CATEGORY('part',$,(#7));
ENDSEC;
END-ISO-10303-21;
