ISO-10303-21;
HEADER;
FILE_DESCRIPTION(('Open CASCADE Model'),'2;1');
FILE_NAME('Open CASCADE Shape Model','2026-10-09T23:37:14',('Author'),(
    'Open CASCADE'),'Open CASCADE STEP processor 7.9','Open CASCADE 7.9'
  ,'Unknown');
FILE_SCHEMA(('AUTOMOTIVE_DESIGN { 1 0 10303 214 1 1 1 1 }'));
ENDSEC;
DATA;
#1 = APPLICATION_PROTOCOL_DEFINITION('international standard',
  'automotive_design',2000,#2);
#2 = APPLICATION_CONTEXT(
  'core data for automotive mechanical design processes');
#3 = SHAPE_DEFINITION_REPRESENTATION(#4,#10);
#4 = PRODUCT_DEFINITION_SHAPE('','',#5);
#5 = PRODUCT_DEFINITION('design','',#6,#9);
#6 = PRODUCT_DEFINITION_FORMATION('','',#7);
#7 = PRODUCT('DB2','DB2','',(#8));
#8 = PRODUCT_CONTEXT('',#2,'mechanical');
#9 = PRODUCT_DEFINITION_CONTEXT('part definition',#2,'design');
#10 = SHAPE_REPRESENTATION('',(#11,#15,#19,#23,#27,#31),#35);
#11 = AXIS2_PLACEMENT_3D('',#12,#13,#14);
#12 = CARTESIAN_POINT('',(0.,0.,0.));
#13 = DIRECTION('',(0.,0.,1.));
#14 = DIRECTION('',(1.,0.,-0.));
#15 = AXIS2_PLACEMENT_3D('',#16,#17,#18);
#16 = CARTESIAN_POINT('',(0.,0.,10.));
#17 = DIRECTION('',(0.,0.,1.));
#18 = DIRECTION('',(1.,0.,-0.));
#19 = AXIS2_PLACEMENT_3D('',#20,#21,#22);
#20 = CARTESIAN_POINT('',(6.337E+03,0.,0.));
#21 = DIRECTION('',(0.,0.,1.));
#22 = DIRECTION('',(1.,0.,-0.));
#23 = AXIS2_PLACEMENT_3D('',#24,#25,#26);
#24 = CARTESIAN_POINT('',(6.337E+03,0.,180.));
#25 = DIRECTION('',(0.,0.,1.));
#26 = DIRECTION('',(1.,0.,-0.));
#27 = AXIS2_PLACEMENT_3D('',#28,#29,#30);
#28 = CARTESIAN_POINT('',(0.,0.,0.));
#29 = DIRECTION('',(0.,0.,1.));
#30 = DIRECTION('',(1.,0.,-0.));
#31 = AXIS2_PLACEMENT_3D('',#32,#33,#34);
#32 = CARTESIAN_POINT('',(0.,0.,180.));
#33 = DIRECTION('',(0.,0.,1.));
#34 = DIRECTION('',(1.,0.,-0.));
#35 = ( GEOMETRIC_REPRESENTATION_CONTEXT(3) 
GLOBAL_UNCERTAINTY_ASSIGNED_CONTEXT((#39)) GLOBAL_UNIT_ASSIGNED_CONTEXT(
(#36,#37,#38)) REPRESENTATION_CONTEXT('Context #1',
  '3D Context with UNIT and UNCERTAINTY') );
#36 = ( LENGTH_UNIT() NAMED_UNIT(*) SI_UNIT(.MILLI.,.METRE.) );
#37 = ( NAMED_UNIT(*) PLANE_ANGLE_UNIT() SI_UNIT($,.RADIAN.) );
#38 = ( NAMED_UNIT(*) SI_UNIT($,.STERADIAN.) SOLID_ANGLE_UNIT() );
#39 = UNCERTAINTY_MEASURE_WITH_UNIT(LENGTH_MEASURE(1.E-07),#36,
  'distance_accuracy_value','confusion accuracy');
#40 = PRODUCT_RELATED_PRODUCT_CATEGORY('part',$,(#7));
#41 = SHAPE_DEFINITION_REPRESENTATION(#42,#48);
#42 = PRODUCT_DEFINITION_SHAPE('','',#43);
#43 = PRODUCT_DEFINITION('design','',#44,#47);
#44 = PRODUCT_DEFINITION_FORMATION('','',#45);
#45 = PRODUCT('DB2 limtra GL30c 200x170','DB2 limtra GL30c 200x170','',(
    #46));
#46 = PRODUCT_CONTEXT('',#2,'mechanical');
#47 = PRODUCT_DEFINITION_CONTEXT('part definition',#2,'design');
#48 = ADVANCED_BREP_SHAPE_REPRESENTATION('',(#11,#49),#379);
#49 = MANIFOLD_SOLID_BREP('',#50);
#50 = CLOSED_SHELL('',(#51,#171,#271,#318,#365,#372));
#51 = ADVANCED_FACE('',(#52),#66,.F.);
#52 = FACE_BOUND('',#53,.F.);
#53 = EDGE_LOOP('',(#54,#89,#117,#145));
#54 = ORIENTED_EDGE('',*,*,#55,.F.);
#55 = EDGE_CURVE('',#56,#58,#60,.T.);
#56 = VERTEX_POINT('',#57);
#57 = CARTESIAN_POINT('',(0.,0.,0.));
#58 = VERTEX_POINT('',#59);
#59 = CARTESIAN_POINT('',(0.,0.,170.));
#60 = SURFACE_CURVE('',#61,(#65,#77),.PCURVE_S1.);
#61 = LINE('',#62,#63);
#62 = CARTESIAN_POINT('',(0.,0.,0.));
#63 = VECTOR('',#64,1.);
#64 = DIRECTION('',(0.,0.,1.));
#65 = PCURVE('',#66,#71);
#66 = PLANE('',#67);
#67 = AXIS2_PLACEMENT_3D('',#68,#69,#70);
#68 = CARTESIAN_POINT('',(0.,0.,0.));
#69 = DIRECTION('',(1.,0.,0.));
#70 = DIRECTION('',(0.,0.,1.));
#71 = DEFINITIONAL_REPRESENTATION('',(#72),#76);
#72 = LINE('',#73,#74);
#73 = CARTESIAN_POINT('',(0.,0.));
#74 = VECTOR('',#75,1.);
#75 = DIRECTION('',(1.,0.));
#76 = ( GEOMETRIC_REPRESENTATION_CONTEXT(2) 
PARAMETRIC_REPRESENTATION_CONTEXT() REPRESENTATION_CONTEXT('2D SPACE',''
  ) );
#77 = PCURVE('',#78,#83);
#78 = PLANE('',#79);
#79 = AXIS2_PLACEMENT_3D('',#80,#81,#82);
#80 = CARTESIAN_POINT('',(0.,0.,0.));
#81 = DIRECTION('',(0.,1.,0.));
#82 = DIRECTION('',(0.,0.,1.));
#83 = DEFINITIONAL_REPRESENTATION('',(#84),#88);
#84 = LINE('',#85,#86);
#85 = CARTESIAN_POINT('',(0.,0.));
#86 = VECTOR('',#87,1.);
#87 = DIRECTION('',(1.,0.));
#88 = ( GEOMETRIC_REPRESENTATION_CONTEXT(2) 
PARAMETRIC_REPRESENTATION_CONTEXT() REPRESENTATION_CONTEXT('2D SPACE',''
  ) );
#89 = ORIENTED_EDGE('',*,*,#90,.T.);
#90 = EDGE_CURVE('',#56,#91,#93,.T.);
#91 = VERTEX_POINT('',#92);
#92 = CARTESIAN_POINT('',(0.,200.,0.));
#93 = SURFACE_CURVE('',#94,(#98,#105),.PCURVE_S1.);
#94 = LINE('',#95,#96);
#95 = CARTESIAN_POINT('',(0.,0.,0.));
#96 = VECTOR('',#97,1.);
#97 = DIRECTION('',(0.,1.,0.));
#98 = PCURVE('',#66,#99);
#99 = DEFINITIONAL_REPRESENTATION('',(#100),#104);
#100 = LINE('',#101,#102);
#101 = CARTESIAN_POINT('',(0.,0.));
#102 = VECTOR('',#103,1.);
#103 = DIRECTION('',(0.,-1.));
#104 = ( GEOMETRIC_REPRESENTATION_CONTEXT(2) 
PARAMETRIC_REPRESENTATION_CONTEXT() REPRESENTATION_CONTEXT('2D SPACE',''
  ) );
#105 = PCURVE('',#106,#111);
#106 = PLANE('',#107);
#107 = AXIS2_PLACEMENT_3D('',#108,#109,#110);
#108 = CARTESIAN_POINT('',(0.,0.,0.));
#109 = DIRECTION('',(0.,0.,1.));
#110 = DIRECTION('',(1.,0.,0.));
#111 = DEFINITIONAL_REPRESENTATION('',(#112),#116);
#112 = LINE('',#113,#114);
#113 = CARTESIAN_POINT('',(0.,0.));
#114 = VECTOR('',#115,1.);
#115 = DIRECTION('',(0.,1.));
#116 = ( GEOMETRIC_REPRESENTATION_CONTEXT(2) 
PARAMETRIC_REPRESENTATION_CONTEXT() REPRESENTATION_CONTEXT('2D SPACE',''
  ) );
#117 = ORIENTED_EDGE('',*,*,#118,.T.);
#118 = EDGE_CURVE('',#91,#119,#121,.T.);
#119 = VERTEX_POINT('',#120);
#120 = CARTESIAN_POINT('',(0.,200.,170.));
#121 = SURFACE_CURVE('',#122,(#126,#133),.PCURVE_S1.);
#122 = LINE('',#123,#124);
#123 = CARTESIAN_POINT('',(0.,200.,0.));
#124 = VECTOR('',#125,1.);
#125 = DIRECTION('',(0.,0.,1.));
#126 = PCURVE('',#66,#127);
#127 = DEFINITIONAL_REPRESENTATION('',(#128),#132);
#128 = LINE('',#129,#130);
#129 = CARTESIAN_POINT('',(0.,-200.));
#130 = VECTOR('',#131,1.);
#131 = DIRECTION('',(1.,0.));
#132 = ( GEOMETRIC_REPRESENTATION_CONTEXT(2) 
PARAMETRIC_REPRESENTATION_CONTEXT() REPRESENTATION_CONTEXT('2D SPACE',''
  ) );
#133 = PCURVE('',#134,#139);
#134 = PLANE('',#135);
#135 = AXIS2_PLACEMENT_3D('',#136,#137,#138);
#136 = CARTESIAN_POINT('',(0.,200.,0.));
#137 = DIRECTION('',(0.,1.,0.));
#138 = DIRECTION('',(0.,0.,1.));
#139 = DEFINITIONAL_REPRESENTATION('',(#140),#144);
#140 = LINE('',#141,#142);
#141 = CARTESIAN_POINT('',(0.,0.));
#142 = VECTOR('',#143,1.);
#143 = DIRECTION('',(1.,0.));
#144 = ( GEOMETRIC_REPRESENTATION_CONTEXT(2) 
PARAMETRIC_REPRESENTATION_CONTEXT() REPRESENTATION_CONTEXT('2D SPACE',''
  ) );
#145 = ORIENTED_EDGE('',*,*,#146,.F.);
#146 = EDGE_CURVE('',#58,#119,#147,.T.);
#147 = SURFACE_CURVE('',#148,(#152,#159),.PCURVE_S1.);
#148 = LINE('',#149,#150);
#149 = CARTESIAN_POINT('',(0.,0.,170.));
#150 = VECTOR('',#151,1.);
#151 = DIRECTION('',(0.,1.,0.));
#152 = PCURVE('',#66,#153);
#153 = DEFINITIONAL_REPRESENTATION('',(#154),#158);
#154 = LINE('',#155,#156);
#155 = CARTESIAN_POINT('',(170.,0.));
#156 = VECTOR('',#157,1.);
#157 = DIRECTION('',(0.,-1.));
#158 = ( GEOMETRIC_REPRESENTATION_CONTEXT(2) 
PARAMETRIC_REPRESENTATION_CONTEXT() REPRESENTATION_CONTEXT('2D SPACE',''
  ) );
#159 = PCURVE('',#160,#165);
#160 = PLANE('',#161);
#161 = AXIS2_PLACEMENT_3D('',#162,#163,#164);
#162 = CARTESIAN_POINT('',(0.,0.,170.));
#163 = DIRECTION('',(0.,0.,1.));
#164 = DIRECTION('',(1.,0.,0.));
#165 = DEFINITIONAL_REPRESENTATION('',(#166),#170);
#166 = LINE('',#167,#168);
#167 = CARTESIAN_POINT('',(0.,0.));
#168 = VECTOR('',#169,1.);
#169 = DIRECTION('',(0.,1.));
#170 = ( GEOMETRIC_REPRESENTATION_CONTEXT(2) 
PARAMETRIC_REPRESENTATION_CONTEXT() REPRESENTATION_CONTEXT('2D SPACE',''
  ) );
#171 = ADVANCED_FACE('',(#172),#186,.T.);
#172 = FACE_BOUND('',#173,.T.);
#173 = EDGE_LOOP('',(#174,#204,#227,#250));
#174 = ORIENTED_EDGE('',*,*,#175,.F.);
#175 = EDGE_CURVE('',#176,#178,#180,.T.);
#176 = VERTEX_POINT('',#177);
#177 = CARTESIAN_POINT('',(1.007E+04,0.,0.));
#178 = VERTEX_POINT('',#179);
#179 = CARTESIAN_POINT('',(1.007E+04,0.,170.));
#180 = SURFACE_CURVE('',#181,(#185,#197),.PCURVE_S1.);
#181 = LINE('',#182,#183);
#182 = CARTESIAN_POINT('',(1.007E+04,0.,0.));
#183 = VECTOR('',#184,1.);
#184 = DIRECTION('',(0.,0.,1.));
#185 = PCURVE('',#186,#191);
#186 = PLANE('',#187);
#187 = AXIS2_PLACEMENT_3D('',#188,#189,#190);
#188 = CARTESIAN_POINT('',(1.007E+04,0.,0.));
#189 = DIRECTION('',(1.,0.,0.));
#190 = DIRECTION('',(0.,0.,1.));
#191 = DEFINITIONAL_REPRESENTATION('',(#192),#196);
#192 = LINE('',#193,#194);
#193 = CARTESIAN_POINT('',(0.,0.));
#194 = VECTOR('',#195,1.);
#195 = DIRECTION('',(1.,0.));
#196 = ( GEOMETRIC_REPRESENTATION_CONTEXT(2) 
PARAMETRIC_REPRESENTATION_CONTEXT() REPRESENTATION_CONTEXT('2D SPACE',''
  ) );
#197 = PCURVE('',#78,#198);
#198 = DEFINITIONAL_REPRESENTATION('',(#199),#203);
#199 = LINE('',#200,#201);
#200 = CARTESIAN_POINT('',(0.,1.007E+04));
#201 = VECTOR('',#202,1.);
#202 = DIRECTION('',(1.,0.));
#203 = ( GEOMETRIC_REPRESENTATION_CONTEXT(2) 
PARAMETRIC_REPRESENTATION_CONTEXT() REPRESENTATION_CONTEXT('2D SPACE',''
  ) );
#204 = ORIENTED_EDGE('',*,*,#205,.T.);
#205 = EDGE_CURVE('',#176,#206,#208,.T.);
#206 = VERTEX_POINT('',#207);
#207 = CARTESIAN_POINT('',(1.007E+04,200.,0.));
#208 = SURFACE_CURVE('',#209,(#213,#220),.PCURVE_S1.);
#209 = LINE('',#210,#211);
#210 = CARTESIAN_POINT('',(1.007E+04,0.,0.));
#211 = VECTOR('',#212,1.);
#212 = DIRECTION('',(0.,1.,0.));
#213 = PCURVE('',#186,#214);
#214 = DEFINITIONAL_REPRESENTATION('',(#215),#219);
#215 = LINE('',#216,#217);
#216 = CARTESIAN_POINT('',(0.,0.));
#217 = VECTOR('',#218,1.);
#218 = DIRECTION('',(0.,-1.));
#219 = ( GEOMETRIC_REPRESENTATION_CONTEXT(2) 
PARAMETRIC_REPRESENTATION_CONTEXT() REPRESENTATION_CONTEXT('2D SPACE',''
  ) );
#220 = PCURVE('',#106,#221);
#221 = DEFINITIONAL_REPRESENTATION('',(#222),#226);
#222 = LINE('',#223,#224);
#223 = CARTESIAN_POINT('',(1.007E+04,0.));
#224 = VECTOR('',#225,1.);
#225 = DIRECTION('',(0.,1.));
#226 = ( GEOMETRIC_REPRESENTATION_CONTEXT(2) 
PARAMETRIC_REPRESENTATION_CONTEXT() REPRESENTATION_CONTEXT('2D SPACE',''
  ) );
#227 = ORIENTED_EDGE('',*,*,#228,.T.);
#228 = EDGE_CURVE('',#206,#229,#231,.T.);
#229 = VERTEX_POINT('',#230);
#230 = CARTESIAN_POINT('',(1.007E+04,200.,170.));
#231 = SURFACE_CURVE('',#232,(#236,#243),.PCURVE_S1.);
#232 = LINE('',#233,#234);
#233 = CARTESIAN_POINT('',(1.007E+04,200.,0.));
#234 = VECTOR('',#235,1.);
#235 = DIRECTION('',(0.,0.,1.));
#236 = PCURVE('',#186,#237);
#237 = DEFINITIONAL_REPRESENTATION('',(#238),#242);
#238 = LINE('',#239,#240);
#239 = CARTESIAN_POINT('',(0.,-200.));
#240 = VECTOR('',#241,1.);
#241 = DIRECTION('',(1.,0.));
#242 = ( GEOMETRIC_REPRESENTATION_CONTEXT(2) 
PARAMETRIC_REPRESENTATION_CONTEXT() REPRESENTATION_CONTEXT('2D SPACE',''
  ) );
#243 = PCURVE('',#134,#244);
#244 = DEFINITIONAL_REPRESENTATION('',(#245),#249);
#245 = LINE('',#246,#247);
#246 = CARTESIAN_POINT('',(0.,1.007E+04));
#247 = VECTOR('',#248,1.);
#248 = DIRECTION('',(1.,0.));
#249 = ( GEOMETRIC_REPRESENTATION_CONTEXT(2) 
PARAMETRIC_REPRESENTATION_CONTEXT() REPRESENTATION_CONTEXT('2D SPACE',''
  ) );
#250 = ORIENTED_EDGE('',*,*,#251,.F.);
#251 = EDGE_CURVE('',#178,#229,#252,.T.);
#252 = SURFACE_CURVE('',#253,(#257,#264),.PCURVE_S1.);
#253 = LINE('',#254,#255);
#254 = CARTESIAN_POINT('',(1.007E+04,0.,170.));
#255 = VECTOR('',#256,1.);
#256 = DIRECTION('',(0.,1.,0.));
#257 = PCURVE('',#186,#258);
#258 = DEFINITIONAL_REPRESENTATION('',(#259),#263);
#259 = LINE('',#260,#261);
#260 = CARTESIAN_POINT('',(170.,0.));
#261 = VECTOR('',#262,1.);
#262 = DIRECTION('',(0.,-1.));
#263 = ( GEOMETRIC_REPRESENTATION_CONTEXT(2) 
PARAMETRIC_REPRESENTATION_CONTEXT() REPRESENTATION_CONTEXT('2D SPACE',''
  ) );
#264 = PCURVE('',#160,#265);
#265 = DEFINITIONAL_REPRESENTATION('',(#266),#270);
#266 = LINE('',#267,#268);
#267 = CARTESIAN_POINT('',(1.007E+04,0.));
#268 = VECTOR('',#269,1.);
#269 = DIRECTION('',(0.,1.));
#270 = ( GEOMETRIC_REPRESENTATION_CONTEXT(2) 
PARAMETRIC_REPRESENTATION_CONTEXT() REPRESENTATION_CONTEXT('2D SPACE',''
  ) );
#271 = ADVANCED_FACE('',(#272),#78,.F.);
#272 = FACE_BOUND('',#273,.F.);
#273 = EDGE_LOOP('',(#274,#295,#296,#317));
#274 = ORIENTED_EDGE('',*,*,#275,.F.);
#275 = EDGE_CURVE('',#56,#176,#276,.T.);
#276 = SURFACE_CURVE('',#277,(#281,#288),.PCURVE_S1.);
#277 = LINE('',#278,#279);
#278 = CARTESIAN_POINT('',(0.,0.,0.));
#279 = VECTOR('',#280,1.);
#280 = DIRECTION('',(1.,0.,0.));
#281 = PCURVE('',#78,#282);
#282 = DEFINITIONAL_REPRESENTATION('',(#283),#287);
#283 = LINE('',#284,#285);
#284 = CARTESIAN_POINT('',(0.,0.));
#285 = VECTOR('',#286,1.);
#286 = DIRECTION('',(0.,1.));
#287 = ( GEOMETRIC_REPRESENTATION_CONTEXT(2) 
PARAMETRIC_REPRESENTATION_CONTEXT() REPRESENTATION_CONTEXT('2D SPACE',''
  ) );
#288 = PCURVE('',#106,#289);
#289 = DEFINITIONAL_REPRESENTATION('',(#290),#294);
#290 = LINE('',#291,#292);
#291 = CARTESIAN_POINT('',(0.,0.));
#292 = VECTOR('',#293,1.);
#293 = DIRECTION('',(1.,0.));
#294 = ( GEOMETRIC_REPRESENTATION_CONTEXT(2) 
PARAMETRIC_REPRESENTATION_CONTEXT() REPRESENTATION_CONTEXT('2D SPACE',''
  ) );
#295 = ORIENTED_EDGE('',*,*,#55,.T.);
#296 = ORIENTED_EDGE('',*,*,#297,.T.);
#297 = EDGE_CURVE('',#58,#178,#298,.T.);
#298 = SURFACE_CURVE('',#299,(#303,#310),.PCURVE_S1.);
#299 = LINE('',#300,#301);
#300 = CARTESIAN_POINT('',(0.,0.,170.));
#301 = VECTOR('',#302,1.);
#302 = DIRECTION('',(1.,0.,0.));
#303 = PCURVE('',#78,#304);
#304 = DEFINITIONAL_REPRESENTATION('',(#305),#309);
#305 = LINE('',#306,#307);
#306 = CARTESIAN_POINT('',(170.,0.));
#307 = VECTOR('',#308,1.);
#308 = DIRECTION('',(0.,1.));
#309 = ( GEOMETRIC_REPRESENTATION_CONTEXT(2) 
PARAMETRIC_REPRESENTATION_CONTEXT() REPRESENTATION_CONTEXT('2D SPACE',''
  ) );
#310 = PCURVE('',#160,#311);
#311 = DEFINITIONAL_REPRESENTATION('',(#312),#316);
#312 = LINE('',#313,#314);
#313 = CARTESIAN_POINT('',(0.,0.));
#314 = VECTOR('',#315,1.);
#315 = DIRECTION('',(1.,0.));
#316 = ( GEOMETRIC_REPRESENTATION_CONTEXT(2) 
PARAMETRIC_REPRESENTATION_CONTEXT() REPRESENTATION_CONTEXT('2D SPACE',''
  ) );
#317 = ORIENTED_EDGE('',*,*,#175,.F.);
#318 = ADVANCED_FACE('',(#319),#134,.T.);
#319 = FACE_BOUND('',#320,.T.);
#320 = EDGE_LOOP('',(#321,#342,#343,#364));
#321 = ORIENTED_EDGE('',*,*,#322,.F.);
#322 = EDGE_CURVE('',#91,#206,#323,.T.);
#323 = SURFACE_CURVE('',#324,(#328,#335),.PCURVE_S1.);
#324 = LINE('',#325,#326);
#325 = CARTESIAN_POINT('',(0.,200.,0.));
#326 = VECTOR('',#327,1.);
#327 = DIRECTION('',(1.,0.,0.));
#328 = PCURVE('',#134,#329);
#329 = DEFINITIONAL_REPRESENTATION('',(#330),#334);
#330 = LINE('',#331,#332);
#331 = CARTESIAN_POINT('',(0.,0.));
#332 = VECTOR('',#333,1.);
#333 = DIRECTION('',(0.,1.));
#334 = ( GEOMETRIC_REPRESENTATION_CONTEXT(2) 
PARAMETRIC_REPRESENTATION_CONTEXT() REPRESENTATION_CONTEXT('2D SPACE',''
  ) );
#335 = PCURVE('',#106,#336);
#336 = DEFINITIONAL_REPRESENTATION('',(#337),#341);
#337 = LINE('',#338,#339);
#338 = CARTESIAN_POINT('',(0.,200.));
#339 = VECTOR('',#340,1.);
#340 = DIRECTION('',(1.,0.));
#341 = ( GEOMETRIC_REPRESENTATION_CONTEXT(2) 
PARAMETRIC_REPRESENTATION_CONTEXT() REPRESENTATION_CONTEXT('2D SPACE',''
  ) );
#342 = ORIENTED_EDGE('',*,*,#118,.T.);
#343 = ORIENTED_EDGE('',*,*,#344,.T.);
#344 = EDGE_CURVE('',#119,#229,#345,.T.);
#345 = SURFACE_CURVE('',#346,(#350,#357),.PCURVE_S1.);
#346 = LINE('',#347,#348);
#347 = CARTESIAN_POINT('',(0.,200.,170.));
#348 = VECTOR('',#349,1.);
#349 = DIRECTION('',(1.,0.,0.));
#350 = PCURVE('',#134,#351);
#351 = DEFINITIONAL_REPRESENTATION('',(#352),#356);
#352 = LINE('',#353,#354);
#353 = CARTESIAN_POINT('',(170.,0.));
#354 = VECTOR('',#355,1.);
#355 = DIRECTION('',(0.,1.));
#356 = ( GEOMETRIC_REPRESENTATION_CONTEXT(2) 
PARAMETRIC_REPRESENTATION_CONTEXT() REPRESENTATION_CONTEXT('2D SPACE',''
  ) );
#357 = PCURVE('',#160,#358);
#358 = DEFINITIONAL_REPRESENTATION('',(#359),#363);
#359 = LINE('',#360,#361);
#360 = CARTESIAN_POINT('',(0.,200.));
#361 = VECTOR('',#362,1.);
#362 = DIRECTION('',(1.,0.));
#363 = ( GEOMETRIC_REPRESENTATION_CONTEXT(2) 
PARAMETRIC_REPRESENTATION_CONTEXT() REPRESENTATION_CONTEXT('2D SPACE',''
  ) );
#364 = ORIENTED_EDGE('',*,*,#228,.F.);
#365 = ADVANCED_FACE('',(#366),#106,.F.);
#366 = FACE_BOUND('',#367,.F.);
#367 = EDGE_LOOP('',(#368,#369,#370,#371));
#368 = ORIENTED_EDGE('',*,*,#90,.F.);
#369 = ORIENTED_EDGE('',*,*,#275,.T.);
#370 = ORIENTED_EDGE('',*,*,#205,.T.);
#371 = ORIENTED_EDGE('',*,*,#322,.F.);
#372 = ADVANCED_FACE('',(#373),#160,.T.);
#373 = FACE_BOUND('',#374,.T.);
#374 = EDGE_LOOP('',(#375,#376,#377,#378));
#375 = ORIENTED_EDGE('',*,*,#146,.F.);
#376 = ORIENTED_EDGE('',*,*,#297,.T.);
#377 = ORIENTED_EDGE('',*,*,#251,.T.);
#378 = ORIENTED_EDGE('',*,*,#344,.F.);
#379 = ( GEOMETRIC_REPRESENTATION_CONTEXT(3) 
GLOBAL_UNCERTAINTY_ASSIGNED_CONTEXT((#383)) GLOBAL_UNIT_ASSIGNED_CONTEXT
((#380,#381,#382)) REPRESENTATION_CONTEXT('Context #1',
  '3D Context with UNIT and UNCERTAINTY') );
#380 = ( LENGTH_UNIT() NAMED_UNIT(*) SI_UNIT(.MILLI.,.METRE.) );
#381 = ( NAMED_UNIT(*) PLANE_ANGLE_UNIT() SI_UNIT($,.RADIAN.) );
#382 = ( NAMED_UNIT(*) SI_UNIT($,.STERADIAN.) SOLID_ANGLE_UNIT() );
#383 = UNCERTAINTY_MEASURE_WITH_UNIT(LENGTH_MEASURE(1.E-07),#380,
  'distance_accuracy_value','confusion accuracy');
#384 = CONTEXT_DEPENDENT_SHAPE_REPRESENTATION(#385,#387);
#385 = ( REPRESENTATION_RELATIONSHIP('','',#48,#10) 
REPRESENTATION_RELATIONSHIP_WITH_TRANSFORMATION(#386) 
SHAPE_REPRESENTATION_RELATIONSHIP() );
#386 = ITEM_DEFINED_TRANSFORMATION('','',#11,#15);
#387 = PRODUCT_DEFINITION_SHAPE('Placement','Placement of an item',#388
  );
#388 = NEXT_ASSEMBLY_USAGE_OCCURRENCE('6','DB2 limtra GL30c 200x170','',
  #5,#43,$);
#389 = PRODUCT_RELATED_PRODUCT_CATEGORY('part',$,(#45));
#390 = SHAPE_DEFINITION_REPRESENTATION(#391,#397);
#391 = PRODUCT_DEFINITION_SHAPE('','',#392);
#392 = PRODUCT_DEFINITION('design','',#393,#396);
#393 = PRODUCT_DEFINITION_FORMATION('','',#394);
#394 = PRODUCT('DB2-1-U','DB2-1-U','',(#395));
#395 = PRODUCT_CONTEXT('',#2,'mechanical');
#396 = PRODUCT_DEFINITION_CONTEXT('part definition',#2,'design');
#397 = ADVANCED_BREP_SHAPE_REPRESENTATION('',(#11,#398),#5144);
#398 = MANIFOLD_SOLID_BREP('',#399);
#399 = CLOSED_SHELL('',(#400,#520,#596,#2325,#2374,#3841,#3848,#3875,
    #3902,#3929,#3956,#3983,#4010,#4037,#4064,#4091,#4118,#4145,#4172,
    #4199,#4226,#4253,#4280,#4307,#4334,#4361,#4388,#4415,#4442,#4469,
    #4496,#4523,#4550,#4577,#4604,#4631,#4658,#4685,#4712,#4739,#4766,
    #4793,#4820,#4847,#4874,#4901,#4928,#4955,#4982,#5009,#5036,#5063,
    #5090,#5117));
#400 = ADVANCED_FACE('',(#401),#415,.F.);
#401 = FACE_BOUND('',#402,.F.);
#402 = EDGE_LOOP('',(#403,#438,#466,#494));
#403 = ORIENTED_EDGE('',*,*,#404,.F.);
#404 = EDGE_CURVE('',#405,#407,#409,.T.);
#405 = VERTEX_POINT('',#406);
#406 = CARTESIAN_POINT('',(0.,0.,0.));
#407 = VERTEX_POINT('',#408);
#408 = CARTESIAN_POINT('',(0.,0.,10.));
#409 = SURFACE_CURVE('',#410,(#414,#426),.PCURVE_S1.);
#410 = LINE('',#411,#412);
#411 = CARTESIAN_POINT('',(0.,0.,0.));
#412 = VECTOR('',#413,1.);
#413 = DIRECTION('',(0.,0.,1.));
#414 = PCURVE('',#415,#420);
#415 = PLANE('',#416);
#416 = AXIS2_PLACEMENT_3D('',#417,#418,#419);
#417 = CARTESIAN_POINT('',(0.,0.,0.));
#418 = DIRECTION('',(1.,0.,0.));
#419 = DIRECTION('',(0.,0.,1.));
#420 = DEFINITIONAL_REPRESENTATION('',(#421),#425);
#421 = LINE('',#422,#423);
#422 = CARTESIAN_POINT('',(0.,0.));
#423 = VECTOR('',#424,1.);
#424 = DIRECTION('',(1.,0.));
#425 = ( GEOMETRIC_REPRESENTATION_CONTEXT(2) 
PARAMETRIC_REPRESENTATION_CONTEXT() REPRESENTATION_CONTEXT('2D SPACE',''
  ) );
#426 = PCURVE('',#427,#432);
#427 = PLANE('',#428);
#428 = AXIS2_PLACEMENT_3D('',#429,#430,#431);
#429 = CARTESIAN_POINT('',(0.,0.,0.));
#430 = DIRECTION('',(0.,1.,0.));
#431 = DIRECTION('',(0.,-0.,1.));
#432 = DEFINITIONAL_REPRESENTATION('',(#433),#437);
#433 = LINE('',#434,#435);
#434 = CARTESIAN_POINT('',(0.,0.));
#435 = VECTOR('',#436,1.);
#436 = DIRECTION('',(1.,0.));
#437 = ( GEOMETRIC_REPRESENTATION_CONTEXT(2) 
PARAMETRIC_REPRESENTATION_CONTEXT() REPRESENTATION_CONTEXT('2D SPACE',''
  ) );
#438 = ORIENTED_EDGE('',*,*,#439,.T.);
#439 = EDGE_CURVE('',#405,#440,#442,.T.);
#440 = VERTEX_POINT('',#441);
#441 = CARTESIAN_POINT('',(0.,200.,0.));
#442 = SURFACE_CURVE('',#443,(#447,#454),.PCURVE_S1.);
#443 = LINE('',#444,#445);
#444 = CARTESIAN_POINT('',(0.,0.,0.));
#445 = VECTOR('',#446,1.);
#446 = DIRECTION('',(0.,1.,0.));
#447 = PCURVE('',#415,#448);
#448 = DEFINITIONAL_REPRESENTATION('',(#449),#453);
#449 = LINE('',#450,#451);
#450 = CARTESIAN_POINT('',(0.,0.));
#451 = VECTOR('',#452,1.);
#452 = DIRECTION('',(0.,-1.));
#453 = ( GEOMETRIC_REPRESENTATION_CONTEXT(2) 
PARAMETRIC_REPRESENTATION_CONTEXT() REPRESENTATION_CONTEXT('2D SPACE',''
  ) );
#454 = PCURVE('',#455,#460);
#455 = PLANE('',#456);
#456 = AXIS2_PLACEMENT_3D('',#457,#458,#459);
#457 = CARTESIAN_POINT('',(0.,0.,0.));
#458 = DIRECTION('',(0.,0.,1.));
#459 = DIRECTION('',(1.,0.,-0.));
#460 = DEFINITIONAL_REPRESENTATION('',(#461),#465);
#461 = LINE('',#462,#463);
#462 = CARTESIAN_POINT('',(0.,0.));
#463 = VECTOR('',#464,1.);
#464 = DIRECTION('',(0.,1.));
#465 = ( GEOMETRIC_REPRESENTATION_CONTEXT(2) 
PARAMETRIC_REPRESENTATION_CONTEXT() REPRESENTATION_CONTEXT('2D SPACE',''
  ) );
#466 = ORIENTED_EDGE('',*,*,#467,.T.);
#467 = EDGE_CURVE('',#440,#468,#470,.T.);
#468 = VERTEX_POINT('',#469);
#469 = CARTESIAN_POINT('',(0.,200.,10.));
#470 = SURFACE_CURVE('',#471,(#475,#482),.PCURVE_S1.);
#471 = LINE('',#472,#473);
#472 = CARTESIAN_POINT('',(0.,200.,0.));
#473 = VECTOR('',#474,1.);
#474 = DIRECTION('',(0.,0.,1.));
#475 = PCURVE('',#415,#476);
#476 = DEFINITIONAL_REPRESENTATION('',(#477),#481);
#477 = LINE('',#478,#479);
#478 = CARTESIAN_POINT('',(0.,-200.));
#479 = VECTOR('',#480,1.);
#480 = DIRECTION('',(1.,0.));
#481 = ( GEOMETRIC_REPRESENTATION_CONTEXT(2) 
PARAMETRIC_REPRESENTATION_CONTEXT() REPRESENTATION_CONTEXT('2D SPACE',''
  ) );
#482 = PCURVE('',#483,#488);
#483 = PLANE('',#484);
#484 = AXIS2_PLACEMENT_3D('',#485,#486,#487);
#485 = CARTESIAN_POINT('',(0.,200.,0.));
#486 = DIRECTION('',(0.,1.,0.));
#487 = DIRECTION('',(0.,-0.,1.));
#488 = DEFINITIONAL_REPRESENTATION('',(#489),#493);
#489 = LINE('',#490,#491);
#490 = CARTESIAN_POINT('',(0.,0.));
#491 = VECTOR('',#492,1.);
#492 = DIRECTION('',(1.,0.));
#493 = ( GEOMETRIC_REPRESENTATION_CONTEXT(2) 
PARAMETRIC_REPRESENTATION_CONTEXT() REPRESENTATION_CONTEXT('2D SPACE',''
  ) );
#494 = ORIENTED_EDGE('',*,*,#495,.F.);
#495 = EDGE_CURVE('',#407,#468,#496,.T.);
#496 = SURFACE_CURVE('',#497,(#501,#508),.PCURVE_S1.);
#497 = LINE('',#498,#499);
#498 = CARTESIAN_POINT('',(0.,0.,10.));
#499 = VECTOR('',#500,1.);
#500 = DIRECTION('',(0.,1.,0.));
#501 = PCURVE('',#415,#502);
#502 = DEFINITIONAL_REPRESENTATION('',(#503),#507);
#503 = LINE('',#504,#505);
#504 = CARTESIAN_POINT('',(10.,0.));
#505 = VECTOR('',#506,1.);
#506 = DIRECTION('',(0.,-1.));
#507 = ( GEOMETRIC_REPRESENTATION_CONTEXT(2) 
PARAMETRIC_REPRESENTATION_CONTEXT() REPRESENTATION_CONTEXT('2D SPACE',''
  ) );
#508 = PCURVE('',#509,#514);
#509 = PLANE('',#510);
#510 = AXIS2_PLACEMENT_3D('',#511,#512,#513);
#511 = CARTESIAN_POINT('',(0.,0.,10.));
#512 = DIRECTION('',(0.,0.,1.));
#513 = DIRECTION('',(1.,0.,-0.));
#514 = DEFINITIONAL_REPRESENTATION('',(#515),#519);
#515 = LINE('',#516,#517);
#516 = CARTESIAN_POINT('',(0.,0.));
#517 = VECTOR('',#518,1.);
#518 = DIRECTION('',(0.,1.));
#519 = ( GEOMETRIC_REPRESENTATION_CONTEXT(2) 
PARAMETRIC_REPRESENTATION_CONTEXT() REPRESENTATION_CONTEXT('2D SPACE',''
  ) );
#520 = ADVANCED_FACE('',(#521),#427,.F.);
#521 = FACE_BOUND('',#522,.F.);
#522 = EDGE_LOOP('',(#523,#546,#547,#570));
#523 = ORIENTED_EDGE('',*,*,#524,.F.);
#524 = EDGE_CURVE('',#405,#525,#527,.T.);
#525 = VERTEX_POINT('',#526);
#526 = CARTESIAN_POINT('',(3.733E+03,0.,0.));
#527 = SURFACE_CURVE('',#528,(#532,#539),.PCURVE_S1.);
#528 = LINE('',#529,#530);
#529 = CARTESIAN_POINT('',(0.,0.,0.));
#530 = VECTOR('',#531,1.);
#531 = DIRECTION('',(1.,0.,0.));
#532 = PCURVE('',#427,#533);
#533 = DEFINITIONAL_REPRESENTATION('',(#534),#538);
#534 = LINE('',#535,#536);
#535 = CARTESIAN_POINT('',(0.,0.));
#536 = VECTOR('',#537,1.);
#537 = DIRECTION('',(0.,1.));
#538 = ( GEOMETRIC_REPRESENTATION_CONTEXT(2) 
PARAMETRIC_REPRESENTATION_CONTEXT() REPRESENTATION_CONTEXT('2D SPACE',''
  ) );
#539 = PCURVE('',#455,#540);
#540 = DEFINITIONAL_REPRESENTATION('',(#541),#545);
#541 = LINE('',#542,#543);
#542 = CARTESIAN_POINT('',(0.,0.));
#543 = VECTOR('',#544,1.);
#544 = DIRECTION('',(1.,0.));
#545 = ( GEOMETRIC_REPRESENTATION_CONTEXT(2) 
PARAMETRIC_REPRESENTATION_CONTEXT() REPRESENTATION_CONTEXT('2D SPACE',''
  ) );
#546 = ORIENTED_EDGE('',*,*,#404,.T.);
#547 = ORIENTED_EDGE('',*,*,#548,.T.);
#548 = EDGE_CURVE('',#407,#549,#551,.T.);
#549 = VERTEX_POINT('',#550);
#550 = CARTESIAN_POINT('',(3.733E+03,0.,10.));
#551 = SURFACE_CURVE('',#552,(#556,#563),.PCURVE_S1.);
#552 = LINE('',#553,#554);
#553 = CARTESIAN_POINT('',(0.,0.,10.));
#554 = VECTOR('',#555,1.);
#555 = DIRECTION('',(1.,0.,0.));
#556 = PCURVE('',#427,#557);
#557 = DEFINITIONAL_REPRESENTATION('',(#558),#562);
#558 = LINE('',#559,#560);
#559 = CARTESIAN_POINT('',(10.,0.));
#560 = VECTOR('',#561,1.);
#561 = DIRECTION('',(0.,1.));
#562 = ( GEOMETRIC_REPRESENTATION_CONTEXT(2) 
PARAMETRIC_REPRESENTATION_CONTEXT() REPRESENTATION_CONTEXT('2D SPACE',''
  ) );
#563 = PCURVE('',#509,#564);
#564 = DEFINITIONAL_REPRESENTATION('',(#565),#569);
#565 = LINE('',#566,#567);
#566 = CARTESIAN_POINT('',(0.,0.));
#567 = VECTOR('',#568,1.);
#568 = DIRECTION('',(1.,0.));
#569 = ( GEOMETRIC_REPRESENTATION_CONTEXT(2) 
PARAMETRIC_REPRESENTATION_CONTEXT() REPRESENTATION_CONTEXT('2D SPACE',''
  ) );
#570 = ORIENTED_EDGE('',*,*,#571,.F.);
#571 = EDGE_CURVE('',#525,#549,#572,.T.);
#572 = SURFACE_CURVE('',#573,(#577,#584),.PCURVE_S1.);
#573 = LINE('',#574,#575);
#574 = CARTESIAN_POINT('',(3.733E+03,0.,0.));
#575 = VECTOR('',#576,1.);
#576 = DIRECTION('',(0.,0.,1.));
#577 = PCURVE('',#427,#578);
#578 = DEFINITIONAL_REPRESENTATION('',(#579),#583);
#579 = LINE('',#580,#581);
#580 = CARTESIAN_POINT('',(0.,3.733E+03));
#581 = VECTOR('',#582,1.);
#582 = DIRECTION('',(1.,0.));
#583 = ( GEOMETRIC_REPRESENTATION_CONTEXT(2) 
PARAMETRIC_REPRESENTATION_CONTEXT() REPRESENTATION_CONTEXT('2D SPACE',''
  ) );
#584 = PCURVE('',#585,#590);
#585 = PLANE('',#586);
#586 = AXIS2_PLACEMENT_3D('',#587,#588,#589);
#587 = CARTESIAN_POINT('',(3.733E+03,0.,0.));
#588 = DIRECTION('',(1.,0.,0.));
#589 = DIRECTION('',(0.,0.,1.));
#590 = DEFINITIONAL_REPRESENTATION('',(#591),#595);
#591 = LINE('',#592,#593);
#592 = CARTESIAN_POINT('',(0.,0.));
#593 = VECTOR('',#594,1.);
#594 = DIRECTION('',(1.,0.));
#595 = ( GEOMETRIC_REPRESENTATION_CONTEXT(2) 
PARAMETRIC_REPRESENTATION_CONTEXT() REPRESENTATION_CONTEXT('2D SPACE',''
  ) );
#596 = ADVANCED_FACE('',(#597,#645,#680,#715,#750,#785,#820,#855,#890,
    #925,#960,#995,#1030,#1065,#1100,#1135,#1170,#1205,#1240,#1275,#1310
    ,#1345,#1380,#1415,#1450,#1485,#1520,#1555,#1590,#1625,#1660,#1695,
    #1730,#1765,#1800,#1835,#1870,#1905,#1940,#1975,#2010,#2045,#2080,
    #2115,#2150,#2185,#2220,#2255,#2290),#509,.T.);
#597 = FACE_BOUND('',#598,.T.);
#598 = EDGE_LOOP('',(#599,#600,#601,#624));
#599 = ORIENTED_EDGE('',*,*,#495,.F.);
#600 = ORIENTED_EDGE('',*,*,#548,.T.);
#601 = ORIENTED_EDGE('',*,*,#602,.T.);
#602 = EDGE_CURVE('',#549,#603,#605,.T.);
#603 = VERTEX_POINT('',#604);
#604 = CARTESIAN_POINT('',(3.733E+03,200.,10.));
#605 = SURFACE_CURVE('',#606,(#610,#617),.PCURVE_S1.);
#606 = LINE('',#607,#608);
#607 = CARTESIAN_POINT('',(3.733E+03,0.,10.));
#608 = VECTOR('',#609,1.);
#609 = DIRECTION('',(0.,1.,0.));
#610 = PCURVE('',#509,#611);
#611 = DEFINITIONAL_REPRESENTATION('',(#612),#616);
#612 = LINE('',#613,#614);
#613 = CARTESIAN_POINT('',(3.733E+03,0.));
#614 = VECTOR('',#615,1.);
#615 = DIRECTION('',(0.,1.));
#616 = ( GEOMETRIC_REPRESENTATION_CONTEXT(2) 
PARAMETRIC_REPRESENTATION_CONTEXT() REPRESENTATION_CONTEXT('2D SPACE',''
  ) );
#617 = PCURVE('',#585,#618);
#618 = DEFINITIONAL_REPRESENTATION('',(#619),#623);
#619 = LINE('',#620,#621);
#620 = CARTESIAN_POINT('',(10.,0.));
#621 = VECTOR('',#622,1.);
#622 = DIRECTION('',(0.,-1.));
#623 = ( GEOMETRIC_REPRESENTATION_CONTEXT(2) 
PARAMETRIC_REPRESENTATION_CONTEXT() REPRESENTATION_CONTEXT('2D SPACE',''
  ) );
#624 = ORIENTED_EDGE('',*,*,#625,.F.);
#625 = EDGE_CURVE('',#468,#603,#626,.T.);
#626 = SURFACE_CURVE('',#627,(#631,#638),.PCURVE_S1.);
#627 = LINE('',#628,#629);
#628 = CARTESIAN_POINT('',(0.,200.,10.));
#629 = VECTOR('',#630,1.);
#630 = DIRECTION('',(1.,0.,0.));
#631 = PCURVE('',#509,#632);
#632 = DEFINITIONAL_REPRESENTATION('',(#633),#637);
#633 = LINE('',#634,#635);
#634 = CARTESIAN_POINT('',(0.,200.));
#635 = VECTOR('',#636,1.);
#636 = DIRECTION('',(1.,0.));
#637 = ( GEOMETRIC_REPRESENTATION_CONTEXT(2) 
PARAMETRIC_REPRESENTATION_CONTEXT() REPRESENTATION_CONTEXT('2D SPACE',''
  ) );
#638 = PCURVE('',#483,#639);
#639 = DEFINITIONAL_REPRESENTATION('',(#640),#644);
#640 = LINE('',#641,#642);
#641 = CARTESIAN_POINT('',(10.,0.));
#642 = VECTOR('',#643,1.);
#643 = DIRECTION('',(0.,1.));
#644 = ( GEOMETRIC_REPRESENTATION_CONTEXT(2) 
PARAMETRIC_REPRESENTATION_CONTEXT() REPRESENTATION_CONTEXT('2D SPACE',''
  ) );
#645 = FACE_BOUND('',#646,.T.);
#646 = EDGE_LOOP('',(#647));
#647 = ORIENTED_EDGE('',*,*,#648,.T.);
#648 = EDGE_CURVE('',#649,#649,#651,.T.);
#649 = VERTEX_POINT('',#650);
#650 = CARTESIAN_POINT('',(73.5,45.,10.));
#651 = SURFACE_CURVE('',#652,(#657,#668),.PCURVE_S1.);
#652 = CIRCLE('',#653,6.5);
#653 = AXIS2_PLACEMENT_3D('',#654,#655,#656);
#654 = CARTESIAN_POINT('',(80.,45.,10.));
#655 = DIRECTION('',(0.,0.,-1.));
#656 = DIRECTION('',(-1.,0.,0.));
#657 = PCURVE('',#509,#658);
#658 = DEFINITIONAL_REPRESENTATION('',(#659),#667);
#659 = ( BOUNDED_CURVE() B_SPLINE_CURVE(2,(#660,#661,#662,#663,#664,#665
,#666),.UNSPECIFIED.,.T.,.F.) B_SPLINE_CURVE_WITH_KNOTS((1,2,2,2,2,1),(
    -2.094395102393,0.,2.094395102393,4.188790204786,6.28318530718,
8.377580409573),.UNSPECIFIED.) CURVE() GEOMETRIC_REPRESENTATION_ITEM() 
RATIONAL_B_SPLINE_CURVE((1.,0.5,1.,0.5,1.,0.5,1.)) REPRESENTATION_ITEM(
  '') );
#660 = CARTESIAN_POINT('',(73.5,45.));
#661 = CARTESIAN_POINT('',(73.5,56.258330249198));
#662 = CARTESIAN_POINT('',(83.25,50.629165124599));
#663 = CARTESIAN_POINT('',(93.,45.));
#664 = CARTESIAN_POINT('',(83.25,39.370834875401));
#665 = CARTESIAN_POINT('',(73.5,33.741669750802));
#666 = CARTESIAN_POINT('',(73.5,45.));
#667 = ( GEOMETRIC_REPRESENTATION_CONTEXT(2) 
PARAMETRIC_REPRESENTATION_CONTEXT() REPRESENTATION_CONTEXT('2D SPACE',''
  ) );
#668 = PCURVE('',#669,#674);
#669 = CYLINDRICAL_SURFACE('',#670,6.5);
#670 = AXIS2_PLACEMENT_3D('',#671,#672,#673);
#671 = CARTESIAN_POINT('',(80.,45.,10.));
#672 = DIRECTION('',(0.,0.,-1.));
#673 = DIRECTION('',(-1.,0.,0.));
#674 = DEFINITIONAL_REPRESENTATION('',(#675),#679);
#675 = LINE('',#676,#677);
#676 = CARTESIAN_POINT('',(0.,0.));
#677 = VECTOR('',#678,1.);
#678 = DIRECTION('',(1.,0.));
#679 = ( GEOMETRIC_REPRESENTATION_CONTEXT(2) 
PARAMETRIC_REPRESENTATION_CONTEXT() REPRESENTATION_CONTEXT('2D SPACE',''
  ) );
#680 = FACE_BOUND('',#681,.T.);
#681 = EDGE_LOOP('',(#682));
#682 = ORIENTED_EDGE('',*,*,#683,.T.);
#683 = EDGE_CURVE('',#684,#684,#686,.T.);
#684 = VERTEX_POINT('',#685);
#685 = CARTESIAN_POINT('',(153.5,45.,10.));
#686 = SURFACE_CURVE('',#687,(#692,#703),.PCURVE_S1.);
#687 = CIRCLE('',#688,6.5);
#688 = AXIS2_PLACEMENT_3D('',#689,#690,#691);
#689 = CARTESIAN_POINT('',(160.,45.,10.));
#690 = DIRECTION('',(0.,0.,-1.));
#691 = DIRECTION('',(-1.,0.,0.));
#692 = PCURVE('',#509,#693);
#693 = DEFINITIONAL_REPRESENTATION('',(#694),#702);
#694 = ( BOUNDED_CURVE() B_SPLINE_CURVE(2,(#695,#696,#697,#698,#699,#700
,#701),.UNSPECIFIED.,.T.,.F.) B_SPLINE_CURVE_WITH_KNOTS((1,2,2,2,2,1),(
    -2.094395102393,0.,2.094395102393,4.188790204786,6.28318530718,
8.377580409573),.UNSPECIFIED.) CURVE() GEOMETRIC_REPRESENTATION_ITEM() 
RATIONAL_B_SPLINE_CURVE((1.,0.5,1.,0.5,1.,0.5,1.)) REPRESENTATION_ITEM(
  '') );
#695 = CARTESIAN_POINT('',(153.5,45.));
#696 = CARTESIAN_POINT('',(153.5,56.258330249198));
#697 = CARTESIAN_POINT('',(163.25,50.629165124599));
#698 = CARTESIAN_POINT('',(173.,45.));
#699 = CARTESIAN_POINT('',(163.25,39.370834875401));
#700 = CARTESIAN_POINT('',(153.5,33.741669750802));
#701 = CARTESIAN_POINT('',(153.5,45.));
#702 = ( GEOMETRIC_REPRESENTATION_CONTEXT(2) 
PARAMETRIC_REPRESENTATION_CONTEXT() REPRESENTATION_CONTEXT('2D SPACE',''
  ) );
#703 = PCURVE('',#704,#709);
#704 = CYLINDRICAL_SURFACE('',#705,6.5);
#705 = AXIS2_PLACEMENT_3D('',#706,#707,#708);
#706 = CARTESIAN_POINT('',(160.,45.,10.));
#707 = DIRECTION('',(0.,0.,-1.));
#708 = DIRECTION('',(-1.,0.,0.));
#709 = DEFINITIONAL_REPRESENTATION('',(#710),#714);
#710 = LINE('',#711,#712);
#711 = CARTESIAN_POINT('',(0.,0.));
#712 = VECTOR('',#713,1.);
#713 = DIRECTION('',(1.,0.));
#714 = ( GEOMETRIC_REPRESENTATION_CONTEXT(2) 
PARAMETRIC_REPRESENTATION_CONTEXT() REPRESENTATION_CONTEXT('2D SPACE',''
  ) );
#715 = FACE_BOUND('',#716,.T.);
#716 = EDGE_LOOP('',(#717));
#717 = ORIENTED_EDGE('',*,*,#718,.T.);
#718 = EDGE_CURVE('',#719,#719,#721,.T.);
#719 = VERTEX_POINT('',#720);
#720 = CARTESIAN_POINT('',(233.5,45.,10.));
#721 = SURFACE_CURVE('',#722,(#727,#738),.PCURVE_S1.);
#722 = CIRCLE('',#723,6.5);
#723 = AXIS2_PLACEMENT_3D('',#724,#725,#726);
#724 = CARTESIAN_POINT('',(240.,45.,10.));
#725 = DIRECTION('',(0.,0.,-1.));
#726 = DIRECTION('',(-1.,0.,0.));
#727 = PCURVE('',#509,#728);
#728 = DEFINITIONAL_REPRESENTATION('',(#729),#737);
#729 = ( BOUNDED_CURVE() B_SPLINE_CURVE(2,(#730,#731,#732,#733,#734,#735
,#736),.UNSPECIFIED.,.T.,.F.) B_SPLINE_CURVE_WITH_KNOTS((1,2,2,2,2,1),(
    -2.094395102393,0.,2.094395102393,4.188790204786,6.28318530718,
8.377580409573),.UNSPECIFIED.) CURVE() GEOMETRIC_REPRESENTATION_ITEM() 
RATIONAL_B_SPLINE_CURVE((1.,0.5,1.,0.5,1.,0.5,1.)) REPRESENTATION_ITEM(
  '') );
#730 = CARTESIAN_POINT('',(233.5,45.));
#731 = CARTESIAN_POINT('',(233.5,56.258330249198));
#732 = CARTESIAN_POINT('',(243.25,50.629165124599));
#733 = CARTESIAN_POINT('',(253.,45.));
#734 = CARTESIAN_POINT('',(243.25,39.370834875401));
#735 = CARTESIAN_POINT('',(233.5,33.741669750802));
#736 = CARTESIAN_POINT('',(233.5,45.));
#737 = ( GEOMETRIC_REPRESENTATION_CONTEXT(2) 
PARAMETRIC_REPRESENTATION_CONTEXT() REPRESENTATION_CONTEXT('2D SPACE',''
  ) );
#738 = PCURVE('',#739,#744);
#739 = CYLINDRICAL_SURFACE('',#740,6.5);
#740 = AXIS2_PLACEMENT_3D('',#741,#742,#743);
#741 = CARTESIAN_POINT('',(240.,45.,10.));
#742 = DIRECTION('',(0.,0.,-1.));
#743 = DIRECTION('',(-1.,0.,0.));
#744 = DEFINITIONAL_REPRESENTATION('',(#745),#749);
#745 = LINE('',#746,#747);
#746 = CARTESIAN_POINT('',(0.,0.));
#747 = VECTOR('',#748,1.);
#748 = DIRECTION('',(1.,0.));
#749 = ( GEOMETRIC_REPRESENTATION_CONTEXT(2) 
PARAMETRIC_REPRESENTATION_CONTEXT() REPRESENTATION_CONTEXT('2D SPACE',''
  ) );
#750 = FACE_BOUND('',#751,.T.);
#751 = EDGE_LOOP('',(#752));
#752 = ORIENTED_EDGE('',*,*,#753,.T.);
#753 = EDGE_CURVE('',#754,#754,#756,.T.);
#754 = VERTEX_POINT('',#755);
#755 = CARTESIAN_POINT('',(313.5,45.,10.));
#756 = SURFACE_CURVE('',#757,(#762,#773),.PCURVE_S1.);
#757 = CIRCLE('',#758,6.5);
#758 = AXIS2_PLACEMENT_3D('',#759,#760,#761);
#759 = CARTESIAN_POINT('',(320.,45.,10.));
#760 = DIRECTION('',(0.,0.,-1.));
#761 = DIRECTION('',(-1.,0.,0.));
#762 = PCURVE('',#509,#763);
#763 = DEFINITIONAL_REPRESENTATION('',(#764),#772);
#764 = ( BOUNDED_CURVE() B_SPLINE_CURVE(2,(#765,#766,#767,#768,#769,#770
,#771),.UNSPECIFIED.,.T.,.F.) B_SPLINE_CURVE_WITH_KNOTS((1,2,2,2,2,1),(
    -2.094395102393,0.,2.094395102393,4.188790204786,6.28318530718,
8.377580409573),.UNSPECIFIED.) CURVE() GEOMETRIC_REPRESENTATION_ITEM() 
RATIONAL_B_SPLINE_CURVE((1.,0.5,1.,0.5,1.,0.5,1.)) REPRESENTATION_ITEM(
  '') );
#765 = CARTESIAN_POINT('',(313.5,45.));
#766 = CARTESIAN_POINT('',(313.5,56.258330249198));
#767 = CARTESIAN_POINT('',(323.25,50.629165124599));
#768 = CARTESIAN_POINT('',(333.,45.));
#769 = CARTESIAN_POINT('',(323.25,39.370834875401));
#770 = CARTESIAN_POINT('',(313.5,33.741669750802));
#771 = CARTESIAN_POINT('',(313.5,45.));
#772 = ( GEOMETRIC_REPRESENTATION_CONTEXT(2) 
PARAMETRIC_REPRESENTATION_CONTEXT() REPRESENTATION_CONTEXT('2D SPACE',''
  ) );
#773 = PCURVE('',#774,#779);
#774 = CYLINDRICAL_SURFACE('',#775,6.5);
#775 = AXIS2_PLACEMENT_3D('',#776,#777,#778);
#776 = CARTESIAN_POINT('',(320.,45.,10.));
#777 = DIRECTION('',(0.,0.,-1.));
#778 = DIRECTION('',(-1.,0.,0.));
#779 = DEFINITIONAL_REPRESENTATION('',(#780),#784);
#780 = LINE('',#781,#782);
#781 = CARTESIAN_POINT('',(0.,0.));
#782 = VECTOR('',#783,1.);
#783 = DIRECTION('',(1.,0.));
#784 = ( GEOMETRIC_REPRESENTATION_CONTEXT(2) 
PARAMETRIC_REPRESENTATION_CONTEXT() REPRESENTATION_CONTEXT('2D SPACE',''
  ) );
#785 = FACE_BOUND('',#786,.T.);
#786 = EDGE_LOOP('',(#787));
#787 = ORIENTED_EDGE('',*,*,#788,.T.);
#788 = EDGE_CURVE('',#789,#789,#791,.T.);
#789 = VERTEX_POINT('',#790);
#790 = CARTESIAN_POINT('',(393.5,45.,10.));
#791 = SURFACE_CURVE('',#792,(#797,#808),.PCURVE_S1.);
#792 = CIRCLE('',#793,6.5);
#793 = AXIS2_PLACEMENT_3D('',#794,#795,#796);
#794 = CARTESIAN_POINT('',(400.,45.,10.));
#795 = DIRECTION('',(0.,0.,-1.));
#796 = DIRECTION('',(-1.,0.,0.));
#797 = PCURVE('',#509,#798);
#798 = DEFINITIONAL_REPRESENTATION('',(#799),#807);
#799 = ( BOUNDED_CURVE() B_SPLINE_CURVE(2,(#800,#801,#802,#803,#804,#805
,#806),.UNSPECIFIED.,.T.,.F.) B_SPLINE_CURVE_WITH_KNOTS((1,2,2,2,2,1),(
    -2.094395102393,0.,2.094395102393,4.188790204786,6.28318530718,
8.377580409573),.UNSPECIFIED.) CURVE() GEOMETRIC_REPRESENTATION_ITEM() 
RATIONAL_B_SPLINE_CURVE((1.,0.5,1.,0.5,1.,0.5,1.)) REPRESENTATION_ITEM(
  '') );
#800 = CARTESIAN_POINT('',(393.5,45.));
#801 = CARTESIAN_POINT('',(393.5,56.258330249198));
#802 = CARTESIAN_POINT('',(403.25,50.629165124599));
#803 = CARTESIAN_POINT('',(413.,45.));
#804 = CARTESIAN_POINT('',(403.25,39.370834875401));
#805 = CARTESIAN_POINT('',(393.5,33.741669750802));
#806 = CARTESIAN_POINT('',(393.5,45.));
#807 = ( GEOMETRIC_REPRESENTATION_CONTEXT(2) 
PARAMETRIC_REPRESENTATION_CONTEXT() REPRESENTATION_CONTEXT('2D SPACE',''
  ) );
#808 = PCURVE('',#809,#814);
#809 = CYLINDRICAL_SURFACE('',#810,6.5);
#810 = AXIS2_PLACEMENT_3D('',#811,#812,#813);
#811 = CARTESIAN_POINT('',(400.,45.,10.));
#812 = DIRECTION('',(0.,0.,-1.));
#813 = DIRECTION('',(-1.,0.,0.));
#814 = DEFINITIONAL_REPRESENTATION('',(#815),#819);
#815 = LINE('',#816,#817);
#816 = CARTESIAN_POINT('',(0.,0.));
#817 = VECTOR('',#818,1.);
#818 = DIRECTION('',(1.,0.));
#819 = ( GEOMETRIC_REPRESENTATION_CONTEXT(2) 
PARAMETRIC_REPRESENTATION_CONTEXT() REPRESENTATION_CONTEXT('2D SPACE',''
  ) );
#820 = FACE_BOUND('',#821,.T.);
#821 = EDGE_LOOP('',(#822));
#822 = ORIENTED_EDGE('',*,*,#823,.T.);
#823 = EDGE_CURVE('',#824,#824,#826,.T.);
#824 = VERTEX_POINT('',#825);
#825 = CARTESIAN_POINT('',(473.5,45.,10.));
#826 = SURFACE_CURVE('',#827,(#832,#843),.PCURVE_S1.);
#827 = CIRCLE('',#828,6.5);
#828 = AXIS2_PLACEMENT_3D('',#829,#830,#831);
#829 = CARTESIAN_POINT('',(480.,45.,10.));
#830 = DIRECTION('',(0.,0.,-1.));
#831 = DIRECTION('',(-1.,0.,0.));
#832 = PCURVE('',#509,#833);
#833 = DEFINITIONAL_REPRESENTATION('',(#834),#842);
#834 = ( BOUNDED_CURVE() B_SPLINE_CURVE(2,(#835,#836,#837,#838,#839,#840
,#841),.UNSPECIFIED.,.T.,.F.) B_SPLINE_CURVE_WITH_KNOTS((1,2,2,2,2,1),(
    -2.094395102393,0.,2.094395102393,4.188790204786,6.28318530718,
8.377580409573),.UNSPECIFIED.) CURVE() GEOMETRIC_REPRESENTATION_ITEM() 
RATIONAL_B_SPLINE_CURVE((1.,0.5,1.,0.5,1.,0.5,1.)) REPRESENTATION_ITEM(
  '') );
#835 = CARTESIAN_POINT('',(473.5,45.));
#836 = CARTESIAN_POINT('',(473.5,56.258330249198));
#837 = CARTESIAN_POINT('',(483.25,50.629165124599));
#838 = CARTESIAN_POINT('',(493.,45.));
#839 = CARTESIAN_POINT('',(483.25,39.370834875401));
#840 = CARTESIAN_POINT('',(473.5,33.741669750802));
#841 = CARTESIAN_POINT('',(473.5,45.));
#842 = ( GEOMETRIC_REPRESENTATION_CONTEXT(2) 
PARAMETRIC_REPRESENTATION_CONTEXT() REPRESENTATION_CONTEXT('2D SPACE',''
  ) );
#843 = PCURVE('',#844,#849);
#844 = CYLINDRICAL_SURFACE('',#845,6.5);
#845 = AXIS2_PLACEMENT_3D('',#846,#847,#848);
#846 = CARTESIAN_POINT('',(480.,45.,10.));
#847 = DIRECTION('',(0.,0.,-1.));
#848 = DIRECTION('',(-1.,0.,0.));
#849 = DEFINITIONAL_REPRESENTATION('',(#850),#854);
#850 = LINE('',#851,#852);
#851 = CARTESIAN_POINT('',(0.,0.));
#852 = VECTOR('',#853,1.);
#853 = DIRECTION('',(1.,0.));
#854 = ( GEOMETRIC_REPRESENTATION_CONTEXT(2) 
PARAMETRIC_REPRESENTATION_CONTEXT() REPRESENTATION_CONTEXT('2D SPACE',''
  ) );
#855 = FACE_BOUND('',#856,.T.);
#856 = EDGE_LOOP('',(#857));
#857 = ORIENTED_EDGE('',*,*,#858,.T.);
#858 = EDGE_CURVE('',#859,#859,#861,.T.);
#859 = VERTEX_POINT('',#860);
#860 = CARTESIAN_POINT('',(588.5,45.,10.));
#861 = SURFACE_CURVE('',#862,(#867,#878),.PCURVE_S1.);
#862 = CIRCLE('',#863,6.5);
#863 = AXIS2_PLACEMENT_3D('',#864,#865,#866);
#864 = CARTESIAN_POINT('',(595.,45.,10.));
#865 = DIRECTION('',(0.,0.,-1.));
#866 = DIRECTION('',(-1.,0.,0.));
#867 = PCURVE('',#509,#868);
#868 = DEFINITIONAL_REPRESENTATION('',(#869),#877);
#869 = ( BOUNDED_CURVE() B_SPLINE_CURVE(2,(#870,#871,#872,#873,#874,#875
,#876),.UNSPECIFIED.,.T.,.F.) B_SPLINE_CURVE_WITH_KNOTS((1,2,2,2,2,1),(
    -2.094395102393,0.,2.094395102393,4.188790204786,6.28318530718,
8.377580409573),.UNSPECIFIED.) CURVE() GEOMETRIC_REPRESENTATION_ITEM() 
RATIONAL_B_SPLINE_CURVE((1.,0.5,1.,0.5,1.,0.5,1.)) REPRESENTATION_ITEM(
  '') );
#870 = CARTESIAN_POINT('',(588.5,45.));
#871 = CARTESIAN_POINT('',(588.5,56.258330249198));
#872 = CARTESIAN_POINT('',(598.25,50.629165124599));
#873 = CARTESIAN_POINT('',(608.,45.));
#874 = CARTESIAN_POINT('',(598.25,39.370834875401));
#875 = CARTESIAN_POINT('',(588.5,33.741669750802));
#876 = CARTESIAN_POINT('',(588.5,45.));
#877 = ( GEOMETRIC_REPRESENTATION_CONTEXT(2) 
PARAMETRIC_REPRESENTATION_CONTEXT() REPRESENTATION_CONTEXT('2D SPACE',''
  ) );
#878 = PCURVE('',#879,#884);
#879 = CYLINDRICAL_SURFACE('',#880,6.5);
#880 = AXIS2_PLACEMENT_3D('',#881,#882,#883);
#881 = CARTESIAN_POINT('',(595.,45.,10.));
#882 = DIRECTION('',(0.,0.,-1.));
#883 = DIRECTION('',(-1.,0.,0.));
#884 = DEFINITIONAL_REPRESENTATION('',(#885),#889);
#885 = LINE('',#886,#887);
#886 = CARTESIAN_POINT('',(0.,0.));
#887 = VECTOR('',#888,1.);
#888 = DIRECTION('',(1.,0.));
#889 = ( GEOMETRIC_REPRESENTATION_CONTEXT(2) 
PARAMETRIC_REPRESENTATION_CONTEXT() REPRESENTATION_CONTEXT('2D SPACE',''
  ) );
#890 = FACE_BOUND('',#891,.T.);
#891 = EDGE_LOOP('',(#892));
#892 = ORIENTED_EDGE('',*,*,#893,.T.);
#893 = EDGE_CURVE('',#894,#894,#896,.T.);
#894 = VERTEX_POINT('',#895);
#895 = CARTESIAN_POINT('',(738.5,45.,10.));
#896 = SURFACE_CURVE('',#897,(#902,#913),.PCURVE_S1.);
#897 = CIRCLE('',#898,6.5);
#898 = AXIS2_PLACEMENT_3D('',#899,#900,#901);
#899 = CARTESIAN_POINT('',(745.,45.,10.));
#900 = DIRECTION('',(0.,0.,-1.));
#901 = DIRECTION('',(-1.,0.,0.));
#902 = PCURVE('',#509,#903);
#903 = DEFINITIONAL_REPRESENTATION('',(#904),#912);
#904 = ( BOUNDED_CURVE() B_SPLINE_CURVE(2,(#905,#906,#907,#908,#909,#910
,#911),.UNSPECIFIED.,.T.,.F.) B_SPLINE_CURVE_WITH_KNOTS((1,2,2,2,2,1),(
    -2.094395102393,0.,2.094395102393,4.188790204786,6.28318530718,
8.377580409573),.UNSPECIFIED.) CURVE() GEOMETRIC_REPRESENTATION_ITEM() 
RATIONAL_B_SPLINE_CURVE((1.,0.5,1.,0.5,1.,0.5,1.)) REPRESENTATION_ITEM(
  '') );
#905 = CARTESIAN_POINT('',(738.5,45.));
#906 = CARTESIAN_POINT('',(738.5,56.258330249198));
#907 = CARTESIAN_POINT('',(748.25,50.629165124599));
#908 = CARTESIAN_POINT('',(758.,45.));
#909 = CARTESIAN_POINT('',(748.25,39.370834875401));
#910 = CARTESIAN_POINT('',(738.5,33.741669750802));
#911 = CARTESIAN_POINT('',(738.5,45.));
#912 = ( GEOMETRIC_REPRESENTATION_CONTEXT(2) 
PARAMETRIC_REPRESENTATION_CONTEXT() REPRESENTATION_CONTEXT('2D SPACE',''
  ) );
#913 = PCURVE('',#914,#919);
#914 = CYLINDRICAL_SURFACE('',#915,6.5);
#915 = AXIS2_PLACEMENT_3D('',#916,#917,#918);
#916 = CARTESIAN_POINT('',(745.,45.,10.));
#917 = DIRECTION('',(0.,0.,-1.));
#918 = DIRECTION('',(-1.,0.,0.));
#919 = DEFINITIONAL_REPRESENTATION('',(#920),#924);
#920 = LINE('',#921,#922);
#921 = CARTESIAN_POINT('',(0.,0.));
#922 = VECTOR('',#923,1.);
#923 = DIRECTION('',(1.,0.));
#924 = ( GEOMETRIC_REPRESENTATION_CONTEXT(2) 
PARAMETRIC_REPRESENTATION_CONTEXT() REPRESENTATION_CONTEXT('2D SPACE',''
  ) );
#925 = FACE_BOUND('',#926,.T.);
#926 = EDGE_LOOP('',(#927));
#927 = ORIENTED_EDGE('',*,*,#928,.T.);
#928 = EDGE_CURVE('',#929,#929,#931,.T.);
#929 = VERTEX_POINT('',#930);
#930 = CARTESIAN_POINT('',(888.5,45.,10.));
#931 = SURFACE_CURVE('',#932,(#937,#948),.PCURVE_S1.);
#932 = CIRCLE('',#933,6.5);
#933 = AXIS2_PLACEMENT_3D('',#934,#935,#936);
#934 = CARTESIAN_POINT('',(895.,45.,10.));
#935 = DIRECTION('',(0.,0.,-1.));
#936 = DIRECTION('',(-1.,0.,0.));
#937 = PCURVE('',#509,#938);
#938 = DEFINITIONAL_REPRESENTATION('',(#939),#947);
#939 = ( BOUNDED_CURVE() B_SPLINE_CURVE(2,(#940,#941,#942,#943,#944,#945
,#946),.UNSPECIFIED.,.T.,.F.) B_SPLINE_CURVE_WITH_KNOTS((1,2,2,2,2,1),(
    -2.094395102393,0.,2.094395102393,4.188790204786,6.28318530718,
8.377580409573),.UNSPECIFIED.) CURVE() GEOMETRIC_REPRESENTATION_ITEM() 
RATIONAL_B_SPLINE_CURVE((1.,0.5,1.,0.5,1.,0.5,1.)) REPRESENTATION_ITEM(
  '') );
#940 = CARTESIAN_POINT('',(888.5,45.));
#941 = CARTESIAN_POINT('',(888.5,56.258330249198));
#942 = CARTESIAN_POINT('',(898.25,50.629165124599));
#943 = CARTESIAN_POINT('',(908.,45.));
#944 = CARTESIAN_POINT('',(898.25,39.370834875401));
#945 = CARTESIAN_POINT('',(888.5,33.741669750802));
#946 = CARTESIAN_POINT('',(888.5,45.));
#947 = ( GEOMETRIC_REPRESENTATION_CONTEXT(2) 
PARAMETRIC_REPRESENTATION_CONTEXT() REPRESENTATION_CONTEXT('2D SPACE',''
  ) );
#948 = PCURVE('',#949,#954);
#949 = CYLINDRICAL_SURFACE('',#950,6.5);
#950 = AXIS2_PLACEMENT_3D('',#951,#952,#953);
#951 = CARTESIAN_POINT('',(895.,45.,10.));
#952 = DIRECTION('',(0.,0.,-1.));
#953 = DIRECTION('',(-1.,0.,0.));
#954 = DEFINITIONAL_REPRESENTATION('',(#955),#959);
#955 = LINE('',#956,#957);
#956 = CARTESIAN_POINT('',(0.,0.));
#957 = VECTOR('',#958,1.);
#958 = DIRECTION('',(1.,0.));
#959 = ( GEOMETRIC_REPRESENTATION_CONTEXT(2) 
PARAMETRIC_REPRESENTATION_CONTEXT() REPRESENTATION_CONTEXT('2D SPACE',''
  ) );
#960 = FACE_BOUND('',#961,.T.);
#961 = EDGE_LOOP('',(#962));
#962 = ORIENTED_EDGE('',*,*,#963,.T.);
#963 = EDGE_CURVE('',#964,#964,#966,.T.);
#964 = VERTEX_POINT('',#965);
#965 = CARTESIAN_POINT('',(1.0385E+03,45.,10.));
#966 = SURFACE_CURVE('',#967,(#972,#983),.PCURVE_S1.);
#967 = CIRCLE('',#968,6.5);
#968 = AXIS2_PLACEMENT_3D('',#969,#970,#971);
#969 = CARTESIAN_POINT('',(1.045E+03,45.,10.));
#970 = DIRECTION('',(0.,0.,-1.));
#971 = DIRECTION('',(-1.,0.,0.));
#972 = PCURVE('',#509,#973);
#973 = DEFINITIONAL_REPRESENTATION('',(#974),#982);
#974 = ( BOUNDED_CURVE() B_SPLINE_CURVE(2,(#975,#976,#977,#978,#979,#980
,#981),.UNSPECIFIED.,.T.,.F.) B_SPLINE_CURVE_WITH_KNOTS((1,2,2,2,2,1),(
    -2.094395102393,0.,2.094395102393,4.188790204786,6.28318530718,
8.377580409573),.UNSPECIFIED.) CURVE() GEOMETRIC_REPRESENTATION_ITEM() 
RATIONAL_B_SPLINE_CURVE((1.,0.5,1.,0.5,1.,0.5,1.)) REPRESENTATION_ITEM(
  '') );
#975 = CARTESIAN_POINT('',(1.0385E+03,45.));
#976 = CARTESIAN_POINT('',(1.0385E+03,56.258330249198));
#977 = CARTESIAN_POINT('',(1.04825E+03,50.629165124599));
#978 = CARTESIAN_POINT('',(1.058E+03,45.));
#979 = CARTESIAN_POINT('',(1.04825E+03,39.370834875401));
#980 = CARTESIAN_POINT('',(1.0385E+03,33.741669750802));
#981 = CARTESIAN_POINT('',(1.0385E+03,45.));
#982 = ( GEOMETRIC_REPRESENTATION_CONTEXT(2) 
PARAMETRIC_REPRESENTATION_CONTEXT() REPRESENTATION_CONTEXT('2D SPACE',''
  ) );
#983 = PCURVE('',#984,#989);
#984 = CYLINDRICAL_SURFACE('',#985,6.5);
#985 = AXIS2_PLACEMENT_3D('',#986,#987,#988);
#986 = CARTESIAN_POINT('',(1.045E+03,45.,10.));
#987 = DIRECTION('',(0.,0.,-1.));
#988 = DIRECTION('',(-1.,0.,0.));
#989 = DEFINITIONAL_REPRESENTATION('',(#990),#994);
#990 = LINE('',#991,#992);
#991 = CARTESIAN_POINT('',(0.,0.));
#992 = VECTOR('',#993,1.);
#993 = DIRECTION('',(1.,0.));
#994 = ( GEOMETRIC_REPRESENTATION_CONTEXT(2) 
PARAMETRIC_REPRESENTATION_CONTEXT() REPRESENTATION_CONTEXT('2D SPACE',''
  ) );
#995 = FACE_BOUND('',#996,.T.);
#996 = EDGE_LOOP('',(#997));
#997 = ORIENTED_EDGE('',*,*,#998,.T.);
#998 = EDGE_CURVE('',#999,#999,#1001,.T.);
#999 = VERTEX_POINT('',#1000);
#1000 = CARTESIAN_POINT('',(1.3135E+03,45.,10.));
#1001 = SURFACE_CURVE('',#1002,(#1007,#1018),.PCURVE_S1.);
#1002 = CIRCLE('',#1003,6.5);
#1003 = AXIS2_PLACEMENT_3D('',#1004,#1005,#1006);
#1004 = CARTESIAN_POINT('',(1.32E+03,45.,10.));
#1005 = DIRECTION('',(0.,0.,-1.));
#1006 = DIRECTION('',(-1.,0.,0.));
#1007 = PCURVE('',#509,#1008);
#1008 = DEFINITIONAL_REPRESENTATION('',(#1009),#1017);
#1009 = ( BOUNDED_CURVE() B_SPLINE_CURVE(2,(#1010,#1011,#1012,#1013,
#1014,#1015,#1016),.UNSPECIFIED.,.T.,.F.) B_SPLINE_CURVE_WITH_KNOTS((1,2
    ,2,2,2,1),(-2.094395102393,0.,2.094395102393,4.188790204786,
6.28318530718,8.377580409573),.UNSPECIFIED.) CURVE() 
GEOMETRIC_REPRESENTATION_ITEM() RATIONAL_B_SPLINE_CURVE((1.,0.5,1.,0.5,
1.,0.5,1.)) REPRESENTATION_ITEM('') );
#1010 = CARTESIAN_POINT('',(1.3135E+03,45.));
#1011 = CARTESIAN_POINT('',(1.3135E+03,56.258330249198));
#1012 = CARTESIAN_POINT('',(1.32325E+03,50.629165124599));
#1013 = CARTESIAN_POINT('',(1.333E+03,45.));
#1014 = CARTESIAN_POINT('',(1.32325E+03,39.370834875401));
#1015 = CARTESIAN_POINT('',(1.3135E+03,33.741669750802));
#1016 = CARTESIAN_POINT('',(1.3135E+03,45.));
#1017 = ( GEOMETRIC_REPRESENTATION_CONTEXT(2) 
PARAMETRIC_REPRESENTATION_CONTEXT() REPRESENTATION_CONTEXT('2D SPACE',''
  ) );
#1018 = PCURVE('',#1019,#1024);
#1019 = CYLINDRICAL_SURFACE('',#1020,6.5);
#1020 = AXIS2_PLACEMENT_3D('',#1021,#1022,#1023);
#1021 = CARTESIAN_POINT('',(1.32E+03,45.,10.));
#1022 = DIRECTION('',(0.,0.,-1.));
#1023 = DIRECTION('',(-1.,0.,0.));
#1024 = DEFINITIONAL_REPRESENTATION('',(#1025),#1029);
#1025 = LINE('',#1026,#1027);
#1026 = CARTESIAN_POINT('',(0.,0.));
#1027 = VECTOR('',#1028,1.);
#1028 = DIRECTION('',(1.,0.));
#1029 = ( GEOMETRIC_REPRESENTATION_CONTEXT(2) 
PARAMETRIC_REPRESENTATION_CONTEXT() REPRESENTATION_CONTEXT('2D SPACE',''
  ) );
#1030 = FACE_BOUND('',#1031,.T.);
#1031 = EDGE_LOOP('',(#1032));
#1032 = ORIENTED_EDGE('',*,*,#1033,.T.);
#1033 = EDGE_CURVE('',#1034,#1034,#1036,.T.);
#1034 = VERTEX_POINT('',#1035);
#1035 = CARTESIAN_POINT('',(1.7135E+03,45.,10.));
#1036 = SURFACE_CURVE('',#1037,(#1042,#1053),.PCURVE_S1.);
#1037 = CIRCLE('',#1038,6.5);
#1038 = AXIS2_PLACEMENT_3D('',#1039,#1040,#1041);
#1039 = CARTESIAN_POINT('',(1.72E+03,45.,10.));
#1040 = DIRECTION('',(0.,0.,-1.));
#1041 = DIRECTION('',(-1.,0.,0.));
#1042 = PCURVE('',#509,#1043);
#1043 = DEFINITIONAL_REPRESENTATION('',(#1044),#1052);
#1044 = ( BOUNDED_CURVE() B_SPLINE_CURVE(2,(#1045,#1046,#1047,#1048,
#1049,#1050,#1051),.UNSPECIFIED.,.T.,.F.) B_SPLINE_CURVE_WITH_KNOTS((1,2
    ,2,2,2,1),(-2.094395102393,0.,2.094395102393,4.188790204786,
6.28318530718,8.377580409573),.UNSPECIFIED.) CURVE() 
GEOMETRIC_REPRESENTATION_ITEM() RATIONAL_B_SPLINE_CURVE((1.,0.5,1.,0.5,
1.,0.5,1.)) REPRESENTATION_ITEM('') );
#1045 = CARTESIAN_POINT('',(1.7135E+03,45.));
#1046 = CARTESIAN_POINT('',(1.7135E+03,56.258330249198));
#1047 = CARTESIAN_POINT('',(1.72325E+03,50.629165124599));
#1048 = CARTESIAN_POINT('',(1.733E+03,45.));
#1049 = CARTESIAN_POINT('',(1.72325E+03,39.370834875401));
#1050 = CARTESIAN_POINT('',(1.7135E+03,33.741669750802));
#1051 = CARTESIAN_POINT('',(1.7135E+03,45.));
#1052 = ( GEOMETRIC_REPRESENTATION_CONTEXT(2) 
PARAMETRIC_REPRESENTATION_CONTEXT() REPRESENTATION_CONTEXT('2D SPACE',''
  ) );
#1053 = PCURVE('',#1054,#1059);
#1054 = CYLINDRICAL_SURFACE('',#1055,6.5);
#1055 = AXIS2_PLACEMENT_3D('',#1056,#1057,#1058);
#1056 = CARTESIAN_POINT('',(1.72E+03,45.,10.));
#1057 = DIRECTION('',(0.,0.,-1.));
#1058 = DIRECTION('',(-1.,0.,0.));
#1059 = DEFINITIONAL_REPRESENTATION('',(#1060),#1064);
#1060 = LINE('',#1061,#1062);
#1061 = CARTESIAN_POINT('',(0.,0.));
#1062 = VECTOR('',#1063,1.);
#1063 = DIRECTION('',(1.,0.));
#1064 = ( GEOMETRIC_REPRESENTATION_CONTEXT(2) 
PARAMETRIC_REPRESENTATION_CONTEXT() REPRESENTATION_CONTEXT('2D SPACE',''
  ) );
#1065 = FACE_BOUND('',#1066,.T.);
#1066 = EDGE_LOOP('',(#1067));
#1067 = ORIENTED_EDGE('',*,*,#1068,.T.);
#1068 = EDGE_CURVE('',#1069,#1069,#1071,.T.);
#1069 = VERTEX_POINT('',#1070);
#1070 = CARTESIAN_POINT('',(1.9265E+03,45.,10.));
#1071 = SURFACE_CURVE('',#1072,(#1077,#1088),.PCURVE_S1.);
#1072 = CIRCLE('',#1073,6.5);
#1073 = AXIS2_PLACEMENT_3D('',#1074,#1075,#1076);
#1074 = CARTESIAN_POINT('',(1.933E+03,45.,10.));
#1075 = DIRECTION('',(0.,0.,-1.));
#1076 = DIRECTION('',(-1.,0.,0.));
#1077 = PCURVE('',#509,#1078);
#1078 = DEFINITIONAL_REPRESENTATION('',(#1079),#1087);
#1079 = ( BOUNDED_CURVE() B_SPLINE_CURVE(2,(#1080,#1081,#1082,#1083,
#1084,#1085,#1086),.UNSPECIFIED.,.T.,.F.) B_SPLINE_CURVE_WITH_KNOTS((1,2
    ,2,2,2,1),(-2.094395102393,0.,2.094395102393,4.188790204786,
6.28318530718,8.377580409573),.UNSPECIFIED.) CURVE() 
GEOMETRIC_REPRESENTATION_ITEM() RATIONAL_B_SPLINE_CURVE((1.,0.5,1.,0.5,
1.,0.5,1.)) REPRESENTATION_ITEM('') );
#1080 = CARTESIAN_POINT('',(1.9265E+03,45.));
#1081 = CARTESIAN_POINT('',(1.9265E+03,56.258330249198));
#1082 = CARTESIAN_POINT('',(1.93625E+03,50.629165124599));
#1083 = CARTESIAN_POINT('',(1.946E+03,45.));
#1084 = CARTESIAN_POINT('',(1.93625E+03,39.370834875401));
#1085 = CARTESIAN_POINT('',(1.9265E+03,33.741669750802));
#1086 = CARTESIAN_POINT('',(1.9265E+03,45.));
#1087 = ( GEOMETRIC_REPRESENTATION_CONTEXT(2) 
PARAMETRIC_REPRESENTATION_CONTEXT() REPRESENTATION_CONTEXT('2D SPACE',''
  ) );
#1088 = PCURVE('',#1089,#1094);
#1089 = CYLINDRICAL_SURFACE('',#1090,6.5);
#1090 = AXIS2_PLACEMENT_3D('',#1091,#1092,#1093);
#1091 = CARTESIAN_POINT('',(1.933E+03,45.,10.));
#1092 = DIRECTION('',(0.,0.,-1.));
#1093 = DIRECTION('',(-1.,0.,0.));
#1094 = DEFINITIONAL_REPRESENTATION('',(#1095),#1099);
#1095 = LINE('',#1096,#1097);
#1096 = CARTESIAN_POINT('',(0.,0.));
#1097 = VECTOR('',#1098,1.);
#1098 = DIRECTION('',(1.,0.));
#1099 = ( GEOMETRIC_REPRESENTATION_CONTEXT(2) 
PARAMETRIC_REPRESENTATION_CONTEXT() REPRESENTATION_CONTEXT('2D SPACE',''
  ) );
#1100 = FACE_BOUND('',#1101,.T.);
#1101 = EDGE_LOOP('',(#1102));
#1102 = ORIENTED_EDGE('',*,*,#1103,.T.);
#1103 = EDGE_CURVE('',#1104,#1104,#1106,.T.);
#1104 = VERTEX_POINT('',#1105);
#1105 = CARTESIAN_POINT('',(2.3265E+03,45.,10.));
#1106 = SURFACE_CURVE('',#1107,(#1112,#1123),.PCURVE_S1.);
#1107 = CIRCLE('',#1108,6.5);
#1108 = AXIS2_PLACEMENT_3D('',#1109,#1110,#1111);
#1109 = CARTESIAN_POINT('',(2.333E+03,45.,10.));
#1110 = DIRECTION('',(0.,0.,-1.));
#1111 = DIRECTION('',(-1.,0.,0.));
#1112 = PCURVE('',#509,#1113);
#1113 = DEFINITIONAL_REPRESENTATION('',(#1114),#1122);
#1114 = ( BOUNDED_CURVE() B_SPLINE_CURVE(2,(#1115,#1116,#1117,#1118,
#1119,#1120,#1121),.UNSPECIFIED.,.T.,.F.) B_SPLINE_CURVE_WITH_KNOTS((1,2
    ,2,2,2,1),(-2.094395102393,0.,2.094395102393,4.188790204786,
6.28318530718,8.377580409573),.UNSPECIFIED.) CURVE() 
GEOMETRIC_REPRESENTATION_ITEM() RATIONAL_B_SPLINE_CURVE((1.,0.5,1.,0.5,
1.,0.5,1.)) REPRESENTATION_ITEM('') );
#1115 = CARTESIAN_POINT('',(2.3265E+03,45.));
#1116 = CARTESIAN_POINT('',(2.3265E+03,56.258330249198));
#1117 = CARTESIAN_POINT('',(2.33625E+03,50.629165124599));
#1118 = CARTESIAN_POINT('',(2.346E+03,45.));
#1119 = CARTESIAN_POINT('',(2.33625E+03,39.370834875401));
#1120 = CARTESIAN_POINT('',(2.3265E+03,33.741669750802));
#1121 = CARTESIAN_POINT('',(2.3265E+03,45.));
#1122 = ( GEOMETRIC_REPRESENTATION_CONTEXT(2) 
PARAMETRIC_REPRESENTATION_CONTEXT() REPRESENTATION_CONTEXT('2D SPACE',''
  ) );
#1123 = PCURVE('',#1124,#1129);
#1124 = CYLINDRICAL_SURFACE('',#1125,6.5);
#1125 = AXIS2_PLACEMENT_3D('',#1126,#1127,#1128);
#1126 = CARTESIAN_POINT('',(2.333E+03,45.,10.));
#1127 = DIRECTION('',(0.,0.,-1.));
#1128 = DIRECTION('',(-1.,0.,0.));
#1129 = DEFINITIONAL_REPRESENTATION('',(#1130),#1134);
#1130 = LINE('',#1131,#1132);
#1131 = CARTESIAN_POINT('',(0.,0.));
#1132 = VECTOR('',#1133,1.);
#1133 = DIRECTION('',(1.,0.));
#1134 = ( GEOMETRIC_REPRESENTATION_CONTEXT(2) 
PARAMETRIC_REPRESENTATION_CONTEXT() REPRESENTATION_CONTEXT('2D SPACE',''
  ) );
#1135 = FACE_BOUND('',#1136,.T.);
#1136 = EDGE_LOOP('',(#1137));
#1137 = ORIENTED_EDGE('',*,*,#1138,.T.);
#1138 = EDGE_CURVE('',#1139,#1139,#1141,.T.);
#1139 = VERTEX_POINT('',#1140);
#1140 = CARTESIAN_POINT('',(2.7265E+03,45.,10.));
#1141 = SURFACE_CURVE('',#1142,(#1147,#1158),.PCURVE_S1.);
#1142 = CIRCLE('',#1143,6.5);
#1143 = AXIS2_PLACEMENT_3D('',#1144,#1145,#1146);
#1144 = CARTESIAN_POINT('',(2.733E+03,45.,10.));
#1145 = DIRECTION('',(0.,0.,-1.));
#1146 = DIRECTION('',(-1.,0.,0.));
#1147 = PCURVE('',#509,#1148);
#1148 = DEFINITIONAL_REPRESENTATION('',(#1149),#1157);
#1149 = ( BOUNDED_CURVE() B_SPLINE_CURVE(2,(#1150,#1151,#1152,#1153,
#1154,#1155,#1156),.UNSPECIFIED.,.T.,.F.) B_SPLINE_CURVE_WITH_KNOTS((1,2
    ,2,2,2,1),(-2.094395102393,0.,2.094395102393,4.188790204786,
6.28318530718,8.377580409573),.UNSPECIFIED.) CURVE() 
GEOMETRIC_REPRESENTATION_ITEM() RATIONAL_B_SPLINE_CURVE((1.,0.5,1.,0.5,
1.,0.5,1.)) REPRESENTATION_ITEM('') );
#1150 = CARTESIAN_POINT('',(2.7265E+03,45.));
#1151 = CARTESIAN_POINT('',(2.7265E+03,56.258330249198));
#1152 = CARTESIAN_POINT('',(2.73625E+03,50.629165124599));
#1153 = CARTESIAN_POINT('',(2.746E+03,45.));
#1154 = CARTESIAN_POINT('',(2.73625E+03,39.370834875401));
#1155 = CARTESIAN_POINT('',(2.7265E+03,33.741669750802));
#1156 = CARTESIAN_POINT('',(2.7265E+03,45.));
#1157 = ( GEOMETRIC_REPRESENTATION_CONTEXT(2) 
PARAMETRIC_REPRESENTATION_CONTEXT() REPRESENTATION_CONTEXT('2D SPACE',''
  ) );
#1158 = PCURVE('',#1159,#1164);
#1159 = CYLINDRICAL_SURFACE('',#1160,6.5);
#1160 = AXIS2_PLACEMENT_3D('',#1161,#1162,#1163);
#1161 = CARTESIAN_POINT('',(2.733E+03,45.,10.));
#1162 = DIRECTION('',(0.,0.,-1.));
#1163 = DIRECTION('',(-1.,0.,0.));
#1164 = DEFINITIONAL_REPRESENTATION('',(#1165),#1169);
#1165 = LINE('',#1166,#1167);
#1166 = CARTESIAN_POINT('',(0.,0.));
#1167 = VECTOR('',#1168,1.);
#1168 = DIRECTION('',(1.,0.));
#1169 = ( GEOMETRIC_REPRESENTATION_CONTEXT(2) 
PARAMETRIC_REPRESENTATION_CONTEXT() REPRESENTATION_CONTEXT('2D SPACE',''
  ) );
#1170 = FACE_BOUND('',#1171,.T.);
#1171 = EDGE_LOOP('',(#1172));
#1172 = ORIENTED_EDGE('',*,*,#1173,.T.);
#1173 = EDGE_CURVE('',#1174,#1174,#1176,.T.);
#1174 = VERTEX_POINT('',#1175);
#1175 = CARTESIAN_POINT('',(2.8265E+03,45.,10.));
#1176 = SURFACE_CURVE('',#1177,(#1182,#1193),.PCURVE_S1.);
#1177 = CIRCLE('',#1178,6.5);
#1178 = AXIS2_PLACEMENT_3D('',#1179,#1180,#1181);
#1179 = CARTESIAN_POINT('',(2.833E+03,45.,10.));
#1180 = DIRECTION('',(0.,0.,-1.));
#1181 = DIRECTION('',(-1.,0.,0.));
#1182 = PCURVE('',#509,#1183);
#1183 = DEFINITIONAL_REPRESENTATION('',(#1184),#1192);
#1184 = ( BOUNDED_CURVE() B_SPLINE_CURVE(2,(#1185,#1186,#1187,#1188,
#1189,#1190,#1191),.UNSPECIFIED.,.T.,.F.) B_SPLINE_CURVE_WITH_KNOTS((1,2
    ,2,2,2,1),(-2.094395102393,0.,2.094395102393,4.188790204786,
6.28318530718,8.377580409573),.UNSPECIFIED.) CURVE() 
GEOMETRIC_REPRESENTATION_ITEM() RATIONAL_B_SPLINE_CURVE((1.,0.5,1.,0.5,
1.,0.5,1.)) REPRESENTATION_ITEM('') );
#1185 = CARTESIAN_POINT('',(2.8265E+03,45.));
#1186 = CARTESIAN_POINT('',(2.8265E+03,56.258330249198));
#1187 = CARTESIAN_POINT('',(2.83625E+03,50.629165124599));
#1188 = CARTESIAN_POINT('',(2.846E+03,45.));
#1189 = CARTESIAN_POINT('',(2.83625E+03,39.370834875401));
#1190 = CARTESIAN_POINT('',(2.8265E+03,33.741669750802));
#1191 = CARTESIAN_POINT('',(2.8265E+03,45.));
#1192 = ( GEOMETRIC_REPRESENTATION_CONTEXT(2) 
PARAMETRIC_REPRESENTATION_CONTEXT() REPRESENTATION_CONTEXT('2D SPACE',''
  ) );
#1193 = PCURVE('',#1194,#1199);
#1194 = CYLINDRICAL_SURFACE('',#1195,6.5);
#1195 = AXIS2_PLACEMENT_3D('',#1196,#1197,#1198);
#1196 = CARTESIAN_POINT('',(2.833E+03,45.,10.));
#1197 = DIRECTION('',(0.,0.,-1.));
#1198 = DIRECTION('',(-1.,0.,0.));
#1199 = DEFINITIONAL_REPRESENTATION('',(#1200),#1204);
#1200 = LINE('',#1201,#1202);
#1201 = CARTESIAN_POINT('',(0.,0.));
#1202 = VECTOR('',#1203,1.);
#1203 = DIRECTION('',(1.,0.));
#1204 = ( GEOMETRIC_REPRESENTATION_CONTEXT(2) 
PARAMETRIC_REPRESENTATION_CONTEXT() REPRESENTATION_CONTEXT('2D SPACE',''
  ) );
#1205 = FACE_BOUND('',#1206,.T.);
#1206 = EDGE_LOOP('',(#1207));
#1207 = ORIENTED_EDGE('',*,*,#1208,.T.);
#1208 = EDGE_CURVE('',#1209,#1209,#1211,.T.);
#1209 = VERTEX_POINT('',#1210);
#1210 = CARTESIAN_POINT('',(2.9265E+03,45.,10.));
#1211 = SURFACE_CURVE('',#1212,(#1217,#1228),.PCURVE_S1.);
#1212 = CIRCLE('',#1213,6.5);
#1213 = AXIS2_PLACEMENT_3D('',#1214,#1215,#1216);
#1214 = CARTESIAN_POINT('',(2.933E+03,45.,10.));
#1215 = DIRECTION('',(0.,0.,-1.));
#1216 = DIRECTION('',(-1.,0.,0.));
#1217 = PCURVE('',#509,#1218);
#1218 = DEFINITIONAL_REPRESENTATION('',(#1219),#1227);
#1219 = ( BOUNDED_CURVE() B_SPLINE_CURVE(2,(#1220,#1221,#1222,#1223,
#1224,#1225,#1226),.UNSPECIFIED.,.T.,.F.) B_SPLINE_CURVE_WITH_KNOTS((1,2
    ,2,2,2,1),(-2.094395102393,0.,2.094395102393,4.188790204786,
6.28318530718,8.377580409573),.UNSPECIFIED.) CURVE() 
GEOMETRIC_REPRESENTATION_ITEM() RATIONAL_B_SPLINE_CURVE((1.,0.5,1.,0.5,
1.,0.5,1.)) REPRESENTATION_ITEM('') );
#1220 = CARTESIAN_POINT('',(2.9265E+03,45.));
#1221 = CARTESIAN_POINT('',(2.9265E+03,56.258330249198));
#1222 = CARTESIAN_POINT('',(2.93625E+03,50.629165124599));
#1223 = CARTESIAN_POINT('',(2.946E+03,45.));
#1224 = CARTESIAN_POINT('',(2.93625E+03,39.370834875401));
#1225 = CARTESIAN_POINT('',(2.9265E+03,33.741669750802));
#1226 = CARTESIAN_POINT('',(2.9265E+03,45.));
#1227 = ( GEOMETRIC_REPRESENTATION_CONTEXT(2) 
PARAMETRIC_REPRESENTATION_CONTEXT() REPRESENTATION_CONTEXT('2D SPACE',''
  ) );
#1228 = PCURVE('',#1229,#1234);
#1229 = CYLINDRICAL_SURFACE('',#1230,6.5);
#1230 = AXIS2_PLACEMENT_3D('',#1231,#1232,#1233);
#1231 = CARTESIAN_POINT('',(2.933E+03,45.,10.));
#1232 = DIRECTION('',(0.,0.,-1.));
#1233 = DIRECTION('',(-1.,0.,0.));
#1234 = DEFINITIONAL_REPRESENTATION('',(#1235),#1239);
#1235 = LINE('',#1236,#1237);
#1236 = CARTESIAN_POINT('',(0.,0.));
#1237 = VECTOR('',#1238,1.);
#1238 = DIRECTION('',(1.,0.));
#1239 = ( GEOMETRIC_REPRESENTATION_CONTEXT(2) 
PARAMETRIC_REPRESENTATION_CONTEXT() REPRESENTATION_CONTEXT('2D SPACE',''
  ) );
#1240 = FACE_BOUND('',#1241,.T.);
#1241 = EDGE_LOOP('',(#1242));
#1242 = ORIENTED_EDGE('',*,*,#1243,.T.);
#1243 = EDGE_CURVE('',#1244,#1244,#1246,.T.);
#1244 = VERTEX_POINT('',#1245);
#1245 = CARTESIAN_POINT('',(3.0265E+03,45.,10.));
#1246 = SURFACE_CURVE('',#1247,(#1252,#1263),.PCURVE_S1.);
#1247 = CIRCLE('',#1248,6.5);
#1248 = AXIS2_PLACEMENT_3D('',#1249,#1250,#1251);
#1249 = CARTESIAN_POINT('',(3.033E+03,45.,10.));
#1250 = DIRECTION('',(0.,0.,-1.));
#1251 = DIRECTION('',(-1.,0.,0.));
#1252 = PCURVE('',#509,#1253);
#1253 = DEFINITIONAL_REPRESENTATION('',(#1254),#1262);
#1254 = ( BOUNDED_CURVE() B_SPLINE_CURVE(2,(#1255,#1256,#1257,#1258,
#1259,#1260,#1261),.UNSPECIFIED.,.T.,.F.) B_SPLINE_CURVE_WITH_KNOTS((1,2
    ,2,2,2,1),(-2.094395102393,0.,2.094395102393,4.188790204786,
6.28318530718,8.377580409573),.UNSPECIFIED.) CURVE() 
GEOMETRIC_REPRESENTATION_ITEM() RATIONAL_B_SPLINE_CURVE((1.,0.5,1.,0.5,
1.,0.5,1.)) REPRESENTATION_ITEM('') );
#1255 = CARTESIAN_POINT('',(3.0265E+03,45.));
#1256 = CARTESIAN_POINT('',(3.0265E+03,56.258330249198));
#1257 = CARTESIAN_POINT('',(3.03625E+03,50.629165124599));
#1258 = CARTESIAN_POINT('',(3.046E+03,45.));
#1259 = CARTESIAN_POINT('',(3.03625E+03,39.370834875401));
#1260 = CARTESIAN_POINT('',(3.0265E+03,33.741669750802));
#1261 = CARTESIAN_POINT('',(3.0265E+03,45.));
#1262 = ( GEOMETRIC_REPRESENTATION_CONTEXT(2) 
PARAMETRIC_REPRESENTATION_CONTEXT() REPRESENTATION_CONTEXT('2D SPACE',''
  ) );
#1263 = PCURVE('',#1264,#1269);
#1264 = CYLINDRICAL_SURFACE('',#1265,6.5);
#1265 = AXIS2_PLACEMENT_3D('',#1266,#1267,#1268);
#1266 = CARTESIAN_POINT('',(3.033E+03,45.,10.));
#1267 = DIRECTION('',(0.,0.,-1.));
#1268 = DIRECTION('',(-1.,0.,0.));
#1269 = DEFINITIONAL_REPRESENTATION('',(#1270),#1274);
#1270 = LINE('',#1271,#1272);
#1271 = CARTESIAN_POINT('',(0.,0.));
#1272 = VECTOR('',#1273,1.);
#1273 = DIRECTION('',(1.,0.));
#1274 = ( GEOMETRIC_REPRESENTATION_CONTEXT(2) 
PARAMETRIC_REPRESENTATION_CONTEXT() REPRESENTATION_CONTEXT('2D SPACE',''
  ) );
#1275 = FACE_BOUND('',#1276,.T.);
#1276 = EDGE_LOOP('',(#1277));
#1277 = ORIENTED_EDGE('',*,*,#1278,.T.);
#1278 = EDGE_CURVE('',#1279,#1279,#1281,.T.);
#1279 = VERTEX_POINT('',#1280);
#1280 = CARTESIAN_POINT('',(3.1265E+03,45.,10.));
#1281 = SURFACE_CURVE('',#1282,(#1287,#1298),.PCURVE_S1.);
#1282 = CIRCLE('',#1283,6.5);
#1283 = AXIS2_PLACEMENT_3D('',#1284,#1285,#1286);
#1284 = CARTESIAN_POINT('',(3.133E+03,45.,10.));
#1285 = DIRECTION('',(0.,0.,-1.));
#1286 = DIRECTION('',(-1.,0.,0.));
#1287 = PCURVE('',#509,#1288);
#1288 = DEFINITIONAL_REPRESENTATION('',(#1289),#1297);
#1289 = ( BOUNDED_CURVE() B_SPLINE_CURVE(2,(#1290,#1291,#1292,#1293,
#1294,#1295,#1296),.UNSPECIFIED.,.T.,.F.) B_SPLINE_CURVE_WITH_KNOTS((1,2
    ,2,2,2,1),(-2.094395102393,0.,2.094395102393,4.188790204786,
6.28318530718,8.377580409573),.UNSPECIFIED.) CURVE() 
GEOMETRIC_REPRESENTATION_ITEM() RATIONAL_B_SPLINE_CURVE((1.,0.5,1.,0.5,
1.,0.5,1.)) REPRESENTATION_ITEM('') );
#1290 = CARTESIAN_POINT('',(3.1265E+03,45.));
#1291 = CARTESIAN_POINT('',(3.1265E+03,56.258330249198));
#1292 = CARTESIAN_POINT('',(3.13625E+03,50.629165124599));
#1293 = CARTESIAN_POINT('',(3.146E+03,45.));
#1294 = CARTESIAN_POINT('',(3.13625E+03,39.370834875401));
#1295 = CARTESIAN_POINT('',(3.1265E+03,33.741669750802));
#1296 = CARTESIAN_POINT('',(3.1265E+03,45.));
#1297 = ( GEOMETRIC_REPRESENTATION_CONTEXT(2) 
PARAMETRIC_REPRESENTATION_CONTEXT() REPRESENTATION_CONTEXT('2D SPACE',''
  ) );
#1298 = PCURVE('',#1299,#1304);
#1299 = CYLINDRICAL_SURFACE('',#1300,6.5);
#1300 = AXIS2_PLACEMENT_3D('',#1301,#1302,#1303);
#1301 = CARTESIAN_POINT('',(3.133E+03,45.,10.));
#1302 = DIRECTION('',(0.,0.,-1.));
#1303 = DIRECTION('',(-1.,0.,0.));
#1304 = DEFINITIONAL_REPRESENTATION('',(#1305),#1309);
#1305 = LINE('',#1306,#1307);
#1306 = CARTESIAN_POINT('',(0.,0.));
#1307 = VECTOR('',#1308,1.);
#1308 = DIRECTION('',(1.,0.));
#1309 = ( GEOMETRIC_REPRESENTATION_CONTEXT(2) 
PARAMETRIC_REPRESENTATION_CONTEXT() REPRESENTATION_CONTEXT('2D SPACE',''
  ) );
#1310 = FACE_BOUND('',#1311,.T.);
#1311 = EDGE_LOOP('',(#1312));
#1312 = ORIENTED_EDGE('',*,*,#1313,.T.);
#1313 = EDGE_CURVE('',#1314,#1314,#1316,.T.);
#1314 = VERTEX_POINT('',#1315);
#1315 = CARTESIAN_POINT('',(3.2265E+03,45.,10.));
#1316 = SURFACE_CURVE('',#1317,(#1322,#1333),.PCURVE_S1.);
#1317 = CIRCLE('',#1318,6.5);
#1318 = AXIS2_PLACEMENT_3D('',#1319,#1320,#1321);
#1319 = CARTESIAN_POINT('',(3.233E+03,45.,10.));
#1320 = DIRECTION('',(0.,0.,-1.));
#1321 = DIRECTION('',(-1.,0.,0.));
#1322 = PCURVE('',#509,#1323);
#1323 = DEFINITIONAL_REPRESENTATION('',(#1324),#1332);
#1324 = ( BOUNDED_CURVE() B_SPLINE_CURVE(2,(#1325,#1326,#1327,#1328,
#1329,#1330,#1331),.UNSPECIFIED.,.T.,.F.) B_SPLINE_CURVE_WITH_KNOTS((1,2
    ,2,2,2,1),(-2.094395102393,0.,2.094395102393,4.188790204786,
6.28318530718,8.377580409573),.UNSPECIFIED.) CURVE() 
GEOMETRIC_REPRESENTATION_ITEM() RATIONAL_B_SPLINE_CURVE((1.,0.5,1.,0.5,
1.,0.5,1.)) REPRESENTATION_ITEM('') );
#1325 = CARTESIAN_POINT('',(3.2265E+03,45.));
#1326 = CARTESIAN_POINT('',(3.2265E+03,56.258330249198));
#1327 = CARTESIAN_POINT('',(3.23625E+03,50.629165124599));
#1328 = CARTESIAN_POINT('',(3.246E+03,45.));
#1329 = CARTESIAN_POINT('',(3.23625E+03,39.370834875401));
#1330 = CARTESIAN_POINT('',(3.2265E+03,33.741669750802));
#1331 = CARTESIAN_POINT('',(3.2265E+03,45.));
#1332 = ( GEOMETRIC_REPRESENTATION_CONTEXT(2) 
PARAMETRIC_REPRESENTATION_CONTEXT() REPRESENTATION_CONTEXT('2D SPACE',''
  ) );
#1333 = PCURVE('',#1334,#1339);
#1334 = CYLINDRICAL_SURFACE('',#1335,6.5);
#1335 = AXIS2_PLACEMENT_3D('',#1336,#1337,#1338);
#1336 = CARTESIAN_POINT('',(3.233E+03,45.,10.));
#1337 = DIRECTION('',(0.,0.,-1.));
#1338 = DIRECTION('',(-1.,0.,0.));
#1339 = DEFINITIONAL_REPRESENTATION('',(#1340),#1344);
#1340 = LINE('',#1341,#1342);
#1341 = CARTESIAN_POINT('',(0.,0.));
#1342 = VECTOR('',#1343,1.);
#1343 = DIRECTION('',(1.,0.));
#1344 = ( GEOMETRIC_REPRESENTATION_CONTEXT(2) 
PARAMETRIC_REPRESENTATION_CONTEXT() REPRESENTATION_CONTEXT('2D SPACE',''
  ) );
#1345 = FACE_BOUND('',#1346,.T.);
#1346 = EDGE_LOOP('',(#1347));
#1347 = ORIENTED_EDGE('',*,*,#1348,.T.);
#1348 = EDGE_CURVE('',#1349,#1349,#1351,.T.);
#1349 = VERTEX_POINT('',#1350);
#1350 = CARTESIAN_POINT('',(3.3265E+03,45.,10.));
#1351 = SURFACE_CURVE('',#1352,(#1357,#1368),.PCURVE_S1.);
#1352 = CIRCLE('',#1353,6.5);
#1353 = AXIS2_PLACEMENT_3D('',#1354,#1355,#1356);
#1354 = CARTESIAN_POINT('',(3.333E+03,45.,10.));
#1355 = DIRECTION('',(0.,0.,-1.));
#1356 = DIRECTION('',(-1.,0.,0.));
#1357 = PCURVE('',#509,#1358);
#1358 = DEFINITIONAL_REPRESENTATION('',(#1359),#1367);
#1359 = ( BOUNDED_CURVE() B_SPLINE_CURVE(2,(#1360,#1361,#1362,#1363,
#1364,#1365,#1366),.UNSPECIFIED.,.T.,.F.) B_SPLINE_CURVE_WITH_KNOTS((1,2
    ,2,2,2,1),(-2.094395102393,0.,2.094395102393,4.188790204786,
6.28318530718,8.377580409573),.UNSPECIFIED.) CURVE() 
GEOMETRIC_REPRESENTATION_ITEM() RATIONAL_B_SPLINE_CURVE((1.,0.5,1.,0.5,
1.,0.5,1.)) REPRESENTATION_ITEM('') );
#1360 = CARTESIAN_POINT('',(3.3265E+03,45.));
#1361 = CARTESIAN_POINT('',(3.3265E+03,56.258330249198));
#1362 = CARTESIAN_POINT('',(3.33625E+03,50.629165124599));
#1363 = CARTESIAN_POINT('',(3.346E+03,45.));
#1364 = CARTESIAN_POINT('',(3.33625E+03,39.370834875401));
#1365 = CARTESIAN_POINT('',(3.3265E+03,33.741669750802));
#1366 = CARTESIAN_POINT('',(3.3265E+03,45.));
#1367 = ( GEOMETRIC_REPRESENTATION_CONTEXT(2) 
PARAMETRIC_REPRESENTATION_CONTEXT() REPRESENTATION_CONTEXT('2D SPACE',''
  ) );
#1368 = PCURVE('',#1369,#1374);
#1369 = CYLINDRICAL_SURFACE('',#1370,6.5);
#1370 = AXIS2_PLACEMENT_3D('',#1371,#1372,#1373);
#1371 = CARTESIAN_POINT('',(3.333E+03,45.,10.));
#1372 = DIRECTION('',(0.,0.,-1.));
#1373 = DIRECTION('',(-1.,0.,0.));
#1374 = DEFINITIONAL_REPRESENTATION('',(#1375),#1379);
#1375 = LINE('',#1376,#1377);
#1376 = CARTESIAN_POINT('',(0.,0.));
#1377 = VECTOR('',#1378,1.);
#1378 = DIRECTION('',(1.,0.));
#1379 = ( GEOMETRIC_REPRESENTATION_CONTEXT(2) 
PARAMETRIC_REPRESENTATION_CONTEXT() REPRESENTATION_CONTEXT('2D SPACE',''
  ) );
#1380 = FACE_BOUND('',#1381,.T.);
#1381 = EDGE_LOOP('',(#1382));
#1382 = ORIENTED_EDGE('',*,*,#1383,.T.);
#1383 = EDGE_CURVE('',#1384,#1384,#1386,.T.);
#1384 = VERTEX_POINT('',#1385);
#1385 = CARTESIAN_POINT('',(3.4265E+03,45.,10.));
#1386 = SURFACE_CURVE('',#1387,(#1392,#1403),.PCURVE_S1.);
#1387 = CIRCLE('',#1388,6.5);
#1388 = AXIS2_PLACEMENT_3D('',#1389,#1390,#1391);
#1389 = CARTESIAN_POINT('',(3.433E+03,45.,10.));
#1390 = DIRECTION('',(0.,0.,-1.));
#1391 = DIRECTION('',(-1.,0.,0.));
#1392 = PCURVE('',#509,#1393);
#1393 = DEFINITIONAL_REPRESENTATION('',(#1394),#1402);
#1394 = ( BOUNDED_CURVE() B_SPLINE_CURVE(2,(#1395,#1396,#1397,#1398,
#1399,#1400,#1401),.UNSPECIFIED.,.T.,.F.) B_SPLINE_CURVE_WITH_KNOTS((1,2
    ,2,2,2,1),(-2.094395102393,0.,2.094395102393,4.188790204786,
6.28318530718,8.377580409573),.UNSPECIFIED.) CURVE() 
GEOMETRIC_REPRESENTATION_ITEM() RATIONAL_B_SPLINE_CURVE((1.,0.5,1.,0.5,
1.,0.5,1.)) REPRESENTATION_ITEM('') );
#1395 = CARTESIAN_POINT('',(3.4265E+03,45.));
#1396 = CARTESIAN_POINT('',(3.4265E+03,56.258330249198));
#1397 = CARTESIAN_POINT('',(3.43625E+03,50.629165124599));
#1398 = CARTESIAN_POINT('',(3.446E+03,45.));
#1399 = CARTESIAN_POINT('',(3.43625E+03,39.370834875401));
#1400 = CARTESIAN_POINT('',(3.4265E+03,33.741669750802));
#1401 = CARTESIAN_POINT('',(3.4265E+03,45.));
#1402 = ( GEOMETRIC_REPRESENTATION_CONTEXT(2) 
PARAMETRIC_REPRESENTATION_CONTEXT() REPRESENTATION_CONTEXT('2D SPACE',''
  ) );
#1403 = PCURVE('',#1404,#1409);
#1404 = CYLINDRICAL_SURFACE('',#1405,6.5);
#1405 = AXIS2_PLACEMENT_3D('',#1406,#1407,#1408);
#1406 = CARTESIAN_POINT('',(3.433E+03,45.,10.));
#1407 = DIRECTION('',(0.,0.,-1.));
#1408 = DIRECTION('',(-1.,0.,0.));
#1409 = DEFINITIONAL_REPRESENTATION('',(#1410),#1414);
#1410 = LINE('',#1411,#1412);
#1411 = CARTESIAN_POINT('',(0.,0.));
#1412 = VECTOR('',#1413,1.);
#1413 = DIRECTION('',(1.,0.));
#1414 = ( GEOMETRIC_REPRESENTATION_CONTEXT(2) 
PARAMETRIC_REPRESENTATION_CONTEXT() REPRESENTATION_CONTEXT('2D SPACE',''
  ) );
#1415 = FACE_BOUND('',#1416,.T.);
#1416 = EDGE_LOOP('',(#1417));
#1417 = ORIENTED_EDGE('',*,*,#1418,.T.);
#1418 = EDGE_CURVE('',#1419,#1419,#1421,.T.);
#1419 = VERTEX_POINT('',#1420);
#1420 = CARTESIAN_POINT('',(3.5265E+03,45.,10.));
#1421 = SURFACE_CURVE('',#1422,(#1427,#1438),.PCURVE_S1.);
#1422 = CIRCLE('',#1423,6.5);
#1423 = AXIS2_PLACEMENT_3D('',#1424,#1425,#1426);
#1424 = CARTESIAN_POINT('',(3.533E+03,45.,10.));
#1425 = DIRECTION('',(0.,0.,-1.));
#1426 = DIRECTION('',(-1.,0.,0.));
#1427 = PCURVE('',#509,#1428);
#1428 = DEFINITIONAL_REPRESENTATION('',(#1429),#1437);
#1429 = ( BOUNDED_CURVE() B_SPLINE_CURVE(2,(#1430,#1431,#1432,#1433,
#1434,#1435,#1436),.UNSPECIFIED.,.T.,.F.) B_SPLINE_CURVE_WITH_KNOTS((1,2
    ,2,2,2,1),(-2.094395102393,0.,2.094395102393,4.188790204786,
6.28318530718,8.377580409573),.UNSPECIFIED.) CURVE() 
GEOMETRIC_REPRESENTATION_ITEM() RATIONAL_B_SPLINE_CURVE((1.,0.5,1.,0.5,
1.,0.5,1.)) REPRESENTATION_ITEM('') );
#1430 = CARTESIAN_POINT('',(3.5265E+03,45.));
#1431 = CARTESIAN_POINT('',(3.5265E+03,56.258330249198));
#1432 = CARTESIAN_POINT('',(3.53625E+03,50.629165124599));
#1433 = CARTESIAN_POINT('',(3.546E+03,45.));
#1434 = CARTESIAN_POINT('',(3.53625E+03,39.370834875401));
#1435 = CARTESIAN_POINT('',(3.5265E+03,33.741669750802));
#1436 = CARTESIAN_POINT('',(3.5265E+03,45.));
#1437 = ( GEOMETRIC_REPRESENTATION_CONTEXT(2) 
PARAMETRIC_REPRESENTATION_CONTEXT() REPRESENTATION_CONTEXT('2D SPACE',''
  ) );
#1438 = PCURVE('',#1439,#1444);
#1439 = CYLINDRICAL_SURFACE('',#1440,6.5);
#1440 = AXIS2_PLACEMENT_3D('',#1441,#1442,#1443);
#1441 = CARTESIAN_POINT('',(3.533E+03,45.,10.));
#1442 = DIRECTION('',(0.,0.,-1.));
#1443 = DIRECTION('',(-1.,0.,0.));
#1444 = DEFINITIONAL_REPRESENTATION('',(#1445),#1449);
#1445 = LINE('',#1446,#1447);
#1446 = CARTESIAN_POINT('',(0.,0.));
#1447 = VECTOR('',#1448,1.);
#1448 = DIRECTION('',(1.,0.));
#1449 = ( GEOMETRIC_REPRESENTATION_CONTEXT(2) 
PARAMETRIC_REPRESENTATION_CONTEXT() REPRESENTATION_CONTEXT('2D SPACE',''
  ) );
#1450 = FACE_BOUND('',#1451,.T.);
#1451 = EDGE_LOOP('',(#1452));
#1452 = ORIENTED_EDGE('',*,*,#1453,.T.);
#1453 = EDGE_CURVE('',#1454,#1454,#1456,.T.);
#1454 = VERTEX_POINT('',#1455);
#1455 = CARTESIAN_POINT('',(3.6265E+03,45.,10.));
#1456 = SURFACE_CURVE('',#1457,(#1462,#1473),.PCURVE_S1.);
#1457 = CIRCLE('',#1458,6.5);
#1458 = AXIS2_PLACEMENT_3D('',#1459,#1460,#1461);
#1459 = CARTESIAN_POINT('',(3.633E+03,45.,10.));
#1460 = DIRECTION('',(0.,0.,-1.));
#1461 = DIRECTION('',(-1.,0.,0.));
#1462 = PCURVE('',#509,#1463);
#1463 = DEFINITIONAL_REPRESENTATION('',(#1464),#1472);
#1464 = ( BOUNDED_CURVE() B_SPLINE_CURVE(2,(#1465,#1466,#1467,#1468,
#1469,#1470,#1471),.UNSPECIFIED.,.T.,.F.) B_SPLINE_CURVE_WITH_KNOTS((1,2
    ,2,2,2,1),(-2.094395102393,0.,2.094395102393,4.188790204786,
6.28318530718,8.377580409573),.UNSPECIFIED.) CURVE() 
GEOMETRIC_REPRESENTATION_ITEM() RATIONAL_B_SPLINE_CURVE((1.,0.5,1.,0.5,
1.,0.5,1.)) REPRESENTATION_ITEM('') );
#1465 = CARTESIAN_POINT('',(3.6265E+03,45.));
#1466 = CARTESIAN_POINT('',(3.6265E+03,56.258330249198));
#1467 = CARTESIAN_POINT('',(3.63625E+03,50.629165124599));
#1468 = CARTESIAN_POINT('',(3.646E+03,45.));
#1469 = CARTESIAN_POINT('',(3.63625E+03,39.370834875401));
#1470 = CARTESIAN_POINT('',(3.6265E+03,33.741669750802));
#1471 = CARTESIAN_POINT('',(3.6265E+03,45.));
#1472 = ( GEOMETRIC_REPRESENTATION_CONTEXT(2) 
PARAMETRIC_REPRESENTATION_CONTEXT() REPRESENTATION_CONTEXT('2D SPACE',''
  ) );
#1473 = PCURVE('',#1474,#1479);
#1474 = CYLINDRICAL_SURFACE('',#1475,6.5);
#1475 = AXIS2_PLACEMENT_3D('',#1476,#1477,#1478);
#1476 = CARTESIAN_POINT('',(3.633E+03,45.,10.));
#1477 = DIRECTION('',(0.,0.,-1.));
#1478 = DIRECTION('',(-1.,0.,0.));
#1479 = DEFINITIONAL_REPRESENTATION('',(#1480),#1484);
#1480 = LINE('',#1481,#1482);
#1481 = CARTESIAN_POINT('',(0.,0.));
#1482 = VECTOR('',#1483,1.);
#1483 = DIRECTION('',(1.,0.));
#1484 = ( GEOMETRIC_REPRESENTATION_CONTEXT(2) 
PARAMETRIC_REPRESENTATION_CONTEXT() REPRESENTATION_CONTEXT('2D SPACE',''
  ) );
#1485 = FACE_BOUND('',#1486,.T.);
#1486 = EDGE_LOOP('',(#1487));
#1487 = ORIENTED_EDGE('',*,*,#1488,.T.);
#1488 = EDGE_CURVE('',#1489,#1489,#1491,.T.);
#1489 = VERTEX_POINT('',#1490);
#1490 = CARTESIAN_POINT('',(33.5,155.,10.));
#1491 = SURFACE_CURVE('',#1492,(#1497,#1508),.PCURVE_S1.);
#1492 = CIRCLE('',#1493,6.5);
#1493 = AXIS2_PLACEMENT_3D('',#1494,#1495,#1496);
#1494 = CARTESIAN_POINT('',(40.,155.,10.));
#1495 = DIRECTION('',(0.,0.,-1.));
#1496 = DIRECTION('',(-1.,0.,0.));
#1497 = PCURVE('',#509,#1498);
#1498 = DEFINITIONAL_REPRESENTATION('',(#1499),#1507);
#1499 = ( BOUNDED_CURVE() B_SPLINE_CURVE(2,(#1500,#1501,#1502,#1503,
#1504,#1505,#1506),.UNSPECIFIED.,.T.,.F.) B_SPLINE_CURVE_WITH_KNOTS((1,2
    ,2,2,2,1),(-2.094395102393,0.,2.094395102393,4.188790204786,
6.28318530718,8.377580409573),.UNSPECIFIED.) CURVE() 
GEOMETRIC_REPRESENTATION_ITEM() RATIONAL_B_SPLINE_CURVE((1.,0.5,1.,0.5,
1.,0.5,1.)) REPRESENTATION_ITEM('') );
#1500 = CARTESIAN_POINT('',(33.5,155.));
#1501 = CARTESIAN_POINT('',(33.5,166.25833024919));
#1502 = CARTESIAN_POINT('',(43.25,160.62916512459));
#1503 = CARTESIAN_POINT('',(53.,155.));
#1504 = CARTESIAN_POINT('',(43.25,149.3708348754));
#1505 = CARTESIAN_POINT('',(33.5,143.7416697508));
#1506 = CARTESIAN_POINT('',(33.5,155.));
#1507 = ( GEOMETRIC_REPRESENTATION_CONTEXT(2) 
PARAMETRIC_REPRESENTATION_CONTEXT() REPRESENTATION_CONTEXT('2D SPACE',''
  ) );
#1508 = PCURVE('',#1509,#1514);
#1509 = CYLINDRICAL_SURFACE('',#1510,6.5);
#1510 = AXIS2_PLACEMENT_3D('',#1511,#1512,#1513);
#1511 = CARTESIAN_POINT('',(40.,155.,10.));
#1512 = DIRECTION('',(0.,0.,-1.));
#1513 = DIRECTION('',(-1.,0.,0.));
#1514 = DEFINITIONAL_REPRESENTATION('',(#1515),#1519);
#1515 = LINE('',#1516,#1517);
#1516 = CARTESIAN_POINT('',(0.,0.));
#1517 = VECTOR('',#1518,1.);
#1518 = DIRECTION('',(1.,0.));
#1519 = ( GEOMETRIC_REPRESENTATION_CONTEXT(2) 
PARAMETRIC_REPRESENTATION_CONTEXT() REPRESENTATION_CONTEXT('2D SPACE',''
  ) );
#1520 = FACE_BOUND('',#1521,.T.);
#1521 = EDGE_LOOP('',(#1522));
#1522 = ORIENTED_EDGE('',*,*,#1523,.T.);
#1523 = EDGE_CURVE('',#1524,#1524,#1526,.T.);
#1524 = VERTEX_POINT('',#1525);
#1525 = CARTESIAN_POINT('',(113.5,155.,10.));
#1526 = SURFACE_CURVE('',#1527,(#1532,#1543),.PCURVE_S1.);
#1527 = CIRCLE('',#1528,6.5);
#1528 = AXIS2_PLACEMENT_3D('',#1529,#1530,#1531);
#1529 = CARTESIAN_POINT('',(120.,155.,10.));
#1530 = DIRECTION('',(0.,0.,-1.));
#1531 = DIRECTION('',(-1.,0.,0.));
#1532 = PCURVE('',#509,#1533);
#1533 = DEFINITIONAL_REPRESENTATION('',(#1534),#1542);
#1534 = ( BOUNDED_CURVE() B_SPLINE_CURVE(2,(#1535,#1536,#1537,#1538,
#1539,#1540,#1541),.UNSPECIFIED.,.T.,.F.) B_SPLINE_CURVE_WITH_KNOTS((1,2
    ,2,2,2,1),(-2.094395102393,0.,2.094395102393,4.188790204786,
6.28318530718,8.377580409573),.UNSPECIFIED.) CURVE() 
GEOMETRIC_REPRESENTATION_ITEM() RATIONAL_B_SPLINE_CURVE((1.,0.5,1.,0.5,
1.,0.5,1.)) REPRESENTATION_ITEM('') );
#1535 = CARTESIAN_POINT('',(113.5,155.));
#1536 = CARTESIAN_POINT('',(113.5,166.25833024919));
#1537 = CARTESIAN_POINT('',(123.25,160.62916512459));
#1538 = CARTESIAN_POINT('',(133.,155.));
#1539 = CARTESIAN_POINT('',(123.25,149.3708348754));
#1540 = CARTESIAN_POINT('',(113.5,143.7416697508));
#1541 = CARTESIAN_POINT('',(113.5,155.));
#1542 = ( GEOMETRIC_REPRESENTATION_CONTEXT(2) 
PARAMETRIC_REPRESENTATION_CONTEXT() REPRESENTATION_CONTEXT('2D SPACE',''
  ) );
#1543 = PCURVE('',#1544,#1549);
#1544 = CYLINDRICAL_SURFACE('',#1545,6.5);
#1545 = AXIS2_PLACEMENT_3D('',#1546,#1547,#1548);
#1546 = CARTESIAN_POINT('',(120.,155.,10.));
#1547 = DIRECTION('',(0.,0.,-1.));
#1548 = DIRECTION('',(-1.,0.,0.));
#1549 = DEFINITIONAL_REPRESENTATION('',(#1550),#1554);
#1550 = LINE('',#1551,#1552);
#1551 = CARTESIAN_POINT('',(0.,0.));
#1552 = VECTOR('',#1553,1.);
#1553 = DIRECTION('',(1.,0.));
#1554 = ( GEOMETRIC_REPRESENTATION_CONTEXT(2) 
PARAMETRIC_REPRESENTATION_CONTEXT() REPRESENTATION_CONTEXT('2D SPACE',''
  ) );
#1555 = FACE_BOUND('',#1556,.T.);
#1556 = EDGE_LOOP('',(#1557));
#1557 = ORIENTED_EDGE('',*,*,#1558,.T.);
#1558 = EDGE_CURVE('',#1559,#1559,#1561,.T.);
#1559 = VERTEX_POINT('',#1560);
#1560 = CARTESIAN_POINT('',(193.5,155.,10.));
#1561 = SURFACE_CURVE('',#1562,(#1567,#1578),.PCURVE_S1.);
#1562 = CIRCLE('',#1563,6.5);
#1563 = AXIS2_PLACEMENT_3D('',#1564,#1565,#1566);
#1564 = CARTESIAN_POINT('',(200.,155.,10.));
#1565 = DIRECTION('',(0.,0.,-1.));
#1566 = DIRECTION('',(-1.,0.,0.));
#1567 = PCURVE('',#509,#1568);
#1568 = DEFINITIONAL_REPRESENTATION('',(#1569),#1577);
#1569 = ( BOUNDED_CURVE() B_SPLINE_CURVE(2,(#1570,#1571,#1572,#1573,
#1574,#1575,#1576),.UNSPECIFIED.,.T.,.F.) B_SPLINE_CURVE_WITH_KNOTS((1,2
    ,2,2,2,1),(-2.094395102393,0.,2.094395102393,4.188790204786,
6.28318530718,8.377580409573),.UNSPECIFIED.) CURVE() 
GEOMETRIC_REPRESENTATION_ITEM() RATIONAL_B_SPLINE_CURVE((1.,0.5,1.,0.5,
1.,0.5,1.)) REPRESENTATION_ITEM('') );
#1570 = CARTESIAN_POINT('',(193.5,155.));
#1571 = CARTESIAN_POINT('',(193.5,166.25833024919));
#1572 = CARTESIAN_POINT('',(203.25,160.62916512459));
#1573 = CARTESIAN_POINT('',(213.,155.));
#1574 = CARTESIAN_POINT('',(203.25,149.3708348754));
#1575 = CARTESIAN_POINT('',(193.5,143.7416697508));
#1576 = CARTESIAN_POINT('',(193.5,155.));
#1577 = ( GEOMETRIC_REPRESENTATION_CONTEXT(2) 
PARAMETRIC_REPRESENTATION_CONTEXT() REPRESENTATION_CONTEXT('2D SPACE',''
  ) );
#1578 = PCURVE('',#1579,#1584);
#1579 = CYLINDRICAL_SURFACE('',#1580,6.5);
#1580 = AXIS2_PLACEMENT_3D('',#1581,#1582,#1583);
#1581 = CARTESIAN_POINT('',(200.,155.,10.));
#1582 = DIRECTION('',(0.,0.,-1.));
#1583 = DIRECTION('',(-1.,0.,0.));
#1584 = DEFINITIONAL_REPRESENTATION('',(#1585),#1589);
#1585 = LINE('',#1586,#1587);
#1586 = CARTESIAN_POINT('',(0.,0.));
#1587 = VECTOR('',#1588,1.);
#1588 = DIRECTION('',(1.,0.));
#1589 = ( GEOMETRIC_REPRESENTATION_CONTEXT(2) 
PARAMETRIC_REPRESENTATION_CONTEXT() REPRESENTATION_CONTEXT('2D SPACE',''
  ) );
#1590 = FACE_BOUND('',#1591,.T.);
#1591 = EDGE_LOOP('',(#1592));
#1592 = ORIENTED_EDGE('',*,*,#1593,.T.);
#1593 = EDGE_CURVE('',#1594,#1594,#1596,.T.);
#1594 = VERTEX_POINT('',#1595);
#1595 = CARTESIAN_POINT('',(273.5,155.,10.));
#1596 = SURFACE_CURVE('',#1597,(#1602,#1613),.PCURVE_S1.);
#1597 = CIRCLE('',#1598,6.5);
#1598 = AXIS2_PLACEMENT_3D('',#1599,#1600,#1601);
#1599 = CARTESIAN_POINT('',(280.,155.,10.));
#1600 = DIRECTION('',(0.,0.,-1.));
#1601 = DIRECTION('',(-1.,0.,0.));
#1602 = PCURVE('',#509,#1603);
#1603 = DEFINITIONAL_REPRESENTATION('',(#1604),#1612);
#1604 = ( BOUNDED_CURVE() B_SPLINE_CURVE(2,(#1605,#1606,#1607,#1608,
#1609,#1610,#1611),.UNSPECIFIED.,.T.,.F.) B_SPLINE_CURVE_WITH_KNOTS((1,2
    ,2,2,2,1),(-2.094395102393,0.,2.094395102393,4.188790204786,
6.28318530718,8.377580409573),.UNSPECIFIED.) CURVE() 
GEOMETRIC_REPRESENTATION_ITEM() RATIONAL_B_SPLINE_CURVE((1.,0.5,1.,0.5,
1.,0.5,1.)) REPRESENTATION_ITEM('') );
#1605 = CARTESIAN_POINT('',(273.5,155.));
#1606 = CARTESIAN_POINT('',(273.5,166.25833024919));
#1607 = CARTESIAN_POINT('',(283.25,160.62916512459));
#1608 = CARTESIAN_POINT('',(293.,155.));
#1609 = CARTESIAN_POINT('',(283.25,149.3708348754));
#1610 = CARTESIAN_POINT('',(273.5,143.7416697508));
#1611 = CARTESIAN_POINT('',(273.5,155.));
#1612 = ( GEOMETRIC_REPRESENTATION_CONTEXT(2) 
PARAMETRIC_REPRESENTATION_CONTEXT() REPRESENTATION_CONTEXT('2D SPACE',''
  ) );
#1613 = PCURVE('',#1614,#1619);
#1614 = CYLINDRICAL_SURFACE('',#1615,6.5);
#1615 = AXIS2_PLACEMENT_3D('',#1616,#1617,#1618);
#1616 = CARTESIAN_POINT('',(280.,155.,10.));
#1617 = DIRECTION('',(0.,0.,-1.));
#1618 = DIRECTION('',(-1.,0.,0.));
#1619 = DEFINITIONAL_REPRESENTATION('',(#1620),#1624);
#1620 = LINE('',#1621,#1622);
#1621 = CARTESIAN_POINT('',(0.,0.));
#1622 = VECTOR('',#1623,1.);
#1623 = DIRECTION('',(1.,0.));
#1624 = ( GEOMETRIC_REPRESENTATION_CONTEXT(2) 
PARAMETRIC_REPRESENTATION_CONTEXT() REPRESENTATION_CONTEXT('2D SPACE',''
  ) );
#1625 = FACE_BOUND('',#1626,.T.);
#1626 = EDGE_LOOP('',(#1627));
#1627 = ORIENTED_EDGE('',*,*,#1628,.T.);
#1628 = EDGE_CURVE('',#1629,#1629,#1631,.T.);
#1629 = VERTEX_POINT('',#1630);
#1630 = CARTESIAN_POINT('',(353.5,155.,10.));
#1631 = SURFACE_CURVE('',#1632,(#1637,#1648),.PCURVE_S1.);
#1632 = CIRCLE('',#1633,6.5);
#1633 = AXIS2_PLACEMENT_3D('',#1634,#1635,#1636);
#1634 = CARTESIAN_POINT('',(360.,155.,10.));
#1635 = DIRECTION('',(0.,0.,-1.));
#1636 = DIRECTION('',(-1.,0.,0.));
#1637 = PCURVE('',#509,#1638);
#1638 = DEFINITIONAL_REPRESENTATION('',(#1639),#1647);
#1639 = ( BOUNDED_CURVE() B_SPLINE_CURVE(2,(#1640,#1641,#1642,#1643,
#1644,#1645,#1646),.UNSPECIFIED.,.T.,.F.) B_SPLINE_CURVE_WITH_KNOTS((1,2
    ,2,2,2,1),(-2.094395102393,0.,2.094395102393,4.188790204786,
6.28318530718,8.377580409573),.UNSPECIFIED.) CURVE() 
GEOMETRIC_REPRESENTATION_ITEM() RATIONAL_B_SPLINE_CURVE((1.,0.5,1.,0.5,
1.,0.5,1.)) REPRESENTATION_ITEM('') );
#1640 = CARTESIAN_POINT('',(353.5,155.));
#1641 = CARTESIAN_POINT('',(353.5,166.25833024919));
#1642 = CARTESIAN_POINT('',(363.25,160.62916512459));
#1643 = CARTESIAN_POINT('',(373.,155.));
#1644 = CARTESIAN_POINT('',(363.25,149.3708348754));
#1645 = CARTESIAN_POINT('',(353.5,143.7416697508));
#1646 = CARTESIAN_POINT('',(353.5,155.));
#1647 = ( GEOMETRIC_REPRESENTATION_CONTEXT(2) 
PARAMETRIC_REPRESENTATION_CONTEXT() REPRESENTATION_CONTEXT('2D SPACE',''
  ) );
#1648 = PCURVE('',#1649,#1654);
#1649 = CYLINDRICAL_SURFACE('',#1650,6.5);
#1650 = AXIS2_PLACEMENT_3D('',#1651,#1652,#1653);
#1651 = CARTESIAN_POINT('',(360.,155.,10.));
#1652 = DIRECTION('',(0.,0.,-1.));
#1653 = DIRECTION('',(-1.,0.,0.));
#1654 = DEFINITIONAL_REPRESENTATION('',(#1655),#1659);
#1655 = LINE('',#1656,#1657);
#1656 = CARTESIAN_POINT('',(0.,0.));
#1657 = VECTOR('',#1658,1.);
#1658 = DIRECTION('',(1.,0.));
#1659 = ( GEOMETRIC_REPRESENTATION_CONTEXT(2) 
PARAMETRIC_REPRESENTATION_CONTEXT() REPRESENTATION_CONTEXT('2D SPACE',''
  ) );
#1660 = FACE_BOUND('',#1661,.T.);
#1661 = EDGE_LOOP('',(#1662));
#1662 = ORIENTED_EDGE('',*,*,#1663,.T.);
#1663 = EDGE_CURVE('',#1664,#1664,#1666,.T.);
#1664 = VERTEX_POINT('',#1665);
#1665 = CARTESIAN_POINT('',(433.5,155.,10.));
#1666 = SURFACE_CURVE('',#1667,(#1672,#1683),.PCURVE_S1.);
#1667 = CIRCLE('',#1668,6.5);
#1668 = AXIS2_PLACEMENT_3D('',#1669,#1670,#1671);
#1669 = CARTESIAN_POINT('',(440.,155.,10.));
#1670 = DIRECTION('',(0.,0.,-1.));
#1671 = DIRECTION('',(-1.,0.,0.));
#1672 = PCURVE('',#509,#1673);
#1673 = DEFINITIONAL_REPRESENTATION('',(#1674),#1682);
#1674 = ( BOUNDED_CURVE() B_SPLINE_CURVE(2,(#1675,#1676,#1677,#1678,
#1679,#1680,#1681),.UNSPECIFIED.,.T.,.F.) B_SPLINE_CURVE_WITH_KNOTS((1,2
    ,2,2,2,1),(-2.094395102393,0.,2.094395102393,4.188790204786,
6.28318530718,8.377580409573),.UNSPECIFIED.) CURVE() 
GEOMETRIC_REPRESENTATION_ITEM() RATIONAL_B_SPLINE_CURVE((1.,0.5,1.,0.5,
1.,0.5,1.)) REPRESENTATION_ITEM('') );
#1675 = CARTESIAN_POINT('',(433.5,155.));
#1676 = CARTESIAN_POINT('',(433.5,166.25833024919));
#1677 = CARTESIAN_POINT('',(443.25,160.62916512459));
#1678 = CARTESIAN_POINT('',(453.,155.));
#1679 = CARTESIAN_POINT('',(443.25,149.3708348754));
#1680 = CARTESIAN_POINT('',(433.5,143.7416697508));
#1681 = CARTESIAN_POINT('',(433.5,155.));
#1682 = ( GEOMETRIC_REPRESENTATION_CONTEXT(2) 
PARAMETRIC_REPRESENTATION_CONTEXT() REPRESENTATION_CONTEXT('2D SPACE',''
  ) );
#1683 = PCURVE('',#1684,#1689);
#1684 = CYLINDRICAL_SURFACE('',#1685,6.5);
#1685 = AXIS2_PLACEMENT_3D('',#1686,#1687,#1688);
#1686 = CARTESIAN_POINT('',(440.,155.,10.));
#1687 = DIRECTION('',(0.,0.,-1.));
#1688 = DIRECTION('',(-1.,0.,0.));
#1689 = DEFINITIONAL_REPRESENTATION('',(#1690),#1694);
#1690 = LINE('',#1691,#1692);
#1691 = CARTESIAN_POINT('',(0.,0.));
#1692 = VECTOR('',#1693,1.);
#1693 = DIRECTION('',(1.,0.));
#1694 = ( GEOMETRIC_REPRESENTATION_CONTEXT(2) 
PARAMETRIC_REPRESENTATION_CONTEXT() REPRESENTATION_CONTEXT('2D SPACE',''
  ) );
#1695 = FACE_BOUND('',#1696,.T.);
#1696 = EDGE_LOOP('',(#1697));
#1697 = ORIENTED_EDGE('',*,*,#1698,.T.);
#1698 = EDGE_CURVE('',#1699,#1699,#1701,.T.);
#1699 = VERTEX_POINT('',#1700);
#1700 = CARTESIAN_POINT('',(513.5,155.,10.));
#1701 = SURFACE_CURVE('',#1702,(#1707,#1718),.PCURVE_S1.);
#1702 = CIRCLE('',#1703,6.5);
#1703 = AXIS2_PLACEMENT_3D('',#1704,#1705,#1706);
#1704 = CARTESIAN_POINT('',(520.,155.,10.));
#1705 = DIRECTION('',(0.,0.,-1.));
#1706 = DIRECTION('',(-1.,0.,0.));
#1707 = PCURVE('',#509,#1708);
#1708 = DEFINITIONAL_REPRESENTATION('',(#1709),#1717);
#1709 = ( BOUNDED_CURVE() B_SPLINE_CURVE(2,(#1710,#1711,#1712,#1713,
#1714,#1715,#1716),.UNSPECIFIED.,.T.,.F.) B_SPLINE_CURVE_WITH_KNOTS((1,2
    ,2,2,2,1),(-2.094395102393,0.,2.094395102393,4.188790204786,
6.28318530718,8.377580409573),.UNSPECIFIED.) CURVE() 
GEOMETRIC_REPRESENTATION_ITEM() RATIONAL_B_SPLINE_CURVE((1.,0.5,1.,0.5,
1.,0.5,1.)) REPRESENTATION_ITEM('') );
#1710 = CARTESIAN_POINT('',(513.5,155.));
#1711 = CARTESIAN_POINT('',(513.5,166.25833024919));
#1712 = CARTESIAN_POINT('',(523.25,160.62916512459));
#1713 = CARTESIAN_POINT('',(533.,155.));
#1714 = CARTESIAN_POINT('',(523.25,149.3708348754));
#1715 = CARTESIAN_POINT('',(513.5,143.7416697508));
#1716 = CARTESIAN_POINT('',(513.5,155.));
#1717 = ( GEOMETRIC_REPRESENTATION_CONTEXT(2) 
PARAMETRIC_REPRESENTATION_CONTEXT() REPRESENTATION_CONTEXT('2D SPACE',''
  ) );
#1718 = PCURVE('',#1719,#1724);
#1719 = CYLINDRICAL_SURFACE('',#1720,6.5);
#1720 = AXIS2_PLACEMENT_3D('',#1721,#1722,#1723);
#1721 = CARTESIAN_POINT('',(520.,155.,10.));
#1722 = DIRECTION('',(0.,0.,-1.));
#1723 = DIRECTION('',(-1.,0.,0.));
#1724 = DEFINITIONAL_REPRESENTATION('',(#1725),#1729);
#1725 = LINE('',#1726,#1727);
#1726 = CARTESIAN_POINT('',(0.,0.));
#1727 = VECTOR('',#1728,1.);
#1728 = DIRECTION('',(1.,0.));
#1729 = ( GEOMETRIC_REPRESENTATION_CONTEXT(2) 
PARAMETRIC_REPRESENTATION_CONTEXT() REPRESENTATION_CONTEXT('2D SPACE',''
  ) );
#1730 = FACE_BOUND('',#1731,.T.);
#1731 = EDGE_LOOP('',(#1732));
#1732 = ORIENTED_EDGE('',*,*,#1733,.T.);
#1733 = EDGE_CURVE('',#1734,#1734,#1736,.T.);
#1734 = VERTEX_POINT('',#1735);
#1735 = CARTESIAN_POINT('',(663.5,155.,10.));
#1736 = SURFACE_CURVE('',#1737,(#1742,#1753),.PCURVE_S1.);
#1737 = CIRCLE('',#1738,6.5);
#1738 = AXIS2_PLACEMENT_3D('',#1739,#1740,#1741);
#1739 = CARTESIAN_POINT('',(670.,155.,10.));
#1740 = DIRECTION('',(0.,0.,-1.));
#1741 = DIRECTION('',(-1.,0.,0.));
#1742 = PCURVE('',#509,#1743);
#1743 = DEFINITIONAL_REPRESENTATION('',(#1744),#1752);
#1744 = ( BOUNDED_CURVE() B_SPLINE_CURVE(2,(#1745,#1746,#1747,#1748,
#1749,#1750,#1751),.UNSPECIFIED.,.T.,.F.) B_SPLINE_CURVE_WITH_KNOTS((1,2
    ,2,2,2,1),(-2.094395102393,0.,2.094395102393,4.188790204786,
6.28318530718,8.377580409573),.UNSPECIFIED.) CURVE() 
GEOMETRIC_REPRESENTATION_ITEM() RATIONAL_B_SPLINE_CURVE((1.,0.5,1.,0.5,
1.,0.5,1.)) REPRESENTATION_ITEM('') );
#1745 = CARTESIAN_POINT('',(663.5,155.));
#1746 = CARTESIAN_POINT('',(663.5,166.25833024919));
#1747 = CARTESIAN_POINT('',(673.25,160.62916512459));
#1748 = CARTESIAN_POINT('',(683.,155.));
#1749 = CARTESIAN_POINT('',(673.25,149.3708348754));
#1750 = CARTESIAN_POINT('',(663.5,143.7416697508));
#1751 = CARTESIAN_POINT('',(663.5,155.));
#1752 = ( GEOMETRIC_REPRESENTATION_CONTEXT(2) 
PARAMETRIC_REPRESENTATION_CONTEXT() REPRESENTATION_CONTEXT('2D SPACE',''
  ) );
#1753 = PCURVE('',#1754,#1759);
#1754 = CYLINDRICAL_SURFACE('',#1755,6.5);
#1755 = AXIS2_PLACEMENT_3D('',#1756,#1757,#1758);
#1756 = CARTESIAN_POINT('',(670.,155.,10.));
#1757 = DIRECTION('',(0.,0.,-1.));
#1758 = DIRECTION('',(-1.,0.,0.));
#1759 = DEFINITIONAL_REPRESENTATION('',(#1760),#1764);
#1760 = LINE('',#1761,#1762);
#1761 = CARTESIAN_POINT('',(0.,0.));
#1762 = VECTOR('',#1763,1.);
#1763 = DIRECTION('',(1.,0.));
#1764 = ( GEOMETRIC_REPRESENTATION_CONTEXT(2) 
PARAMETRIC_REPRESENTATION_CONTEXT() REPRESENTATION_CONTEXT('2D SPACE',''
  ) );
#1765 = FACE_BOUND('',#1766,.T.);
#1766 = EDGE_LOOP('',(#1767));
#1767 = ORIENTED_EDGE('',*,*,#1768,.T.);
#1768 = EDGE_CURVE('',#1769,#1769,#1771,.T.);
#1769 = VERTEX_POINT('',#1770);
#1770 = CARTESIAN_POINT('',(813.5,155.,10.));
#1771 = SURFACE_CURVE('',#1772,(#1777,#1788),.PCURVE_S1.);
#1772 = CIRCLE('',#1773,6.5);
#1773 = AXIS2_PLACEMENT_3D('',#1774,#1775,#1776);
#1774 = CARTESIAN_POINT('',(820.,155.,10.));
#1775 = DIRECTION('',(0.,0.,-1.));
#1776 = DIRECTION('',(-1.,0.,0.));
#1777 = PCURVE('',#509,#1778);
#1778 = DEFINITIONAL_REPRESENTATION('',(#1779),#1787);
#1779 = ( BOUNDED_CURVE() B_SPLINE_CURVE(2,(#1780,#1781,#1782,#1783,
#1784,#1785,#1786),.UNSPECIFIED.,.T.,.F.) B_SPLINE_CURVE_WITH_KNOTS((1,2
    ,2,2,2,1),(-2.094395102393,0.,2.094395102393,4.188790204786,
6.28318530718,8.377580409573),.UNSPECIFIED.) CURVE() 
GEOMETRIC_REPRESENTATION_ITEM() RATIONAL_B_SPLINE_CURVE((1.,0.5,1.,0.5,
1.,0.5,1.)) REPRESENTATION_ITEM('') );
#1780 = CARTESIAN_POINT('',(813.5,155.));
#1781 = CARTESIAN_POINT('',(813.5,166.25833024919));
#1782 = CARTESIAN_POINT('',(823.25,160.62916512459));
#1783 = CARTESIAN_POINT('',(833.,155.));
#1784 = CARTESIAN_POINT('',(823.25,149.3708348754));
#1785 = CARTESIAN_POINT('',(813.5,143.7416697508));
#1786 = CARTESIAN_POINT('',(813.5,155.));
#1787 = ( GEOMETRIC_REPRESENTATION_CONTEXT(2) 
PARAMETRIC_REPRESENTATION_CONTEXT() REPRESENTATION_CONTEXT('2D SPACE',''
  ) );
#1788 = PCURVE('',#1789,#1794);
#1789 = CYLINDRICAL_SURFACE('',#1790,6.5);
#1790 = AXIS2_PLACEMENT_3D('',#1791,#1792,#1793);
#1791 = CARTESIAN_POINT('',(820.,155.,10.));
#1792 = DIRECTION('',(0.,0.,-1.));
#1793 = DIRECTION('',(-1.,0.,0.));
#1794 = DEFINITIONAL_REPRESENTATION('',(#1795),#1799);
#1795 = LINE('',#1796,#1797);
#1796 = CARTESIAN_POINT('',(0.,0.));
#1797 = VECTOR('',#1798,1.);
#1798 = DIRECTION('',(1.,0.));
#1799 = ( GEOMETRIC_REPRESENTATION_CONTEXT(2) 
PARAMETRIC_REPRESENTATION_CONTEXT() REPRESENTATION_CONTEXT('2D SPACE',''
  ) );
#1800 = FACE_BOUND('',#1801,.T.);
#1801 = EDGE_LOOP('',(#1802));
#1802 = ORIENTED_EDGE('',*,*,#1803,.T.);
#1803 = EDGE_CURVE('',#1804,#1804,#1806,.T.);
#1804 = VERTEX_POINT('',#1805);
#1805 = CARTESIAN_POINT('',(963.5,155.,10.));
#1806 = SURFACE_CURVE('',#1807,(#1812,#1823),.PCURVE_S1.);
#1807 = CIRCLE('',#1808,6.5);
#1808 = AXIS2_PLACEMENT_3D('',#1809,#1810,#1811);
#1809 = CARTESIAN_POINT('',(970.,155.,10.));
#1810 = DIRECTION('',(0.,0.,-1.));
#1811 = DIRECTION('',(-1.,0.,0.));
#1812 = PCURVE('',#509,#1813);
#1813 = DEFINITIONAL_REPRESENTATION('',(#1814),#1822);
#1814 = ( BOUNDED_CURVE() B_SPLINE_CURVE(2,(#1815,#1816,#1817,#1818,
#1819,#1820,#1821),.UNSPECIFIED.,.T.,.F.) B_SPLINE_CURVE_WITH_KNOTS((1,2
    ,2,2,2,1),(-2.094395102393,0.,2.094395102393,4.188790204786,
6.28318530718,8.377580409573),.UNSPECIFIED.) CURVE() 
GEOMETRIC_REPRESENTATION_ITEM() RATIONAL_B_SPLINE_CURVE((1.,0.5,1.,0.5,
1.,0.5,1.)) REPRESENTATION_ITEM('') );
#1815 = CARTESIAN_POINT('',(963.5,155.));
#1816 = CARTESIAN_POINT('',(963.5,166.25833024919));
#1817 = CARTESIAN_POINT('',(973.25,160.62916512459));
#1818 = CARTESIAN_POINT('',(983.,155.));
#1819 = CARTESIAN_POINT('',(973.25,149.3708348754));
#1820 = CARTESIAN_POINT('',(963.5,143.7416697508));
#1821 = CARTESIAN_POINT('',(963.5,155.));
#1822 = ( GEOMETRIC_REPRESENTATION_CONTEXT(2) 
PARAMETRIC_REPRESENTATION_CONTEXT() REPRESENTATION_CONTEXT('2D SPACE',''
  ) );
#1823 = PCURVE('',#1824,#1829);
#1824 = CYLINDRICAL_SURFACE('',#1825,6.5);
#1825 = AXIS2_PLACEMENT_3D('',#1826,#1827,#1828);
#1826 = CARTESIAN_POINT('',(970.,155.,10.));
#1827 = DIRECTION('',(0.,0.,-1.));
#1828 = DIRECTION('',(-1.,0.,0.));
#1829 = DEFINITIONAL_REPRESENTATION('',(#1830),#1834);
#1830 = LINE('',#1831,#1832);
#1831 = CARTESIAN_POINT('',(0.,0.));
#1832 = VECTOR('',#1833,1.);
#1833 = DIRECTION('',(1.,0.));
#1834 = ( GEOMETRIC_REPRESENTATION_CONTEXT(2) 
PARAMETRIC_REPRESENTATION_CONTEXT() REPRESENTATION_CONTEXT('2D SPACE',''
  ) );
#1835 = FACE_BOUND('',#1836,.T.);
#1836 = EDGE_LOOP('',(#1837));
#1837 = ORIENTED_EDGE('',*,*,#1838,.T.);
#1838 = EDGE_CURVE('',#1839,#1839,#1841,.T.);
#1839 = VERTEX_POINT('',#1840);
#1840 = CARTESIAN_POINT('',(1.1135E+03,155.,10.));
#1841 = SURFACE_CURVE('',#1842,(#1847,#1858),.PCURVE_S1.);
#1842 = CIRCLE('',#1843,6.5);
#1843 = AXIS2_PLACEMENT_3D('',#1844,#1845,#1846);
#1844 = CARTESIAN_POINT('',(1.12E+03,155.,10.));
#1845 = DIRECTION('',(0.,0.,-1.));
#1846 = DIRECTION('',(-1.,0.,0.));
#1847 = PCURVE('',#509,#1848);
#1848 = DEFINITIONAL_REPRESENTATION('',(#1849),#1857);
#1849 = ( BOUNDED_CURVE() B_SPLINE_CURVE(2,(#1850,#1851,#1852,#1853,
#1854,#1855,#1856),.UNSPECIFIED.,.T.,.F.) B_SPLINE_CURVE_WITH_KNOTS((1,2
    ,2,2,2,1),(-2.094395102393,0.,2.094395102393,4.188790204786,
6.28318530718,8.377580409573),.UNSPECIFIED.) CURVE() 
GEOMETRIC_REPRESENTATION_ITEM() RATIONAL_B_SPLINE_CURVE((1.,0.5,1.,0.5,
1.,0.5,1.)) REPRESENTATION_ITEM('') );
#1850 = CARTESIAN_POINT('',(1.1135E+03,155.));
#1851 = CARTESIAN_POINT('',(1.1135E+03,166.25833024919));
#1852 = CARTESIAN_POINT('',(1.12325E+03,160.62916512459));
#1853 = CARTESIAN_POINT('',(1.133E+03,155.));
#1854 = CARTESIAN_POINT('',(1.12325E+03,149.3708348754));
#1855 = CARTESIAN_POINT('',(1.1135E+03,143.7416697508));
#1856 = CARTESIAN_POINT('',(1.1135E+03,155.));
#1857 = ( GEOMETRIC_REPRESENTATION_CONTEXT(2) 
PARAMETRIC_REPRESENTATION_CONTEXT() REPRESENTATION_CONTEXT('2D SPACE',''
  ) );
#1858 = PCURVE('',#1859,#1864);
#1859 = CYLINDRICAL_SURFACE('',#1860,6.5);
#1860 = AXIS2_PLACEMENT_3D('',#1861,#1862,#1863);
#1861 = CARTESIAN_POINT('',(1.12E+03,155.,10.));
#1862 = DIRECTION('',(0.,0.,-1.));
#1863 = DIRECTION('',(-1.,0.,0.));
#1864 = DEFINITIONAL_REPRESENTATION('',(#1865),#1869);
#1865 = LINE('',#1866,#1867);
#1866 = CARTESIAN_POINT('',(0.,0.));
#1867 = VECTOR('',#1868,1.);
#1868 = DIRECTION('',(1.,0.));
#1869 = ( GEOMETRIC_REPRESENTATION_CONTEXT(2) 
PARAMETRIC_REPRESENTATION_CONTEXT() REPRESENTATION_CONTEXT('2D SPACE',''
  ) );
#1870 = FACE_BOUND('',#1871,.T.);
#1871 = EDGE_LOOP('',(#1872));
#1872 = ORIENTED_EDGE('',*,*,#1873,.T.);
#1873 = EDGE_CURVE('',#1874,#1874,#1876,.T.);
#1874 = VERTEX_POINT('',#1875);
#1875 = CARTESIAN_POINT('',(1.5135E+03,155.,10.));
#1876 = SURFACE_CURVE('',#1877,(#1882,#1893),.PCURVE_S1.);
#1877 = CIRCLE('',#1878,6.5);
#1878 = AXIS2_PLACEMENT_3D('',#1879,#1880,#1881);
#1879 = CARTESIAN_POINT('',(1.52E+03,155.,10.));
#1880 = DIRECTION('',(0.,0.,-1.));
#1881 = DIRECTION('',(-1.,0.,0.));
#1882 = PCURVE('',#509,#1883);
#1883 = DEFINITIONAL_REPRESENTATION('',(#1884),#1892);
#1884 = ( BOUNDED_CURVE() B_SPLINE_CURVE(2,(#1885,#1886,#1887,#1888,
#1889,#1890,#1891),.UNSPECIFIED.,.T.,.F.) B_SPLINE_CURVE_WITH_KNOTS((1,2
    ,2,2,2,1),(-2.094395102393,0.,2.094395102393,4.188790204786,
6.28318530718,8.377580409573),.UNSPECIFIED.) CURVE() 
GEOMETRIC_REPRESENTATION_ITEM() RATIONAL_B_SPLINE_CURVE((1.,0.5,1.,0.5,
1.,0.5,1.)) REPRESENTATION_ITEM('') );
#1885 = CARTESIAN_POINT('',(1.5135E+03,155.));
#1886 = CARTESIAN_POINT('',(1.5135E+03,166.25833024919));
#1887 = CARTESIAN_POINT('',(1.52325E+03,160.62916512459));
#1888 = CARTESIAN_POINT('',(1.533E+03,155.));
#1889 = CARTESIAN_POINT('',(1.52325E+03,149.3708348754));
#1890 = CARTESIAN_POINT('',(1.5135E+03,143.7416697508));
#1891 = CARTESIAN_POINT('',(1.5135E+03,155.));
#1892 = ( GEOMETRIC_REPRESENTATION_CONTEXT(2) 
PARAMETRIC_REPRESENTATION_CONTEXT() REPRESENTATION_CONTEXT('2D SPACE',''
  ) );
#1893 = PCURVE('',#1894,#1899);
#1894 = CYLINDRICAL_SURFACE('',#1895,6.5);
#1895 = AXIS2_PLACEMENT_3D('',#1896,#1897,#1898);
#1896 = CARTESIAN_POINT('',(1.52E+03,155.,10.));
#1897 = DIRECTION('',(0.,0.,-1.));
#1898 = DIRECTION('',(-1.,0.,0.));
#1899 = DEFINITIONAL_REPRESENTATION('',(#1900),#1904);
#1900 = LINE('',#1901,#1902);
#1901 = CARTESIAN_POINT('',(0.,0.));
#1902 = VECTOR('',#1903,1.);
#1903 = DIRECTION('',(1.,0.));
#1904 = ( GEOMETRIC_REPRESENTATION_CONTEXT(2) 
PARAMETRIC_REPRESENTATION_CONTEXT() REPRESENTATION_CONTEXT('2D SPACE',''
  ) );
#1905 = FACE_BOUND('',#1906,.T.);
#1906 = EDGE_LOOP('',(#1907));
#1907 = ORIENTED_EDGE('',*,*,#1908,.T.);
#1908 = EDGE_CURVE('',#1909,#1909,#1911,.T.);
#1909 = VERTEX_POINT('',#1910);
#1910 = CARTESIAN_POINT('',(1.8205E+03,155.,10.));
#1911 = SURFACE_CURVE('',#1912,(#1917,#1928),.PCURVE_S1.);
#1912 = CIRCLE('',#1913,6.5);
#1913 = AXIS2_PLACEMENT_3D('',#1914,#1915,#1916);
#1914 = CARTESIAN_POINT('',(1.827E+03,155.,10.));
#1915 = DIRECTION('',(0.,0.,-1.));
#1916 = DIRECTION('',(-1.,0.,0.));
#1917 = PCURVE('',#509,#1918);
#1918 = DEFINITIONAL_REPRESENTATION('',(#1919),#1927);
#1919 = ( BOUNDED_CURVE() B_SPLINE_CURVE(2,(#1920,#1921,#1922,#1923,
#1924,#1925,#1926),.UNSPECIFIED.,.T.,.F.) B_SPLINE_CURVE_WITH_KNOTS((1,2
    ,2,2,2,1),(-2.094395102393,0.,2.094395102393,4.188790204786,
6.28318530718,8.377580409573),.UNSPECIFIED.) CURVE() 
GEOMETRIC_REPRESENTATION_ITEM() RATIONAL_B_SPLINE_CURVE((1.,0.5,1.,0.5,
1.,0.5,1.)) REPRESENTATION_ITEM('') );
#1920 = CARTESIAN_POINT('',(1.8205E+03,155.));
#1921 = CARTESIAN_POINT('',(1.8205E+03,166.25833024919));
#1922 = CARTESIAN_POINT('',(1.83025E+03,160.62916512459));
#1923 = CARTESIAN_POINT('',(1.84E+03,155.));
#1924 = CARTESIAN_POINT('',(1.83025E+03,149.3708348754));
#1925 = CARTESIAN_POINT('',(1.8205E+03,143.7416697508));
#1926 = CARTESIAN_POINT('',(1.8205E+03,155.));
#1927 = ( GEOMETRIC_REPRESENTATION_CONTEXT(2) 
PARAMETRIC_REPRESENTATION_CONTEXT() REPRESENTATION_CONTEXT('2D SPACE',''
  ) );
#1928 = PCURVE('',#1929,#1934);
#1929 = CYLINDRICAL_SURFACE('',#1930,6.5);
#1930 = AXIS2_PLACEMENT_3D('',#1931,#1932,#1933);
#1931 = CARTESIAN_POINT('',(1.827E+03,155.,10.));
#1932 = DIRECTION('',(0.,0.,-1.));
#1933 = DIRECTION('',(-1.,0.,0.));
#1934 = DEFINITIONAL_REPRESENTATION('',(#1935),#1939);
#1935 = LINE('',#1936,#1937);
#1936 = CARTESIAN_POINT('',(0.,0.));
#1937 = VECTOR('',#1938,1.);
#1938 = DIRECTION('',(1.,0.));
#1939 = ( GEOMETRIC_REPRESENTATION_CONTEXT(2) 
PARAMETRIC_REPRESENTATION_CONTEXT() REPRESENTATION_CONTEXT('2D SPACE',''
  ) );
#1940 = FACE_BOUND('',#1941,.T.);
#1941 = EDGE_LOOP('',(#1942));
#1942 = ORIENTED_EDGE('',*,*,#1943,.T.);
#1943 = EDGE_CURVE('',#1944,#1944,#1946,.T.);
#1944 = VERTEX_POINT('',#1945);
#1945 = CARTESIAN_POINT('',(2.1265E+03,155.,10.));
#1946 = SURFACE_CURVE('',#1947,(#1952,#1963),.PCURVE_S1.);
#1947 = CIRCLE('',#1948,6.5);
#1948 = AXIS2_PLACEMENT_3D('',#1949,#1950,#1951);
#1949 = CARTESIAN_POINT('',(2.133E+03,155.,10.));
#1950 = DIRECTION('',(0.,0.,-1.));
#1951 = DIRECTION('',(-1.,0.,0.));
#1952 = PCURVE('',#509,#1953);
#1953 = DEFINITIONAL_REPRESENTATION('',(#1954),#1962);
#1954 = ( BOUNDED_CURVE() B_SPLINE_CURVE(2,(#1955,#1956,#1957,#1958,
#1959,#1960,#1961),.UNSPECIFIED.,.T.,.F.) B_SPLINE_CURVE_WITH_KNOTS((1,2
    ,2,2,2,1),(-2.094395102393,0.,2.094395102393,4.188790204786,
6.28318530718,8.377580409573),.UNSPECIFIED.) CURVE() 
GEOMETRIC_REPRESENTATION_ITEM() RATIONAL_B_SPLINE_CURVE((1.,0.5,1.,0.5,
1.,0.5,1.)) REPRESENTATION_ITEM('') );
#1955 = CARTESIAN_POINT('',(2.1265E+03,155.));
#1956 = CARTESIAN_POINT('',(2.1265E+03,166.25833024919));
#1957 = CARTESIAN_POINT('',(2.13625E+03,160.62916512459));
#1958 = CARTESIAN_POINT('',(2.146E+03,155.));
#1959 = CARTESIAN_POINT('',(2.13625E+03,149.3708348754));
#1960 = CARTESIAN_POINT('',(2.1265E+03,143.7416697508));
#1961 = CARTESIAN_POINT('',(2.1265E+03,155.));
#1962 = ( GEOMETRIC_REPRESENTATION_CONTEXT(2) 
PARAMETRIC_REPRESENTATION_CONTEXT() REPRESENTATION_CONTEXT('2D SPACE',''
  ) );
#1963 = PCURVE('',#1964,#1969);
#1964 = CYLINDRICAL_SURFACE('',#1965,6.5);
#1965 = AXIS2_PLACEMENT_3D('',#1966,#1967,#1968);
#1966 = CARTESIAN_POINT('',(2.133E+03,155.,10.));
#1967 = DIRECTION('',(0.,0.,-1.));
#1968 = DIRECTION('',(-1.,0.,0.));
#1969 = DEFINITIONAL_REPRESENTATION('',(#1970),#1974);
#1970 = LINE('',#1971,#1972);
#1971 = CARTESIAN_POINT('',(0.,0.));
#1972 = VECTOR('',#1973,1.);
#1973 = DIRECTION('',(1.,0.));
#1974 = ( GEOMETRIC_REPRESENTATION_CONTEXT(2) 
PARAMETRIC_REPRESENTATION_CONTEXT() REPRESENTATION_CONTEXT('2D SPACE',''
  ) );
#1975 = FACE_BOUND('',#1976,.T.);
#1976 = EDGE_LOOP('',(#1977));
#1977 = ORIENTED_EDGE('',*,*,#1978,.T.);
#1978 = EDGE_CURVE('',#1979,#1979,#1981,.T.);
#1979 = VERTEX_POINT('',#1980);
#1980 = CARTESIAN_POINT('',(2.5265E+03,155.,10.));
#1981 = SURFACE_CURVE('',#1982,(#1987,#1998),.PCURVE_S1.);
#1982 = CIRCLE('',#1983,6.5);
#1983 = AXIS2_PLACEMENT_3D('',#1984,#1985,#1986);
#1984 = CARTESIAN_POINT('',(2.533E+03,155.,10.));
#1985 = DIRECTION('',(0.,0.,-1.));
#1986 = DIRECTION('',(-1.,0.,0.));
#1987 = PCURVE('',#509,#1988);
#1988 = DEFINITIONAL_REPRESENTATION('',(#1989),#1997);
#1989 = ( BOUNDED_CURVE() B_SPLINE_CURVE(2,(#1990,#1991,#1992,#1993,
#1994,#1995,#1996),.UNSPECIFIED.,.T.,.F.) B_SPLINE_CURVE_WITH_KNOTS((1,2
    ,2,2,2,1),(-2.094395102393,0.,2.094395102393,4.188790204786,
6.28318530718,8.377580409573),.UNSPECIFIED.) CURVE() 
GEOMETRIC_REPRESENTATION_ITEM() RATIONAL_B_SPLINE_CURVE((1.,0.5,1.,0.5,
1.,0.5,1.)) REPRESENTATION_ITEM('') );
#1990 = CARTESIAN_POINT('',(2.5265E+03,155.));
#1991 = CARTESIAN_POINT('',(2.5265E+03,166.25833024919));
#1992 = CARTESIAN_POINT('',(2.53625E+03,160.62916512459));
#1993 = CARTESIAN_POINT('',(2.546E+03,155.));
#1994 = CARTESIAN_POINT('',(2.53625E+03,149.3708348754));
#1995 = CARTESIAN_POINT('',(2.5265E+03,143.7416697508));
#1996 = CARTESIAN_POINT('',(2.5265E+03,155.));
#1997 = ( GEOMETRIC_REPRESENTATION_CONTEXT(2) 
PARAMETRIC_REPRESENTATION_CONTEXT() REPRESENTATION_CONTEXT('2D SPACE',''
  ) );
#1998 = PCURVE('',#1999,#2004);
#1999 = CYLINDRICAL_SURFACE('',#2000,6.5);
#2000 = AXIS2_PLACEMENT_3D('',#2001,#2002,#2003);
#2001 = CARTESIAN_POINT('',(2.533E+03,155.,10.));
#2002 = DIRECTION('',(0.,0.,-1.));
#2003 = DIRECTION('',(-1.,0.,0.));
#2004 = DEFINITIONAL_REPRESENTATION('',(#2005),#2009);
#2005 = LINE('',#2006,#2007);
#2006 = CARTESIAN_POINT('',(0.,0.));
#2007 = VECTOR('',#2008,1.);
#2008 = DIRECTION('',(1.,0.));
#2009 = ( GEOMETRIC_REPRESENTATION_CONTEXT(2) 
PARAMETRIC_REPRESENTATION_CONTEXT() REPRESENTATION_CONTEXT('2D SPACE',''
  ) );
#2010 = FACE_BOUND('',#2011,.T.);
#2011 = EDGE_LOOP('',(#2012));
#2012 = ORIENTED_EDGE('',*,*,#2013,.T.);
#2013 = EDGE_CURVE('',#2014,#2014,#2016,.T.);
#2014 = VERTEX_POINT('',#2015);
#2015 = CARTESIAN_POINT('',(2.7765E+03,155.,10.));
#2016 = SURFACE_CURVE('',#2017,(#2022,#2033),.PCURVE_S1.);
#2017 = CIRCLE('',#2018,6.5);
#2018 = AXIS2_PLACEMENT_3D('',#2019,#2020,#2021);
#2019 = CARTESIAN_POINT('',(2.783E+03,155.,10.));
#2020 = DIRECTION('',(0.,0.,-1.));
#2021 = DIRECTION('',(-1.,0.,0.));
#2022 = PCURVE('',#509,#2023);
#2023 = DEFINITIONAL_REPRESENTATION('',(#2024),#2032);
#2024 = ( BOUNDED_CURVE() B_SPLINE_CURVE(2,(#2025,#2026,#2027,#2028,
#2029,#2030,#2031),.UNSPECIFIED.,.T.,.F.) B_SPLINE_CURVE_WITH_KNOTS((1,2
    ,2,2,2,1),(-2.094395102393,0.,2.094395102393,4.188790204786,
6.28318530718,8.377580409573),.UNSPECIFIED.) CURVE() 
GEOMETRIC_REPRESENTATION_ITEM() RATIONAL_B_SPLINE_CURVE((1.,0.5,1.,0.5,
1.,0.5,1.)) REPRESENTATION_ITEM('') );
#2025 = CARTESIAN_POINT('',(2.7765E+03,155.));
#2026 = CARTESIAN_POINT('',(2.7765E+03,166.25833024919));
#2027 = CARTESIAN_POINT('',(2.78625E+03,160.62916512459));
#2028 = CARTESIAN_POINT('',(2.796E+03,155.));
#2029 = CARTESIAN_POINT('',(2.78625E+03,149.3708348754));
#2030 = CARTESIAN_POINT('',(2.7765E+03,143.7416697508));
#2031 = CARTESIAN_POINT('',(2.7765E+03,155.));
#2032 = ( GEOMETRIC_REPRESENTATION_CONTEXT(2) 
PARAMETRIC_REPRESENTATION_CONTEXT() REPRESENTATION_CONTEXT('2D SPACE',''
  ) );
#2033 = PCURVE('',#2034,#2039);
#2034 = CYLINDRICAL_SURFACE('',#2035,6.5);
#2035 = AXIS2_PLACEMENT_3D('',#2036,#2037,#2038);
#2036 = CARTESIAN_POINT('',(2.783E+03,155.,10.));
#2037 = DIRECTION('',(0.,0.,-1.));
#2038 = DIRECTION('',(-1.,0.,0.));
#2039 = DEFINITIONAL_REPRESENTATION('',(#2040),#2044);
#2040 = LINE('',#2041,#2042);
#2041 = CARTESIAN_POINT('',(0.,0.));
#2042 = VECTOR('',#2043,1.);
#2043 = DIRECTION('',(1.,0.));
#2044 = ( GEOMETRIC_REPRESENTATION_CONTEXT(2) 
PARAMETRIC_REPRESENTATION_CONTEXT() REPRESENTATION_CONTEXT('2D SPACE',''
  ) );
#2045 = FACE_BOUND('',#2046,.T.);
#2046 = EDGE_LOOP('',(#2047));
#2047 = ORIENTED_EDGE('',*,*,#2048,.T.);
#2048 = EDGE_CURVE('',#2049,#2049,#2051,.T.);
#2049 = VERTEX_POINT('',#2050);
#2050 = CARTESIAN_POINT('',(2.8765E+03,155.,10.));
#2051 = SURFACE_CURVE('',#2052,(#2057,#2068),.PCURVE_S1.);
#2052 = CIRCLE('',#2053,6.5);
#2053 = AXIS2_PLACEMENT_3D('',#2054,#2055,#2056);
#2054 = CARTESIAN_POINT('',(2.883E+03,155.,10.));
#2055 = DIRECTION('',(0.,0.,-1.));
#2056 = DIRECTION('',(-1.,0.,0.));
#2057 = PCURVE('',#509,#2058);
#2058 = DEFINITIONAL_REPRESENTATION('',(#2059),#2067);
#2059 = ( BOUNDED_CURVE() B_SPLINE_CURVE(2,(#2060,#2061,#2062,#2063,
#2064,#2065,#2066),.UNSPECIFIED.,.T.,.F.) B_SPLINE_CURVE_WITH_KNOTS((1,2
    ,2,2,2,1),(-2.094395102393,0.,2.094395102393,4.188790204786,
6.28318530718,8.377580409573),.UNSPECIFIED.) CURVE() 
GEOMETRIC_REPRESENTATION_ITEM() RATIONAL_B_SPLINE_CURVE((1.,0.5,1.,0.5,
1.,0.5,1.)) REPRESENTATION_ITEM('') );
#2060 = CARTESIAN_POINT('',(2.8765E+03,155.));
#2061 = CARTESIAN_POINT('',(2.8765E+03,166.25833024919));
#2062 = CARTESIAN_POINT('',(2.88625E+03,160.62916512459));
#2063 = CARTESIAN_POINT('',(2.896E+03,155.));
#2064 = CARTESIAN_POINT('',(2.88625E+03,149.3708348754));
#2065 = CARTESIAN_POINT('',(2.8765E+03,143.7416697508));
#2066 = CARTESIAN_POINT('',(2.8765E+03,155.));
#2067 = ( GEOMETRIC_REPRESENTATION_CONTEXT(2) 
PARAMETRIC_REPRESENTATION_CONTEXT() REPRESENTATION_CONTEXT('2D SPACE',''
  ) );
#2068 = PCURVE('',#2069,#2074);
#2069 = CYLINDRICAL_SURFACE('',#2070,6.5);
#2070 = AXIS2_PLACEMENT_3D('',#2071,#2072,#2073);
#2071 = CARTESIAN_POINT('',(2.883E+03,155.,10.));
#2072 = DIRECTION('',(0.,0.,-1.));
#2073 = DIRECTION('',(-1.,0.,0.));
#2074 = DEFINITIONAL_REPRESENTATION('',(#2075),#2079);
#2075 = LINE('',#2076,#2077);
#2076 = CARTESIAN_POINT('',(0.,0.));
#2077 = VECTOR('',#2078,1.);
#2078 = DIRECTION('',(1.,0.));
#2079 = ( GEOMETRIC_REPRESENTATION_CONTEXT(2) 
PARAMETRIC_REPRESENTATION_CONTEXT() REPRESENTATION_CONTEXT('2D SPACE',''
  ) );
#2080 = FACE_BOUND('',#2081,.T.);
#2081 = EDGE_LOOP('',(#2082));
#2082 = ORIENTED_EDGE('',*,*,#2083,.T.);
#2083 = EDGE_CURVE('',#2084,#2084,#2086,.T.);
#2084 = VERTEX_POINT('',#2085);
#2085 = CARTESIAN_POINT('',(2.9765E+03,155.,10.));
#2086 = SURFACE_CURVE('',#2087,(#2092,#2103),.PCURVE_S1.);
#2087 = CIRCLE('',#2088,6.5);
#2088 = AXIS2_PLACEMENT_3D('',#2089,#2090,#2091);
#2089 = CARTESIAN_POINT('',(2.983E+03,155.,10.));
#2090 = DIRECTION('',(0.,0.,-1.));
#2091 = DIRECTION('',(-1.,0.,0.));
#2092 = PCURVE('',#509,#2093);
#2093 = DEFINITIONAL_REPRESENTATION('',(#2094),#2102);
#2094 = ( BOUNDED_CURVE() B_SPLINE_CURVE(2,(#2095,#2096,#2097,#2098,
#2099,#2100,#2101),.UNSPECIFIED.,.T.,.F.) B_SPLINE_CURVE_WITH_KNOTS((1,2
    ,2,2,2,1),(-2.094395102393,0.,2.094395102393,4.188790204786,
6.28318530718,8.377580409573),.UNSPECIFIED.) CURVE() 
GEOMETRIC_REPRESENTATION_ITEM() RATIONAL_B_SPLINE_CURVE((1.,0.5,1.,0.5,
1.,0.5,1.)) REPRESENTATION_ITEM('') );
#2095 = CARTESIAN_POINT('',(2.9765E+03,155.));
#2096 = CARTESIAN_POINT('',(2.9765E+03,166.25833024919));
#2097 = CARTESIAN_POINT('',(2.98625E+03,160.62916512459));
#2098 = CARTESIAN_POINT('',(2.996E+03,155.));
#2099 = CARTESIAN_POINT('',(2.98625E+03,149.3708348754));
#2100 = CARTESIAN_POINT('',(2.9765E+03,143.7416697508));
#2101 = CARTESIAN_POINT('',(2.9765E+03,155.));
#2102 = ( GEOMETRIC_REPRESENTATION_CONTEXT(2) 
PARAMETRIC_REPRESENTATION_CONTEXT() REPRESENTATION_CONTEXT('2D SPACE',''
  ) );
#2103 = PCURVE('',#2104,#2109);
#2104 = CYLINDRICAL_SURFACE('',#2105,6.5);
#2105 = AXIS2_PLACEMENT_3D('',#2106,#2107,#2108);
#2106 = CARTESIAN_POINT('',(2.983E+03,155.,10.));
#2107 = DIRECTION('',(0.,0.,-1.));
#2108 = DIRECTION('',(-1.,0.,0.));
#2109 = DEFINITIONAL_REPRESENTATION('',(#2110),#2114);
#2110 = LINE('',#2111,#2112);
#2111 = CARTESIAN_POINT('',(0.,0.));
#2112 = VECTOR('',#2113,1.);
#2113 = DIRECTION('',(1.,0.));
#2114 = ( GEOMETRIC_REPRESENTATION_CONTEXT(2) 
PARAMETRIC_REPRESENTATION_CONTEXT() REPRESENTATION_CONTEXT('2D SPACE',''
  ) );
#2115 = FACE_BOUND('',#2116,.T.);
#2116 = EDGE_LOOP('',(#2117));
#2117 = ORIENTED_EDGE('',*,*,#2118,.T.);
#2118 = EDGE_CURVE('',#2119,#2119,#2121,.T.);
#2119 = VERTEX_POINT('',#2120);
#2120 = CARTESIAN_POINT('',(3.0765E+03,155.,10.));
#2121 = SURFACE_CURVE('',#2122,(#2127,#2138),.PCURVE_S1.);
#2122 = CIRCLE('',#2123,6.5);
#2123 = AXIS2_PLACEMENT_3D('',#2124,#2125,#2126);
#2124 = CARTESIAN_POINT('',(3.083E+03,155.,10.));
#2125 = DIRECTION('',(0.,0.,-1.));
#2126 = DIRECTION('',(-1.,0.,0.));
#2127 = PCURVE('',#509,#2128);
#2128 = DEFINITIONAL_REPRESENTATION('',(#2129),#2137);
#2129 = ( BOUNDED_CURVE() B_SPLINE_CURVE(2,(#2130,#2131,#2132,#2133,
#2134,#2135,#2136),.UNSPECIFIED.,.T.,.F.) B_SPLINE_CURVE_WITH_KNOTS((1,2
    ,2,2,2,1),(-2.094395102393,0.,2.094395102393,4.188790204786,
6.28318530718,8.377580409573),.UNSPECIFIED.) CURVE() 
GEOMETRIC_REPRESENTATION_ITEM() RATIONAL_B_SPLINE_CURVE((1.,0.5,1.,0.5,
1.,0.5,1.)) REPRESENTATION_ITEM('') );
#2130 = CARTESIAN_POINT('',(3.0765E+03,155.));
#2131 = CARTESIAN_POINT('',(3.0765E+03,166.25833024919));
#2132 = CARTESIAN_POINT('',(3.08625E+03,160.62916512459));
#2133 = CARTESIAN_POINT('',(3.096E+03,155.));
#2134 = CARTESIAN_POINT('',(3.08625E+03,149.3708348754));
#2135 = CARTESIAN_POINT('',(3.0765E+03,143.7416697508));
#2136 = CARTESIAN_POINT('',(3.0765E+03,155.));
#2137 = ( GEOMETRIC_REPRESENTATION_CONTEXT(2) 
PARAMETRIC_REPRESENTATION_CONTEXT() REPRESENTATION_CONTEXT('2D SPACE',''
  ) );
#2138 = PCURVE('',#2139,#2144);
#2139 = CYLINDRICAL_SURFACE('',#2140,6.5);
#2140 = AXIS2_PLACEMENT_3D('',#2141,#2142,#2143);
#2141 = CARTESIAN_POINT('',(3.083E+03,155.,10.));
#2142 = DIRECTION('',(0.,0.,-1.));
#2143 = DIRECTION('',(-1.,0.,0.));
#2144 = DEFINITIONAL_REPRESENTATION('',(#2145),#2149);
#2145 = LINE('',#2146,#2147);
#2146 = CARTESIAN_POINT('',(0.,0.));
#2147 = VECTOR('',#2148,1.);
#2148 = DIRECTION('',(1.,0.));
#2149 = ( GEOMETRIC_REPRESENTATION_CONTEXT(2) 
PARAMETRIC_REPRESENTATION_CONTEXT() REPRESENTATION_CONTEXT('2D SPACE',''
  ) );
#2150 = FACE_BOUND('',#2151,.T.);
#2151 = EDGE_LOOP('',(#2152));
#2152 = ORIENTED_EDGE('',*,*,#2153,.T.);
#2153 = EDGE_CURVE('',#2154,#2154,#2156,.T.);
#2154 = VERTEX_POINT('',#2155);
#2155 = CARTESIAN_POINT('',(3.1765E+03,155.,10.));
#2156 = SURFACE_CURVE('',#2157,(#2162,#2173),.PCURVE_S1.);
#2157 = CIRCLE('',#2158,6.5);
#2158 = AXIS2_PLACEMENT_3D('',#2159,#2160,#2161);
#2159 = CARTESIAN_POINT('',(3.183E+03,155.,10.));
#2160 = DIRECTION('',(0.,0.,-1.));
#2161 = DIRECTION('',(-1.,0.,0.));
#2162 = PCURVE('',#509,#2163);
#2163 = DEFINITIONAL_REPRESENTATION('',(#2164),#2172);
#2164 = ( BOUNDED_CURVE() B_SPLINE_CURVE(2,(#2165,#2166,#2167,#2168,
#2169,#2170,#2171),.UNSPECIFIED.,.T.,.F.) B_SPLINE_CURVE_WITH_KNOTS((1,2
    ,2,2,2,1),(-2.094395102393,0.,2.094395102393,4.188790204786,
6.28318530718,8.377580409573),.UNSPECIFIED.) CURVE() 
GEOMETRIC_REPRESENTATION_ITEM() RATIONAL_B_SPLINE_CURVE((1.,0.5,1.,0.5,
1.,0.5,1.)) REPRESENTATION_ITEM('') );
#2165 = CARTESIAN_POINT('',(3.1765E+03,155.));
#2166 = CARTESIAN_POINT('',(3.1765E+03,166.25833024919));
#2167 = CARTESIAN_POINT('',(3.18625E+03,160.62916512459));
#2168 = CARTESIAN_POINT('',(3.196E+03,155.));
#2169 = CARTESIAN_POINT('',(3.18625E+03,149.3708348754));
#2170 = CARTESIAN_POINT('',(3.1765E+03,143.7416697508));
#2171 = CARTESIAN_POINT('',(3.1765E+03,155.));
#2172 = ( GEOMETRIC_REPRESENTATION_CONTEXT(2) 
PARAMETRIC_REPRESENTATION_CONTEXT() REPRESENTATION_CONTEXT('2D SPACE',''
  ) );
#2173 = PCURVE('',#2174,#2179);
#2174 = CYLINDRICAL_SURFACE('',#2175,6.5);
#2175 = AXIS2_PLACEMENT_3D('',#2176,#2177,#2178);
#2176 = CARTESIAN_POINT('',(3.183E+03,155.,10.));
#2177 = DIRECTION('',(0.,0.,-1.));
#2178 = DIRECTION('',(-1.,0.,0.));
#2179 = DEFINITIONAL_REPRESENTATION('',(#2180),#2184);
#2180 = LINE('',#2181,#2182);
#2181 = CARTESIAN_POINT('',(0.,0.));
#2182 = VECTOR('',#2183,1.);
#2183 = DIRECTION('',(1.,0.));
#2184 = ( GEOMETRIC_REPRESENTATION_CONTEXT(2) 
PARAMETRIC_REPRESENTATION_CONTEXT() REPRESENTATION_CONTEXT('2D SPACE',''
  ) );
#2185 = FACE_BOUND('',#2186,.T.);
#2186 = EDGE_LOOP('',(#2187));
#2187 = ORIENTED_EDGE('',*,*,#2188,.T.);
#2188 = EDGE_CURVE('',#2189,#2189,#2191,.T.);
#2189 = VERTEX_POINT('',#2190);
#2190 = CARTESIAN_POINT('',(3.2765E+03,155.,10.));
#2191 = SURFACE_CURVE('',#2192,(#2197,#2208),.PCURVE_S1.);
#2192 = CIRCLE('',#2193,6.5);
#2193 = AXIS2_PLACEMENT_3D('',#2194,#2195,#2196);
#2194 = CARTESIAN_POINT('',(3.283E+03,155.,10.));
#2195 = DIRECTION('',(0.,0.,-1.));
#2196 = DIRECTION('',(-1.,0.,0.));
#2197 = PCURVE('',#509,#2198);
#2198 = DEFINITIONAL_REPRESENTATION('',(#2199),#2207);
#2199 = ( BOUNDED_CURVE() B_SPLINE_CURVE(2,(#2200,#2201,#2202,#2203,
#2204,#2205,#2206),.UNSPECIFIED.,.T.,.F.) B_SPLINE_CURVE_WITH_KNOTS((1,2
    ,2,2,2,1),(-2.094395102393,0.,2.094395102393,4.188790204786,
6.28318530718,8.377580409573),.UNSPECIFIED.) CURVE() 
GEOMETRIC_REPRESENTATION_ITEM() RATIONAL_B_SPLINE_CURVE((1.,0.5,1.,0.5,
1.,0.5,1.)) REPRESENTATION_ITEM('') );
#2200 = CARTESIAN_POINT('',(3.2765E+03,155.));
#2201 = CARTESIAN_POINT('',(3.2765E+03,166.25833024919));
#2202 = CARTESIAN_POINT('',(3.28625E+03,160.62916512459));
#2203 = CARTESIAN_POINT('',(3.296E+03,155.));
#2204 = CARTESIAN_POINT('',(3.28625E+03,149.3708348754));
#2205 = CARTESIAN_POINT('',(3.2765E+03,143.7416697508));
#2206 = CARTESIAN_POINT('',(3.2765E+03,155.));
#2207 = ( GEOMETRIC_REPRESENTATION_CONTEXT(2) 
PARAMETRIC_REPRESENTATION_CONTEXT() REPRESENTATION_CONTEXT('2D SPACE',''
  ) );
#2208 = PCURVE('',#2209,#2214);
#2209 = CYLINDRICAL_SURFACE('',#2210,6.5);
#2210 = AXIS2_PLACEMENT_3D('',#2211,#2212,#2213);
#2211 = CARTESIAN_POINT('',(3.283E+03,155.,10.));
#2212 = DIRECTION('',(0.,0.,-1.));
#2213 = DIRECTION('',(-1.,0.,0.));
#2214 = DEFINITIONAL_REPRESENTATION('',(#2215),#2219);
#2215 = LINE('',#2216,#2217);
#2216 = CARTESIAN_POINT('',(0.,0.));
#2217 = VECTOR('',#2218,1.);
#2218 = DIRECTION('',(1.,0.));
#2219 = ( GEOMETRIC_REPRESENTATION_CONTEXT(2) 
PARAMETRIC_REPRESENTATION_CONTEXT() REPRESENTATION_CONTEXT('2D SPACE',''
  ) );
#2220 = FACE_BOUND('',#2221,.T.);
#2221 = EDGE_LOOP('',(#2222));
#2222 = ORIENTED_EDGE('',*,*,#2223,.T.);
#2223 = EDGE_CURVE('',#2224,#2224,#2226,.T.);
#2224 = VERTEX_POINT('',#2225);
#2225 = CARTESIAN_POINT('',(3.3765E+03,155.,10.));
#2226 = SURFACE_CURVE('',#2227,(#2232,#2243),.PCURVE_S1.);
#2227 = CIRCLE('',#2228,6.5);
#2228 = AXIS2_PLACEMENT_3D('',#2229,#2230,#2231);
#2229 = CARTESIAN_POINT('',(3.383E+03,155.,10.));
#2230 = DIRECTION('',(0.,0.,-1.));
#2231 = DIRECTION('',(-1.,0.,0.));
#2232 = PCURVE('',#509,#2233);
#2233 = DEFINITIONAL_REPRESENTATION('',(#2234),#2242);
#2234 = ( BOUNDED_CURVE() B_SPLINE_CURVE(2,(#2235,#2236,#2237,#2238,
#2239,#2240,#2241),.UNSPECIFIED.,.T.,.F.) B_SPLINE_CURVE_WITH_KNOTS((1,2
    ,2,2,2,1),(-2.094395102393,0.,2.094395102393,4.188790204786,
6.28318530718,8.377580409573),.UNSPECIFIED.) CURVE() 
GEOMETRIC_REPRESENTATION_ITEM() RATIONAL_B_SPLINE_CURVE((1.,0.5,1.,0.5,
1.,0.5,1.)) REPRESENTATION_ITEM('') );
#2235 = CARTESIAN_POINT('',(3.3765E+03,155.));
#2236 = CARTESIAN_POINT('',(3.3765E+03,166.25833024919));
#2237 = CARTESIAN_POINT('',(3.38625E+03,160.62916512459));
#2238 = CARTESIAN_POINT('',(3.396E+03,155.));
#2239 = CARTESIAN_POINT('',(3.38625E+03,149.3708348754));
#2240 = CARTESIAN_POINT('',(3.3765E+03,143.7416697508));
#2241 = CARTESIAN_POINT('',(3.3765E+03,155.));
#2242 = ( GEOMETRIC_REPRESENTATION_CONTEXT(2) 
PARAMETRIC_REPRESENTATION_CONTEXT() REPRESENTATION_CONTEXT('2D SPACE',''
  ) );
#2243 = PCURVE('',#2244,#2249);
#2244 = CYLINDRICAL_SURFACE('',#2245,6.5);
#2245 = AXIS2_PLACEMENT_3D('',#2246,#2247,#2248);
#2246 = CARTESIAN_POINT('',(3.383E+03,155.,10.));
#2247 = DIRECTION('',(0.,0.,-1.));
#2248 = DIRECTION('',(-1.,0.,0.));
#2249 = DEFINITIONAL_REPRESENTATION('',(#2250),#2254);
#2250 = LINE('',#2251,#2252);
#2251 = CARTESIAN_POINT('',(0.,0.));
#2252 = VECTOR('',#2253,1.);
#2253 = DIRECTION('',(1.,0.));
#2254 = ( GEOMETRIC_REPRESENTATION_CONTEXT(2) 
PARAMETRIC_REPRESENTATION_CONTEXT() REPRESENTATION_CONTEXT('2D SPACE',''
  ) );
#2255 = FACE_BOUND('',#2256,.T.);
#2256 = EDGE_LOOP('',(#2257));
#2257 = ORIENTED_EDGE('',*,*,#2258,.T.);
#2258 = EDGE_CURVE('',#2259,#2259,#2261,.T.);
#2259 = VERTEX_POINT('',#2260);
#2260 = CARTESIAN_POINT('',(3.4765E+03,155.,10.));
#2261 = SURFACE_CURVE('',#2262,(#2267,#2278),.PCURVE_S1.);
#2262 = CIRCLE('',#2263,6.5);
#2263 = AXIS2_PLACEMENT_3D('',#2264,#2265,#2266);
#2264 = CARTESIAN_POINT('',(3.483E+03,155.,10.));
#2265 = DIRECTION('',(0.,0.,-1.));
#2266 = DIRECTION('',(-1.,0.,0.));
#2267 = PCURVE('',#509,#2268);
#2268 = DEFINITIONAL_REPRESENTATION('',(#2269),#2277);
#2269 = ( BOUNDED_CURVE() B_SPLINE_CURVE(2,(#2270,#2271,#2272,#2273,
#2274,#2275,#2276),.UNSPECIFIED.,.T.,.F.) B_SPLINE_CURVE_WITH_KNOTS((1,2
    ,2,2,2,1),(-2.094395102393,0.,2.094395102393,4.188790204786,
6.28318530718,8.377580409573),.UNSPECIFIED.) CURVE() 
GEOMETRIC_REPRESENTATION_ITEM() RATIONAL_B_SPLINE_CURVE((1.,0.5,1.,0.5,
1.,0.5,1.)) REPRESENTATION_ITEM('') );
#2270 = CARTESIAN_POINT('',(3.4765E+03,155.));
#2271 = CARTESIAN_POINT('',(3.4765E+03,166.25833024919));
#2272 = CARTESIAN_POINT('',(3.48625E+03,160.62916512459));
#2273 = CARTESIAN_POINT('',(3.496E+03,155.));
#2274 = CARTESIAN_POINT('',(3.48625E+03,149.3708348754));
#2275 = CARTESIAN_POINT('',(3.4765E+03,143.7416697508));
#2276 = CARTESIAN_POINT('',(3.4765E+03,155.));
#2277 = ( GEOMETRIC_REPRESENTATION_CONTEXT(2) 
PARAMETRIC_REPRESENTATION_CONTEXT() REPRESENTATION_CONTEXT('2D SPACE',''
  ) );
#2278 = PCURVE('',#2279,#2284);
#2279 = CYLINDRICAL_SURFACE('',#2280,6.5);
#2280 = AXIS2_PLACEMENT_3D('',#2281,#2282,#2283);
#2281 = CARTESIAN_POINT('',(3.483E+03,155.,10.));
#2282 = DIRECTION('',(0.,0.,-1.));
#2283 = DIRECTION('',(-1.,0.,0.));
#2284 = DEFINITIONAL_REPRESENTATION('',(#2285),#2289);
#2285 = LINE('',#2286,#2287);
#2286 = CARTESIAN_POINT('',(0.,0.));
#2287 = VECTOR('',#2288,1.);
#2288 = DIRECTION('',(1.,0.));
#2289 = ( GEOMETRIC_REPRESENTATION_CONTEXT(2) 
PARAMETRIC_REPRESENTATION_CONTEXT() REPRESENTATION_CONTEXT('2D SPACE',''
  ) );
#2290 = FACE_BOUND('',#2291,.T.);
#2291 = EDGE_LOOP('',(#2292));
#2292 = ORIENTED_EDGE('',*,*,#2293,.T.);
#2293 = EDGE_CURVE('',#2294,#2294,#2296,.T.);
#2294 = VERTEX_POINT('',#2295);
#2295 = CARTESIAN_POINT('',(3.5765E+03,155.,10.));
#2296 = SURFACE_CURVE('',#2297,(#2302,#2313),.PCURVE_S1.);
#2297 = CIRCLE('',#2298,6.5);
#2298 = AXIS2_PLACEMENT_3D('',#2299,#2300,#2301);
#2299 = CARTESIAN_POINT('',(3.583E+03,155.,10.));
#2300 = DIRECTION('',(0.,0.,-1.));
#2301 = DIRECTION('',(-1.,0.,0.));
#2302 = PCURVE('',#509,#2303);
#2303 = DEFINITIONAL_REPRESENTATION('',(#2304),#2312);
#2304 = ( BOUNDED_CURVE() B_SPLINE_CURVE(2,(#2305,#2306,#2307,#2308,
#2309,#2310,#2311),.UNSPECIFIED.,.T.,.F.) B_SPLINE_CURVE_WITH_KNOTS((1,2
    ,2,2,2,1),(-2.094395102393,0.,2.094395102393,4.188790204786,
6.28318530718,8.377580409573),.UNSPECIFIED.) CURVE() 
GEOMETRIC_REPRESENTATION_ITEM() RATIONAL_B_SPLINE_CURVE((1.,0.5,1.,0.5,
1.,0.5,1.)) REPRESENTATION_ITEM('') );
#2305 = CARTESIAN_POINT('',(3.5765E+03,155.));
#2306 = CARTESIAN_POINT('',(3.5765E+03,166.25833024919));
#2307 = CARTESIAN_POINT('',(3.58625E+03,160.62916512459));
#2308 = CARTESIAN_POINT('',(3.596E+03,155.));
#2309 = CARTESIAN_POINT('',(3.58625E+03,149.3708348754));
#2310 = CARTESIAN_POINT('',(3.5765E+03,143.7416697508));
#2311 = CARTESIAN_POINT('',(3.5765E+03,155.));
#2312 = ( GEOMETRIC_REPRESENTATION_CONTEXT(2) 
PARAMETRIC_REPRESENTATION_CONTEXT() REPRESENTATION_CONTEXT('2D SPACE',''
  ) );
#2313 = PCURVE('',#2314,#2319);
#2314 = CYLINDRICAL_SURFACE('',#2315,6.5);
#2315 = AXIS2_PLACEMENT_3D('',#2316,#2317,#2318);
#2316 = CARTESIAN_POINT('',(3.583E+03,155.,10.));
#2317 = DIRECTION('',(0.,0.,-1.));
#2318 = DIRECTION('',(-1.,0.,0.));
#2319 = DEFINITIONAL_REPRESENTATION('',(#2320),#2324);
#2320 = LINE('',#2321,#2322);
#2321 = CARTESIAN_POINT('',(0.,0.));
#2322 = VECTOR('',#2323,1.);
#2323 = DIRECTION('',(1.,0.));
#2324 = ( GEOMETRIC_REPRESENTATION_CONTEXT(2) 
PARAMETRIC_REPRESENTATION_CONTEXT() REPRESENTATION_CONTEXT('2D SPACE',''
  ) );
#2325 = ADVANCED_FACE('',(#2326),#483,.T.);
#2326 = FACE_BOUND('',#2327,.T.);
#2327 = EDGE_LOOP('',(#2328,#2351,#2352,#2353));
#2328 = ORIENTED_EDGE('',*,*,#2329,.F.);
#2329 = EDGE_CURVE('',#440,#2330,#2332,.T.);
#2330 = VERTEX_POINT('',#2331);
#2331 = CARTESIAN_POINT('',(3.733E+03,200.,0.));
#2332 = SURFACE_CURVE('',#2333,(#2337,#2344),.PCURVE_S1.);
#2333 = LINE('',#2334,#2335);
#2334 = CARTESIAN_POINT('',(0.,200.,0.));
#2335 = VECTOR('',#2336,1.);
#2336 = DIRECTION('',(1.,0.,0.));
#2337 = PCURVE('',#483,#2338);
#2338 = DEFINITIONAL_REPRESENTATION('',(#2339),#2343);
#2339 = LINE('',#2340,#2341);
#2340 = CARTESIAN_POINT('',(0.,0.));
#2341 = VECTOR('',#2342,1.);
#2342 = DIRECTION('',(0.,1.));
#2343 = ( GEOMETRIC_REPRESENTATION_CONTEXT(2) 
PARAMETRIC_REPRESENTATION_CONTEXT() REPRESENTATION_CONTEXT('2D SPACE',''
  ) );
#2344 = PCURVE('',#455,#2345);
#2345 = DEFINITIONAL_REPRESENTATION('',(#2346),#2350);
#2346 = LINE('',#2347,#2348);
#2347 = CARTESIAN_POINT('',(0.,200.));
#2348 = VECTOR('',#2349,1.);
#2349 = DIRECTION('',(1.,0.));
#2350 = ( GEOMETRIC_REPRESENTATION_CONTEXT(2) 
PARAMETRIC_REPRESENTATION_CONTEXT() REPRESENTATION_CONTEXT('2D SPACE',''
  ) );
#2351 = ORIENTED_EDGE('',*,*,#467,.T.);
#2352 = ORIENTED_EDGE('',*,*,#625,.T.);
#2353 = ORIENTED_EDGE('',*,*,#2354,.F.);
#2354 = EDGE_CURVE('',#2330,#603,#2355,.T.);
#2355 = SURFACE_CURVE('',#2356,(#2360,#2367),.PCURVE_S1.);
#2356 = LINE('',#2357,#2358);
#2357 = CARTESIAN_POINT('',(3.733E+03,200.,0.));
#2358 = VECTOR('',#2359,1.);
#2359 = DIRECTION('',(0.,0.,1.));
#2360 = PCURVE('',#483,#2361);
#2361 = DEFINITIONAL_REPRESENTATION('',(#2362),#2366);
#2362 = LINE('',#2363,#2364);
#2363 = CARTESIAN_POINT('',(0.,3.733E+03));
#2364 = VECTOR('',#2365,1.);
#2365 = DIRECTION('',(1.,0.));
#2366 = ( GEOMETRIC_REPRESENTATION_CONTEXT(2) 
PARAMETRIC_REPRESENTATION_CONTEXT() REPRESENTATION_CONTEXT('2D SPACE',''
  ) );
#2367 = PCURVE('',#585,#2368);
#2368 = DEFINITIONAL_REPRESENTATION('',(#2369),#2373);
#2369 = LINE('',#2370,#2371);
#2370 = CARTESIAN_POINT('',(0.,-200.));
#2371 = VECTOR('',#2372,1.);
#2372 = DIRECTION('',(1.,0.));
#2373 = ( GEOMETRIC_REPRESENTATION_CONTEXT(2) 
PARAMETRIC_REPRESENTATION_CONTEXT() REPRESENTATION_CONTEXT('2D SPACE',''
  ) );
#2374 = ADVANCED_FACE('',(#2375,#2401,#2431,#2461,#2491,#2521,#2551,
    #2581,#2611,#2641,#2671,#2701,#2731,#2761,#2791,#2821,#2851,#2881,
    #2911,#2941,#2971,#3001,#3031,#3061,#3091,#3121,#3151,#3181,#3211,
    #3241,#3271,#3301,#3331,#3361,#3391,#3421,#3451,#3481,#3511,#3541,
    #3571,#3601,#3631,#3661,#3691,#3721,#3751,#3781,#3811),#455,.F.);
#2375 = FACE_BOUND('',#2376,.F.);
#2376 = EDGE_LOOP('',(#2377,#2378,#2379,#2400));
#2377 = ORIENTED_EDGE('',*,*,#439,.F.);
#2378 = ORIENTED_EDGE('',*,*,#524,.T.);
#2379 = ORIENTED_EDGE('',*,*,#2380,.T.);
#2380 = EDGE_CURVE('',#525,#2330,#2381,.T.);
#2381 = SURFACE_CURVE('',#2382,(#2386,#2393),.PCURVE_S1.);
#2382 = LINE('',#2383,#2384);
#2383 = CARTESIAN_POINT('',(3.733E+03,0.,0.));
#2384 = VECTOR('',#2385,1.);
#2385 = DIRECTION('',(0.,1.,0.));
#2386 = PCURVE('',#455,#2387);
#2387 = DEFINITIONAL_REPRESENTATION('',(#2388),#2392);
#2388 = LINE('',#2389,#2390);
#2389 = CARTESIAN_POINT('',(3.733E+03,0.));
#2390 = VECTOR('',#2391,1.);
#2391 = DIRECTION('',(0.,1.));
#2392 = ( GEOMETRIC_REPRESENTATION_CONTEXT(2) 
PARAMETRIC_REPRESENTATION_CONTEXT() REPRESENTATION_CONTEXT('2D SPACE',''
  ) );
#2393 = PCURVE('',#585,#2394);
#2394 = DEFINITIONAL_REPRESENTATION('',(#2395),#2399);
#2395 = LINE('',#2396,#2397);
#2396 = CARTESIAN_POINT('',(0.,0.));
#2397 = VECTOR('',#2398,1.);
#2398 = DIRECTION('',(0.,-1.));
#2399 = ( GEOMETRIC_REPRESENTATION_CONTEXT(2) 
PARAMETRIC_REPRESENTATION_CONTEXT() REPRESENTATION_CONTEXT('2D SPACE',''
  ) );
#2400 = ORIENTED_EDGE('',*,*,#2329,.F.);
#2401 = FACE_BOUND('',#2402,.F.);
#2402 = EDGE_LOOP('',(#2403));
#2403 = ORIENTED_EDGE('',*,*,#2404,.T.);
#2404 = EDGE_CURVE('',#2405,#2405,#2407,.T.);
#2405 = VERTEX_POINT('',#2406);
#2406 = CARTESIAN_POINT('',(73.5,45.,0.));
#2407 = SURFACE_CURVE('',#2408,(#2413,#2424),.PCURVE_S1.);
#2408 = CIRCLE('',#2409,6.5);
#2409 = AXIS2_PLACEMENT_3D('',#2410,#2411,#2412);
#2410 = CARTESIAN_POINT('',(80.,45.,0.));
#2411 = DIRECTION('',(0.,0.,-1.));
#2412 = DIRECTION('',(-1.,0.,0.));
#2413 = PCURVE('',#455,#2414);
#2414 = DEFINITIONAL_REPRESENTATION('',(#2415),#2423);
#2415 = ( BOUNDED_CURVE() B_SPLINE_CURVE(2,(#2416,#2417,#2418,#2419,
#2420,#2421,#2422),.UNSPECIFIED.,.T.,.F.) B_SPLINE_CURVE_WITH_KNOTS((1,2
    ,2,2,2,1),(-2.094395102393,0.,2.094395102393,4.188790204786,
6.28318530718,8.377580409573),.UNSPECIFIED.) CURVE() 
GEOMETRIC_REPRESENTATION_ITEM() RATIONAL_B_SPLINE_CURVE((1.,0.5,1.,0.5,
1.,0.5,1.)) REPRESENTATION_ITEM('') );
#2416 = CARTESIAN_POINT('',(73.5,45.));
#2417 = CARTESIAN_POINT('',(73.5,56.258330249198));
#2418 = CARTESIAN_POINT('',(83.25,50.629165124599));
#2419 = CARTESIAN_POINT('',(93.,45.));
#2420 = CARTESIAN_POINT('',(83.25,39.370834875401));
#2421 = CARTESIAN_POINT('',(73.5,33.741669750802));
#2422 = CARTESIAN_POINT('',(73.5,45.));
#2423 = ( GEOMETRIC_REPRESENTATION_CONTEXT(2) 
PARAMETRIC_REPRESENTATION_CONTEXT() REPRESENTATION_CONTEXT('2D SPACE',''
  ) );
#2424 = PCURVE('',#669,#2425);
#2425 = DEFINITIONAL_REPRESENTATION('',(#2426),#2430);
#2426 = LINE('',#2427,#2428);
#2427 = CARTESIAN_POINT('',(0.,10.));
#2428 = VECTOR('',#2429,1.);
#2429 = DIRECTION('',(1.,0.));
#2430 = ( GEOMETRIC_REPRESENTATION_CONTEXT(2) 
PARAMETRIC_REPRESENTATION_CONTEXT() REPRESENTATION_CONTEXT('2D SPACE',''
  ) );
#2431 = FACE_BOUND('',#2432,.F.);
#2432 = EDGE_LOOP('',(#2433));
#2433 = ORIENTED_EDGE('',*,*,#2434,.T.);
#2434 = EDGE_CURVE('',#2435,#2435,#2437,.T.);
#2435 = VERTEX_POINT('',#2436);
#2436 = CARTESIAN_POINT('',(153.5,45.,0.));
#2437 = SURFACE_CURVE('',#2438,(#2443,#2454),.PCURVE_S1.);
#2438 = CIRCLE('',#2439,6.5);
#2439 = AXIS2_PLACEMENT_3D('',#2440,#2441,#2442);
#2440 = CARTESIAN_POINT('',(160.,45.,0.));
#2441 = DIRECTION('',(0.,0.,-1.));
#2442 = DIRECTION('',(-1.,0.,0.));
#2443 = PCURVE('',#455,#2444);
#2444 = DEFINITIONAL_REPRESENTATION('',(#2445),#2453);
#2445 = ( BOUNDED_CURVE() B_SPLINE_CURVE(2,(#2446,#2447,#2448,#2449,
#2450,#2451,#2452),.UNSPECIFIED.,.T.,.F.) B_SPLINE_CURVE_WITH_KNOTS((1,2
    ,2,2,2,1),(-2.094395102393,0.,2.094395102393,4.188790204786,
6.28318530718,8.377580409573),.UNSPECIFIED.) CURVE() 
GEOMETRIC_REPRESENTATION_ITEM() RATIONAL_B_SPLINE_CURVE((1.,0.5,1.,0.5,
1.,0.5,1.)) REPRESENTATION_ITEM('') );
#2446 = CARTESIAN_POINT('',(153.5,45.));
#2447 = CARTESIAN_POINT('',(153.5,56.258330249198));
#2448 = CARTESIAN_POINT('',(163.25,50.629165124599));
#2449 = CARTESIAN_POINT('',(173.,45.));
#2450 = CARTESIAN_POINT('',(163.25,39.370834875401));
#2451 = CARTESIAN_POINT('',(153.5,33.741669750802));
#2452 = CARTESIAN_POINT('',(153.5,45.));
#2453 = ( GEOMETRIC_REPRESENTATION_CONTEXT(2) 
PARAMETRIC_REPRESENTATION_CONTEXT() REPRESENTATION_CONTEXT('2D SPACE',''
  ) );
#2454 = PCURVE('',#704,#2455);
#2455 = DEFINITIONAL_REPRESENTATION('',(#2456),#2460);
#2456 = LINE('',#2457,#2458);
#2457 = CARTESIAN_POINT('',(0.,10.));
#2458 = VECTOR('',#2459,1.);
#2459 = DIRECTION('',(1.,0.));
#2460 = ( GEOMETRIC_REPRESENTATION_CONTEXT(2) 
PARAMETRIC_REPRESENTATION_CONTEXT() REPRESENTATION_CONTEXT('2D SPACE',''
  ) );
#2461 = FACE_BOUND('',#2462,.F.);
#2462 = EDGE_LOOP('',(#2463));
#2463 = ORIENTED_EDGE('',*,*,#2464,.T.);
#2464 = EDGE_CURVE('',#2465,#2465,#2467,.T.);
#2465 = VERTEX_POINT('',#2466);
#2466 = CARTESIAN_POINT('',(233.5,45.,0.));
#2467 = SURFACE_CURVE('',#2468,(#2473,#2484),.PCURVE_S1.);
#2468 = CIRCLE('',#2469,6.5);
#2469 = AXIS2_PLACEMENT_3D('',#2470,#2471,#2472);
#2470 = CARTESIAN_POINT('',(240.,45.,0.));
#2471 = DIRECTION('',(0.,0.,-1.));
#2472 = DIRECTION('',(-1.,0.,0.));
#2473 = PCURVE('',#455,#2474);
#2474 = DEFINITIONAL_REPRESENTATION('',(#2475),#2483);
#2475 = ( BOUNDED_CURVE() B_SPLINE_CURVE(2,(#2476,#2477,#2478,#2479,
#2480,#2481,#2482),.UNSPECIFIED.,.T.,.F.) B_SPLINE_CURVE_WITH_KNOTS((1,2
    ,2,2,2,1),(-2.094395102393,0.,2.094395102393,4.188790204786,
6.28318530718,8.377580409573),.UNSPECIFIED.) CURVE() 
GEOMETRIC_REPRESENTATION_ITEM() RATIONAL_B_SPLINE_CURVE((1.,0.5,1.,0.5,
1.,0.5,1.)) REPRESENTATION_ITEM('') );
#2476 = CARTESIAN_POINT('',(233.5,45.));
#2477 = CARTESIAN_POINT('',(233.5,56.258330249198));
#2478 = CARTESIAN_POINT('',(243.25,50.629165124599));
#2479 = CARTESIAN_POINT('',(253.,45.));
#2480 = CARTESIAN_POINT('',(243.25,39.370834875401));
#2481 = CARTESIAN_POINT('',(233.5,33.741669750802));
#2482 = CARTESIAN_POINT('',(233.5,45.));
#2483 = ( GEOMETRIC_REPRESENTATION_CONTEXT(2) 
PARAMETRIC_REPRESENTATION_CONTEXT() REPRESENTATION_CONTEXT('2D SPACE',''
  ) );
#2484 = PCURVE('',#739,#2485);
#2485 = DEFINITIONAL_REPRESENTATION('',(#2486),#2490);
#2486 = LINE('',#2487,#2488);
#2487 = CARTESIAN_POINT('',(0.,10.));
#2488 = VECTOR('',#2489,1.);
#2489 = DIRECTION('',(1.,0.));
#2490 = ( GEOMETRIC_REPRESENTATION_CONTEXT(2) 
PARAMETRIC_REPRESENTATION_CONTEXT() REPRESENTATION_CONTEXT('2D SPACE',''
  ) );
#2491 = FACE_BOUND('',#2492,.F.);
#2492 = EDGE_LOOP('',(#2493));
#2493 = ORIENTED_EDGE('',*,*,#2494,.T.);
#2494 = EDGE_CURVE('',#2495,#2495,#2497,.T.);
#2495 = VERTEX_POINT('',#2496);
#2496 = CARTESIAN_POINT('',(313.5,45.,0.));
#2497 = SURFACE_CURVE('',#2498,(#2503,#2514),.PCURVE_S1.);
#2498 = CIRCLE('',#2499,6.5);
#2499 = AXIS2_PLACEMENT_3D('',#2500,#2501,#2502);
#2500 = CARTESIAN_POINT('',(320.,45.,0.));
#2501 = DIRECTION('',(0.,0.,-1.));
#2502 = DIRECTION('',(-1.,0.,0.));
#2503 = PCURVE('',#455,#2504);
#2504 = DEFINITIONAL_REPRESENTATION('',(#2505),#2513);
#2505 = ( BOUNDED_CURVE() B_SPLINE_CURVE(2,(#2506,#2507,#2508,#2509,
#2510,#2511,#2512),.UNSPECIFIED.,.T.,.F.) B_SPLINE_CURVE_WITH_KNOTS((1,2
    ,2,2,2,1),(-2.094395102393,0.,2.094395102393,4.188790204786,
6.28318530718,8.377580409573),.UNSPECIFIED.) CURVE() 
GEOMETRIC_REPRESENTATION_ITEM() RATIONAL_B_SPLINE_CURVE((1.,0.5,1.,0.5,
1.,0.5,1.)) REPRESENTATION_ITEM('') );
#2506 = CARTESIAN_POINT('',(313.5,45.));
#2507 = CARTESIAN_POINT('',(313.5,56.258330249198));
#2508 = CARTESIAN_POINT('',(323.25,50.629165124599));
#2509 = CARTESIAN_POINT('',(333.,45.));
#2510 = CARTESIAN_POINT('',(323.25,39.370834875401));
#2511 = CARTESIAN_POINT('',(313.5,33.741669750802));
#2512 = CARTESIAN_POINT('',(313.5,45.));
#2513 = ( GEOMETRIC_REPRESENTATION_CONTEXT(2) 
PARAMETRIC_REPRESENTATION_CONTEXT() REPRESENTATION_CONTEXT('2D SPACE',''
  ) );
#2514 = PCURVE('',#774,#2515);
#2515 = DEFINITIONAL_REPRESENTATION('',(#2516),#2520);
#2516 = LINE('',#2517,#2518);
#2517 = CARTESIAN_POINT('',(0.,10.));
#2518 = VECTOR('',#2519,1.);
#2519 = DIRECTION('',(1.,0.));
#2520 = ( GEOMETRIC_REPRESENTATION_CONTEXT(2) 
PARAMETRIC_REPRESENTATION_CONTEXT() REPRESENTATION_CONTEXT('2D SPACE',''
  ) );
#2521 = FACE_BOUND('',#2522,.F.);
#2522 = EDGE_LOOP('',(#2523));
#2523 = ORIENTED_EDGE('',*,*,#2524,.T.);
#2524 = EDGE_CURVE('',#2525,#2525,#2527,.T.);
#2525 = VERTEX_POINT('',#2526);
#2526 = CARTESIAN_POINT('',(393.5,45.,0.));
#2527 = SURFACE_CURVE('',#2528,(#2533,#2544),.PCURVE_S1.);
#2528 = CIRCLE('',#2529,6.5);
#2529 = AXIS2_PLACEMENT_3D('',#2530,#2531,#2532);
#2530 = CARTESIAN_POINT('',(400.,45.,0.));
#2531 = DIRECTION('',(0.,0.,-1.));
#2532 = DIRECTION('',(-1.,0.,0.));
#2533 = PCURVE('',#455,#2534);
#2534 = DEFINITIONAL_REPRESENTATION('',(#2535),#2543);
#2535 = ( BOUNDED_CURVE() B_SPLINE_CURVE(2,(#2536,#2537,#2538,#2539,
#2540,#2541,#2542),.UNSPECIFIED.,.T.,.F.) B_SPLINE_CURVE_WITH_KNOTS((1,2
    ,2,2,2,1),(-2.094395102393,0.,2.094395102393,4.188790204786,
6.28318530718,8.377580409573),.UNSPECIFIED.) CURVE() 
GEOMETRIC_REPRESENTATION_ITEM() RATIONAL_B_SPLINE_CURVE((1.,0.5,1.,0.5,
1.,0.5,1.)) REPRESENTATION_ITEM('') );
#2536 = CARTESIAN_POINT('',(393.5,45.));
#2537 = CARTESIAN_POINT('',(393.5,56.258330249198));
#2538 = CARTESIAN_POINT('',(403.25,50.629165124599));
#2539 = CARTESIAN_POINT('',(413.,45.));
#2540 = CARTESIAN_POINT('',(403.25,39.370834875401));
#2541 = CARTESIAN_POINT('',(393.5,33.741669750802));
#2542 = CARTESIAN_POINT('',(393.5,45.));
#2543 = ( GEOMETRIC_REPRESENTATION_CONTEXT(2) 
PARAMETRIC_REPRESENTATION_CONTEXT() REPRESENTATION_CONTEXT('2D SPACE',''
  ) );
#2544 = PCURVE('',#809,#2545);
#2545 = DEFINITIONAL_REPRESENTATION('',(#2546),#2550);
#2546 = LINE('',#2547,#2548);
#2547 = CARTESIAN_POINT('',(0.,10.));
#2548 = VECTOR('',#2549,1.);
#2549 = DIRECTION('',(1.,0.));
#2550 = ( GEOMETRIC_REPRESENTATION_CONTEXT(2) 
PARAMETRIC_REPRESENTATION_CONTEXT() REPRESENTATION_CONTEXT('2D SPACE',''
  ) );
#2551 = FACE_BOUND('',#2552,.F.);
#2552 = EDGE_LOOP('',(#2553));
#2553 = ORIENTED_EDGE('',*,*,#2554,.T.);
#2554 = EDGE_CURVE('',#2555,#2555,#2557,.T.);
#2555 = VERTEX_POINT('',#2556);
#2556 = CARTESIAN_POINT('',(473.5,45.,0.));
#2557 = SURFACE_CURVE('',#2558,(#2563,#2574),.PCURVE_S1.);
#2558 = CIRCLE('',#2559,6.5);
#2559 = AXIS2_PLACEMENT_3D('',#2560,#2561,#2562);
#2560 = CARTESIAN_POINT('',(480.,45.,0.));
#2561 = DIRECTION('',(0.,0.,-1.));
#2562 = DIRECTION('',(-1.,0.,0.));
#2563 = PCURVE('',#455,#2564);
#2564 = DEFINITIONAL_REPRESENTATION('',(#2565),#2573);
#2565 = ( BOUNDED_CURVE() B_SPLINE_CURVE(2,(#2566,#2567,#2568,#2569,
#2570,#2571,#2572),.UNSPECIFIED.,.T.,.F.) B_SPLINE_CURVE_WITH_KNOTS((1,2
    ,2,2,2,1),(-2.094395102393,0.,2.094395102393,4.188790204786,
6.28318530718,8.377580409573),.UNSPECIFIED.) CURVE() 
GEOMETRIC_REPRESENTATION_ITEM() RATIONAL_B_SPLINE_CURVE((1.,0.5,1.,0.5,
1.,0.5,1.)) REPRESENTATION_ITEM('') );
#2566 = CARTESIAN_POINT('',(473.5,45.));
#2567 = CARTESIAN_POINT('',(473.5,56.258330249198));
#2568 = CARTESIAN_POINT('',(483.25,50.629165124599));
#2569 = CARTESIAN_POINT('',(493.,45.));
#2570 = CARTESIAN_POINT('',(483.25,39.370834875401));
#2571 = CARTESIAN_POINT('',(473.5,33.741669750802));
#2572 = CARTESIAN_POINT('',(473.5,45.));
#2573 = ( GEOMETRIC_REPRESENTATION_CONTEXT(2) 
PARAMETRIC_REPRESENTATION_CONTEXT() REPRESENTATION_CONTEXT('2D SPACE',''
  ) );
#2574 = PCURVE('',#844,#2575);
#2575 = DEFINITIONAL_REPRESENTATION('',(#2576),#2580);
#2576 = LINE('',#2577,#2578);
#2577 = CARTESIAN_POINT('',(0.,10.));
#2578 = VECTOR('',#2579,1.);
#2579 = DIRECTION('',(1.,0.));
#2580 = ( GEOMETRIC_REPRESENTATION_CONTEXT(2) 
PARAMETRIC_REPRESENTATION_CONTEXT() REPRESENTATION_CONTEXT('2D SPACE',''
  ) );
#2581 = FACE_BOUND('',#2582,.F.);
#2582 = EDGE_LOOP('',(#2583));
#2583 = ORIENTED_EDGE('',*,*,#2584,.T.);
#2584 = EDGE_CURVE('',#2585,#2585,#2587,.T.);
#2585 = VERTEX_POINT('',#2586);
#2586 = CARTESIAN_POINT('',(588.5,45.,0.));
#2587 = SURFACE_CURVE('',#2588,(#2593,#2604),.PCURVE_S1.);
#2588 = CIRCLE('',#2589,6.5);
#2589 = AXIS2_PLACEMENT_3D('',#2590,#2591,#2592);
#2590 = CARTESIAN_POINT('',(595.,45.,0.));
#2591 = DIRECTION('',(0.,0.,-1.));
#2592 = DIRECTION('',(-1.,0.,0.));
#2593 = PCURVE('',#455,#2594);
#2594 = DEFINITIONAL_REPRESENTATION('',(#2595),#2603);
#2595 = ( BOUNDED_CURVE() B_SPLINE_CURVE(2,(#2596,#2597,#2598,#2599,
#2600,#2601,#2602),.UNSPECIFIED.,.T.,.F.) B_SPLINE_CURVE_WITH_KNOTS((1,2
    ,2,2,2,1),(-2.094395102393,0.,2.094395102393,4.188790204786,
6.28318530718,8.377580409573),.UNSPECIFIED.) CURVE() 
GEOMETRIC_REPRESENTATION_ITEM() RATIONAL_B_SPLINE_CURVE((1.,0.5,1.,0.5,
1.,0.5,1.)) REPRESENTATION_ITEM('') );
#2596 = CARTESIAN_POINT('',(588.5,45.));
#2597 = CARTESIAN_POINT('',(588.5,56.258330249198));
#2598 = CARTESIAN_POINT('',(598.25,50.629165124599));
#2599 = CARTESIAN_POINT('',(608.,45.));
#2600 = CARTESIAN_POINT('',(598.25,39.370834875401));
#2601 = CARTESIAN_POINT('',(588.5,33.741669750802));
#2602 = CARTESIAN_POINT('',(588.5,45.));
#2603 = ( GEOMETRIC_REPRESENTATION_CONTEXT(2) 
PARAMETRIC_REPRESENTATION_CONTEXT() REPRESENTATION_CONTEXT('2D SPACE',''
  ) );
#2604 = PCURVE('',#879,#2605);
#2605 = DEFINITIONAL_REPRESENTATION('',(#2606),#2610);
#2606 = LINE('',#2607,#2608);
#2607 = CARTESIAN_POINT('',(0.,10.));
#2608 = VECTOR('',#2609,1.);
#2609 = DIRECTION('',(1.,0.));
#2610 = ( GEOMETRIC_REPRESENTATION_CONTEXT(2) 
PARAMETRIC_REPRESENTATION_CONTEXT() REPRESENTATION_CONTEXT('2D SPACE',''
  ) );
#2611 = FACE_BOUND('',#2612,.F.);
#2612 = EDGE_LOOP('',(#2613));
#2613 = ORIENTED_EDGE('',*,*,#2614,.T.);
#2614 = EDGE_CURVE('',#2615,#2615,#2617,.T.);
#2615 = VERTEX_POINT('',#2616);
#2616 = CARTESIAN_POINT('',(738.5,45.,0.));
#2617 = SURFACE_CURVE('',#2618,(#2623,#2634),.PCURVE_S1.);
#2618 = CIRCLE('',#2619,6.5);
#2619 = AXIS2_PLACEMENT_3D('',#2620,#2621,#2622);
#2620 = CARTESIAN_POINT('',(745.,45.,0.));
#2621 = DIRECTION('',(0.,0.,-1.));
#2622 = DIRECTION('',(-1.,0.,0.));
#2623 = PCURVE('',#455,#2624);
#2624 = DEFINITIONAL_REPRESENTATION('',(#2625),#2633);
#2625 = ( BOUNDED_CURVE() B_SPLINE_CURVE(2,(#2626,#2627,#2628,#2629,
#2630,#2631,#2632),.UNSPECIFIED.,.T.,.F.) B_SPLINE_CURVE_WITH_KNOTS((1,2
    ,2,2,2,1),(-2.094395102393,0.,2.094395102393,4.188790204786,
6.28318530718,8.377580409573),.UNSPECIFIED.) CURVE() 
GEOMETRIC_REPRESENTATION_ITEM() RATIONAL_B_SPLINE_CURVE((1.,0.5,1.,0.5,
1.,0.5,1.)) REPRESENTATION_ITEM('') );
#2626 = CARTESIAN_POINT('',(738.5,45.));
#2627 = CARTESIAN_POINT('',(738.5,56.258330249198));
#2628 = CARTESIAN_POINT('',(748.25,50.629165124599));
#2629 = CARTESIAN_POINT('',(758.,45.));
#2630 = CARTESIAN_POINT('',(748.25,39.370834875401));
#2631 = CARTESIAN_POINT('',(738.5,33.741669750802));
#2632 = CARTESIAN_POINT('',(738.5,45.));
#2633 = ( GEOMETRIC_REPRESENTATION_CONTEXT(2) 
PARAMETRIC_REPRESENTATION_CONTEXT() REPRESENTATION_CONTEXT('2D SPACE',''
  ) );
#2634 = PCURVE('',#914,#2635);
#2635 = DEFINITIONAL_REPRESENTATION('',(#2636),#2640);
#2636 = LINE('',#2637,#2638);
#2637 = CARTESIAN_POINT('',(0.,10.));
#2638 = VECTOR('',#2639,1.);
#2639 = DIRECTION('',(1.,0.));
#2640 = ( GEOMETRIC_REPRESENTATION_CONTEXT(2) 
PARAMETRIC_REPRESENTATION_CONTEXT() REPRESENTATION_CONTEXT('2D SPACE',''
  ) );
#2641 = FACE_BOUND('',#2642,.F.);
#2642 = EDGE_LOOP('',(#2643));
#2643 = ORIENTED_EDGE('',*,*,#2644,.T.);
#2644 = EDGE_CURVE('',#2645,#2645,#2647,.T.);
#2645 = VERTEX_POINT('',#2646);
#2646 = CARTESIAN_POINT('',(888.5,45.,0.));
#2647 = SURFACE_CURVE('',#2648,(#2653,#2664),.PCURVE_S1.);
#2648 = CIRCLE('',#2649,6.5);
#2649 = AXIS2_PLACEMENT_3D('',#2650,#2651,#2652);
#2650 = CARTESIAN_POINT('',(895.,45.,0.));
#2651 = DIRECTION('',(0.,0.,-1.));
#2652 = DIRECTION('',(-1.,0.,0.));
#2653 = PCURVE('',#455,#2654);
#2654 = DEFINITIONAL_REPRESENTATION('',(#2655),#2663);
#2655 = ( BOUNDED_CURVE() B_SPLINE_CURVE(2,(#2656,#2657,#2658,#2659,
#2660,#2661,#2662),.UNSPECIFIED.,.T.,.F.) B_SPLINE_CURVE_WITH_KNOTS((1,2
    ,2,2,2,1),(-2.094395102393,0.,2.094395102393,4.188790204786,
6.28318530718,8.377580409573),.UNSPECIFIED.) CURVE() 
GEOMETRIC_REPRESENTATION_ITEM() RATIONAL_B_SPLINE_CURVE((1.,0.5,1.,0.5,
1.,0.5,1.)) REPRESENTATION_ITEM('') );
#2656 = CARTESIAN_POINT('',(888.5,45.));
#2657 = CARTESIAN_POINT('',(888.5,56.258330249198));
#2658 = CARTESIAN_POINT('',(898.25,50.629165124599));
#2659 = CARTESIAN_POINT('',(908.,45.));
#2660 = CARTESIAN_POINT('',(898.25,39.370834875401));
#2661 = CARTESIAN_POINT('',(888.5,33.741669750802));
#2662 = CARTESIAN_POINT('',(888.5,45.));
#2663 = ( GEOMETRIC_REPRESENTATION_CONTEXT(2) 
PARAMETRIC_REPRESENTATION_CONTEXT() REPRESENTATION_CONTEXT('2D SPACE',''
  ) );
#2664 = PCURVE('',#949,#2665);
#2665 = DEFINITIONAL_REPRESENTATION('',(#2666),#2670);
#2666 = LINE('',#2667,#2668);
#2667 = CARTESIAN_POINT('',(0.,10.));
#2668 = VECTOR('',#2669,1.);
#2669 = DIRECTION('',(1.,0.));
#2670 = ( GEOMETRIC_REPRESENTATION_CONTEXT(2) 
PARAMETRIC_REPRESENTATION_CONTEXT() REPRESENTATION_CONTEXT('2D SPACE',''
  ) );
#2671 = FACE_BOUND('',#2672,.F.);
#2672 = EDGE_LOOP('',(#2673));
#2673 = ORIENTED_EDGE('',*,*,#2674,.T.);
#2674 = EDGE_CURVE('',#2675,#2675,#2677,.T.);
#2675 = VERTEX_POINT('',#2676);
#2676 = CARTESIAN_POINT('',(1.0385E+03,45.,0.));
#2677 = SURFACE_CURVE('',#2678,(#2683,#2694),.PCURVE_S1.);
#2678 = CIRCLE('',#2679,6.5);
#2679 = AXIS2_PLACEMENT_3D('',#2680,#2681,#2682);
#2680 = CARTESIAN_POINT('',(1.045E+03,45.,0.));
#2681 = DIRECTION('',(0.,0.,-1.));
#2682 = DIRECTION('',(-1.,0.,0.));
#2683 = PCURVE('',#455,#2684);
#2684 = DEFINITIONAL_REPRESENTATION('',(#2685),#2693);
#2685 = ( BOUNDED_CURVE() B_SPLINE_CURVE(2,(#2686,#2687,#2688,#2689,
#2690,#2691,#2692),.UNSPECIFIED.,.T.,.F.) B_SPLINE_CURVE_WITH_KNOTS((1,2
    ,2,2,2,1),(-2.094395102393,0.,2.094395102393,4.188790204786,
6.28318530718,8.377580409573),.UNSPECIFIED.) CURVE() 
GEOMETRIC_REPRESENTATION_ITEM() RATIONAL_B_SPLINE_CURVE((1.,0.5,1.,0.5,
1.,0.5,1.)) REPRESENTATION_ITEM('') );
#2686 = CARTESIAN_POINT('',(1.0385E+03,45.));
#2687 = CARTESIAN_POINT('',(1.0385E+03,56.258330249198));
#2688 = CARTESIAN_POINT('',(1.04825E+03,50.629165124599));
#2689 = CARTESIAN_POINT('',(1.058E+03,45.));
#2690 = CARTESIAN_POINT('',(1.04825E+03,39.370834875401));
#2691 = CARTESIAN_POINT('',(1.0385E+03,33.741669750802));
#2692 = CARTESIAN_POINT('',(1.0385E+03,45.));
#2693 = ( GEOMETRIC_REPRESENTATION_CONTEXT(2) 
PARAMETRIC_REPRESENTATION_CONTEXT() REPRESENTATION_CONTEXT('2D SPACE',''
  ) );
#2694 = PCURVE('',#984,#2695);
#2695 = DEFINITIONAL_REPRESENTATION('',(#2696),#2700);
#2696 = LINE('',#2697,#2698);
#2697 = CARTESIAN_POINT('',(0.,10.));
#2698 = VECTOR('',#2699,1.);
#2699 = DIRECTION('',(1.,0.));
#2700 = ( GEOMETRIC_REPRESENTATION_CONTEXT(2) 
PARAMETRIC_REPRESENTATION_CONTEXT() REPRESENTATION_CONTEXT('2D SPACE',''
  ) );
#2701 = FACE_BOUND('',#2702,.F.);
#2702 = EDGE_LOOP('',(#2703));
#2703 = ORIENTED_EDGE('',*,*,#2704,.T.);
#2704 = EDGE_CURVE('',#2705,#2705,#2707,.T.);
#2705 = VERTEX_POINT('',#2706);
#2706 = CARTESIAN_POINT('',(1.3135E+03,45.,0.));
#2707 = SURFACE_CURVE('',#2708,(#2713,#2724),.PCURVE_S1.);
#2708 = CIRCLE('',#2709,6.5);
#2709 = AXIS2_PLACEMENT_3D('',#2710,#2711,#2712);
#2710 = CARTESIAN_POINT('',(1.32E+03,45.,0.));
#2711 = DIRECTION('',(0.,0.,-1.));
#2712 = DIRECTION('',(-1.,0.,0.));
#2713 = PCURVE('',#455,#2714);
#2714 = DEFINITIONAL_REPRESENTATION('',(#2715),#2723);
#2715 = ( BOUNDED_CURVE() B_SPLINE_CURVE(2,(#2716,#2717,#2718,#2719,
#2720,#2721,#2722),.UNSPECIFIED.,.T.,.F.) B_SPLINE_CURVE_WITH_KNOTS((1,2
    ,2,2,2,1),(-2.094395102393,0.,2.094395102393,4.188790204786,
6.28318530718,8.377580409573),.UNSPECIFIED.) CURVE() 
GEOMETRIC_REPRESENTATION_ITEM() RATIONAL_B_SPLINE_CURVE((1.,0.5,1.,0.5,
1.,0.5,1.)) REPRESENTATION_ITEM('') );
#2716 = CARTESIAN_POINT('',(1.3135E+03,45.));
#2717 = CARTESIAN_POINT('',(1.3135E+03,56.258330249198));
#2718 = CARTESIAN_POINT('',(1.32325E+03,50.629165124599));
#2719 = CARTESIAN_POINT('',(1.333E+03,45.));
#2720 = CARTESIAN_POINT('',(1.32325E+03,39.370834875401));
#2721 = CARTESIAN_POINT('',(1.3135E+03,33.741669750802));
#2722 = CARTESIAN_POINT('',(1.3135E+03,45.));
#2723 = ( GEOMETRIC_REPRESENTATION_CONTEXT(2) 
PARAMETRIC_REPRESENTATION_CONTEXT() REPRESENTATION_CONTEXT('2D SPACE',''
  ) );
#2724 = PCURVE('',#1019,#2725);
#2725 = DEFINITIONAL_REPRESENTATION('',(#2726),#2730);
#2726 = LINE('',#2727,#2728);
#2727 = CARTESIAN_POINT('',(0.,10.));
#2728 = VECTOR('',#2729,1.);
#2729 = DIRECTION('',(1.,0.));
#2730 = ( GEOMETRIC_REPRESENTATION_CONTEXT(2) 
PARAMETRIC_REPRESENTATION_CONTEXT() REPRESENTATION_CONTEXT('2D SPACE',''
  ) );
#2731 = FACE_BOUND('',#2732,.F.);
#2732 = EDGE_LOOP('',(#2733));
#2733 = ORIENTED_EDGE('',*,*,#2734,.T.);
#2734 = EDGE_CURVE('',#2735,#2735,#2737,.T.);
#2735 = VERTEX_POINT('',#2736);
#2736 = CARTESIAN_POINT('',(1.7135E+03,45.,0.));
#2737 = SURFACE_CURVE('',#2738,(#2743,#2754),.PCURVE_S1.);
#2738 = CIRCLE('',#2739,6.5);
#2739 = AXIS2_PLACEMENT_3D('',#2740,#2741,#2742);
#2740 = CARTESIAN_POINT('',(1.72E+03,45.,0.));
#2741 = DIRECTION('',(0.,0.,-1.));
#2742 = DIRECTION('',(-1.,0.,0.));
#2743 = PCURVE('',#455,#2744);
#2744 = DEFINITIONAL_REPRESENTATION('',(#2745),#2753);
#2745 = ( BOUNDED_CURVE() B_SPLINE_CURVE(2,(#2746,#2747,#2748,#2749,
#2750,#2751,#2752),.UNSPECIFIED.,.T.,.F.) B_SPLINE_CURVE_WITH_KNOTS((1,2
    ,2,2,2,1),(-2.094395102393,0.,2.094395102393,4.188790204786,
6.28318530718,8.377580409573),.UNSPECIFIED.) CURVE() 
GEOMETRIC_REPRESENTATION_ITEM() RATIONAL_B_SPLINE_CURVE((1.,0.5,1.,0.5,
1.,0.5,1.)) REPRESENTATION_ITEM('') );
#2746 = CARTESIAN_POINT('',(1.7135E+03,45.));
#2747 = CARTESIAN_POINT('',(1.7135E+03,56.258330249198));
#2748 = CARTESIAN_POINT('',(1.72325E+03,50.629165124599));
#2749 = CARTESIAN_POINT('',(1.733E+03,45.));
#2750 = CARTESIAN_POINT('',(1.72325E+03,39.370834875401));
#2751 = CARTESIAN_POINT('',(1.7135E+03,33.741669750802));
#2752 = CARTESIAN_POINT('',(1.7135E+03,45.));
#2753 = ( GEOMETRIC_REPRESENTATION_CONTEXT(2) 
PARAMETRIC_REPRESENTATION_CONTEXT() REPRESENTATION_CONTEXT('2D SPACE',''
  ) );
#2754 = PCURVE('',#1054,#2755);
#2755 = DEFINITIONAL_REPRESENTATION('',(#2756),#2760);
#2756 = LINE('',#2757,#2758);
#2757 = CARTESIAN_POINT('',(0.,10.));
#2758 = VECTOR('',#2759,1.);
#2759 = DIRECTION('',(1.,0.));
#2760 = ( GEOMETRIC_REPRESENTATION_CONTEXT(2) 
PARAMETRIC_REPRESENTATION_CONTEXT() REPRESENTATION_CONTEXT('2D SPACE',''
  ) );
#2761 = FACE_BOUND('',#2762,.F.);
#2762 = EDGE_LOOP('',(#2763));
#2763 = ORIENTED_EDGE('',*,*,#2764,.T.);
#2764 = EDGE_CURVE('',#2765,#2765,#2767,.T.);
#2765 = VERTEX_POINT('',#2766);
#2766 = CARTESIAN_POINT('',(1.9265E+03,45.,0.));
#2767 = SURFACE_CURVE('',#2768,(#2773,#2784),.PCURVE_S1.);
#2768 = CIRCLE('',#2769,6.5);
#2769 = AXIS2_PLACEMENT_3D('',#2770,#2771,#2772);
#2770 = CARTESIAN_POINT('',(1.933E+03,45.,0.));
#2771 = DIRECTION('',(0.,0.,-1.));
#2772 = DIRECTION('',(-1.,0.,0.));
#2773 = PCURVE('',#455,#2774);
#2774 = DEFINITIONAL_REPRESENTATION('',(#2775),#2783);
#2775 = ( BOUNDED_CURVE() B_SPLINE_CURVE(2,(#2776,#2777,#2778,#2779,
#2780,#2781,#2782),.UNSPECIFIED.,.T.,.F.) B_SPLINE_CURVE_WITH_KNOTS((1,2
    ,2,2,2,1),(-2.094395102393,0.,2.094395102393,4.188790204786,
6.28318530718,8.377580409573),.UNSPECIFIED.) CURVE() 
GEOMETRIC_REPRESENTATION_ITEM() RATIONAL_B_SPLINE_CURVE((1.,0.5,1.,0.5,
1.,0.5,1.)) REPRESENTATION_ITEM('') );
#2776 = CARTESIAN_POINT('',(1.9265E+03,45.));
#2777 = CARTESIAN_POINT('',(1.9265E+03,56.258330249198));
#2778 = CARTESIAN_POINT('',(1.93625E+03,50.629165124599));
#2779 = CARTESIAN_POINT('',(1.946E+03,45.));
#2780 = CARTESIAN_POINT('',(1.93625E+03,39.370834875401));
#2781 = CARTESIAN_POINT('',(1.9265E+03,33.741669750802));
#2782 = CARTESIAN_POINT('',(1.9265E+03,45.));
#2783 = ( GEOMETRIC_REPRESENTATION_CONTEXT(2) 
PARAMETRIC_REPRESENTATION_CONTEXT() REPRESENTATION_CONTEXT('2D SPACE',''
  ) );
#2784 = PCURVE('',#1089,#2785);
#2785 = DEFINITIONAL_REPRESENTATION('',(#2786),#2790);
#2786 = LINE('',#2787,#2788);
#2787 = CARTESIAN_POINT('',(0.,10.));
#2788 = VECTOR('',#2789,1.);
#2789 = DIRECTION('',(1.,0.));
#2790 = ( GEOMETRIC_REPRESENTATION_CONTEXT(2) 
PARAMETRIC_REPRESENTATION_CONTEXT() REPRESENTATION_CONTEXT('2D SPACE',''
  ) );
#2791 = FACE_BOUND('',#2792,.F.);
#2792 = EDGE_LOOP('',(#2793));
#2793 = ORIENTED_EDGE('',*,*,#2794,.T.);
#2794 = EDGE_CURVE('',#2795,#2795,#2797,.T.);
#2795 = VERTEX_POINT('',#2796);
#2796 = CARTESIAN_POINT('',(2.3265E+03,45.,0.));
#2797 = SURFACE_CURVE('',#2798,(#2803,#2814),.PCURVE_S1.);
#2798 = CIRCLE('',#2799,6.5);
#2799 = AXIS2_PLACEMENT_3D('',#2800,#2801,#2802);
#2800 = CARTESIAN_POINT('',(2.333E+03,45.,0.));
#2801 = DIRECTION('',(0.,0.,-1.));
#2802 = DIRECTION('',(-1.,0.,0.));
#2803 = PCURVE('',#455,#2804);
#2804 = DEFINITIONAL_REPRESENTATION('',(#2805),#2813);
#2805 = ( BOUNDED_CURVE() B_SPLINE_CURVE(2,(#2806,#2807,#2808,#2809,
#2810,#2811,#2812),.UNSPECIFIED.,.T.,.F.) B_SPLINE_CURVE_WITH_KNOTS((1,2
    ,2,2,2,1),(-2.094395102393,0.,2.094395102393,4.188790204786,
6.28318530718,8.377580409573),.UNSPECIFIED.) CURVE() 
GEOMETRIC_REPRESENTATION_ITEM() RATIONAL_B_SPLINE_CURVE((1.,0.5,1.,0.5,
1.,0.5,1.)) REPRESENTATION_ITEM('') );
#2806 = CARTESIAN_POINT('',(2.3265E+03,45.));
#2807 = CARTESIAN_POINT('',(2.3265E+03,56.258330249198));
#2808 = CARTESIAN_POINT('',(2.33625E+03,50.629165124599));
#2809 = CARTESIAN_POINT('',(2.346E+03,45.));
#2810 = CARTESIAN_POINT('',(2.33625E+03,39.370834875401));
#2811 = CARTESIAN_POINT('',(2.3265E+03,33.741669750802));
#2812 = CARTESIAN_POINT('',(2.3265E+03,45.));
#2813 = ( GEOMETRIC_REPRESENTATION_CONTEXT(2) 
PARAMETRIC_REPRESENTATION_CONTEXT() REPRESENTATION_CONTEXT('2D SPACE',''
  ) );
#2814 = PCURVE('',#1124,#2815);
#2815 = DEFINITIONAL_REPRESENTATION('',(#2816),#2820);
#2816 = LINE('',#2817,#2818);
#2817 = CARTESIAN_POINT('',(0.,10.));
#2818 = VECTOR('',#2819,1.);
#2819 = DIRECTION('',(1.,0.));
#2820 = ( GEOMETRIC_REPRESENTATION_CONTEXT(2) 
PARAMETRIC_REPRESENTATION_CONTEXT() REPRESENTATION_CONTEXT('2D SPACE',''
  ) );
#2821 = FACE_BOUND('',#2822,.F.);
#2822 = EDGE_LOOP('',(#2823));
#2823 = ORIENTED_EDGE('',*,*,#2824,.T.);
#2824 = EDGE_CURVE('',#2825,#2825,#2827,.T.);
#2825 = VERTEX_POINT('',#2826);
#2826 = CARTESIAN_POINT('',(2.7265E+03,45.,0.));
#2827 = SURFACE_CURVE('',#2828,(#2833,#2844),.PCURVE_S1.);
#2828 = CIRCLE('',#2829,6.5);
#2829 = AXIS2_PLACEMENT_3D('',#2830,#2831,#2832);
#2830 = CARTESIAN_POINT('',(2.733E+03,45.,0.));
#2831 = DIRECTION('',(0.,0.,-1.));
#2832 = DIRECTION('',(-1.,0.,0.));
#2833 = PCURVE('',#455,#2834);
#2834 = DEFINITIONAL_REPRESENTATION('',(#2835),#2843);
#2835 = ( BOUNDED_CURVE() B_SPLINE_CURVE(2,(#2836,#2837,#2838,#2839,
#2840,#2841,#2842),.UNSPECIFIED.,.T.,.F.) B_SPLINE_CURVE_WITH_KNOTS((1,2
    ,2,2,2,1),(-2.094395102393,0.,2.094395102393,4.188790204786,
6.28318530718,8.377580409573),.UNSPECIFIED.) CURVE() 
GEOMETRIC_REPRESENTATION_ITEM() RATIONAL_B_SPLINE_CURVE((1.,0.5,1.,0.5,
1.,0.5,1.)) REPRESENTATION_ITEM('') );
#2836 = CARTESIAN_POINT('',(2.7265E+03,45.));
#2837 = CARTESIAN_POINT('',(2.7265E+03,56.258330249198));
#2838 = CARTESIAN_POINT('',(2.73625E+03,50.629165124599));
#2839 = CARTESIAN_POINT('',(2.746E+03,45.));
#2840 = CARTESIAN_POINT('',(2.73625E+03,39.370834875401));
#2841 = CARTESIAN_POINT('',(2.7265E+03,33.741669750802));
#2842 = CARTESIAN_POINT('',(2.7265E+03,45.));
#2843 = ( GEOMETRIC_REPRESENTATION_CONTEXT(2) 
PARAMETRIC_REPRESENTATION_CONTEXT() REPRESENTATION_CONTEXT('2D SPACE',''
  ) );
#2844 = PCURVE('',#1159,#2845);
#2845 = DEFINITIONAL_REPRESENTATION('',(#2846),#2850);
#2846 = LINE('',#2847,#2848);
#2847 = CARTESIAN_POINT('',(0.,10.));
#2848 = VECTOR('',#2849,1.);
#2849 = DIRECTION('',(1.,0.));
#2850 = ( GEOMETRIC_REPRESENTATION_CONTEXT(2) 
PARAMETRIC_REPRESENTATION_CONTEXT() REPRESENTATION_CONTEXT('2D SPACE',''
  ) );
#2851 = FACE_BOUND('',#2852,.F.);
#2852 = EDGE_LOOP('',(#2853));
#2853 = ORIENTED_EDGE('',*,*,#2854,.T.);
#2854 = EDGE_CURVE('',#2855,#2855,#2857,.T.);
#2855 = VERTEX_POINT('',#2856);
#2856 = CARTESIAN_POINT('',(2.8265E+03,45.,0.));
#2857 = SURFACE_CURVE('',#2858,(#2863,#2874),.PCURVE_S1.);
#2858 = CIRCLE('',#2859,6.5);
#2859 = AXIS2_PLACEMENT_3D('',#2860,#2861,#2862);
#2860 = CARTESIAN_POINT('',(2.833E+03,45.,0.));
#2861 = DIRECTION('',(0.,0.,-1.));
#2862 = DIRECTION('',(-1.,0.,0.));
#2863 = PCURVE('',#455,#2864);
#2864 = DEFINITIONAL_REPRESENTATION('',(#2865),#2873);
#2865 = ( BOUNDED_CURVE() B_SPLINE_CURVE(2,(#2866,#2867,#2868,#2869,
#2870,#2871,#2872),.UNSPECIFIED.,.T.,.F.) B_SPLINE_CURVE_WITH_KNOTS((1,2
    ,2,2,2,1),(-2.094395102393,0.,2.094395102393,4.188790204786,
6.28318530718,8.377580409573),.UNSPECIFIED.) CURVE() 
GEOMETRIC_REPRESENTATION_ITEM() RATIONAL_B_SPLINE_CURVE((1.,0.5,1.,0.5,
1.,0.5,1.)) REPRESENTATION_ITEM('') );
#2866 = CARTESIAN_POINT('',(2.8265E+03,45.));
#2867 = CARTESIAN_POINT('',(2.8265E+03,56.258330249198));
#2868 = CARTESIAN_POINT('',(2.83625E+03,50.629165124599));
#2869 = CARTESIAN_POINT('',(2.846E+03,45.));
#2870 = CARTESIAN_POINT('',(2.83625E+03,39.370834875401));
#2871 = CARTESIAN_POINT('',(2.8265E+03,33.741669750802));
#2872 = CARTESIAN_POINT('',(2.8265E+03,45.));
#2873 = ( GEOMETRIC_REPRESENTATION_CONTEXT(2) 
PARAMETRIC_REPRESENTATION_CONTEXT() REPRESENTATION_CONTEXT('2D SPACE',''
  ) );
#2874 = PCURVE('',#1194,#2875);
#2875 = DEFINITIONAL_REPRESENTATION('',(#2876),#2880);
#2876 = LINE('',#2877,#2878);
#2877 = CARTESIAN_POINT('',(0.,10.));
#2878 = VECTOR('',#2879,1.);
#2879 = DIRECTION('',(1.,0.));
#2880 = ( GEOMETRIC_REPRESENTATION_CONTEXT(2) 
PARAMETRIC_REPRESENTATION_CONTEXT() REPRESENTATION_CONTEXT('2D SPACE',''
  ) );
#2881 = FACE_BOUND('',#2882,.F.);
#2882 = EDGE_LOOP('',(#2883));
#2883 = ORIENTED_EDGE('',*,*,#2884,.T.);
#2884 = EDGE_CURVE('',#2885,#2885,#2887,.T.);
#2885 = VERTEX_POINT('',#2886);
#2886 = CARTESIAN_POINT('',(2.9265E+03,45.,0.));
#2887 = SURFACE_CURVE('',#2888,(#2893,#2904),.PCURVE_S1.);
#2888 = CIRCLE('',#2889,6.5);
#2889 = AXIS2_PLACEMENT_3D('',#2890,#2891,#2892);
#2890 = CARTESIAN_POINT('',(2.933E+03,45.,0.));
#2891 = DIRECTION('',(0.,0.,-1.));
#2892 = DIRECTION('',(-1.,0.,0.));
#2893 = PCURVE('',#455,#2894);
#2894 = DEFINITIONAL_REPRESENTATION('',(#2895),#2903);
#2895 = ( BOUNDED_CURVE() B_SPLINE_CURVE(2,(#2896,#2897,#2898,#2899,
#2900,#2901,#2902),.UNSPECIFIED.,.T.,.F.) B_SPLINE_CURVE_WITH_KNOTS((1,2
    ,2,2,2,1),(-2.094395102393,0.,2.094395102393,4.188790204786,
6.28318530718,8.377580409573),.UNSPECIFIED.) CURVE() 
GEOMETRIC_REPRESENTATION_ITEM() RATIONAL_B_SPLINE_CURVE((1.,0.5,1.,0.5,
1.,0.5,1.)) REPRESENTATION_ITEM('') );
#2896 = CARTESIAN_POINT('',(2.9265E+03,45.));
#2897 = CARTESIAN_POINT('',(2.9265E+03,56.258330249198));
#2898 = CARTESIAN_POINT('',(2.93625E+03,50.629165124599));
#2899 = CARTESIAN_POINT('',(2.946E+03,45.));
#2900 = CARTESIAN_POINT('',(2.93625E+03,39.370834875401));
#2901 = CARTESIAN_POINT('',(2.9265E+03,33.741669750802));
#2902 = CARTESIAN_POINT('',(2.9265E+03,45.));
#2903 = ( GEOMETRIC_REPRESENTATION_CONTEXT(2) 
PARAMETRIC_REPRESENTATION_CONTEXT() REPRESENTATION_CONTEXT('2D SPACE',''
  ) );
#2904 = PCURVE('',#1229,#2905);
#2905 = DEFINITIONAL_REPRESENTATION('',(#2906),#2910);
#2906 = LINE('',#2907,#2908);
#2907 = CARTESIAN_POINT('',(0.,10.));
#2908 = VECTOR('',#2909,1.);
#2909 = DIRECTION('',(1.,0.));
#2910 = ( GEOMETRIC_REPRESENTATION_CONTEXT(2) 
PARAMETRIC_REPRESENTATION_CONTEXT() REPRESENTATION_CONTEXT('2D SPACE',''
  ) );
#2911 = FACE_BOUND('',#2912,.F.);
#2912 = EDGE_LOOP('',(#2913));
#2913 = ORIENTED_EDGE('',*,*,#2914,.T.);
#2914 = EDGE_CURVE('',#2915,#2915,#2917,.T.);
#2915 = VERTEX_POINT('',#2916);
#2916 = CARTESIAN_POINT('',(3.0265E+03,45.,0.));
#2917 = SURFACE_CURVE('',#2918,(#2923,#2934),.PCURVE_S1.);
#2918 = CIRCLE('',#2919,6.5);
#2919 = AXIS2_PLACEMENT_3D('',#2920,#2921,#2922);
#2920 = CARTESIAN_POINT('',(3.033E+03,45.,0.));
#2921 = DIRECTION('',(0.,0.,-1.));
#2922 = DIRECTION('',(-1.,0.,0.));
#2923 = PCURVE('',#455,#2924);
#2924 = DEFINITIONAL_REPRESENTATION('',(#2925),#2933);
#2925 = ( BOUNDED_CURVE() B_SPLINE_CURVE(2,(#2926,#2927,#2928,#2929,
#2930,#2931,#2932),.UNSPECIFIED.,.T.,.F.) B_SPLINE_CURVE_WITH_KNOTS((1,2
    ,2,2,2,1),(-2.094395102393,0.,2.094395102393,4.188790204786,
6.28318530718,8.377580409573),.UNSPECIFIED.) CURVE() 
GEOMETRIC_REPRESENTATION_ITEM() RATIONAL_B_SPLINE_CURVE((1.,0.5,1.,0.5,
1.,0.5,1.)) REPRESENTATION_ITEM('') );
#2926 = CARTESIAN_POINT('',(3.0265E+03,45.));
#2927 = CARTESIAN_POINT('',(3.0265E+03,56.258330249198));
#2928 = CARTESIAN_POINT('',(3.03625E+03,50.629165124599));
#2929 = CARTESIAN_POINT('',(3.046E+03,45.));
#2930 = CARTESIAN_POINT('',(3.03625E+03,39.370834875401));
#2931 = CARTESIAN_POINT('',(3.0265E+03,33.741669750802));
#2932 = CARTESIAN_POINT('',(3.0265E+03,45.));
#2933 = ( GEOMETRIC_REPRESENTATION_CONTEXT(2) 
PARAMETRIC_REPRESENTATION_CONTEXT() REPRESENTATION_CONTEXT('2D SPACE',''
  ) );
#2934 = PCURVE('',#1264,#2935);
#2935 = DEFINITIONAL_REPRESENTATION('',(#2936),#2940);
#2936 = LINE('',#2937,#2938);
#2937 = CARTESIAN_POINT('',(0.,10.));
#2938 = VECTOR('',#2939,1.);
#2939 = DIRECTION('',(1.,0.));
#2940 = ( GEOMETRIC_REPRESENTATION_CONTEXT(2) 
PARAMETRIC_REPRESENTATION_CONTEXT() REPRESENTATION_CONTEXT('2D SPACE',''
  ) );
#2941 = FACE_BOUND('',#2942,.F.);
#2942 = EDGE_LOOP('',(#2943));
#2943 = ORIENTED_EDGE('',*,*,#2944,.T.);
#2944 = EDGE_CURVE('',#2945,#2945,#2947,.T.);
#2945 = VERTEX_POINT('',#2946);
#2946 = CARTESIAN_POINT('',(3.1265E+03,45.,0.));
#2947 = SURFACE_CURVE('',#2948,(#2953,#2964),.PCURVE_S1.);
#2948 = CIRCLE('',#2949,6.5);
#2949 = AXIS2_PLACEMENT_3D('',#2950,#2951,#2952);
#2950 = CARTESIAN_POINT('',(3.133E+03,45.,0.));
#2951 = DIRECTION('',(0.,0.,-1.));
#2952 = DIRECTION('',(-1.,0.,0.));
#2953 = PCURVE('',#455,#2954);
#2954 = DEFINITIONAL_REPRESENTATION('',(#2955),#2963);
#2955 = ( BOUNDED_CURVE() B_SPLINE_CURVE(2,(#2956,#2957,#2958,#2959,
#2960,#2961,#2962),.UNSPECIFIED.,.T.,.F.) B_SPLINE_CURVE_WITH_KNOTS((1,2
    ,2,2,2,1),(-2.094395102393,0.,2.094395102393,4.188790204786,
6.28318530718,8.377580409573),.UNSPECIFIED.) CURVE() 
GEOMETRIC_REPRESENTATION_ITEM() RATIONAL_B_SPLINE_CURVE((1.,0.5,1.,0.5,
1.,0.5,1.)) REPRESENTATION_ITEM('') );
#2956 = CARTESIAN_POINT('',(3.1265E+03,45.));
#2957 = CARTESIAN_POINT('',(3.1265E+03,56.258330249198));
#2958 = CARTESIAN_POINT('',(3.13625E+03,50.629165124599));
#2959 = CARTESIAN_POINT('',(3.146E+03,45.));
#2960 = CARTESIAN_POINT('',(3.13625E+03,39.370834875401));
#2961 = CARTESIAN_POINT('',(3.1265E+03,33.741669750802));
#2962 = CARTESIAN_POINT('',(3.1265E+03,45.));
#2963 = ( GEOMETRIC_REPRESENTATION_CONTEXT(2) 
PARAMETRIC_REPRESENTATION_CONTEXT() REPRESENTATION_CONTEXT('2D SPACE',''
  ) );
#2964 = PCURVE('',#1299,#2965);
#2965 = DEFINITIONAL_REPRESENTATION('',(#2966),#2970);
#2966 = LINE('',#2967,#2968);
#2967 = CARTESIAN_POINT('',(0.,10.));
#2968 = VECTOR('',#2969,1.);
#2969 = DIRECTION('',(1.,0.));
#2970 = ( GEOMETRIC_REPRESENTATION_CONTEXT(2) 
PARAMETRIC_REPRESENTATION_CONTEXT() REPRESENTATION_CONTEXT('2D SPACE',''
  ) );
#2971 = FACE_BOUND('',#2972,.F.);
#2972 = EDGE_LOOP('',(#2973));
#2973 = ORIENTED_EDGE('',*,*,#2974,.T.);
#2974 = EDGE_CURVE('',#2975,#2975,#2977,.T.);
#2975 = VERTEX_POINT('',#2976);
#2976 = CARTESIAN_POINT('',(3.2265E+03,45.,0.));
#2977 = SURFACE_CURVE('',#2978,(#2983,#2994),.PCURVE_S1.);
#2978 = CIRCLE('',#2979,6.5);
#2979 = AXIS2_PLACEMENT_3D('',#2980,#2981,#2982);
#2980 = CARTESIAN_POINT('',(3.233E+03,45.,0.));
#2981 = DIRECTION('',(0.,0.,-1.));
#2982 = DIRECTION('',(-1.,0.,0.));
#2983 = PCURVE('',#455,#2984);
#2984 = DEFINITIONAL_REPRESENTATION('',(#2985),#2993);
#2985 = ( BOUNDED_CURVE() B_SPLINE_CURVE(2,(#2986,#2987,#2988,#2989,
#2990,#2991,#2992),.UNSPECIFIED.,.T.,.F.) B_SPLINE_CURVE_WITH_KNOTS((1,2
    ,2,2,2,1),(-2.094395102393,0.,2.094395102393,4.188790204786,
6.28318530718,8.377580409573),.UNSPECIFIED.) CURVE() 
GEOMETRIC_REPRESENTATION_ITEM() RATIONAL_B_SPLINE_CURVE((1.,0.5,1.,0.5,
1.,0.5,1.)) REPRESENTATION_ITEM('') );
#2986 = CARTESIAN_POINT('',(3.2265E+03,45.));
#2987 = CARTESIAN_POINT('',(3.2265E+03,56.258330249198));
#2988 = CARTESIAN_POINT('',(3.23625E+03,50.629165124599));
#2989 = CARTESIAN_POINT('',(3.246E+03,45.));
#2990 = CARTESIAN_POINT('',(3.23625E+03,39.370834875401));
#2991 = CARTESIAN_POINT('',(3.2265E+03,33.741669750802));
#2992 = CARTESIAN_POINT('',(3.2265E+03,45.));
#2993 = ( GEOMETRIC_REPRESENTATION_CONTEXT(2) 
PARAMETRIC_REPRESENTATION_CONTEXT() REPRESENTATION_CONTEXT('2D SPACE',''
  ) );
#2994 = PCURVE('',#1334,#2995);
#2995 = DEFINITIONAL_REPRESENTATION('',(#2996),#3000);
#2996 = LINE('',#2997,#2998);
#2997 = CARTESIAN_POINT('',(0.,10.));
#2998 = VECTOR('',#2999,1.);
#2999 = DIRECTION('',(1.,0.));
#3000 = ( GEOMETRIC_REPRESENTATION_CONTEXT(2) 
PARAMETRIC_REPRESENTATION_CONTEXT() REPRESENTATION_CONTEXT('2D SPACE',''
  ) );
#3001 = FACE_BOUND('',#3002,.F.);
#3002 = EDGE_LOOP('',(#3003));
#3003 = ORIENTED_EDGE('',*,*,#3004,.T.);
#3004 = EDGE_CURVE('',#3005,#3005,#3007,.T.);
#3005 = VERTEX_POINT('',#3006);
#3006 = CARTESIAN_POINT('',(3.3265E+03,45.,0.));
#3007 = SURFACE_CURVE('',#3008,(#3013,#3024),.PCURVE_S1.);
#3008 = CIRCLE('',#3009,6.5);
#3009 = AXIS2_PLACEMENT_3D('',#3010,#3011,#3012);
#3010 = CARTESIAN_POINT('',(3.333E+03,45.,0.));
#3011 = DIRECTION('',(0.,0.,-1.));
#3012 = DIRECTION('',(-1.,0.,0.));
#3013 = PCURVE('',#455,#3014);
#3014 = DEFINITIONAL_REPRESENTATION('',(#3015),#3023);
#3015 = ( BOUNDED_CURVE() B_SPLINE_CURVE(2,(#3016,#3017,#3018,#3019,
#3020,#3021,#3022),.UNSPECIFIED.,.T.,.F.) B_SPLINE_CURVE_WITH_KNOTS((1,2
    ,2,2,2,1),(-2.094395102393,0.,2.094395102393,4.188790204786,
6.28318530718,8.377580409573),.UNSPECIFIED.) CURVE() 
GEOMETRIC_REPRESENTATION_ITEM() RATIONAL_B_SPLINE_CURVE((1.,0.5,1.,0.5,
1.,0.5,1.)) REPRESENTATION_ITEM('') );
#3016 = CARTESIAN_POINT('',(3.3265E+03,45.));
#3017 = CARTESIAN_POINT('',(3.3265E+03,56.258330249198));
#3018 = CARTESIAN_POINT('',(3.33625E+03,50.629165124599));
#3019 = CARTESIAN_POINT('',(3.346E+03,45.));
#3020 = CARTESIAN_POINT('',(3.33625E+03,39.370834875401));
#3021 = CARTESIAN_POINT('',(3.3265E+03,33.741669750802));
#3022 = CARTESIAN_POINT('',(3.3265E+03,45.));
#3023 = ( GEOMETRIC_REPRESENTATION_CONTEXT(2) 
PARAMETRIC_REPRESENTATION_CONTEXT() REPRESENTATION_CONTEXT('2D SPACE',''
  ) );
#3024 = PCURVE('',#1369,#3025);
#3025 = DEFINITIONAL_REPRESENTATION('',(#3026),#3030);
#3026 = LINE('',#3027,#3028);
#3027 = CARTESIAN_POINT('',(0.,10.));
#3028 = VECTOR('',#3029,1.);
#3029 = DIRECTION('',(1.,0.));
#3030 = ( GEOMETRIC_REPRESENTATION_CONTEXT(2) 
PARAMETRIC_REPRESENTATION_CONTEXT() REPRESENTATION_CONTEXT('2D SPACE',''
  ) );
#3031 = FACE_BOUND('',#3032,.F.);
#3032 = EDGE_LOOP('',(#3033));
#3033 = ORIENTED_EDGE('',*,*,#3034,.T.);
#3034 = EDGE_CURVE('',#3035,#3035,#3037,.T.);
#3035 = VERTEX_POINT('',#3036);
#3036 = CARTESIAN_POINT('',(3.4265E+03,45.,0.));
#3037 = SURFACE_CURVE('',#3038,(#3043,#3054),.PCURVE_S1.);
#3038 = CIRCLE('',#3039,6.5);
#3039 = AXIS2_PLACEMENT_3D('',#3040,#3041,#3042);
#3040 = CARTESIAN_POINT('',(3.433E+03,45.,0.));
#3041 = DIRECTION('',(0.,0.,-1.));
#3042 = DIRECTION('',(-1.,0.,0.));
#3043 = PCURVE('',#455,#3044);
#3044 = DEFINITIONAL_REPRESENTATION('',(#3045),#3053);
#3045 = ( BOUNDED_CURVE() B_SPLINE_CURVE(2,(#3046,#3047,#3048,#3049,
#3050,#3051,#3052),.UNSPECIFIED.,.T.,.F.) B_SPLINE_CURVE_WITH_KNOTS((1,2
    ,2,2,2,1),(-2.094395102393,0.,2.094395102393,4.188790204786,
6.28318530718,8.377580409573),.UNSPECIFIED.) CURVE() 
GEOMETRIC_REPRESENTATION_ITEM() RATIONAL_B_SPLINE_CURVE((1.,0.5,1.,0.5,
1.,0.5,1.)) REPRESENTATION_ITEM('') );
#3046 = CARTESIAN_POINT('',(3.4265E+03,45.));
#3047 = CARTESIAN_POINT('',(3.4265E+03,56.258330249198));
#3048 = CARTESIAN_POINT('',(3.43625E+03,50.629165124599));
#3049 = CARTESIAN_POINT('',(3.446E+03,45.));
#3050 = CARTESIAN_POINT('',(3.43625E+03,39.370834875401));
#3051 = CARTESIAN_POINT('',(3.4265E+03,33.741669750802));
#3052 = CARTESIAN_POINT('',(3.4265E+03,45.));
#3053 = ( GEOMETRIC_REPRESENTATION_CONTEXT(2) 
PARAMETRIC_REPRESENTATION_CONTEXT() REPRESENTATION_CONTEXT('2D SPACE',''
  ) );
#3054 = PCURVE('',#1404,#3055);
#3055 = DEFINITIONAL_REPRESENTATION('',(#3056),#3060);
#3056 = LINE('',#3057,#3058);
#3057 = CARTESIAN_POINT('',(0.,10.));
#3058 = VECTOR('',#3059,1.);
#3059 = DIRECTION('',(1.,0.));
#3060 = ( GEOMETRIC_REPRESENTATION_CONTEXT(2) 
PARAMETRIC_REPRESENTATION_CONTEXT() REPRESENTATION_CONTEXT('2D SPACE',''
  ) );
#3061 = FACE_BOUND('',#3062,.F.);
#3062 = EDGE_LOOP('',(#3063));
#3063 = ORIENTED_EDGE('',*,*,#3064,.T.);
#3064 = EDGE_CURVE('',#3065,#3065,#3067,.T.);
#3065 = VERTEX_POINT('',#3066);
#3066 = CARTESIAN_POINT('',(3.5265E+03,45.,0.));
#3067 = SURFACE_CURVE('',#3068,(#3073,#3084),.PCURVE_S1.);
#3068 = CIRCLE('',#3069,6.5);
#3069 = AXIS2_PLACEMENT_3D('',#3070,#3071,#3072);
#3070 = CARTESIAN_POINT('',(3.533E+03,45.,0.));
#3071 = DIRECTION('',(0.,0.,-1.));
#3072 = DIRECTION('',(-1.,0.,0.));
#3073 = PCURVE('',#455,#3074);
#3074 = DEFINITIONAL_REPRESENTATION('',(#3075),#3083);
#3075 = ( BOUNDED_CURVE() B_SPLINE_CURVE(2,(#3076,#3077,#3078,#3079,
#3080,#3081,#3082),.UNSPECIFIED.,.T.,.F.) B_SPLINE_CURVE_WITH_KNOTS((1,2
    ,2,2,2,1),(-2.094395102393,0.,2.094395102393,4.188790204786,
6.28318530718,8.377580409573),.UNSPECIFIED.) CURVE() 
GEOMETRIC_REPRESENTATION_ITEM() RATIONAL_B_SPLINE_CURVE((1.,0.5,1.,0.5,
1.,0.5,1.)) REPRESENTATION_ITEM('') );
#3076 = CARTESIAN_POINT('',(3.5265E+03,45.));
#3077 = CARTESIAN_POINT('',(3.5265E+03,56.258330249198));
#3078 = CARTESIAN_POINT('',(3.53625E+03,50.629165124599));
#3079 = CARTESIAN_POINT('',(3.546E+03,45.));
#3080 = CARTESIAN_POINT('',(3.53625E+03,39.370834875401));
#3081 = CARTESIAN_POINT('',(3.5265E+03,33.741669750802));
#3082 = CARTESIAN_POINT('',(3.5265E+03,45.));
#3083 = ( GEOMETRIC_REPRESENTATION_CONTEXT(2) 
PARAMETRIC_REPRESENTATION_CONTEXT() REPRESENTATION_CONTEXT('2D SPACE',''
  ) );
#3084 = PCURVE('',#1439,#3085);
#3085 = DEFINITIONAL_REPRESENTATION('',(#3086),#3090);
#3086 = LINE('',#3087,#3088);
#3087 = CARTESIAN_POINT('',(0.,10.));
#3088 = VECTOR('',#3089,1.);
#3089 = DIRECTION('',(1.,0.));
#3090 = ( GEOMETRIC_REPRESENTATION_CONTEXT(2) 
PARAMETRIC_REPRESENTATION_CONTEXT() REPRESENTATION_CONTEXT('2D SPACE',''
  ) );
#3091 = FACE_BOUND('',#3092,.F.);
#3092 = EDGE_LOOP('',(#3093));
#3093 = ORIENTED_EDGE('',*,*,#3094,.T.);
#3094 = EDGE_CURVE('',#3095,#3095,#3097,.T.);
#3095 = VERTEX_POINT('',#3096);
#3096 = CARTESIAN_POINT('',(3.6265E+03,45.,0.));
#3097 = SURFACE_CURVE('',#3098,(#3103,#3114),.PCURVE_S1.);
#3098 = CIRCLE('',#3099,6.5);
#3099 = AXIS2_PLACEMENT_3D('',#3100,#3101,#3102);
#3100 = CARTESIAN_POINT('',(3.633E+03,45.,0.));
#3101 = DIRECTION('',(0.,0.,-1.));
#3102 = DIRECTION('',(-1.,0.,0.));
#3103 = PCURVE('',#455,#3104);
#3104 = DEFINITIONAL_REPRESENTATION('',(#3105),#3113);
#3105 = ( BOUNDED_CURVE() B_SPLINE_CURVE(2,(#3106,#3107,#3108,#3109,
#3110,#3111,#3112),.UNSPECIFIED.,.T.,.F.) B_SPLINE_CURVE_WITH_KNOTS((1,2
    ,2,2,2,1),(-2.094395102393,0.,2.094395102393,4.188790204786,
6.28318530718,8.377580409573),.UNSPECIFIED.) CURVE() 
GEOMETRIC_REPRESENTATION_ITEM() RATIONAL_B_SPLINE_CURVE((1.,0.5,1.,0.5,
1.,0.5,1.)) REPRESENTATION_ITEM('') );
#3106 = CARTESIAN_POINT('',(3.6265E+03,45.));
#3107 = CARTESIAN_POINT('',(3.6265E+03,56.258330249198));
#3108 = CARTESIAN_POINT('',(3.63625E+03,50.629165124599));
#3109 = CARTESIAN_POINT('',(3.646E+03,45.));
#3110 = CARTESIAN_POINT('',(3.63625E+03,39.370834875401));
#3111 = CARTESIAN_POINT('',(3.6265E+03,33.741669750802));
#3112 = CARTESIAN_POINT('',(3.6265E+03,45.));
#3113 = ( GEOMETRIC_REPRESENTATION_CONTEXT(2) 
PARAMETRIC_REPRESENTATION_CONTEXT() REPRESENTATION_CONTEXT('2D SPACE',''
  ) );
#3114 = PCURVE('',#1474,#3115);
#3115 = DEFINITIONAL_REPRESENTATION('',(#3116),#3120);
#3116 = LINE('',#3117,#3118);
#3117 = CARTESIAN_POINT('',(0.,10.));
#3118 = VECTOR('',#3119,1.);
#3119 = DIRECTION('',(1.,0.));
#3120 = ( GEOMETRIC_REPRESENTATION_CONTEXT(2) 
PARAMETRIC_REPRESENTATION_CONTEXT() REPRESENTATION_CONTEXT('2D SPACE',''
  ) );
#3121 = FACE_BOUND('',#3122,.F.);
#3122 = EDGE_LOOP('',(#3123));
#3123 = ORIENTED_EDGE('',*,*,#3124,.T.);
#3124 = EDGE_CURVE('',#3125,#3125,#3127,.T.);
#3125 = VERTEX_POINT('',#3126);
#3126 = CARTESIAN_POINT('',(33.5,155.,0.));
#3127 = SURFACE_CURVE('',#3128,(#3133,#3144),.PCURVE_S1.);
#3128 = CIRCLE('',#3129,6.5);
#3129 = AXIS2_PLACEMENT_3D('',#3130,#3131,#3132);
#3130 = CARTESIAN_POINT('',(40.,155.,0.));
#3131 = DIRECTION('',(0.,0.,-1.));
#3132 = DIRECTION('',(-1.,0.,0.));
#3133 = PCURVE('',#455,#3134);
#3134 = DEFINITIONAL_REPRESENTATION('',(#3135),#3143);
#3135 = ( BOUNDED_CURVE() B_SPLINE_CURVE(2,(#3136,#3137,#3138,#3139,
#3140,#3141,#3142),.UNSPECIFIED.,.T.,.F.) B_SPLINE_CURVE_WITH_KNOTS((1,2
    ,2,2,2,1),(-2.094395102393,0.,2.094395102393,4.188790204786,
6.28318530718,8.377580409573),.UNSPECIFIED.) CURVE() 
GEOMETRIC_REPRESENTATION_ITEM() RATIONAL_B_SPLINE_CURVE((1.,0.5,1.,0.5,
1.,0.5,1.)) REPRESENTATION_ITEM('') );
#3136 = CARTESIAN_POINT('',(33.5,155.));
#3137 = CARTESIAN_POINT('',(33.5,166.25833024919));
#3138 = CARTESIAN_POINT('',(43.25,160.62916512459));
#3139 = CARTESIAN_POINT('',(53.,155.));
#3140 = CARTESIAN_POINT('',(43.25,149.3708348754));
#3141 = CARTESIAN_POINT('',(33.5,143.7416697508));
#3142 = CARTESIAN_POINT('',(33.5,155.));
#3143 = ( GEOMETRIC_REPRESENTATION_CONTEXT(2) 
PARAMETRIC_REPRESENTATION_CONTEXT() REPRESENTATION_CONTEXT('2D SPACE',''
  ) );
#3144 = PCURVE('',#1509,#3145);
#3145 = DEFINITIONAL_REPRESENTATION('',(#3146),#3150);
#3146 = LINE('',#3147,#3148);
#3147 = CARTESIAN_POINT('',(0.,10.));
#3148 = VECTOR('',#3149,1.);
#3149 = DIRECTION('',(1.,0.));
#3150 = ( GEOMETRIC_REPRESENTATION_CONTEXT(2) 
PARAMETRIC_REPRESENTATION_CONTEXT() REPRESENTATION_CONTEXT('2D SPACE',''
  ) );
#3151 = FACE_BOUND('',#3152,.F.);
#3152 = EDGE_LOOP('',(#3153));
#3153 = ORIENTED_EDGE('',*,*,#3154,.T.);
#3154 = EDGE_CURVE('',#3155,#3155,#3157,.T.);
#3155 = VERTEX_POINT('',#3156);
#3156 = CARTESIAN_POINT('',(113.5,155.,0.));
#3157 = SURFACE_CURVE('',#3158,(#3163,#3174),.PCURVE_S1.);
#3158 = CIRCLE('',#3159,6.5);
#3159 = AXIS2_PLACEMENT_3D('',#3160,#3161,#3162);
#3160 = CARTESIAN_POINT('',(120.,155.,0.));
#3161 = DIRECTION('',(0.,0.,-1.));
#3162 = DIRECTION('',(-1.,0.,0.));
#3163 = PCURVE('',#455,#3164);
#3164 = DEFINITIONAL_REPRESENTATION('',(#3165),#3173);
#3165 = ( BOUNDED_CURVE() B_SPLINE_CURVE(2,(#3166,#3167,#3168,#3169,
#3170,#3171,#3172),.UNSPECIFIED.,.T.,.F.) B_SPLINE_CURVE_WITH_KNOTS((1,2
    ,2,2,2,1),(-2.094395102393,0.,2.094395102393,4.188790204786,
6.28318530718,8.377580409573),.UNSPECIFIED.) CURVE() 
GEOMETRIC_REPRESENTATION_ITEM() RATIONAL_B_SPLINE_CURVE((1.,0.5,1.,0.5,
1.,0.5,1.)) REPRESENTATION_ITEM('') );
#3166 = CARTESIAN_POINT('',(113.5,155.));
#3167 = CARTESIAN_POINT('',(113.5,166.25833024919));
#3168 = CARTESIAN_POINT('',(123.25,160.62916512459));
#3169 = CARTESIAN_POINT('',(133.,155.));
#3170 = CARTESIAN_POINT('',(123.25,149.3708348754));
#3171 = CARTESIAN_POINT('',(113.5,143.7416697508));
#3172 = CARTESIAN_POINT('',(113.5,155.));
#3173 = ( GEOMETRIC_REPRESENTATION_CONTEXT(2) 
PARAMETRIC_REPRESENTATION_CONTEXT() REPRESENTATION_CONTEXT('2D SPACE',''
  ) );
#3174 = PCURVE('',#1544,#3175);
#3175 = DEFINITIONAL_REPRESENTATION('',(#3176),#3180);
#3176 = LINE('',#3177,#3178);
#3177 = CARTESIAN_POINT('',(0.,10.));
#3178 = VECTOR('',#3179,1.);
#3179 = DIRECTION('',(1.,0.));
#3180 = ( GEOMETRIC_REPRESENTATION_CONTEXT(2) 
PARAMETRIC_REPRESENTATION_CONTEXT() REPRESENTATION_CONTEXT('2D SPACE',''
  ) );
#3181 = FACE_BOUND('',#3182,.F.);
#3182 = EDGE_LOOP('',(#3183));
#3183 = ORIENTED_EDGE('',*,*,#3184,.T.);
#3184 = EDGE_CURVE('',#3185,#3185,#3187,.T.);
#3185 = VERTEX_POINT('',#3186);
#3186 = CARTESIAN_POINT('',(193.5,155.,0.));
#3187 = SURFACE_CURVE('',#3188,(#3193,#3204),.PCURVE_S1.);
#3188 = CIRCLE('',#3189,6.5);
#3189 = AXIS2_PLACEMENT_3D('',#3190,#3191,#3192);
#3190 = CARTESIAN_POINT('',(200.,155.,0.));
#3191 = DIRECTION('',(0.,0.,-1.));
#3192 = DIRECTION('',(-1.,0.,0.));
#3193 = PCURVE('',#455,#3194);
#3194 = DEFINITIONAL_REPRESENTATION('',(#3195),#3203);
#3195 = ( BOUNDED_CURVE() B_SPLINE_CURVE(2,(#3196,#3197,#3198,#3199,
#3200,#3201,#3202),.UNSPECIFIED.,.T.,.F.) B_SPLINE_CURVE_WITH_KNOTS((1,2
    ,2,2,2,1),(-2.094395102393,0.,2.094395102393,4.188790204786,
6.28318530718,8.377580409573),.UNSPECIFIED.) CURVE() 
GEOMETRIC_REPRESENTATION_ITEM() RATIONAL_B_SPLINE_CURVE((1.,0.5,1.,0.5,
1.,0.5,1.)) REPRESENTATION_ITEM('') );
#3196 = CARTESIAN_POINT('',(193.5,155.));
#3197 = CARTESIAN_POINT('',(193.5,166.25833024919));
#3198 = CARTESIAN_POINT('',(203.25,160.62916512459));
#3199 = CARTESIAN_POINT('',(213.,155.));
#3200 = CARTESIAN_POINT('',(203.25,149.3708348754));
#3201 = CARTESIAN_POINT('',(193.5,143.7416697508));
#3202 = CARTESIAN_POINT('',(193.5,155.));
#3203 = ( GEOMETRIC_REPRESENTATION_CONTEXT(2) 
PARAMETRIC_REPRESENTATION_CONTEXT() REPRESENTATION_CONTEXT('2D SPACE',''
  ) );
#3204 = PCURVE('',#1579,#3205);
#3205 = DEFINITIONAL_REPRESENTATION('',(#3206),#3210);
#3206 = LINE('',#3207,#3208);
#3207 = CARTESIAN_POINT('',(0.,10.));
#3208 = VECTOR('',#3209,1.);
#3209 = DIRECTION('',(1.,0.));
#3210 = ( GEOMETRIC_REPRESENTATION_CONTEXT(2) 
PARAMETRIC_REPRESENTATION_CONTEXT() REPRESENTATION_CONTEXT('2D SPACE',''
  ) );
#3211 = FACE_BOUND('',#3212,.F.);
#3212 = EDGE_LOOP('',(#3213));
#3213 = ORIENTED_EDGE('',*,*,#3214,.T.);
#3214 = EDGE_CURVE('',#3215,#3215,#3217,.T.);
#3215 = VERTEX_POINT('',#3216);
#3216 = CARTESIAN_POINT('',(273.5,155.,0.));
#3217 = SURFACE_CURVE('',#3218,(#3223,#3234),.PCURVE_S1.);
#3218 = CIRCLE('',#3219,6.5);
#3219 = AXIS2_PLACEMENT_3D('',#3220,#3221,#3222);
#3220 = CARTESIAN_POINT('',(280.,155.,0.));
#3221 = DIRECTION('',(0.,0.,-1.));
#3222 = DIRECTION('',(-1.,0.,0.));
#3223 = PCURVE('',#455,#3224);
#3224 = DEFINITIONAL_REPRESENTATION('',(#3225),#3233);
#3225 = ( BOUNDED_CURVE() B_SPLINE_CURVE(2,(#3226,#3227,#3228,#3229,
#3230,#3231,#3232),.UNSPECIFIED.,.T.,.F.) B_SPLINE_CURVE_WITH_KNOTS((1,2
    ,2,2,2,1),(-2.094395102393,0.,2.094395102393,4.188790204786,
6.28318530718,8.377580409573),.UNSPECIFIED.) CURVE() 
GEOMETRIC_REPRESENTATION_ITEM() RATIONAL_B_SPLINE_CURVE((1.,0.5,1.,0.5,
1.,0.5,1.)) REPRESENTATION_ITEM('') );
#3226 = CARTESIAN_POINT('',(273.5,155.));
#3227 = CARTESIAN_POINT('',(273.5,166.25833024919));
#3228 = CARTESIAN_POINT('',(283.25,160.62916512459));
#3229 = CARTESIAN_POINT('',(293.,155.));
#3230 = CARTESIAN_POINT('',(283.25,149.3708348754));
#3231 = CARTESIAN_POINT('',(273.5,143.7416697508));
#3232 = CARTESIAN_POINT('',(273.5,155.));
#3233 = ( GEOMETRIC_REPRESENTATION_CONTEXT(2) 
PARAMETRIC_REPRESENTATION_CONTEXT() REPRESENTATION_CONTEXT('2D SPACE',''
  ) );
#3234 = PCURVE('',#1614,#3235);
#3235 = DEFINITIONAL_REPRESENTATION('',(#3236),#3240);
#3236 = LINE('',#3237,#3238);
#3237 = CARTESIAN_POINT('',(0.,10.));
#3238 = VECTOR('',#3239,1.);
#3239 = DIRECTION('',(1.,0.));
#3240 = ( GEOMETRIC_REPRESENTATION_CONTEXT(2) 
PARAMETRIC_REPRESENTATION_CONTEXT() REPRESENTATION_CONTEXT('2D SPACE',''
  ) );
#3241 = FACE_BOUND('',#3242,.F.);
#3242 = EDGE_LOOP('',(#3243));
#3243 = ORIENTED_EDGE('',*,*,#3244,.T.);
#3244 = EDGE_CURVE('',#3245,#3245,#3247,.T.);
#3245 = VERTEX_POINT('',#3246);
#3246 = CARTESIAN_POINT('',(353.5,155.,0.));
#3247 = SURFACE_CURVE('',#3248,(#3253,#3264),.PCURVE_S1.);
#3248 = CIRCLE('',#3249,6.5);
#3249 = AXIS2_PLACEMENT_3D('',#3250,#3251,#3252);
#3250 = CARTESIAN_POINT('',(360.,155.,0.));
#3251 = DIRECTION('',(0.,0.,-1.));
#3252 = DIRECTION('',(-1.,0.,0.));
#3253 = PCURVE('',#455,#3254);
#3254 = DEFINITIONAL_REPRESENTATION('',(#3255),#3263);
#3255 = ( BOUNDED_CURVE() B_SPLINE_CURVE(2,(#3256,#3257,#3258,#3259,
#3260,#3261,#3262),.UNSPECIFIED.,.T.,.F.) B_SPLINE_CURVE_WITH_KNOTS((1,2
    ,2,2,2,1),(-2.094395102393,0.,2.094395102393,4.188790204786,
6.28318530718,8.377580409573),.UNSPECIFIED.) CURVE() 
GEOMETRIC_REPRESENTATION_ITEM() RATIONAL_B_SPLINE_CURVE((1.,0.5,1.,0.5,
1.,0.5,1.)) REPRESENTATION_ITEM('') );
#3256 = CARTESIAN_POINT('',(353.5,155.));
#3257 = CARTESIAN_POINT('',(353.5,166.25833024919));
#3258 = CARTESIAN_POINT('',(363.25,160.62916512459));
#3259 = CARTESIAN_POINT('',(373.,155.));
#3260 = CARTESIAN_POINT('',(363.25,149.3708348754));
#3261 = CARTESIAN_POINT('',(353.5,143.7416697508));
#3262 = CARTESIAN_POINT('',(353.5,155.));
#3263 = ( GEOMETRIC_REPRESENTATION_CONTEXT(2) 
PARAMETRIC_REPRESENTATION_CONTEXT() REPRESENTATION_CONTEXT('2D SPACE',''
  ) );
#3264 = PCURVE('',#1649,#3265);
#3265 = DEFINITIONAL_REPRESENTATION('',(#3266),#3270);
#3266 = LINE('',#3267,#3268);
#3267 = CARTESIAN_POINT('',(0.,10.));
#3268 = VECTOR('',#3269,1.);
#3269 = DIRECTION('',(1.,0.));
#3270 = ( GEOMETRIC_REPRESENTATION_CONTEXT(2) 
PARAMETRIC_REPRESENTATION_CONTEXT() REPRESENTATION_CONTEXT('2D SPACE',''
  ) );
#3271 = FACE_BOUND('',#3272,.F.);
#3272 = EDGE_LOOP('',(#3273));
#3273 = ORIENTED_EDGE('',*,*,#3274,.T.);
#3274 = EDGE_CURVE('',#3275,#3275,#3277,.T.);
#3275 = VERTEX_POINT('',#3276);
#3276 = CARTESIAN_POINT('',(433.5,155.,0.));
#3277 = SURFACE_CURVE('',#3278,(#3283,#3294),.PCURVE_S1.);
#3278 = CIRCLE('',#3279,6.5);
#3279 = AXIS2_PLACEMENT_3D('',#3280,#3281,#3282);
#3280 = CARTESIAN_POINT('',(440.,155.,0.));
#3281 = DIRECTION('',(0.,0.,-1.));
#3282 = DIRECTION('',(-1.,0.,0.));
#3283 = PCURVE('',#455,#3284);
#3284 = DEFINITIONAL_REPRESENTATION('',(#3285),#3293);
#3285 = ( BOUNDED_CURVE() B_SPLINE_CURVE(2,(#3286,#3287,#3288,#3289,
#3290,#3291,#3292),.UNSPECIFIED.,.T.,.F.) B_SPLINE_CURVE_WITH_KNOTS((1,2
    ,2,2,2,1),(-2.094395102393,0.,2.094395102393,4.188790204786,
6.28318530718,8.377580409573),.UNSPECIFIED.) CURVE() 
GEOMETRIC_REPRESENTATION_ITEM() RATIONAL_B_SPLINE_CURVE((1.,0.5,1.,0.5,
1.,0.5,1.)) REPRESENTATION_ITEM('') );
#3286 = CARTESIAN_POINT('',(433.5,155.));
#3287 = CARTESIAN_POINT('',(433.5,166.25833024919));
#3288 = CARTESIAN_POINT('',(443.25,160.62916512459));
#3289 = CARTESIAN_POINT('',(453.,155.));
#3290 = CARTESIAN_POINT('',(443.25,149.3708348754));
#3291 = CARTESIAN_POINT('',(433.5,143.7416697508));
#3292 = CARTESIAN_POINT('',(433.5,155.));
#3293 = ( GEOMETRIC_REPRESENTATION_CONTEXT(2) 
PARAMETRIC_REPRESENTATION_CONTEXT() REPRESENTATION_CONTEXT('2D SPACE',''
  ) );
#3294 = PCURVE('',#1684,#3295);
#3295 = DEFINITIONAL_REPRESENTATION('',(#3296),#3300);
#3296 = LINE('',#3297,#3298);
#3297 = CARTESIAN_POINT('',(0.,10.));
#3298 = VECTOR('',#3299,1.);
#3299 = DIRECTION('',(1.,0.));
#3300 = ( GEOMETRIC_REPRESENTATION_CONTEXT(2) 
PARAMETRIC_REPRESENTATION_CONTEXT() REPRESENTATION_CONTEXT('2D SPACE',''
  ) );
#3301 = FACE_BOUND('',#3302,.F.);
#3302 = EDGE_LOOP('',(#3303));
#3303 = ORIENTED_EDGE('',*,*,#3304,.T.);
#3304 = EDGE_CURVE('',#3305,#3305,#3307,.T.);
#3305 = VERTEX_POINT('',#3306);
#3306 = CARTESIAN_POINT('',(513.5,155.,0.));
#3307 = SURFACE_CURVE('',#3308,(#3313,#3324),.PCURVE_S1.);
#3308 = CIRCLE('',#3309,6.5);
#3309 = AXIS2_PLACEMENT_3D('',#3310,#3311,#3312);
#3310 = CARTESIAN_POINT('',(520.,155.,0.));
#3311 = DIRECTION('',(0.,0.,-1.));
#3312 = DIRECTION('',(-1.,0.,0.));
#3313 = PCURVE('',#455,#3314);
#3314 = DEFINITIONAL_REPRESENTATION('',(#3315),#3323);
#3315 = ( BOUNDED_CURVE() B_SPLINE_CURVE(2,(#3316,#3317,#3318,#3319,
#3320,#3321,#3322),.UNSPECIFIED.,.T.,.F.) B_SPLINE_CURVE_WITH_KNOTS((1,2
    ,2,2,2,1),(-2.094395102393,0.,2.094395102393,4.188790204786,
6.28318530718,8.377580409573),.UNSPECIFIED.) CURVE() 
GEOMETRIC_REPRESENTATION_ITEM() RATIONAL_B_SPLINE_CURVE((1.,0.5,1.,0.5,
1.,0.5,1.)) REPRESENTATION_ITEM('') );
#3316 = CARTESIAN_POINT('',(513.5,155.));
#3317 = CARTESIAN_POINT('',(513.5,166.25833024919));
#3318 = CARTESIAN_POINT('',(523.25,160.62916512459));
#3319 = CARTESIAN_POINT('',(533.,155.));
#3320 = CARTESIAN_POINT('',(523.25,149.3708348754));
#3321 = CARTESIAN_POINT('',(513.5,143.7416697508));
#3322 = CARTESIAN_POINT('',(513.5,155.));
#3323 = ( GEOMETRIC_REPRESENTATION_CONTEXT(2) 
PARAMETRIC_REPRESENTATION_CONTEXT() REPRESENTATION_CONTEXT('2D SPACE',''
  ) );
#3324 = PCURVE('',#1719,#3325);
#3325 = DEFINITIONAL_REPRESENTATION('',(#3326),#3330);
#3326 = LINE('',#3327,#3328);
#3327 = CARTESIAN_POINT('',(0.,10.));
#3328 = VECTOR('',#3329,1.);
#3329 = DIRECTION('',(1.,0.));
#3330 = ( GEOMETRIC_REPRESENTATION_CONTEXT(2) 
PARAMETRIC_REPRESENTATION_CONTEXT() REPRESENTATION_CONTEXT('2D SPACE',''
  ) );
#3331 = FACE_BOUND('',#3332,.F.);
#3332 = EDGE_LOOP('',(#3333));
#3333 = ORIENTED_EDGE('',*,*,#3334,.T.);
#3334 = EDGE_CURVE('',#3335,#3335,#3337,.T.);
#3335 = VERTEX_POINT('',#3336);
#3336 = CARTESIAN_POINT('',(663.5,155.,0.));
#3337 = SURFACE_CURVE('',#3338,(#3343,#3354),.PCURVE_S1.);
#3338 = CIRCLE('',#3339,6.5);
#3339 = AXIS2_PLACEMENT_3D('',#3340,#3341,#3342);
#3340 = CARTESIAN_POINT('',(670.,155.,0.));
#3341 = DIRECTION('',(0.,0.,-1.));
#3342 = DIRECTION('',(-1.,0.,0.));
#3343 = PCURVE('',#455,#3344);
#3344 = DEFINITIONAL_REPRESENTATION('',(#3345),#3353);
#3345 = ( BOUNDED_CURVE() B_SPLINE_CURVE(2,(#3346,#3347,#3348,#3349,
#3350,#3351,#3352),.UNSPECIFIED.,.T.,.F.) B_SPLINE_CURVE_WITH_KNOTS((1,2
    ,2,2,2,1),(-2.094395102393,0.,2.094395102393,4.188790204786,
6.28318530718,8.377580409573),.UNSPECIFIED.) CURVE() 
GEOMETRIC_REPRESENTATION_ITEM() RATIONAL_B_SPLINE_CURVE((1.,0.5,1.,0.5,
1.,0.5,1.)) REPRESENTATION_ITEM('') );
#3346 = CARTESIAN_POINT('',(663.5,155.));
#3347 = CARTESIAN_POINT('',(663.5,166.25833024919));
#3348 = CARTESIAN_POINT('',(673.25,160.62916512459));
#3349 = CARTESIAN_POINT('',(683.,155.));
#3350 = CARTESIAN_POINT('',(673.25,149.3708348754));
#3351 = CARTESIAN_POINT('',(663.5,143.7416697508));
#3352 = CARTESIAN_POINT('',(663.5,155.));
#3353 = ( GEOMETRIC_REPRESENTATION_CONTEXT(2) 
PARAMETRIC_REPRESENTATION_CONTEXT() REPRESENTATION_CONTEXT('2D SPACE',''
  ) );
#3354 = PCURVE('',#1754,#3355);
#3355 = DEFINITIONAL_REPRESENTATION('',(#3356),#3360);
#3356 = LINE('',#3357,#3358);
#3357 = CARTESIAN_POINT('',(0.,10.));
#3358 = VECTOR('',#3359,1.);
#3359 = DIRECTION('',(1.,0.));
#3360 = ( GEOMETRIC_REPRESENTATION_CONTEXT(2) 
PARAMETRIC_REPRESENTATION_CONTEXT() REPRESENTATION_CONTEXT('2D SPACE',''
  ) );
#3361 = FACE_BOUND('',#3362,.F.);
#3362 = EDGE_LOOP('',(#3363));
#3363 = ORIENTED_EDGE('',*,*,#3364,.T.);
#3364 = EDGE_CURVE('',#3365,#3365,#3367,.T.);
#3365 = VERTEX_POINT('',#3366);
#3366 = CARTESIAN_POINT('',(813.5,155.,0.));
#3367 = SURFACE_CURVE('',#3368,(#3373,#3384),.PCURVE_S1.);
#3368 = CIRCLE('',#3369,6.5);
#3369 = AXIS2_PLACEMENT_3D('',#3370,#3371,#3372);
#3370 = CARTESIAN_POINT('',(820.,155.,0.));
#3371 = DIRECTION('',(0.,0.,-1.));
#3372 = DIRECTION('',(-1.,0.,0.));
#3373 = PCURVE('',#455,#3374);
#3374 = DEFINITIONAL_REPRESENTATION('',(#3375),#3383);
#3375 = ( BOUNDED_CURVE() B_SPLINE_CURVE(2,(#3376,#3377,#3378,#3379,
#3380,#3381,#3382),.UNSPECIFIED.,.T.,.F.) B_SPLINE_CURVE_WITH_KNOTS((1,2
    ,2,2,2,1),(-2.094395102393,0.,2.094395102393,4.188790204786,
6.28318530718,8.377580409573),.UNSPECIFIED.) CURVE() 
GEOMETRIC_REPRESENTATION_ITEM() RATIONAL_B_SPLINE_CURVE((1.,0.5,1.,0.5,
1.,0.5,1.)) REPRESENTATION_ITEM('') );
#3376 = CARTESIAN_POINT('',(813.5,155.));
#3377 = CARTESIAN_POINT('',(813.5,166.25833024919));
#3378 = CARTESIAN_POINT('',(823.25,160.62916512459));
#3379 = CARTESIAN_POINT('',(833.,155.));
#3380 = CARTESIAN_POINT('',(823.25,149.3708348754));
#3381 = CARTESIAN_POINT('',(813.5,143.7416697508));
#3382 = CARTESIAN_POINT('',(813.5,155.));
#3383 = ( GEOMETRIC_REPRESENTATION_CONTEXT(2) 
PARAMETRIC_REPRESENTATION_CONTEXT() REPRESENTATION_CONTEXT('2D SPACE',''
  ) );
#3384 = PCURVE('',#1789,#3385);
#3385 = DEFINITIONAL_REPRESENTATION('',(#3386),#3390);
#3386 = LINE('',#3387,#3388);
#3387 = CARTESIAN_POINT('',(0.,10.));
#3388 = VECTOR('',#3389,1.);
#3389 = DIRECTION('',(1.,0.));
#3390 = ( GEOMETRIC_REPRESENTATION_CONTEXT(2) 
PARAMETRIC_REPRESENTATION_CONTEXT() REPRESENTATION_CONTEXT('2D SPACE',''
  ) );
#3391 = FACE_BOUND('',#3392,.F.);
#3392 = EDGE_LOOP('',(#3393));
#3393 = ORIENTED_EDGE('',*,*,#3394,.T.);
#3394 = EDGE_CURVE('',#3395,#3395,#3397,.T.);
#3395 = VERTEX_POINT('',#3396);
#3396 = CARTESIAN_POINT('',(963.5,155.,0.));
#3397 = SURFACE_CURVE('',#3398,(#3403,#3414),.PCURVE_S1.);
#3398 = CIRCLE('',#3399,6.5);
#3399 = AXIS2_PLACEMENT_3D('',#3400,#3401,#3402);
#3400 = CARTESIAN_POINT('',(970.,155.,0.));
#3401 = DIRECTION('',(0.,0.,-1.));
#3402 = DIRECTION('',(-1.,0.,0.));
#3403 = PCURVE('',#455,#3404);
#3404 = DEFINITIONAL_REPRESENTATION('',(#3405),#3413);
#3405 = ( BOUNDED_CURVE() B_SPLINE_CURVE(2,(#3406,#3407,#3408,#3409,
#3410,#3411,#3412),.UNSPECIFIED.,.T.,.F.) B_SPLINE_CURVE_WITH_KNOTS((1,2
    ,2,2,2,1),(-2.094395102393,0.,2.094395102393,4.188790204786,
6.28318530718,8.377580409573),.UNSPECIFIED.) CURVE() 
GEOMETRIC_REPRESENTATION_ITEM() RATIONAL_B_SPLINE_CURVE((1.,0.5,1.,0.5,
1.,0.5,1.)) REPRESENTATION_ITEM('') );
#3406 = CARTESIAN_POINT('',(963.5,155.));
#3407 = CARTESIAN_POINT('',(963.5,166.25833024919));
#3408 = CARTESIAN_POINT('',(973.25,160.62916512459));
#3409 = CARTESIAN_POINT('',(983.,155.));
#3410 = CARTESIAN_POINT('',(973.25,149.3708348754));
#3411 = CARTESIAN_POINT('',(963.5,143.7416697508));
#3412 = CARTESIAN_POINT('',(963.5,155.));
#3413 = ( GEOMETRIC_REPRESENTATION_CONTEXT(2) 
PARAMETRIC_REPRESENTATION_CONTEXT() REPRESENTATION_CONTEXT('2D SPACE',''
  ) );
#3414 = PCURVE('',#1824,#3415);
#3415 = DEFINITIONAL_REPRESENTATION('',(#3416),#3420);
#3416 = LINE('',#3417,#3418);
#3417 = CARTESIAN_POINT('',(0.,10.));
#3418 = VECTOR('',#3419,1.);
#3419 = DIRECTION('',(1.,0.));
#3420 = ( GEOMETRIC_REPRESENTATION_CONTEXT(2) 
PARAMETRIC_REPRESENTATION_CONTEXT() REPRESENTATION_CONTEXT('2D SPACE',''
  ) );
#3421 = FACE_BOUND('',#3422,.F.);
#3422 = EDGE_LOOP('',(#3423));
#3423 = ORIENTED_EDGE('',*,*,#3424,.T.);
#3424 = EDGE_CURVE('',#3425,#3425,#3427,.T.);
#3425 = VERTEX_POINT('',#3426);
#3426 = CARTESIAN_POINT('',(1.1135E+03,155.,0.));
#3427 = SURFACE_CURVE('',#3428,(#3433,#3444),.PCURVE_S1.);
#3428 = CIRCLE('',#3429,6.5);
#3429 = AXIS2_PLACEMENT_3D('',#3430,#3431,#3432);
#3430 = CARTESIAN_POINT('',(1.12E+03,155.,0.));
#3431 = DIRECTION('',(0.,0.,-1.));
#3432 = DIRECTION('',(-1.,0.,0.));
#3433 = PCURVE('',#455,#3434);
#3434 = DEFINITIONAL_REPRESENTATION('',(#3435),#3443);
#3435 = ( BOUNDED_CURVE() B_SPLINE_CURVE(2,(#3436,#3437,#3438,#3439,
#3440,#3441,#3442),.UNSPECIFIED.,.T.,.F.) B_SPLINE_CURVE_WITH_KNOTS((1,2
    ,2,2,2,1),(-2.094395102393,0.,2.094395102393,4.188790204786,
6.28318530718,8.377580409573),.UNSPECIFIED.) CURVE() 
GEOMETRIC_REPRESENTATION_ITEM() RATIONAL_B_SPLINE_CURVE((1.,0.5,1.,0.5,
1.,0.5,1.)) REPRESENTATION_ITEM('') );
#3436 = CARTESIAN_POINT('',(1.1135E+03,155.));
#3437 = CARTESIAN_POINT('',(1.1135E+03,166.25833024919));
#3438 = CARTESIAN_POINT('',(1.12325E+03,160.62916512459));
#3439 = CARTESIAN_POINT('',(1.133E+03,155.));
#3440 = CARTESIAN_POINT('',(1.12325E+03,149.3708348754));
#3441 = CARTESIAN_POINT('',(1.1135E+03,143.7416697508));
#3442 = CARTESIAN_POINT('',(1.1135E+03,155.));
#3443 = ( GEOMETRIC_REPRESENTATION_CONTEXT(2) 
PARAMETRIC_REPRESENTATION_CONTEXT() REPRESENTATION_CONTEXT('2D SPACE',''
  ) );
#3444 = PCURVE('',#1859,#3445);
#3445 = DEFINITIONAL_REPRESENTATION('',(#3446),#3450);
#3446 = LINE('',#3447,#3448);
#3447 = CARTESIAN_POINT('',(0.,10.));
#3448 = VECTOR('',#3449,1.);
#3449 = DIRECTION('',(1.,0.));
#3450 = ( GEOMETRIC_REPRESENTATION_CONTEXT(2) 
PARAMETRIC_REPRESENTATION_CONTEXT() REPRESENTATION_CONTEXT('2D SPACE',''
  ) );
#3451 = FACE_BOUND('',#3452,.F.);
#3452 = EDGE_LOOP('',(#3453));
#3453 = ORIENTED_EDGE('',*,*,#3454,.T.);
#3454 = EDGE_CURVE('',#3455,#3455,#3457,.T.);
#3455 = VERTEX_POINT('',#3456);
#3456 = CARTESIAN_POINT('',(1.5135E+03,155.,0.));
#3457 = SURFACE_CURVE('',#3458,(#3463,#3474),.PCURVE_S1.);
#3458 = CIRCLE('',#3459,6.5);
#3459 = AXIS2_PLACEMENT_3D('',#3460,#3461,#3462);
#3460 = CARTESIAN_POINT('',(1.52E+03,155.,0.));
#3461 = DIRECTION('',(0.,0.,-1.));
#3462 = DIRECTION('',(-1.,0.,0.));
#3463 = PCURVE('',#455,#3464);
#3464 = DEFINITIONAL_REPRESENTATION('',(#3465),#3473);
#3465 = ( BOUNDED_CURVE() B_SPLINE_CURVE(2,(#3466,#3467,#3468,#3469,
#3470,#3471,#3472),.UNSPECIFIED.,.T.,.F.) B_SPLINE_CURVE_WITH_KNOTS((1,2
    ,2,2,2,1),(-2.094395102393,0.,2.094395102393,4.188790204786,
6.28318530718,8.377580409573),.UNSPECIFIED.) CURVE() 
GEOMETRIC_REPRESENTATION_ITEM() RATIONAL_B_SPLINE_CURVE((1.,0.5,1.,0.5,
1.,0.5,1.)) REPRESENTATION_ITEM('') );
#3466 = CARTESIAN_POINT('',(1.5135E+03,155.));
#3467 = CARTESIAN_POINT('',(1.5135E+03,166.25833024919));
#3468 = CARTESIAN_POINT('',(1.52325E+03,160.62916512459));
#3469 = CARTESIAN_POINT('',(1.533E+03,155.));
#3470 = CARTESIAN_POINT('',(1.52325E+03,149.3708348754));
#3471 = CARTESIAN_POINT('',(1.5135E+03,143.7416697508));
#3472 = CARTESIAN_POINT('',(1.5135E+03,155.));
#3473 = ( GEOMETRIC_REPRESENTATION_CONTEXT(2) 
PARAMETRIC_REPRESENTATION_CONTEXT() REPRESENTATION_CONTEXT('2D SPACE',''
  ) );
#3474 = PCURVE('',#1894,#3475);
#3475 = DEFINITIONAL_REPRESENTATION('',(#3476),#3480);
#3476 = LINE('',#3477,#3478);
#3477 = CARTESIAN_POINT('',(0.,10.));
#3478 = VECTOR('',#3479,1.);
#3479 = DIRECTION('',(1.,0.));
#3480 = ( GEOMETRIC_REPRESENTATION_CONTEXT(2) 
PARAMETRIC_REPRESENTATION_CONTEXT() REPRESENTATION_CONTEXT('2D SPACE',''
  ) );
#3481 = FACE_BOUND('',#3482,.F.);
#3482 = EDGE_LOOP('',(#3483));
#3483 = ORIENTED_EDGE('',*,*,#3484,.T.);
#3484 = EDGE_CURVE('',#3485,#3485,#3487,.T.);
#3485 = VERTEX_POINT('',#3486);
#3486 = CARTESIAN_POINT('',(1.8205E+03,155.,0.));
#3487 = SURFACE_CURVE('',#3488,(#3493,#3504),.PCURVE_S1.);
#3488 = CIRCLE('',#3489,6.5);
#3489 = AXIS2_PLACEMENT_3D('',#3490,#3491,#3492);
#3490 = CARTESIAN_POINT('',(1.827E+03,155.,0.));
#3491 = DIRECTION('',(0.,0.,-1.));
#3492 = DIRECTION('',(-1.,0.,0.));
#3493 = PCURVE('',#455,#3494);
#3494 = DEFINITIONAL_REPRESENTATION('',(#3495),#3503);
#3495 = ( BOUNDED_CURVE() B_SPLINE_CURVE(2,(#3496,#3497,#3498,#3499,
#3500,#3501,#3502),.UNSPECIFIED.,.T.,.F.) B_SPLINE_CURVE_WITH_KNOTS((1,2
    ,2,2,2,1),(-2.094395102393,0.,2.094395102393,4.188790204786,
6.28318530718,8.377580409573),.UNSPECIFIED.) CURVE() 
GEOMETRIC_REPRESENTATION_ITEM() RATIONAL_B_SPLINE_CURVE((1.,0.5,1.,0.5,
1.,0.5,1.)) REPRESENTATION_ITEM('') );
#3496 = CARTESIAN_POINT('',(1.8205E+03,155.));
#3497 = CARTESIAN_POINT('',(1.8205E+03,166.25833024919));
#3498 = CARTESIAN_POINT('',(1.83025E+03,160.62916512459));
#3499 = CARTESIAN_POINT('',(1.84E+03,155.));
#3500 = CARTESIAN_POINT('',(1.83025E+03,149.3708348754));
#3501 = CARTESIAN_POINT('',(1.8205E+03,143.7416697508));
#3502 = CARTESIAN_POINT('',(1.8205E+03,155.));
#3503 = ( GEOMETRIC_REPRESENTATION_CONTEXT(2) 
PARAMETRIC_REPRESENTATION_CONTEXT() REPRESENTATION_CONTEXT('2D SPACE',''
  ) );
#3504 = PCURVE('',#1929,#3505);
#3505 = DEFINITIONAL_REPRESENTATION('',(#3506),#3510);
#3506 = LINE('',#3507,#3508);
#3507 = CARTESIAN_POINT('',(0.,10.));
#3508 = VECTOR('',#3509,1.);
#3509 = DIRECTION('',(1.,0.));
#3510 = ( GEOMETRIC_REPRESENTATION_CONTEXT(2) 
PARAMETRIC_REPRESENTATION_CONTEXT() REPRESENTATION_CONTEXT('2D SPACE',''
  ) );
#3511 = FACE_BOUND('',#3512,.F.);
#3512 = EDGE_LOOP('',(#3513));
#3513 = ORIENTED_EDGE('',*,*,#3514,.T.);
#3514 = EDGE_CURVE('',#3515,#3515,#3517,.T.);
#3515 = VERTEX_POINT('',#3516);
#3516 = CARTESIAN_POINT('',(2.1265E+03,155.,0.));
#3517 = SURFACE_CURVE('',#3518,(#3523,#3534),.PCURVE_S1.);
#3518 = CIRCLE('',#3519,6.5);
#3519 = AXIS2_PLACEMENT_3D('',#3520,#3521,#3522);
#3520 = CARTESIAN_POINT('',(2.133E+03,155.,0.));
#3521 = DIRECTION('',(0.,0.,-1.));
#3522 = DIRECTION('',(-1.,0.,0.));
#3523 = PCURVE('',#455,#3524);
#3524 = DEFINITIONAL_REPRESENTATION('',(#3525),#3533);
#3525 = ( BOUNDED_CURVE() B_SPLINE_CURVE(2,(#3526,#3527,#3528,#3529,
#3530,#3531,#3532),.UNSPECIFIED.,.T.,.F.) B_SPLINE_CURVE_WITH_KNOTS((1,2
    ,2,2,2,1),(-2.094395102393,0.,2.094395102393,4.188790204786,
6.28318530718,8.377580409573),.UNSPECIFIED.) CURVE() 
GEOMETRIC_REPRESENTATION_ITEM() RATIONAL_B_SPLINE_CURVE((1.,0.5,1.,0.5,
1.,0.5,1.)) REPRESENTATION_ITEM('') );
#3526 = CARTESIAN_POINT('',(2.1265E+03,155.));
#3527 = CARTESIAN_POINT('',(2.1265E+03,166.25833024919));
#3528 = CARTESIAN_POINT('',(2.13625E+03,160.62916512459));
#3529 = CARTESIAN_POINT('',(2.146E+03,155.));
#3530 = CARTESIAN_POINT('',(2.13625E+03,149.3708348754));
#3531 = CARTESIAN_POINT('',(2.1265E+03,143.7416697508));
#3532 = CARTESIAN_POINT('',(2.1265E+03,155.));
#3533 = ( GEOMETRIC_REPRESENTATION_CONTEXT(2) 
PARAMETRIC_REPRESENTATION_CONTEXT() REPRESENTATION_CONTEXT('2D SPACE',''
  ) );
#3534 = PCURVE('',#1964,#3535);
#3535 = DEFINITIONAL_REPRESENTATION('',(#3536),#3540);
#3536 = LINE('',#3537,#3538);
#3537 = CARTESIAN_POINT('',(0.,10.));
#3538 = VECTOR('',#3539,1.);
#3539 = DIRECTION('',(1.,0.));
#3540 = ( GEOMETRIC_REPRESENTATION_CONTEXT(2) 
PARAMETRIC_REPRESENTATION_CONTEXT() REPRESENTATION_CONTEXT('2D SPACE',''
  ) );
#3541 = FACE_BOUND('',#3542,.F.);
#3542 = EDGE_LOOP('',(#3543));
#3543 = ORIENTED_EDGE('',*,*,#3544,.T.);
#3544 = EDGE_CURVE('',#3545,#3545,#3547,.T.);
#3545 = VERTEX_POINT('',#3546);
#3546 = CARTESIAN_POINT('',(2.5265E+03,155.,0.));
#3547 = SURFACE_CURVE('',#3548,(#3553,#3564),.PCURVE_S1.);
#3548 = CIRCLE('',#3549,6.5);
#3549 = AXIS2_PLACEMENT_3D('',#3550,#3551,#3552);
#3550 = CARTESIAN_POINT('',(2.533E+03,155.,0.));
#3551 = DIRECTION('',(0.,0.,-1.));
#3552 = DIRECTION('',(-1.,0.,0.));
#3553 = PCURVE('',#455,#3554);
#3554 = DEFINITIONAL_REPRESENTATION('',(#3555),#3563);
#3555 = ( BOUNDED_CURVE() B_SPLINE_CURVE(2,(#3556,#3557,#3558,#3559,
#3560,#3561,#3562),.UNSPECIFIED.,.T.,.F.) B_SPLINE_CURVE_WITH_KNOTS((1,2
    ,2,2,2,1),(-2.094395102393,0.,2.094395102393,4.188790204786,
6.28318530718,8.377580409573),.UNSPECIFIED.) CURVE() 
GEOMETRIC_REPRESENTATION_ITEM() RATIONAL_B_SPLINE_CURVE((1.,0.5,1.,0.5,
1.,0.5,1.)) REPRESENTATION_ITEM('') );
#3556 = CARTESIAN_POINT('',(2.5265E+03,155.));
#3557 = CARTESIAN_POINT('',(2.5265E+03,166.25833024919));
#3558 = CARTESIAN_POINT('',(2.53625E+03,160.62916512459));
#3559 = CARTESIAN_POINT('',(2.546E+03,155.));
#3560 = CARTESIAN_POINT('',(2.53625E+03,149.3708348754));
#3561 = CARTESIAN_POINT('',(2.5265E+03,143.7416697508));
#3562 = CARTESIAN_POINT('',(2.5265E+03,155.));
#3563 = ( GEOMETRIC_REPRESENTATION_CONTEXT(2) 
PARAMETRIC_REPRESENTATION_CONTEXT() REPRESENTATION_CONTEXT('2D SPACE',''
  ) );
#3564 = PCURVE('',#1999,#3565);
#3565 = DEFINITIONAL_REPRESENTATION('',(#3566),#3570);
#3566 = LINE('',#3567,#3568);
#3567 = CARTESIAN_POINT('',(0.,10.));
#3568 = VECTOR('',#3569,1.);
#3569 = DIRECTION('',(1.,0.));
#3570 = ( GEOMETRIC_REPRESENTATION_CONTEXT(2) 
PARAMETRIC_REPRESENTATION_CONTEXT() REPRESENTATION_CONTEXT('2D SPACE',''
  ) );
#3571 = FACE_BOUND('',#3572,.F.);
#3572 = EDGE_LOOP('',(#3573));
#3573 = ORIENTED_EDGE('',*,*,#3574,.T.);
#3574 = EDGE_CURVE('',#3575,#3575,#3577,.T.);
#3575 = VERTEX_POINT('',#3576);
#3576 = CARTESIAN_POINT('',(2.7765E+03,155.,0.));
#3577 = SURFACE_CURVE('',#3578,(#3583,#3594),.PCURVE_S1.);
#3578 = CIRCLE('',#3579,6.5);
#3579 = AXIS2_PLACEMENT_3D('',#3580,#3581,#3582);
#3580 = CARTESIAN_POINT('',(2.783E+03,155.,0.));
#3581 = DIRECTION('',(0.,0.,-1.));
#3582 = DIRECTION('',(-1.,0.,0.));
#3583 = PCURVE('',#455,#3584);
#3584 = DEFINITIONAL_REPRESENTATION('',(#3585),#3593);
#3585 = ( BOUNDED_CURVE() B_SPLINE_CURVE(2,(#3586,#3587,#3588,#3589,
#3590,#3591,#3592),.UNSPECIFIED.,.T.,.F.) B_SPLINE_CURVE_WITH_KNOTS((1,2
    ,2,2,2,1),(-2.094395102393,0.,2.094395102393,4.188790204786,
6.28318530718,8.377580409573),.UNSPECIFIED.) CURVE() 
GEOMETRIC_REPRESENTATION_ITEM() RATIONAL_B_SPLINE_CURVE((1.,0.5,1.,0.5,
1.,0.5,1.)) REPRESENTATION_ITEM('') );
#3586 = CARTESIAN_POINT('',(2.7765E+03,155.));
#3587 = CARTESIAN_POINT('',(2.7765E+03,166.25833024919));
#3588 = CARTESIAN_POINT('',(2.78625E+03,160.62916512459));
#3589 = CARTESIAN_POINT('',(2.796E+03,155.));
#3590 = CARTESIAN_POINT('',(2.78625E+03,149.3708348754));
#3591 = CARTESIAN_POINT('',(2.7765E+03,143.7416697508));
#3592 = CARTESIAN_POINT('',(2.7765E+03,155.));
#3593 = ( GEOMETRIC_REPRESENTATION_CONTEXT(2) 
PARAMETRIC_REPRESENTATION_CONTEXT() REPRESENTATION_CONTEXT('2D SPACE',''
  ) );
#3594 = PCURVE('',#2034,#3595);
#3595 = DEFINITIONAL_REPRESENTATION('',(#3596),#3600);
#3596 = LINE('',#3597,#3598);
#3597 = CARTESIAN_POINT('',(0.,10.));
#3598 = VECTOR('',#3599,1.);
#3599 = DIRECTION('',(1.,0.));
#3600 = ( GEOMETRIC_REPRESENTATION_CONTEXT(2) 
PARAMETRIC_REPRESENTATION_CONTEXT() REPRESENTATION_CONTEXT('2D SPACE',''
  ) );
#3601 = FACE_BOUND('',#3602,.F.);
#3602 = EDGE_LOOP('',(#3603));
#3603 = ORIENTED_EDGE('',*,*,#3604,.T.);
#3604 = EDGE_CURVE('',#3605,#3605,#3607,.T.);
#3605 = VERTEX_POINT('',#3606);
#3606 = CARTESIAN_POINT('',(2.8765E+03,155.,0.));
#3607 = SURFACE_CURVE('',#3608,(#3613,#3624),.PCURVE_S1.);
#3608 = CIRCLE('',#3609,6.5);
#3609 = AXIS2_PLACEMENT_3D('',#3610,#3611,#3612);
#3610 = CARTESIAN_POINT('',(2.883E+03,155.,0.));
#3611 = DIRECTION('',(0.,0.,-1.));
#3612 = DIRECTION('',(-1.,0.,0.));
#3613 = PCURVE('',#455,#3614);
#3614 = DEFINITIONAL_REPRESENTATION('',(#3615),#3623);
#3615 = ( BOUNDED_CURVE() B_SPLINE_CURVE(2,(#3616,#3617,#3618,#3619,
#3620,#3621,#3622),.UNSPECIFIED.,.T.,.F.) B_SPLINE_CURVE_WITH_KNOTS((1,2
    ,2,2,2,1),(-2.094395102393,0.,2.094395102393,4.188790204786,
6.28318530718,8.377580409573),.UNSPECIFIED.) CURVE() 
GEOMETRIC_REPRESENTATION_ITEM() RATIONAL_B_SPLINE_CURVE((1.,0.5,1.,0.5,
1.,0.5,1.)) REPRESENTATION_ITEM('') );
#3616 = CARTESIAN_POINT('',(2.8765E+03,155.));
#3617 = CARTESIAN_POINT('',(2.8765E+03,166.25833024919));
#3618 = CARTESIAN_POINT('',(2.88625E+03,160.62916512459));
#3619 = CARTESIAN_POINT('',(2.896E+03,155.));
#3620 = CARTESIAN_POINT('',(2.88625E+03,149.3708348754));
#3621 = CARTESIAN_POINT('',(2.8765E+03,143.7416697508));
#3622 = CARTESIAN_POINT('',(2.8765E+03,155.));
#3623 = ( GEOMETRIC_REPRESENTATION_CONTEXT(2) 
PARAMETRIC_REPRESENTATION_CONTEXT() REPRESENTATION_CONTEXT('2D SPACE',''
  ) );
#3624 = PCURVE('',#2069,#3625);
#3625 = DEFINITIONAL_REPRESENTATION('',(#3626),#3630);
#3626 = LINE('',#3627,#3628);
#3627 = CARTESIAN_POINT('',(0.,10.));
#3628 = VECTOR('',#3629,1.);
#3629 = DIRECTION('',(1.,0.));
#3630 = ( GEOMETRIC_REPRESENTATION_CONTEXT(2) 
PARAMETRIC_REPRESENTATION_CONTEXT() REPRESENTATION_CONTEXT('2D SPACE',''
  ) );
#3631 = FACE_BOUND('',#3632,.F.);
#3632 = EDGE_LOOP('',(#3633));
#3633 = ORIENTED_EDGE('',*,*,#3634,.T.);
#3634 = EDGE_CURVE('',#3635,#3635,#3637,.T.);
#3635 = VERTEX_POINT('',#3636);
#3636 = CARTESIAN_POINT('',(2.9765E+03,155.,0.));
#3637 = SURFACE_CURVE('',#3638,(#3643,#3654),.PCURVE_S1.);
#3638 = CIRCLE('',#3639,6.5);
#3639 = AXIS2_PLACEMENT_3D('',#3640,#3641,#3642);
#3640 = CARTESIAN_POINT('',(2.983E+03,155.,0.));
#3641 = DIRECTION('',(0.,0.,-1.));
#3642 = DIRECTION('',(-1.,0.,0.));
#3643 = PCURVE('',#455,#3644);
#3644 = DEFINITIONAL_REPRESENTATION('',(#3645),#3653);
#3645 = ( BOUNDED_CURVE() B_SPLINE_CURVE(2,(#3646,#3647,#3648,#3649,
#3650,#3651,#3652),.UNSPECIFIED.,.T.,.F.) B_SPLINE_CURVE_WITH_KNOTS((1,2
    ,2,2,2,1),(-2.094395102393,0.,2.094395102393,4.188790204786,
6.28318530718,8.377580409573),.UNSPECIFIED.) CURVE() 
GEOMETRIC_REPRESENTATION_ITEM() RATIONAL_B_SPLINE_CURVE((1.,0.5,1.,0.5,
1.,0.5,1.)) REPRESENTATION_ITEM('') );
#3646 = CARTESIAN_POINT('',(2.9765E+03,155.));
#3647 = CARTESIAN_POINT('',(2.9765E+03,166.25833024919));
#3648 = CARTESIAN_POINT('',(2.98625E+03,160.62916512459));
#3649 = CARTESIAN_POINT('',(2.996E+03,155.));
#3650 = CARTESIAN_POINT('',(2.98625E+03,149.3708348754));
#3651 = CARTESIAN_POINT('',(2.9765E+03,143.7416697508));
#3652 = CARTESIAN_POINT('',(2.9765E+03,155.));
#3653 = ( GEOMETRIC_REPRESENTATION_CONTEXT(2) 
PARAMETRIC_REPRESENTATION_CONTEXT() REPRESENTATION_CONTEXT('2D SPACE',''
  ) );
#3654 = PCURVE('',#2104,#3655);
#3655 = DEFINITIONAL_REPRESENTATION('',(#3656),#3660);
#3656 = LINE('',#3657,#3658);
#3657 = CARTESIAN_POINT('',(0.,10.));
#3658 = VECTOR('',#3659,1.);
#3659 = DIRECTION('',(1.,0.));
#3660 = ( GEOMETRIC_REPRESENTATION_CONTEXT(2) 
PARAMETRIC_REPRESENTATION_CONTEXT() REPRESENTATION_CONTEXT('2D SPACE',''
  ) );
#3661 = FACE_BOUND('',#3662,.F.);
#3662 = EDGE_LOOP('',(#3663));
#3663 = ORIENTED_EDGE('',*,*,#3664,.T.);
#3664 = EDGE_CURVE('',#3665,#3665,#3667,.T.);
#3665 = VERTEX_POINT('',#3666);
#3666 = CARTESIAN_POINT('',(3.0765E+03,155.,0.));
#3667 = SURFACE_CURVE('',#3668,(#3673,#3684),.PCURVE_S1.);
#3668 = CIRCLE('',#3669,6.5);
#3669 = AXIS2_PLACEMENT_3D('',#3670,#3671,#3672);
#3670 = CARTESIAN_POINT('',(3.083E+03,155.,0.));
#3671 = DIRECTION('',(0.,0.,-1.));
#3672 = DIRECTION('',(-1.,0.,0.));
#3673 = PCURVE('',#455,#3674);
#3674 = DEFINITIONAL_REPRESENTATION('',(#3675),#3683);
#3675 = ( BOUNDED_CURVE() B_SPLINE_CURVE(2,(#3676,#3677,#3678,#3679,
#3680,#3681,#3682),.UNSPECIFIED.,.T.,.F.) B_SPLINE_CURVE_WITH_KNOTS((1,2
    ,2,2,2,1),(-2.094395102393,0.,2.094395102393,4.188790204786,
6.28318530718,8.377580409573),.UNSPECIFIED.) CURVE() 
GEOMETRIC_REPRESENTATION_ITEM() RATIONAL_B_SPLINE_CURVE((1.,0.5,1.,0.5,
1.,0.5,1.)) REPRESENTATION_ITEM('') );
#3676 = CARTESIAN_POINT('',(3.0765E+03,155.));
#3677 = CARTESIAN_POINT('',(3.0765E+03,166.25833024919));
#3678 = CARTESIAN_POINT('',(3.08625E+03,160.62916512459));
#3679 = CARTESIAN_POINT('',(3.096E+03,155.));
#3680 = CARTESIAN_POINT('',(3.08625E+03,149.3708348754));
#3681 = CARTESIAN_POINT('',(3.0765E+03,143.7416697508));
#3682 = CARTESIAN_POINT('',(3.0765E+03,155.));
#3683 = ( GEOMETRIC_REPRESENTATION_CONTEXT(2) 
PARAMETRIC_REPRESENTATION_CONTEXT() REPRESENTATION_CONTEXT('2D SPACE',''
  ) );
#3684 = PCURVE('',#2139,#3685);
#3685 = DEFINITIONAL_REPRESENTATION('',(#3686),#3690);
#3686 = LINE('',#3687,#3688);
#3687 = CARTESIAN_POINT('',(0.,10.));
#3688 = VECTOR('',#3689,1.);
#3689 = DIRECTION('',(1.,0.));
#3690 = ( GEOMETRIC_REPRESENTATION_CONTEXT(2) 
PARAMETRIC_REPRESENTATION_CONTEXT() REPRESENTATION_CONTEXT('2D SPACE',''
  ) );
#3691 = FACE_BOUND('',#3692,.F.);
#3692 = EDGE_LOOP('',(#3693));
#3693 = ORIENTED_EDGE('',*,*,#3694,.T.);
#3694 = EDGE_CURVE('',#3695,#3695,#3697,.T.);
#3695 = VERTEX_POINT('',#3696);
#3696 = CARTESIAN_POINT('',(3.1765E+03,155.,0.));
#3697 = SURFACE_CURVE('',#3698,(#3703,#3714),.PCURVE_S1.);
#3698 = CIRCLE('',#3699,6.5);
#3699 = AXIS2_PLACEMENT_3D('',#3700,#3701,#3702);
#3700 = CARTESIAN_POINT('',(3.183E+03,155.,0.));
#3701 = DIRECTION('',(0.,0.,-1.));
#3702 = DIRECTION('',(-1.,0.,0.));
#3703 = PCURVE('',#455,#3704);
#3704 = DEFINITIONAL_REPRESENTATION('',(#3705),#3713);
#3705 = ( BOUNDED_CURVE() B_SPLINE_CURVE(2,(#3706,#3707,#3708,#3709,
#3710,#3711,#3712),.UNSPECIFIED.,.T.,.F.) B_SPLINE_CURVE_WITH_KNOTS((1,2
    ,2,2,2,1),(-2.094395102393,0.,2.094395102393,4.188790204786,
6.28318530718,8.377580409573),.UNSPECIFIED.) CURVE() 
GEOMETRIC_REPRESENTATION_ITEM() RATIONAL_B_SPLINE_CURVE((1.,0.5,1.,0.5,
1.,0.5,1.)) REPRESENTATION_ITEM('') );
#3706 = CARTESIAN_POINT('',(3.1765E+03,155.));
#3707 = CARTESIAN_POINT('',(3.1765E+03,166.25833024919));
#3708 = CARTESIAN_POINT('',(3.18625E+03,160.62916512459));
#3709 = CARTESIAN_POINT('',(3.196E+03,155.));
#3710 = CARTESIAN_POINT('',(3.18625E+03,149.3708348754));
#3711 = CARTESIAN_POINT('',(3.1765E+03,143.7416697508));
#3712 = CARTESIAN_POINT('',(3.1765E+03,155.));
#3713 = ( GEOMETRIC_REPRESENTATION_CONTEXT(2) 
PARAMETRIC_REPRESENTATION_CONTEXT() REPRESENTATION_CONTEXT('2D SPACE',''
  ) );
#3714 = PCURVE('',#2174,#3715);
#3715 = DEFINITIONAL_REPRESENTATION('',(#3716),#3720);
#3716 = LINE('',#3717,#3718);
#3717 = CARTESIAN_POINT('',(0.,10.));
#3718 = VECTOR('',#3719,1.);
#3719 = DIRECTION('',(1.,0.));
#3720 = ( GEOMETRIC_REPRESENTATION_CONTEXT(2) 
PARAMETRIC_REPRESENTATION_CONTEXT() REPRESENTATION_CONTEXT('2D SPACE',''
  ) );
#3721 = FACE_BOUND('',#3722,.F.);
#3722 = EDGE_LOOP('',(#3723));
#3723 = ORIENTED_EDGE('',*,*,#3724,.T.);
#3724 = EDGE_CURVE('',#3725,#3725,#3727,.T.);
#3725 = VERTEX_POINT('',#3726);
#3726 = CARTESIAN_POINT('',(3.2765E+03,155.,0.));
#3727 = SURFACE_CURVE('',#3728,(#3733,#3744),.PCURVE_S1.);
#3728 = CIRCLE('',#3729,6.5);
#3729 = AXIS2_PLACEMENT_3D('',#3730,#3731,#3732);
#3730 = CARTESIAN_POINT('',(3.283E+03,155.,0.));
#3731 = DIRECTION('',(0.,0.,-1.));
#3732 = DIRECTION('',(-1.,0.,0.));
#3733 = PCURVE('',#455,#3734);
#3734 = DEFINITIONAL_REPRESENTATION('',(#3735),#3743);
#3735 = ( BOUNDED_CURVE() B_SPLINE_CURVE(2,(#3736,#3737,#3738,#3739,
#3740,#3741,#3742),.UNSPECIFIED.,.T.,.F.) B_SPLINE_CURVE_WITH_KNOTS((1,2
    ,2,2,2,1),(-2.094395102393,0.,2.094395102393,4.188790204786,
6.28318530718,8.377580409573),.UNSPECIFIED.) CURVE() 
GEOMETRIC_REPRESENTATION_ITEM() RATIONAL_B_SPLINE_CURVE((1.,0.5,1.,0.5,
1.,0.5,1.)) REPRESENTATION_ITEM('') );
#3736 = CARTESIAN_POINT('',(3.2765E+03,155.));
#3737 = CARTESIAN_POINT('',(3.2765E+03,166.25833024919));
#3738 = CARTESIAN_POINT('',(3.28625E+03,160.62916512459));
#3739 = CARTESIAN_POINT('',(3.296E+03,155.));
#3740 = CARTESIAN_POINT('',(3.28625E+03,149.3708348754));
#3741 = CARTESIAN_POINT('',(3.2765E+03,143.7416697508));
#3742 = CARTESIAN_POINT('',(3.2765E+03,155.));
#3743 = ( GEOMETRIC_REPRESENTATION_CONTEXT(2) 
PARAMETRIC_REPRESENTATION_CONTEXT() REPRESENTATION_CONTEXT('2D SPACE',''
  ) );
#3744 = PCURVE('',#2209,#3745);
#3745 = DEFINITIONAL_REPRESENTATION('',(#3746),#3750);
#3746 = LINE('',#3747,#3748);
#3747 = CARTESIAN_POINT('',(0.,10.));
#3748 = VECTOR('',#3749,1.);
#3749 = DIRECTION('',(1.,0.));
#3750 = ( GEOMETRIC_REPRESENTATION_CONTEXT(2) 
PARAMETRIC_REPRESENTATION_CONTEXT() REPRESENTATION_CONTEXT('2D SPACE',''
  ) );
#3751 = FACE_BOUND('',#3752,.F.);
#3752 = EDGE_LOOP('',(#3753));
#3753 = ORIENTED_EDGE('',*,*,#3754,.T.);
#3754 = EDGE_CURVE('',#3755,#3755,#3757,.T.);
#3755 = VERTEX_POINT('',#3756);
#3756 = CARTESIAN_POINT('',(3.3765E+03,155.,0.));
#3757 = SURFACE_CURVE('',#3758,(#3763,#3774),.PCURVE_S1.);
#3758 = CIRCLE('',#3759,6.5);
#3759 = AXIS2_PLACEMENT_3D('',#3760,#3761,#3762);
#3760 = CARTESIAN_POINT('',(3.383E+03,155.,0.));
#3761 = DIRECTION('',(0.,0.,-1.));
#3762 = DIRECTION('',(-1.,0.,0.));
#3763 = PCURVE('',#455,#3764);
#3764 = DEFINITIONAL_REPRESENTATION('',(#3765),#3773);
#3765 = ( BOUNDED_CURVE() B_SPLINE_CURVE(2,(#3766,#3767,#3768,#3769,
#3770,#3771,#3772),.UNSPECIFIED.,.T.,.F.) B_SPLINE_CURVE_WITH_KNOTS((1,2
    ,2,2,2,1),(-2.094395102393,0.,2.094395102393,4.188790204786,
6.28318530718,8.377580409573),.UNSPECIFIED.) CURVE() 
GEOMETRIC_REPRESENTATION_ITEM() RATIONAL_B_SPLINE_CURVE((1.,0.5,1.,0.5,
1.,0.5,1.)) REPRESENTATION_ITEM('') );
#3766 = CARTESIAN_POINT('',(3.3765E+03,155.));
#3767 = CARTESIAN_POINT('',(3.3765E+03,166.25833024919));
#3768 = CARTESIAN_POINT('',(3.38625E+03,160.62916512459));
#3769 = CARTESIAN_POINT('',(3.396E+03,155.));
#3770 = CARTESIAN_POINT('',(3.38625E+03,149.3708348754));
#3771 = CARTESIAN_POINT('',(3.3765E+03,143.7416697508));
#3772 = CARTESIAN_POINT('',(3.3765E+03,155.));
#3773 = ( GEOMETRIC_REPRESENTATION_CONTEXT(2) 
PARAMETRIC_REPRESENTATION_CONTEXT() REPRESENTATION_CONTEXT('2D SPACE',''
  ) );
#3774 = PCURVE('',#2244,#3775);
#3775 = DEFINITIONAL_REPRESENTATION('',(#3776),#3780);
#3776 = LINE('',#3777,#3778);
#3777 = CARTESIAN_POINT('',(0.,10.));
#3778 = VECTOR('',#3779,1.);
#3779 = DIRECTION('',(1.,0.));
#3780 = ( GEOMETRIC_REPRESENTATION_CONTEXT(2) 
PARAMETRIC_REPRESENTATION_CONTEXT() REPRESENTATION_CONTEXT('2D SPACE',''
  ) );
#3781 = FACE_BOUND('',#3782,.F.);
#3782 = EDGE_LOOP('',(#3783));
#3783 = ORIENTED_EDGE('',*,*,#3784,.T.);
#3784 = EDGE_CURVE('',#3785,#3785,#3787,.T.);
#3785 = VERTEX_POINT('',#3786);
#3786 = CARTESIAN_POINT('',(3.4765E+03,155.,0.));
#3787 = SURFACE_CURVE('',#3788,(#3793,#3804),.PCURVE_S1.);
#3788 = CIRCLE('',#3789,6.5);
#3789 = AXIS2_PLACEMENT_3D('',#3790,#3791,#3792);
#3790 = CARTESIAN_POINT('',(3.483E+03,155.,0.));
#3791 = DIRECTION('',(0.,0.,-1.));
#3792 = DIRECTION('',(-1.,0.,0.));
#3793 = PCURVE('',#455,#3794);
#3794 = DEFINITIONAL_REPRESENTATION('',(#3795),#3803);
#3795 = ( BOUNDED_CURVE() B_SPLINE_CURVE(2,(#3796,#3797,#3798,#3799,
#3800,#3801,#3802),.UNSPECIFIED.,.T.,.F.) B_SPLINE_CURVE_WITH_KNOTS((1,2
    ,2,2,2,1),(-2.094395102393,0.,2.094395102393,4.188790204786,
6.28318530718,8.377580409573),.UNSPECIFIED.) CURVE() 
GEOMETRIC_REPRESENTATION_ITEM() RATIONAL_B_SPLINE_CURVE((1.,0.5,1.,0.5,
1.,0.5,1.)) REPRESENTATION_ITEM('') );
#3796 = CARTESIAN_POINT('',(3.4765E+03,155.));
#3797 = CARTESIAN_POINT('',(3.4765E+03,166.25833024919));
#3798 = CARTESIAN_POINT('',(3.48625E+03,160.62916512459));
#3799 = CARTESIAN_POINT('',(3.496E+03,155.));
#3800 = CARTESIAN_POINT('',(3.48625E+03,149.3708348754));
#3801 = CARTESIAN_POINT('',(3.4765E+03,143.7416697508));
#3802 = CARTESIAN_POINT('',(3.4765E+03,155.));
#3803 = ( GEOMETRIC_REPRESENTATION_CONTEXT(2) 
PARAMETRIC_REPRESENTATION_CONTEXT() REPRESENTATION_CONTEXT('2D SPACE',''
  ) );
#3804 = PCURVE('',#2279,#3805);
#3805 = DEFINITIONAL_REPRESENTATION('',(#3806),#3810);
#3806 = LINE('',#3807,#3808);
#3807 = CARTESIAN_POINT('',(0.,10.));
#3808 = VECTOR('',#3809,1.);
#3809 = DIRECTION('',(1.,0.));
#3810 = ( GEOMETRIC_REPRESENTATION_CONTEXT(2) 
PARAMETRIC_REPRESENTATION_CONTEXT() REPRESENTATION_CONTEXT('2D SPACE',''
  ) );
#3811 = FACE_BOUND('',#3812,.F.);
#3812 = EDGE_LOOP('',(#3813));
#3813 = ORIENTED_EDGE('',*,*,#3814,.T.);
#3814 = EDGE_CURVE('',#3815,#3815,#3817,.T.);
#3815 = VERTEX_POINT('',#3816);
#3816 = CARTESIAN_POINT('',(3.5765E+03,155.,0.));
#3817 = SURFACE_CURVE('',#3818,(#3823,#3834),.PCURVE_S1.);
#3818 = CIRCLE('',#3819,6.5);
#3819 = AXIS2_PLACEMENT_3D('',#3820,#3821,#3822);
#3820 = CARTESIAN_POINT('',(3.583E+03,155.,0.));
#3821 = DIRECTION('',(0.,0.,-1.));
#3822 = DIRECTION('',(-1.,0.,0.));
#3823 = PCURVE('',#455,#3824);
#3824 = DEFINITIONAL_REPRESENTATION('',(#3825),#3833);
#3825 = ( BOUNDED_CURVE() B_SPLINE_CURVE(2,(#3826,#3827,#3828,#3829,
#3830,#3831,#3832),.UNSPECIFIED.,.T.,.F.) B_SPLINE_CURVE_WITH_KNOTS((1,2
    ,2,2,2,1),(-2.094395102393,0.,2.094395102393,4.188790204786,
6.28318530718,8.377580409573),.UNSPECIFIED.) CURVE() 
GEOMETRIC_REPRESENTATION_ITEM() RATIONAL_B_SPLINE_CURVE((1.,0.5,1.,0.5,
1.,0.5,1.)) REPRESENTATION_ITEM('') );
#3826 = CARTESIAN_POINT('',(3.5765E+03,155.));
#3827 = CARTESIAN_POINT('',(3.5765E+03,166.25833024919));
#3828 = CARTESIAN_POINT('',(3.58625E+03,160.62916512459));
#3829 = CARTESIAN_POINT('',(3.596E+03,155.));
#3830 = CARTESIAN_POINT('',(3.58625E+03,149.3708348754));
#3831 = CARTESIAN_POINT('',(3.5765E+03,143.7416697508));
#3832 = CARTESIAN_POINT('',(3.5765E+03,155.));
#3833 = ( GEOMETRIC_REPRESENTATION_CONTEXT(2) 
PARAMETRIC_REPRESENTATION_CONTEXT() REPRESENTATION_CONTEXT('2D SPACE',''
  ) );
#3834 = PCURVE('',#2314,#3835);
#3835 = DEFINITIONAL_REPRESENTATION('',(#3836),#3840);
#3836 = LINE('',#3837,#3838);
#3837 = CARTESIAN_POINT('',(0.,10.));
#3838 = VECTOR('',#3839,1.);
#3839 = DIRECTION('',(1.,0.));
#3840 = ( GEOMETRIC_REPRESENTATION_CONTEXT(2) 
PARAMETRIC_REPRESENTATION_CONTEXT() REPRESENTATION_CONTEXT('2D SPACE',''
  ) );
#3841 = ADVANCED_FACE('',(#3842),#585,.T.);
#3842 = FACE_BOUND('',#3843,.T.);
#3843 = EDGE_LOOP('',(#3844,#3845,#3846,#3847));
#3844 = ORIENTED_EDGE('',*,*,#571,.F.);
#3845 = ORIENTED_EDGE('',*,*,#2380,.T.);
#3846 = ORIENTED_EDGE('',*,*,#2354,.T.);
#3847 = ORIENTED_EDGE('',*,*,#602,.F.);
#3848 = ADVANCED_FACE('',(#3849),#669,.F.);
#3849 = FACE_BOUND('',#3850,.F.);
#3850 = EDGE_LOOP('',(#3851,#3852,#3873,#3874));
#3851 = ORIENTED_EDGE('',*,*,#2404,.F.);
#3852 = ORIENTED_EDGE('',*,*,#3853,.F.);
#3853 = EDGE_CURVE('',#649,#2405,#3854,.T.);
#3854 = SEAM_CURVE('',#3855,(#3859,#3866),.PCURVE_S1.);
#3855 = LINE('',#3856,#3857);
#3856 = CARTESIAN_POINT('',(73.5,45.,10.));
#3857 = VECTOR('',#3858,1.);
#3858 = DIRECTION('',(0.,0.,-1.));
#3859 = PCURVE('',#669,#3860);
#3860 = DEFINITIONAL_REPRESENTATION('',(#3861),#3865);
#3861 = LINE('',#3862,#3863);
#3862 = CARTESIAN_POINT('',(0.,-0.));
#3863 = VECTOR('',#3864,1.);
#3864 = DIRECTION('',(0.,1.));
#3865 = ( GEOMETRIC_REPRESENTATION_CONTEXT(2) 
PARAMETRIC_REPRESENTATION_CONTEXT() REPRESENTATION_CONTEXT('2D SPACE',''
  ) );
#3866 = PCURVE('',#669,#3867);
#3867 = DEFINITIONAL_REPRESENTATION('',(#3868),#3872);
#3868 = LINE('',#3869,#3870);
#3869 = CARTESIAN_POINT('',(6.28318530718,-0.));
#3870 = VECTOR('',#3871,1.);
#3871 = DIRECTION('',(0.,1.));
#3872 = ( GEOMETRIC_REPRESENTATION_CONTEXT(2) 
PARAMETRIC_REPRESENTATION_CONTEXT() REPRESENTATION_CONTEXT('2D SPACE',''
  ) );
#3873 = ORIENTED_EDGE('',*,*,#648,.T.);
#3874 = ORIENTED_EDGE('',*,*,#3853,.T.);
#3875 = ADVANCED_FACE('',(#3876),#704,.F.);
#3876 = FACE_BOUND('',#3877,.F.);
#3877 = EDGE_LOOP('',(#3878,#3879,#3900,#3901));
#3878 = ORIENTED_EDGE('',*,*,#2434,.F.);
#3879 = ORIENTED_EDGE('',*,*,#3880,.F.);
#3880 = EDGE_CURVE('',#684,#2435,#3881,.T.);
#3881 = SEAM_CURVE('',#3882,(#3886,#3893),.PCURVE_S1.);
#3882 = LINE('',#3883,#3884);
#3883 = CARTESIAN_POINT('',(153.5,45.,10.));
#3884 = VECTOR('',#3885,1.);
#3885 = DIRECTION('',(0.,0.,-1.));
#3886 = PCURVE('',#704,#3887);
#3887 = DEFINITIONAL_REPRESENTATION('',(#3888),#3892);
#3888 = LINE('',#3889,#3890);
#3889 = CARTESIAN_POINT('',(0.,-0.));
#3890 = VECTOR('',#3891,1.);
#3891 = DIRECTION('',(0.,1.));
#3892 = ( GEOMETRIC_REPRESENTATION_CONTEXT(2) 
PARAMETRIC_REPRESENTATION_CONTEXT() REPRESENTATION_CONTEXT('2D SPACE',''
  ) );
#3893 = PCURVE('',#704,#3894);
#3894 = DEFINITIONAL_REPRESENTATION('',(#3895),#3899);
#3895 = LINE('',#3896,#3897);
#3896 = CARTESIAN_POINT('',(6.28318530718,-0.));
#3897 = VECTOR('',#3898,1.);
#3898 = DIRECTION('',(0.,1.));
#3899 = ( GEOMETRIC_REPRESENTATION_CONTEXT(2) 
PARAMETRIC_REPRESENTATION_CONTEXT() REPRESENTATION_CONTEXT('2D SPACE',''
  ) );
#3900 = ORIENTED_EDGE('',*,*,#683,.T.);
#3901 = ORIENTED_EDGE('',*,*,#3880,.T.);
#3902 = ADVANCED_FACE('',(#3903),#739,.F.);
#3903 = FACE_BOUND('',#3904,.F.);
#3904 = EDGE_LOOP('',(#3905,#3906,#3927,#3928));
#3905 = ORIENTED_EDGE('',*,*,#2464,.F.);
#3906 = ORIENTED_EDGE('',*,*,#3907,.F.);
#3907 = EDGE_CURVE('',#719,#2465,#3908,.T.);
#3908 = SEAM_CURVE('',#3909,(#3913,#3920),.PCURVE_S1.);
#3909 = LINE('',#3910,#3911);
#3910 = CARTESIAN_POINT('',(233.5,45.,10.));
#3911 = VECTOR('',#3912,1.);
#3912 = DIRECTION('',(0.,0.,-1.));
#3913 = PCURVE('',#739,#3914);
#3914 = DEFINITIONAL_REPRESENTATION('',(#3915),#3919);
#3915 = LINE('',#3916,#3917);
#3916 = CARTESIAN_POINT('',(0.,-0.));
#3917 = VECTOR('',#3918,1.);
#3918 = DIRECTION('',(0.,1.));
#3919 = ( GEOMETRIC_REPRESENTATION_CONTEXT(2) 
PARAMETRIC_REPRESENTATION_CONTEXT() REPRESENTATION_CONTEXT('2D SPACE',''
  ) );
#3920 = PCURVE('',#739,#3921);
#3921 = DEFINITIONAL_REPRESENTATION('',(#3922),#3926);
#3922 = LINE('',#3923,#3924);
#3923 = CARTESIAN_POINT('',(6.28318530718,-0.));
#3924 = VECTOR('',#3925,1.);
#3925 = DIRECTION('',(0.,1.));
#3926 = ( GEOMETRIC_REPRESENTATION_CONTEXT(2) 
PARAMETRIC_REPRESENTATION_CONTEXT() REPRESENTATION_CONTEXT('2D SPACE',''
  ) );
#3927 = ORIENTED_EDGE('',*,*,#718,.T.);
#3928 = ORIENTED_EDGE('',*,*,#3907,.T.);
#3929 = ADVANCED_FACE('',(#3930),#774,.F.);
#3930 = FACE_BOUND('',#3931,.F.);
#3931 = EDGE_LOOP('',(#3932,#3933,#3954,#3955));
#3932 = ORIENTED_EDGE('',*,*,#2494,.F.);
#3933 = ORIENTED_EDGE('',*,*,#3934,.F.);
#3934 = EDGE_CURVE('',#754,#2495,#3935,.T.);
#3935 = SEAM_CURVE('',#3936,(#3940,#3947),.PCURVE_S1.);
#3936 = LINE('',#3937,#3938);
#3937 = CARTESIAN_POINT('',(313.5,45.,10.));
#3938 = VECTOR('',#3939,1.);
#3939 = DIRECTION('',(0.,0.,-1.));
#3940 = PCURVE('',#774,#3941);
#3941 = DEFINITIONAL_REPRESENTATION('',(#3942),#3946);
#3942 = LINE('',#3943,#3944);
#3943 = CARTESIAN_POINT('',(0.,-0.));
#3944 = VECTOR('',#3945,1.);
#3945 = DIRECTION('',(0.,1.));
#3946 = ( GEOMETRIC_REPRESENTATION_CONTEXT(2) 
PARAMETRIC_REPRESENTATION_CONTEXT() REPRESENTATION_CONTEXT('2D SPACE',''
  ) );
#3947 = PCURVE('',#774,#3948);
#3948 = DEFINITIONAL_REPRESENTATION('',(#3949),#3953);
#3949 = LINE('',#3950,#3951);
#3950 = CARTESIAN_POINT('',(6.28318530718,-0.));
#3951 = VECTOR('',#3952,1.);
#3952 = DIRECTION('',(0.,1.));
#3953 = ( GEOMETRIC_REPRESENTATION_CONTEXT(2) 
PARAMETRIC_REPRESENTATION_CONTEXT() REPRESENTATION_CONTEXT('2D SPACE',''
  ) );
#3954 = ORIENTED_EDGE('',*,*,#753,.T.);
#3955 = ORIENTED_EDGE('',*,*,#3934,.T.);
#3956 = ADVANCED_FACE('',(#3957),#809,.F.);
#3957 = FACE_BOUND('',#3958,.F.);
#3958 = EDGE_LOOP('',(#3959,#3960,#3981,#3982));
#3959 = ORIENTED_EDGE('',*,*,#2524,.F.);
#3960 = ORIENTED_EDGE('',*,*,#3961,.F.);
#3961 = EDGE_CURVE('',#789,#2525,#3962,.T.);
#3962 = SEAM_CURVE('',#3963,(#3967,#3974),.PCURVE_S1.);
#3963 = LINE('',#3964,#3965);
#3964 = CARTESIAN_POINT('',(393.5,45.,10.));
#3965 = VECTOR('',#3966,1.);
#3966 = DIRECTION('',(0.,0.,-1.));
#3967 = PCURVE('',#809,#3968);
#3968 = DEFINITIONAL_REPRESENTATION('',(#3969),#3973);
#3969 = LINE('',#3970,#3971);
#3970 = CARTESIAN_POINT('',(0.,-0.));
#3971 = VECTOR('',#3972,1.);
#3972 = DIRECTION('',(0.,1.));
#3973 = ( GEOMETRIC_REPRESENTATION_CONTEXT(2) 
PARAMETRIC_REPRESENTATION_CONTEXT() REPRESENTATION_CONTEXT('2D SPACE',''
  ) );
#3974 = PCURVE('',#809,#3975);
#3975 = DEFINITIONAL_REPRESENTATION('',(#3976),#3980);
#3976 = LINE('',#3977,#3978);
#3977 = CARTESIAN_POINT('',(6.28318530718,-0.));
#3978 = VECTOR('',#3979,1.);
#3979 = DIRECTION('',(0.,1.));
#3980 = ( GEOMETRIC_REPRESENTATION_CONTEXT(2) 
PARAMETRIC_REPRESENTATION_CONTEXT() REPRESENTATION_CONTEXT('2D SPACE',''
  ) );
#3981 = ORIENTED_EDGE('',*,*,#788,.T.);
#3982 = ORIENTED_EDGE('',*,*,#3961,.T.);
#3983 = ADVANCED_FACE('',(#3984),#844,.F.);
#3984 = FACE_BOUND('',#3985,.F.);
#3985 = EDGE_LOOP('',(#3986,#3987,#4008,#4009));
#3986 = ORIENTED_EDGE('',*,*,#2554,.F.);
#3987 = ORIENTED_EDGE('',*,*,#3988,.F.);
#3988 = EDGE_CURVE('',#824,#2555,#3989,.T.);
#3989 = SEAM_CURVE('',#3990,(#3994,#4001),.PCURVE_S1.);
#3990 = LINE('',#3991,#3992);
#3991 = CARTESIAN_POINT('',(473.5,45.,10.));
#3992 = VECTOR('',#3993,1.);
#3993 = DIRECTION('',(0.,0.,-1.));
#3994 = PCURVE('',#844,#3995);
#3995 = DEFINITIONAL_REPRESENTATION('',(#3996),#4000);
#3996 = LINE('',#3997,#3998);
#3997 = CARTESIAN_POINT('',(0.,-0.));
#3998 = VECTOR('',#3999,1.);
#3999 = DIRECTION('',(0.,1.));
#4000 = ( GEOMETRIC_REPRESENTATION_CONTEXT(2) 
PARAMETRIC_REPRESENTATION_CONTEXT() REPRESENTATION_CONTEXT('2D SPACE',''
  ) );
#4001 = PCURVE('',#844,#4002);
#4002 = DEFINITIONAL_REPRESENTATION('',(#4003),#4007);
#4003 = LINE('',#4004,#4005);
#4004 = CARTESIAN_POINT('',(6.28318530718,-0.));
#4005 = VECTOR('',#4006,1.);
#4006 = DIRECTION('',(0.,1.));
#4007 = ( GEOMETRIC_REPRESENTATION_CONTEXT(2) 
PARAMETRIC_REPRESENTATION_CONTEXT() REPRESENTATION_CONTEXT('2D SPACE',''
  ) );
#4008 = ORIENTED_EDGE('',*,*,#823,.T.);
#4009 = ORIENTED_EDGE('',*,*,#3988,.T.);
#4010 = ADVANCED_FACE('',(#4011),#879,.F.);
#4011 = FACE_BOUND('',#4012,.F.);
#4012 = EDGE_LOOP('',(#4013,#4014,#4035,#4036));
#4013 = ORIENTED_EDGE('',*,*,#2584,.F.);
#4014 = ORIENTED_EDGE('',*,*,#4015,.F.);
#4015 = EDGE_CURVE('',#859,#2585,#4016,.T.);
#4016 = SEAM_CURVE('',#4017,(#4021,#4028),.PCURVE_S1.);
#4017 = LINE('',#4018,#4019);
#4018 = CARTESIAN_POINT('',(588.5,45.,10.));
#4019 = VECTOR('',#4020,1.);
#4020 = DIRECTION('',(0.,0.,-1.));
#4021 = PCURVE('',#879,#4022);
#4022 = DEFINITIONAL_REPRESENTATION('',(#4023),#4027);
#4023 = LINE('',#4024,#4025);
#4024 = CARTESIAN_POINT('',(0.,-0.));
#4025 = VECTOR('',#4026,1.);
#4026 = DIRECTION('',(0.,1.));
#4027 = ( GEOMETRIC_REPRESENTATION_CONTEXT(2) 
PARAMETRIC_REPRESENTATION_CONTEXT() REPRESENTATION_CONTEXT('2D SPACE',''
  ) );
#4028 = PCURVE('',#879,#4029);
#4029 = DEFINITIONAL_REPRESENTATION('',(#4030),#4034);
#4030 = LINE('',#4031,#4032);
#4031 = CARTESIAN_POINT('',(6.28318530718,-0.));
#4032 = VECTOR('',#4033,1.);
#4033 = DIRECTION('',(0.,1.));
#4034 = ( GEOMETRIC_REPRESENTATION_CONTEXT(2) 
PARAMETRIC_REPRESENTATION_CONTEXT() REPRESENTATION_CONTEXT('2D SPACE',''
  ) );
#4035 = ORIENTED_EDGE('',*,*,#858,.T.);
#4036 = ORIENTED_EDGE('',*,*,#4015,.T.);
#4037 = ADVANCED_FACE('',(#4038),#914,.F.);
#4038 = FACE_BOUND('',#4039,.F.);
#4039 = EDGE_LOOP('',(#4040,#4041,#4062,#4063));
#4040 = ORIENTED_EDGE('',*,*,#2614,.F.);
#4041 = ORIENTED_EDGE('',*,*,#4042,.F.);
#4042 = EDGE_CURVE('',#894,#2615,#4043,.T.);
#4043 = SEAM_CURVE('',#4044,(#4048,#4055),.PCURVE_S1.);
#4044 = LINE('',#4045,#4046);
#4045 = CARTESIAN_POINT('',(738.5,45.,10.));
#4046 = VECTOR('',#4047,1.);
#4047 = DIRECTION('',(0.,0.,-1.));
#4048 = PCURVE('',#914,#4049);
#4049 = DEFINITIONAL_REPRESENTATION('',(#4050),#4054);
#4050 = LINE('',#4051,#4052);
#4051 = CARTESIAN_POINT('',(0.,-0.));
#4052 = VECTOR('',#4053,1.);
#4053 = DIRECTION('',(0.,1.));
#4054 = ( GEOMETRIC_REPRESENTATION_CONTEXT(2) 
PARAMETRIC_REPRESENTATION_CONTEXT() REPRESENTATION_CONTEXT('2D SPACE',''
  ) );
#4055 = PCURVE('',#914,#4056);
#4056 = DEFINITIONAL_REPRESENTATION('',(#4057),#4061);
#4057 = LINE('',#4058,#4059);
#4058 = CARTESIAN_POINT('',(6.28318530718,-0.));
#4059 = VECTOR('',#4060,1.);
#4060 = DIRECTION('',(0.,1.));
#4061 = ( GEOMETRIC_REPRESENTATION_CONTEXT(2) 
PARAMETRIC_REPRESENTATION_CONTEXT() REPRESENTATION_CONTEXT('2D SPACE',''
  ) );
#4062 = ORIENTED_EDGE('',*,*,#893,.T.);
#4063 = ORIENTED_EDGE('',*,*,#4042,.T.);
#4064 = ADVANCED_FACE('',(#4065),#949,.F.);
#4065 = FACE_BOUND('',#4066,.F.);
#4066 = EDGE_LOOP('',(#4067,#4068,#4089,#4090));
#4067 = ORIENTED_EDGE('',*,*,#2644,.F.);
#4068 = ORIENTED_EDGE('',*,*,#4069,.F.);
#4069 = EDGE_CURVE('',#929,#2645,#4070,.T.);
#4070 = SEAM_CURVE('',#4071,(#4075,#4082),.PCURVE_S1.);
#4071 = LINE('',#4072,#4073);
#4072 = CARTESIAN_POINT('',(888.5,45.,10.));
#4073 = VECTOR('',#4074,1.);
#4074 = DIRECTION('',(0.,0.,-1.));
#4075 = PCURVE('',#949,#4076);
#4076 = DEFINITIONAL_REPRESENTATION('',(#4077),#4081);
#4077 = LINE('',#4078,#4079);
#4078 = CARTESIAN_POINT('',(0.,-0.));
#4079 = VECTOR('',#4080,1.);
#4080 = DIRECTION('',(0.,1.));
#4081 = ( GEOMETRIC_REPRESENTATION_CONTEXT(2) 
PARAMETRIC_REPRESENTATION_CONTEXT() REPRESENTATION_CONTEXT('2D SPACE',''
  ) );
#4082 = PCURVE('',#949,#4083);
#4083 = DEFINITIONAL_REPRESENTATION('',(#4084),#4088);
#4084 = LINE('',#4085,#4086);
#4085 = CARTESIAN_POINT('',(6.28318530718,-0.));
#4086 = VECTOR('',#4087,1.);
#4087 = DIRECTION('',(0.,1.));
#4088 = ( GEOMETRIC_REPRESENTATION_CONTEXT(2) 
PARAMETRIC_REPRESENTATION_CONTEXT() REPRESENTATION_CONTEXT('2D SPACE',''
  ) );
#4089 = ORIENTED_EDGE('',*,*,#928,.T.);
#4090 = ORIENTED_EDGE('',*,*,#4069,.T.);
#4091 = ADVANCED_FACE('',(#4092),#984,.F.);
#4092 = FACE_BOUND('',#4093,.F.);
#4093 = EDGE_LOOP('',(#4094,#4095,#4116,#4117));
#4094 = ORIENTED_EDGE('',*,*,#2674,.F.);
#4095 = ORIENTED_EDGE('',*,*,#4096,.F.);
#4096 = EDGE_CURVE('',#964,#2675,#4097,.T.);
#4097 = SEAM_CURVE('',#4098,(#4102,#4109),.PCURVE_S1.);
#4098 = LINE('',#4099,#4100);
#4099 = CARTESIAN_POINT('',(1.0385E+03,45.,10.));
#4100 = VECTOR('',#4101,1.);
#4101 = DIRECTION('',(0.,0.,-1.));
#4102 = PCURVE('',#984,#4103);
#4103 = DEFINITIONAL_REPRESENTATION('',(#4104),#4108);
#4104 = LINE('',#4105,#4106);
#4105 = CARTESIAN_POINT('',(0.,-0.));
#4106 = VECTOR('',#4107,1.);
#4107 = DIRECTION('',(0.,1.));
#4108 = ( GEOMETRIC_REPRESENTATION_CONTEXT(2) 
PARAMETRIC_REPRESENTATION_CONTEXT() REPRESENTATION_CONTEXT('2D SPACE',''
  ) );
#4109 = PCURVE('',#984,#4110);
#4110 = DEFINITIONAL_REPRESENTATION('',(#4111),#4115);
#4111 = LINE('',#4112,#4113);
#4112 = CARTESIAN_POINT('',(6.28318530718,-0.));
#4113 = VECTOR('',#4114,1.);
#4114 = DIRECTION('',(0.,1.));
#4115 = ( GEOMETRIC_REPRESENTATION_CONTEXT(2) 
PARAMETRIC_REPRESENTATION_CONTEXT() REPRESENTATION_CONTEXT('2D SPACE',''
  ) );
#4116 = ORIENTED_EDGE('',*,*,#963,.T.);
#4117 = ORIENTED_EDGE('',*,*,#4096,.T.);
#4118 = ADVANCED_FACE('',(#4119),#1019,.F.);
#4119 = FACE_BOUND('',#4120,.F.);
#4120 = EDGE_LOOP('',(#4121,#4122,#4143,#4144));
#4121 = ORIENTED_EDGE('',*,*,#2704,.F.);
#4122 = ORIENTED_EDGE('',*,*,#4123,.F.);
#4123 = EDGE_CURVE('',#999,#2705,#4124,.T.);
#4124 = SEAM_CURVE('',#4125,(#4129,#4136),.PCURVE_S1.);
#4125 = LINE('',#4126,#4127);
#4126 = CARTESIAN_POINT('',(1.3135E+03,45.,10.));
#4127 = VECTOR('',#4128,1.);
#4128 = DIRECTION('',(0.,0.,-1.));
#4129 = PCURVE('',#1019,#4130);
#4130 = DEFINITIONAL_REPRESENTATION('',(#4131),#4135);
#4131 = LINE('',#4132,#4133);
#4132 = CARTESIAN_POINT('',(0.,-0.));
#4133 = VECTOR('',#4134,1.);
#4134 = DIRECTION('',(0.,1.));
#4135 = ( GEOMETRIC_REPRESENTATION_CONTEXT(2) 
PARAMETRIC_REPRESENTATION_CONTEXT() REPRESENTATION_CONTEXT('2D SPACE',''
  ) );
#4136 = PCURVE('',#1019,#4137);
#4137 = DEFINITIONAL_REPRESENTATION('',(#4138),#4142);
#4138 = LINE('',#4139,#4140);
#4139 = CARTESIAN_POINT('',(6.28318530718,-0.));
#4140 = VECTOR('',#4141,1.);
#4141 = DIRECTION('',(0.,1.));
#4142 = ( GEOMETRIC_REPRESENTATION_CONTEXT(2) 
PARAMETRIC_REPRESENTATION_CONTEXT() REPRESENTATION_CONTEXT('2D SPACE',''
  ) );
#4143 = ORIENTED_EDGE('',*,*,#998,.T.);
#4144 = ORIENTED_EDGE('',*,*,#4123,.T.);
#4145 = ADVANCED_FACE('',(#4146),#1054,.F.);
#4146 = FACE_BOUND('',#4147,.F.);
#4147 = EDGE_LOOP('',(#4148,#4149,#4170,#4171));
#4148 = ORIENTED_EDGE('',*,*,#2734,.F.);
#4149 = ORIENTED_EDGE('',*,*,#4150,.F.);
#4150 = EDGE_CURVE('',#1034,#2735,#4151,.T.);
#4151 = SEAM_CURVE('',#4152,(#4156,#4163),.PCURVE_S1.);
#4152 = LINE('',#4153,#4154);
#4153 = CARTESIAN_POINT('',(1.7135E+03,45.,10.));
#4154 = VECTOR('',#4155,1.);
#4155 = DIRECTION('',(0.,0.,-1.));
#4156 = PCURVE('',#1054,#4157);
#4157 = DEFINITIONAL_REPRESENTATION('',(#4158),#4162);
#4158 = LINE('',#4159,#4160);
#4159 = CARTESIAN_POINT('',(0.,-0.));
#4160 = VECTOR('',#4161,1.);
#4161 = DIRECTION('',(0.,1.));
#4162 = ( GEOMETRIC_REPRESENTATION_CONTEXT(2) 
PARAMETRIC_REPRESENTATION_CONTEXT() REPRESENTATION_CONTEXT('2D SPACE',''
  ) );
#4163 = PCURVE('',#1054,#4164);
#4164 = DEFINITIONAL_REPRESENTATION('',(#4165),#4169);
#4165 = LINE('',#4166,#4167);
#4166 = CARTESIAN_POINT('',(6.28318530718,-0.));
#4167 = VECTOR('',#4168,1.);
#4168 = DIRECTION('',(0.,1.));
#4169 = ( GEOMETRIC_REPRESENTATION_CONTEXT(2) 
PARAMETRIC_REPRESENTATION_CONTEXT() REPRESENTATION_CONTEXT('2D SPACE',''
  ) );
#4170 = ORIENTED_EDGE('',*,*,#1033,.T.);
#4171 = ORIENTED_EDGE('',*,*,#4150,.T.);
#4172 = ADVANCED_FACE('',(#4173),#1089,.F.);
#4173 = FACE_BOUND('',#4174,.F.);
#4174 = EDGE_LOOP('',(#4175,#4176,#4197,#4198));
#4175 = ORIENTED_EDGE('',*,*,#2764,.F.);
#4176 = ORIENTED_EDGE('',*,*,#4177,.F.);
#4177 = EDGE_CURVE('',#1069,#2765,#4178,.T.);
#4178 = SEAM_CURVE('',#4179,(#4183,#4190),.PCURVE_S1.);
#4179 = LINE('',#4180,#4181);
#4180 = CARTESIAN_POINT('',(1.9265E+03,45.,10.));
#4181 = VECTOR('',#4182,1.);
#4182 = DIRECTION('',(0.,0.,-1.));
#4183 = PCURVE('',#1089,#4184);
#4184 = DEFINITIONAL_REPRESENTATION('',(#4185),#4189);
#4185 = LINE('',#4186,#4187);
#4186 = CARTESIAN_POINT('',(0.,-0.));
#4187 = VECTOR('',#4188,1.);
#4188 = DIRECTION('',(0.,1.));
#4189 = ( GEOMETRIC_REPRESENTATION_CONTEXT(2) 
PARAMETRIC_REPRESENTATION_CONTEXT() REPRESENTATION_CONTEXT('2D SPACE',''
  ) );
#4190 = PCURVE('',#1089,#4191);
#4191 = DEFINITIONAL_REPRESENTATION('',(#4192),#4196);
#4192 = LINE('',#4193,#4194);
#4193 = CARTESIAN_POINT('',(6.28318530718,-0.));
#4194 = VECTOR('',#4195,1.);
#4195 = DIRECTION('',(0.,1.));
#4196 = ( GEOMETRIC_REPRESENTATION_CONTEXT(2) 
PARAMETRIC_REPRESENTATION_CONTEXT() REPRESENTATION_CONTEXT('2D SPACE',''
  ) );
#4197 = ORIENTED_EDGE('',*,*,#1068,.T.);
#4198 = ORIENTED_EDGE('',*,*,#4177,.T.);
#4199 = ADVANCED_FACE('',(#4200),#1124,.F.);
#4200 = FACE_BOUND('',#4201,.F.);
#4201 = EDGE_LOOP('',(#4202,#4203,#4224,#4225));
#4202 = ORIENTED_EDGE('',*,*,#2794,.F.);
#4203 = ORIENTED_EDGE('',*,*,#4204,.F.);
#4204 = EDGE_CURVE('',#1104,#2795,#4205,.T.);
#4205 = SEAM_CURVE('',#4206,(#4210,#4217),.PCURVE_S1.);
#4206 = LINE('',#4207,#4208);
#4207 = CARTESIAN_POINT('',(2.3265E+03,45.,10.));
#4208 = VECTOR('',#4209,1.);
#4209 = DIRECTION('',(0.,0.,-1.));
#4210 = PCURVE('',#1124,#4211);
#4211 = DEFINITIONAL_REPRESENTATION('',(#4212),#4216);
#4212 = LINE('',#4213,#4214);
#4213 = CARTESIAN_POINT('',(0.,-0.));
#4214 = VECTOR('',#4215,1.);
#4215 = DIRECTION('',(0.,1.));
#4216 = ( GEOMETRIC_REPRESENTATION_CONTEXT(2) 
PARAMETRIC_REPRESENTATION_CONTEXT() REPRESENTATION_CONTEXT('2D SPACE',''
  ) );
#4217 = PCURVE('',#1124,#4218);
#4218 = DEFINITIONAL_REPRESENTATION('',(#4219),#4223);
#4219 = LINE('',#4220,#4221);
#4220 = CARTESIAN_POINT('',(6.28318530718,-0.));
#4221 = VECTOR('',#4222,1.);
#4222 = DIRECTION('',(0.,1.));
#4223 = ( GEOMETRIC_REPRESENTATION_CONTEXT(2) 
PARAMETRIC_REPRESENTATION_CONTEXT() REPRESENTATION_CONTEXT('2D SPACE',''
  ) );
#4224 = ORIENTED_EDGE('',*,*,#1103,.T.);
#4225 = ORIENTED_EDGE('',*,*,#4204,.T.);
#4226 = ADVANCED_FACE('',(#4227),#1159,.F.);
#4227 = FACE_BOUND('',#4228,.F.);
#4228 = EDGE_LOOP('',(#4229,#4230,#4251,#4252));
#4229 = ORIENTED_EDGE('',*,*,#2824,.F.);
#4230 = ORIENTED_EDGE('',*,*,#4231,.F.);
#4231 = EDGE_CURVE('',#1139,#2825,#4232,.T.);
#4232 = SEAM_CURVE('',#4233,(#4237,#4244),.PCURVE_S1.);
#4233 = LINE('',#4234,#4235);
#4234 = CARTESIAN_POINT('',(2.7265E+03,45.,10.));
#4235 = VECTOR('',#4236,1.);
#4236 = DIRECTION('',(0.,0.,-1.));
#4237 = PCURVE('',#1159,#4238);
#4238 = DEFINITIONAL_REPRESENTATION('',(#4239),#4243);
#4239 = LINE('',#4240,#4241);
#4240 = CARTESIAN_POINT('',(0.,-0.));
#4241 = VECTOR('',#4242,1.);
#4242 = DIRECTION('',(0.,1.));
#4243 = ( GEOMETRIC_REPRESENTATION_CONTEXT(2) 
PARAMETRIC_REPRESENTATION_CONTEXT() REPRESENTATION_CONTEXT('2D SPACE',''
  ) );
#4244 = PCURVE('',#1159,#4245);
#4245 = DEFINITIONAL_REPRESENTATION('',(#4246),#4250);
#4246 = LINE('',#4247,#4248);
#4247 = CARTESIAN_POINT('',(6.28318530718,-0.));
#4248 = VECTOR('',#4249,1.);
#4249 = DIRECTION('',(0.,1.));
#4250 = ( GEOMETRIC_REPRESENTATION_CONTEXT(2) 
PARAMETRIC_REPRESENTATION_CONTEXT() REPRESENTATION_CONTEXT('2D SPACE',''
  ) );
#4251 = ORIENTED_EDGE('',*,*,#1138,.T.);
#4252 = ORIENTED_EDGE('',*,*,#4231,.T.);
#4253 = ADVANCED_FACE('',(#4254),#1194,.F.);
#4254 = FACE_BOUND('',#4255,.F.);
#4255 = EDGE_LOOP('',(#4256,#4257,#4278,#4279));
#4256 = ORIENTED_EDGE('',*,*,#2854,.F.);
#4257 = ORIENTED_EDGE('',*,*,#4258,.F.);
#4258 = EDGE_CURVE('',#1174,#2855,#4259,.T.);
#4259 = SEAM_CURVE('',#4260,(#4264,#4271),.PCURVE_S1.);
#4260 = LINE('',#4261,#4262);
#4261 = CARTESIAN_POINT('',(2.8265E+03,45.,10.));
#4262 = VECTOR('',#4263,1.);
#4263 = DIRECTION('',(0.,0.,-1.));
#4264 = PCURVE('',#1194,#4265);
#4265 = DEFINITIONAL_REPRESENTATION('',(#4266),#4270);
#4266 = LINE('',#4267,#4268);
#4267 = CARTESIAN_POINT('',(0.,-0.));
#4268 = VECTOR('',#4269,1.);
#4269 = DIRECTION('',(0.,1.));
#4270 = ( GEOMETRIC_REPRESENTATION_CONTEXT(2) 
PARAMETRIC_REPRESENTATION_CONTEXT() REPRESENTATION_CONTEXT('2D SPACE',''
  ) );
#4271 = PCURVE('',#1194,#4272);
#4272 = DEFINITIONAL_REPRESENTATION('',(#4273),#4277);
#4273 = LINE('',#4274,#4275);
#4274 = CARTESIAN_POINT('',(6.28318530718,-0.));
#4275 = VECTOR('',#4276,1.);
#4276 = DIRECTION('',(0.,1.));
#4277 = ( GEOMETRIC_REPRESENTATION_CONTEXT(2) 
PARAMETRIC_REPRESENTATION_CONTEXT() REPRESENTATION_CONTEXT('2D SPACE',''
  ) );
#4278 = ORIENTED_EDGE('',*,*,#1173,.T.);
#4279 = ORIENTED_EDGE('',*,*,#4258,.T.);
#4280 = ADVANCED_FACE('',(#4281),#1229,.F.);
#4281 = FACE_BOUND('',#4282,.F.);
#4282 = EDGE_LOOP('',(#4283,#4284,#4305,#4306));
#4283 = ORIENTED_EDGE('',*,*,#2884,.F.);
#4284 = ORIENTED_EDGE('',*,*,#4285,.F.);
#4285 = EDGE_CURVE('',#1209,#2885,#4286,.T.);
#4286 = SEAM_CURVE('',#4287,(#4291,#4298),.PCURVE_S1.);
#4287 = LINE('',#4288,#4289);
#4288 = CARTESIAN_POINT('',(2.9265E+03,45.,10.));
#4289 = VECTOR('',#4290,1.);
#4290 = DIRECTION('',(0.,0.,-1.));
#4291 = PCURVE('',#1229,#4292);
#4292 = DEFINITIONAL_REPRESENTATION('',(#4293),#4297);
#4293 = LINE('',#4294,#4295);
#4294 = CARTESIAN_POINT('',(0.,-0.));
#4295 = VECTOR('',#4296,1.);
#4296 = DIRECTION('',(0.,1.));
#4297 = ( GEOMETRIC_REPRESENTATION_CONTEXT(2) 
PARAMETRIC_REPRESENTATION_CONTEXT() REPRESENTATION_CONTEXT('2D SPACE',''
  ) );
#4298 = PCURVE('',#1229,#4299);
#4299 = DEFINITIONAL_REPRESENTATION('',(#4300),#4304);
#4300 = LINE('',#4301,#4302);
#4301 = CARTESIAN_POINT('',(6.28318530718,-0.));
#4302 = VECTOR('',#4303,1.);
#4303 = DIRECTION('',(0.,1.));
#4304 = ( GEOMETRIC_REPRESENTATION_CONTEXT(2) 
PARAMETRIC_REPRESENTATION_CONTEXT() REPRESENTATION_CONTEXT('2D SPACE',''
  ) );
#4305 = ORIENTED_EDGE('',*,*,#1208,.T.);
#4306 = ORIENTED_EDGE('',*,*,#4285,.T.);
#4307 = ADVANCED_FACE('',(#4308),#1264,.F.);
#4308 = FACE_BOUND('',#4309,.F.);
#4309 = EDGE_LOOP('',(#4310,#4311,#4332,#4333));
#4310 = ORIENTED_EDGE('',*,*,#2914,.F.);
#4311 = ORIENTED_EDGE('',*,*,#4312,.F.);
#4312 = EDGE_CURVE('',#1244,#2915,#4313,.T.);
#4313 = SEAM_CURVE('',#4314,(#4318,#4325),.PCURVE_S1.);
#4314 = LINE('',#4315,#4316);
#4315 = CARTESIAN_POINT('',(3.0265E+03,45.,10.));
#4316 = VECTOR('',#4317,1.);
#4317 = DIRECTION('',(0.,0.,-1.));
#4318 = PCURVE('',#1264,#4319);
#4319 = DEFINITIONAL_REPRESENTATION('',(#4320),#4324);
#4320 = LINE('',#4321,#4322);
#4321 = CARTESIAN_POINT('',(0.,-0.));
#4322 = VECTOR('',#4323,1.);
#4323 = DIRECTION('',(0.,1.));
#4324 = ( GEOMETRIC_REPRESENTATION_CONTEXT(2) 
PARAMETRIC_REPRESENTATION_CONTEXT() REPRESENTATION_CONTEXT('2D SPACE',''
  ) );
#4325 = PCURVE('',#1264,#4326);
#4326 = DEFINITIONAL_REPRESENTATION('',(#4327),#4331);
#4327 = LINE('',#4328,#4329);
#4328 = CARTESIAN_POINT('',(6.28318530718,-0.));
#4329 = VECTOR('',#4330,1.);
#4330 = DIRECTION('',(0.,1.));
#4331 = ( GEOMETRIC_REPRESENTATION_CONTEXT(2) 
PARAMETRIC_REPRESENTATION_CONTEXT() REPRESENTATION_CONTEXT('2D SPACE',''
  ) );
#4332 = ORIENTED_EDGE('',*,*,#1243,.T.);
#4333 = ORIENTED_EDGE('',*,*,#4312,.T.);
#4334 = ADVANCED_FACE('',(#4335),#1299,.F.);
#4335 = FACE_BOUND('',#4336,.F.);
#4336 = EDGE_LOOP('',(#4337,#4338,#4359,#4360));
#4337 = ORIENTED_EDGE('',*,*,#2944,.F.);
#4338 = ORIENTED_EDGE('',*,*,#4339,.F.);
#4339 = EDGE_CURVE('',#1279,#2945,#4340,.T.);
#4340 = SEAM_CURVE('',#4341,(#4345,#4352),.PCURVE_S1.);
#4341 = LINE('',#4342,#4343);
#4342 = CARTESIAN_POINT('',(3.1265E+03,45.,10.));
#4343 = VECTOR('',#4344,1.);
#4344 = DIRECTION('',(0.,0.,-1.));
#4345 = PCURVE('',#1299,#4346);
#4346 = DEFINITIONAL_REPRESENTATION('',(#4347),#4351);
#4347 = LINE('',#4348,#4349);
#4348 = CARTESIAN_POINT('',(0.,-0.));
#4349 = VECTOR('',#4350,1.);
#4350 = DIRECTION('',(0.,1.));
#4351 = ( GEOMETRIC_REPRESENTATION_CONTEXT(2) 
PARAMETRIC_REPRESENTATION_CONTEXT() REPRESENTATION_CONTEXT('2D SPACE',''
  ) );
#4352 = PCURVE('',#1299,#4353);
#4353 = DEFINITIONAL_REPRESENTATION('',(#4354),#4358);
#4354 = LINE('',#4355,#4356);
#4355 = CARTESIAN_POINT('',(6.28318530718,-0.));
#4356 = VECTOR('',#4357,1.);
#4357 = DIRECTION('',(0.,1.));
#4358 = ( GEOMETRIC_REPRESENTATION_CONTEXT(2) 
PARAMETRIC_REPRESENTATION_CONTEXT() REPRESENTATION_CONTEXT('2D SPACE',''
  ) );
#4359 = ORIENTED_EDGE('',*,*,#1278,.T.);
#4360 = ORIENTED_EDGE('',*,*,#4339,.T.);
#4361 = ADVANCED_FACE('',(#4362),#1334,.F.);
#4362 = FACE_BOUND('',#4363,.F.);
#4363 = EDGE_LOOP('',(#4364,#4365,#4386,#4387));
#4364 = ORIENTED_EDGE('',*,*,#2974,.F.);
#4365 = ORIENTED_EDGE('',*,*,#4366,.F.);
#4366 = EDGE_CURVE('',#1314,#2975,#4367,.T.);
#4367 = SEAM_CURVE('',#4368,(#4372,#4379),.PCURVE_S1.);
#4368 = LINE('',#4369,#4370);
#4369 = CARTESIAN_POINT('',(3.2265E+03,45.,10.));
#4370 = VECTOR('',#4371,1.);
#4371 = DIRECTION('',(0.,0.,-1.));
#4372 = PCURVE('',#1334,#4373);
#4373 = DEFINITIONAL_REPRESENTATION('',(#4374),#4378);
#4374 = LINE('',#4375,#4376);
#4375 = CARTESIAN_POINT('',(0.,-0.));
#4376 = VECTOR('',#4377,1.);
#4377 = DIRECTION('',(0.,1.));
#4378 = ( GEOMETRIC_REPRESENTATION_CONTEXT(2) 
PARAMETRIC_REPRESENTATION_CONTEXT() REPRESENTATION_CONTEXT('2D SPACE',''
  ) );
#4379 = PCURVE('',#1334,#4380);
#4380 = DEFINITIONAL_REPRESENTATION('',(#4381),#4385);
#4381 = LINE('',#4382,#4383);
#4382 = CARTESIAN_POINT('',(6.28318530718,-0.));
#4383 = VECTOR('',#4384,1.);
#4384 = DIRECTION('',(0.,1.));
#4385 = ( GEOMETRIC_REPRESENTATION_CONTEXT(2) 
PARAMETRIC_REPRESENTATION_CONTEXT() REPRESENTATION_CONTEXT('2D SPACE',''
  ) );
#4386 = ORIENTED_EDGE('',*,*,#1313,.T.);
#4387 = ORIENTED_EDGE('',*,*,#4366,.T.);
#4388 = ADVANCED_FACE('',(#4389),#1369,.F.);
#4389 = FACE_BOUND('',#4390,.F.);
#4390 = EDGE_LOOP('',(#4391,#4392,#4413,#4414));
#4391 = ORIENTED_EDGE('',*,*,#3004,.F.);
#4392 = ORIENTED_EDGE('',*,*,#4393,.F.);
#4393 = EDGE_CURVE('',#1349,#3005,#4394,.T.);
#4394 = SEAM_CURVE('',#4395,(#4399,#4406),.PCURVE_S1.);
#4395 = LINE('',#4396,#4397);
#4396 = CARTESIAN_POINT('',(3.3265E+03,45.,10.));
#4397 = VECTOR('',#4398,1.);
#4398 = DIRECTION('',(0.,0.,-1.));
#4399 = PCURVE('',#1369,#4400);
#4400 = DEFINITIONAL_REPRESENTATION('',(#4401),#4405);
#4401 = LINE('',#4402,#4403);
#4402 = CARTESIAN_POINT('',(0.,-0.));
#4403 = VECTOR('',#4404,1.);
#4404 = DIRECTION('',(0.,1.));
#4405 = ( GEOMETRIC_REPRESENTATION_CONTEXT(2) 
PARAMETRIC_REPRESENTATION_CONTEXT() REPRESENTATION_CONTEXT('2D SPACE',''
  ) );
#4406 = PCURVE('',#1369,#4407);
#4407 = DEFINITIONAL_REPRESENTATION('',(#4408),#4412);
#4408 = LINE('',#4409,#4410);
#4409 = CARTESIAN_POINT('',(6.28318530718,-0.));
#4410 = VECTOR('',#4411,1.);
#4411 = DIRECTION('',(0.,1.));
#4412 = ( GEOMETRIC_REPRESENTATION_CONTEXT(2) 
PARAMETRIC_REPRESENTATION_CONTEXT() REPRESENTATION_CONTEXT('2D SPACE',''
  ) );
#4413 = ORIENTED_EDGE('',*,*,#1348,.T.);
#4414 = ORIENTED_EDGE('',*,*,#4393,.T.);
#4415 = ADVANCED_FACE('',(#4416),#1404,.F.);
#4416 = FACE_BOUND('',#4417,.F.);
#4417 = EDGE_LOOP('',(#4418,#4419,#4440,#4441));
#4418 = ORIENTED_EDGE('',*,*,#3034,.F.);
#4419 = ORIENTED_EDGE('',*,*,#4420,.F.);
#4420 = EDGE_CURVE('',#1384,#3035,#4421,.T.);
#4421 = SEAM_CURVE('',#4422,(#4426,#4433),.PCURVE_S1.);
#4422 = LINE('',#4423,#4424);
#4423 = CARTESIAN_POINT('',(3.4265E+03,45.,10.));
#4424 = VECTOR('',#4425,1.);
#4425 = DIRECTION('',(0.,0.,-1.));
#4426 = PCURVE('',#1404,#4427);
#4427 = DEFINITIONAL_REPRESENTATION('',(#4428),#4432);
#4428 = LINE('',#4429,#4430);
#4429 = CARTESIAN_POINT('',(0.,-0.));
#4430 = VECTOR('',#4431,1.);
#4431 = DIRECTION('',(0.,1.));
#4432 = ( GEOMETRIC_REPRESENTATION_CONTEXT(2) 
PARAMETRIC_REPRESENTATION_CONTEXT() REPRESENTATION_CONTEXT('2D SPACE',''
  ) );
#4433 = PCURVE('',#1404,#4434);
#4434 = DEFINITIONAL_REPRESENTATION('',(#4435),#4439);
#4435 = LINE('',#4436,#4437);
#4436 = CARTESIAN_POINT('',(6.28318530718,-0.));
#4437 = VECTOR('',#4438,1.);
#4438 = DIRECTION('',(0.,1.));
#4439 = ( GEOMETRIC_REPRESENTATION_CONTEXT(2) 
PARAMETRIC_REPRESENTATION_CONTEXT() REPRESENTATION_CONTEXT('2D SPACE',''
  ) );
#4440 = ORIENTED_EDGE('',*,*,#1383,.T.);
#4441 = ORIENTED_EDGE('',*,*,#4420,.T.);
#4442 = ADVANCED_FACE('',(#4443),#1439,.F.);
#4443 = FACE_BOUND('',#4444,.F.);
#4444 = EDGE_LOOP('',(#4445,#4446,#4467,#4468));
#4445 = ORIENTED_EDGE('',*,*,#3064,.F.);
#4446 = ORIENTED_EDGE('',*,*,#4447,.F.);
#4447 = EDGE_CURVE('',#1419,#3065,#4448,.T.);
#4448 = SEAM_CURVE('',#4449,(#4453,#4460),.PCURVE_S1.);
#4449 = LINE('',#4450,#4451);
#4450 = CARTESIAN_POINT('',(3.5265E+03,45.,10.));
#4451 = VECTOR('',#4452,1.);
#4452 = DIRECTION('',(0.,0.,-1.));
#4453 = PCURVE('',#1439,#4454);
#4454 = DEFINITIONAL_REPRESENTATION('',(#4455),#4459);
#4455 = LINE('',#4456,#4457);
#4456 = CARTESIAN_POINT('',(0.,-0.));
#4457 = VECTOR('',#4458,1.);
#4458 = DIRECTION('',(0.,1.));
#4459 = ( GEOMETRIC_REPRESENTATION_CONTEXT(2) 
PARAMETRIC_REPRESENTATION_CONTEXT() REPRESENTATION_CONTEXT('2D SPACE',''
  ) );
#4460 = PCURVE('',#1439,#4461);
#4461 = DEFINITIONAL_REPRESENTATION('',(#4462),#4466);
#4462 = LINE('',#4463,#4464);
#4463 = CARTESIAN_POINT('',(6.28318530718,-0.));
#4464 = VECTOR('',#4465,1.);
#4465 = DIRECTION('',(0.,1.));
#4466 = ( GEOMETRIC_REPRESENTATION_CONTEXT(2) 
PARAMETRIC_REPRESENTATION_CONTEXT() REPRESENTATION_CONTEXT('2D SPACE',''
  ) );
#4467 = ORIENTED_EDGE('',*,*,#1418,.T.);
#4468 = ORIENTED_EDGE('',*,*,#4447,.T.);
#4469 = ADVANCED_FACE('',(#4470),#1474,.F.);
#4470 = FACE_BOUND('',#4471,.F.);
#4471 = EDGE_LOOP('',(#4472,#4473,#4494,#4495));
#4472 = ORIENTED_EDGE('',*,*,#3094,.F.);
#4473 = ORIENTED_EDGE('',*,*,#4474,.F.);
#4474 = EDGE_CURVE('',#1454,#3095,#4475,.T.);
#4475 = SEAM_CURVE('',#4476,(#4480,#4487),.PCURVE_S1.);
#4476 = LINE('',#4477,#4478);
#4477 = CARTESIAN_POINT('',(3.6265E+03,45.,10.));
#4478 = VECTOR('',#4479,1.);
#4479 = DIRECTION('',(0.,0.,-1.));
#4480 = PCURVE('',#1474,#4481);
#4481 = DEFINITIONAL_REPRESENTATION('',(#4482),#4486);
#4482 = LINE('',#4483,#4484);
#4483 = CARTESIAN_POINT('',(0.,-0.));
#4484 = VECTOR('',#4485,1.);
#4485 = DIRECTION('',(0.,1.));
#4486 = ( GEOMETRIC_REPRESENTATION_CONTEXT(2) 
PARAMETRIC_REPRESENTATION_CONTEXT() REPRESENTATION_CONTEXT('2D SPACE',''
  ) );
#4487 = PCURVE('',#1474,#4488);
#4488 = DEFINITIONAL_REPRESENTATION('',(#4489),#4493);
#4489 = LINE('',#4490,#4491);
#4490 = CARTESIAN_POINT('',(6.28318530718,-0.));
#4491 = VECTOR('',#4492,1.);
#4492 = DIRECTION('',(0.,1.));
#4493 = ( GEOMETRIC_REPRESENTATION_CONTEXT(2) 
PARAMETRIC_REPRESENTATION_CONTEXT() REPRESENTATION_CONTEXT('2D SPACE',''
  ) );
#4494 = ORIENTED_EDGE('',*,*,#1453,.T.);
#4495 = ORIENTED_EDGE('',*,*,#4474,.T.);
#4496 = ADVANCED_FACE('',(#4497),#1509,.F.);
#4497 = FACE_BOUND('',#4498,.F.);
#4498 = EDGE_LOOP('',(#4499,#4500,#4521,#4522));
#4499 = ORIENTED_EDGE('',*,*,#3124,.F.);
#4500 = ORIENTED_EDGE('',*,*,#4501,.F.);
#4501 = EDGE_CURVE('',#1489,#3125,#4502,.T.);
#4502 = SEAM_CURVE('',#4503,(#4507,#4514),.PCURVE_S1.);
#4503 = LINE('',#4504,#4505);
#4504 = CARTESIAN_POINT('',(33.5,155.,10.));
#4505 = VECTOR('',#4506,1.);
#4506 = DIRECTION('',(0.,0.,-1.));
#4507 = PCURVE('',#1509,#4508);
#4508 = DEFINITIONAL_REPRESENTATION('',(#4509),#4513);
#4509 = LINE('',#4510,#4511);
#4510 = CARTESIAN_POINT('',(0.,-0.));
#4511 = VECTOR('',#4512,1.);
#4512 = DIRECTION('',(0.,1.));
#4513 = ( GEOMETRIC_REPRESENTATION_CONTEXT(2) 
PARAMETRIC_REPRESENTATION_CONTEXT() REPRESENTATION_CONTEXT('2D SPACE',''
  ) );
#4514 = PCURVE('',#1509,#4515);
#4515 = DEFINITIONAL_REPRESENTATION('',(#4516),#4520);
#4516 = LINE('',#4517,#4518);
#4517 = CARTESIAN_POINT('',(6.28318530718,-0.));
#4518 = VECTOR('',#4519,1.);
#4519 = DIRECTION('',(0.,1.));
#4520 = ( GEOMETRIC_REPRESENTATION_CONTEXT(2) 
PARAMETRIC_REPRESENTATION_CONTEXT() REPRESENTATION_CONTEXT('2D SPACE',''
  ) );
#4521 = ORIENTED_EDGE('',*,*,#1488,.T.);
#4522 = ORIENTED_EDGE('',*,*,#4501,.T.);
#4523 = ADVANCED_FACE('',(#4524),#1544,.F.);
#4524 = FACE_BOUND('',#4525,.F.);
#4525 = EDGE_LOOP('',(#4526,#4527,#4548,#4549));
#4526 = ORIENTED_EDGE('',*,*,#3154,.F.);
#4527 = ORIENTED_EDGE('',*,*,#4528,.F.);
#4528 = EDGE_CURVE('',#1524,#3155,#4529,.T.);
#4529 = SEAM_CURVE('',#4530,(#4534,#4541),.PCURVE_S1.);
#4530 = LINE('',#4531,#4532);
#4531 = CARTESIAN_POINT('',(113.5,155.,10.));
#4532 = VECTOR('',#4533,1.);
#4533 = DIRECTION('',(0.,0.,-1.));
#4534 = PCURVE('',#1544,#4535);
#4535 = DEFINITIONAL_REPRESENTATION('',(#4536),#4540);
#4536 = LINE('',#4537,#4538);
#4537 = CARTESIAN_POINT('',(0.,-0.));
#4538 = VECTOR('',#4539,1.);
#4539 = DIRECTION('',(0.,1.));
#4540 = ( GEOMETRIC_REPRESENTATION_CONTEXT(2) 
PARAMETRIC_REPRESENTATION_CONTEXT() REPRESENTATION_CONTEXT('2D SPACE',''
  ) );
#4541 = PCURVE('',#1544,#4542);
#4542 = DEFINITIONAL_REPRESENTATION('',(#4543),#4547);
#4543 = LINE('',#4544,#4545);
#4544 = CARTESIAN_POINT('',(6.28318530718,-0.));
#4545 = VECTOR('',#4546,1.);
#4546 = DIRECTION('',(0.,1.));
#4547 = ( GEOMETRIC_REPRESENTATION_CONTEXT(2) 
PARAMETRIC_REPRESENTATION_CONTEXT() REPRESENTATION_CONTEXT('2D SPACE',''
  ) );
#4548 = ORIENTED_EDGE('',*,*,#1523,.T.);
#4549 = ORIENTED_EDGE('',*,*,#4528,.T.);
#4550 = ADVANCED_FACE('',(#4551),#1579,.F.);
#4551 = FACE_BOUND('',#4552,.F.);
#4552 = EDGE_LOOP('',(#4553,#4554,#4575,#4576));
#4553 = ORIENTED_EDGE('',*,*,#3184,.F.);
#4554 = ORIENTED_EDGE('',*,*,#4555,.F.);
#4555 = EDGE_CURVE('',#1559,#3185,#4556,.T.);
#4556 = SEAM_CURVE('',#4557,(#4561,#4568),.PCURVE_S1.);
#4557 = LINE('',#4558,#4559);
#4558 = CARTESIAN_POINT('',(193.5,155.,10.));
#4559 = VECTOR('',#4560,1.);
#4560 = DIRECTION('',(0.,0.,-1.));
#4561 = PCURVE('',#1579,#4562);
#4562 = DEFINITIONAL_REPRESENTATION('',(#4563),#4567);
#4563 = LINE('',#4564,#4565);
#4564 = CARTESIAN_POINT('',(0.,-0.));
#4565 = VECTOR('',#4566,1.);
#4566 = DIRECTION('',(0.,1.));
#4567 = ( GEOMETRIC_REPRESENTATION_CONTEXT(2) 
PARAMETRIC_REPRESENTATION_CONTEXT() REPRESENTATION_CONTEXT('2D SPACE',''
  ) );
#4568 = PCURVE('',#1579,#4569);
#4569 = DEFINITIONAL_REPRESENTATION('',(#4570),#4574);
#4570 = LINE('',#4571,#4572);
#4571 = CARTESIAN_POINT('',(6.28318530718,-0.));
#4572 = VECTOR('',#4573,1.);
#4573 = DIRECTION('',(0.,1.));
#4574 = ( GEOMETRIC_REPRESENTATION_CONTEXT(2) 
PARAMETRIC_REPRESENTATION_CONTEXT() REPRESENTATION_CONTEXT('2D SPACE',''
  ) );
#4575 = ORIENTED_EDGE('',*,*,#1558,.T.);
#4576 = ORIENTED_EDGE('',*,*,#4555,.T.);
#4577 = ADVANCED_FACE('',(#4578),#1614,.F.);
#4578 = FACE_BOUND('',#4579,.F.);
#4579 = EDGE_LOOP('',(#4580,#4581,#4602,#4603));
#4580 = ORIENTED_EDGE('',*,*,#3214,.F.);
#4581 = ORIENTED_EDGE('',*,*,#4582,.F.);
#4582 = EDGE_CURVE('',#1594,#3215,#4583,.T.);
#4583 = SEAM_CURVE('',#4584,(#4588,#4595),.PCURVE_S1.);
#4584 = LINE('',#4585,#4586);
#4585 = CARTESIAN_POINT('',(273.5,155.,10.));
#4586 = VECTOR('',#4587,1.);
#4587 = DIRECTION('',(0.,0.,-1.));
#4588 = PCURVE('',#1614,#4589);
#4589 = DEFINITIONAL_REPRESENTATION('',(#4590),#4594);
#4590 = LINE('',#4591,#4592);
#4591 = CARTESIAN_POINT('',(0.,-0.));
#4592 = VECTOR('',#4593,1.);
#4593 = DIRECTION('',(0.,1.));
#4594 = ( GEOMETRIC_REPRESENTATION_CONTEXT(2) 
PARAMETRIC_REPRESENTATION_CONTEXT() REPRESENTATION_CONTEXT('2D SPACE',''
  ) );
#4595 = PCURVE('',#1614,#4596);
#4596 = DEFINITIONAL_REPRESENTATION('',(#4597),#4601);
#4597 = LINE('',#4598,#4599);
#4598 = CARTESIAN_POINT('',(6.28318530718,-0.));
#4599 = VECTOR('',#4600,1.);
#4600 = DIRECTION('',(0.,1.));
#4601 = ( GEOMETRIC_REPRESENTATION_CONTEXT(2) 
PARAMETRIC_REPRESENTATION_CONTEXT() REPRESENTATION_CONTEXT('2D SPACE',''
  ) );
#4602 = ORIENTED_EDGE('',*,*,#1593,.T.);
#4603 = ORIENTED_EDGE('',*,*,#4582,.T.);
#4604 = ADVANCED_FACE('',(#4605),#1649,.F.);
#4605 = FACE_BOUND('',#4606,.F.);
#4606 = EDGE_LOOP('',(#4607,#4608,#4629,#4630));
#4607 = ORIENTED_EDGE('',*,*,#3244,.F.);
#4608 = ORIENTED_EDGE('',*,*,#4609,.F.);
#4609 = EDGE_CURVE('',#1629,#3245,#4610,.T.);
#4610 = SEAM_CURVE('',#4611,(#4615,#4622),.PCURVE_S1.);
#4611 = LINE('',#4612,#4613);
#4612 = CARTESIAN_POINT('',(353.5,155.,10.));
#4613 = VECTOR('',#4614,1.);
#4614 = DIRECTION('',(0.,0.,-1.));
#4615 = PCURVE('',#1649,#4616);
#4616 = DEFINITIONAL_REPRESENTATION('',(#4617),#4621);
#4617 = LINE('',#4618,#4619);
#4618 = CARTESIAN_POINT('',(0.,-0.));
#4619 = VECTOR('',#4620,1.);
#4620 = DIRECTION('',(0.,1.));
#4621 = ( GEOMETRIC_REPRESENTATION_CONTEXT(2) 
PARAMETRIC_REPRESENTATION_CONTEXT() REPRESENTATION_CONTEXT('2D SPACE',''
  ) );
#4622 = PCURVE('',#1649,#4623);
#4623 = DEFINITIONAL_REPRESENTATION('',(#4624),#4628);
#4624 = LINE('',#4625,#4626);
#4625 = CARTESIAN_POINT('',(6.28318530718,-0.));
#4626 = VECTOR('',#4627,1.);
#4627 = DIRECTION('',(0.,1.));
#4628 = ( GEOMETRIC_REPRESENTATION_CONTEXT(2) 
PARAMETRIC_REPRESENTATION_CONTEXT() REPRESENTATION_CONTEXT('2D SPACE',''
  ) );
#4629 = ORIENTED_EDGE('',*,*,#1628,.T.);
#4630 = ORIENTED_EDGE('',*,*,#4609,.T.);
#4631 = ADVANCED_FACE('',(#4632),#1684,.F.);
#4632 = FACE_BOUND('',#4633,.F.);
#4633 = EDGE_LOOP('',(#4634,#4635,#4656,#4657));
#4634 = ORIENTED_EDGE('',*,*,#3274,.F.);
#4635 = ORIENTED_EDGE('',*,*,#4636,.F.);
#4636 = EDGE_CURVE('',#1664,#3275,#4637,.T.);
#4637 = SEAM_CURVE('',#4638,(#4642,#4649),.PCURVE_S1.);
#4638 = LINE('',#4639,#4640);
#4639 = CARTESIAN_POINT('',(433.5,155.,10.));
#4640 = VECTOR('',#4641,1.);
#4641 = DIRECTION('',(0.,0.,-1.));
#4642 = PCURVE('',#1684,#4643);
#4643 = DEFINITIONAL_REPRESENTATION('',(#4644),#4648);
#4644 = LINE('',#4645,#4646);
#4645 = CARTESIAN_POINT('',(0.,-0.));
#4646 = VECTOR('',#4647,1.);
#4647 = DIRECTION('',(0.,1.));
#4648 = ( GEOMETRIC_REPRESENTATION_CONTEXT(2) 
PARAMETRIC_REPRESENTATION_CONTEXT() REPRESENTATION_CONTEXT('2D SPACE',''
  ) );
#4649 = PCURVE('',#1684,#4650);
#4650 = DEFINITIONAL_REPRESENTATION('',(#4651),#4655);
#4651 = LINE('',#4652,#4653);
#4652 = CARTESIAN_POINT('',(6.28318530718,-0.));
#4653 = VECTOR('',#4654,1.);
#4654 = DIRECTION('',(0.,1.));
#4655 = ( GEOMETRIC_REPRESENTATION_CONTEXT(2) 
PARAMETRIC_REPRESENTATION_CONTEXT() REPRESENTATION_CONTEXT('2D SPACE',''
  ) );
#4656 = ORIENTED_EDGE('',*,*,#1663,.T.);
#4657 = ORIENTED_EDGE('',*,*,#4636,.T.);
#4658 = ADVANCED_FACE('',(#4659),#1719,.F.);
#4659 = FACE_BOUND('',#4660,.F.);
#4660 = EDGE_LOOP('',(#4661,#4662,#4683,#4684));
#4661 = ORIENTED_EDGE('',*,*,#3304,.F.);
#4662 = ORIENTED_EDGE('',*,*,#4663,.F.);
#4663 = EDGE_CURVE('',#1699,#3305,#4664,.T.);
#4664 = SEAM_CURVE('',#4665,(#4669,#4676),.PCURVE_S1.);
#4665 = LINE('',#4666,#4667);
#4666 = CARTESIAN_POINT('',(513.5,155.,10.));
#4667 = VECTOR('',#4668,1.);
#4668 = DIRECTION('',(0.,0.,-1.));
#4669 = PCURVE('',#1719,#4670);
#4670 = DEFINITIONAL_REPRESENTATION('',(#4671),#4675);
#4671 = LINE('',#4672,#4673);
#4672 = CARTESIAN_POINT('',(0.,-0.));
#4673 = VECTOR('',#4674,1.);
#4674 = DIRECTION('',(0.,1.));
#4675 = ( GEOMETRIC_REPRESENTATION_CONTEXT(2) 
PARAMETRIC_REPRESENTATION_CONTEXT() REPRESENTATION_CONTEXT('2D SPACE',''
  ) );
#4676 = PCURVE('',#1719,#4677);
#4677 = DEFINITIONAL_REPRESENTATION('',(#4678),#4682);
#4678 = LINE('',#4679,#4680);
#4679 = CARTESIAN_POINT('',(6.28318530718,-0.));
#4680 = VECTOR('',#4681,1.);
#4681 = DIRECTION('',(0.,1.));
#4682 = ( GEOMETRIC_REPRESENTATION_CONTEXT(2) 
PARAMETRIC_REPRESENTATION_CONTEXT() REPRESENTATION_CONTEXT('2D SPACE',''
  ) );
#4683 = ORIENTED_EDGE('',*,*,#1698,.T.);
#4684 = ORIENTED_EDGE('',*,*,#4663,.T.);
#4685 = ADVANCED_FACE('',(#4686),#1754,.F.);
#4686 = FACE_BOUND('',#4687,.F.);
#4687 = EDGE_LOOP('',(#4688,#4689,#4710,#4711));
#4688 = ORIENTED_EDGE('',*,*,#3334,.F.);
#4689 = ORIENTED_EDGE('',*,*,#4690,.F.);
#4690 = EDGE_CURVE('',#1734,#3335,#4691,.T.);
#4691 = SEAM_CURVE('',#4692,(#4696,#4703),.PCURVE_S1.);
#4692 = LINE('',#4693,#4694);
#4693 = CARTESIAN_POINT('',(663.5,155.,10.));
#4694 = VECTOR('',#4695,1.);
#4695 = DIRECTION('',(0.,0.,-1.));
#4696 = PCURVE('',#1754,#4697);
#4697 = DEFINITIONAL_REPRESENTATION('',(#4698),#4702);
#4698 = LINE('',#4699,#4700);
#4699 = CARTESIAN_POINT('',(0.,-0.));
#4700 = VECTOR('',#4701,1.);
#4701 = DIRECTION('',(0.,1.));
#4702 = ( GEOMETRIC_REPRESENTATION_CONTEXT(2) 
PARAMETRIC_REPRESENTATION_CONTEXT() REPRESENTATION_CONTEXT('2D SPACE',''
  ) );
#4703 = PCURVE('',#1754,#4704);
#4704 = DEFINITIONAL_REPRESENTATION('',(#4705),#4709);
#4705 = LINE('',#4706,#4707);
#4706 = CARTESIAN_POINT('',(6.28318530718,-0.));
#4707 = VECTOR('',#4708,1.);
#4708 = DIRECTION('',(0.,1.));
#4709 = ( GEOMETRIC_REPRESENTATION_CONTEXT(2) 
PARAMETRIC_REPRESENTATION_CONTEXT() REPRESENTATION_CONTEXT('2D SPACE',''
  ) );
#4710 = ORIENTED_EDGE('',*,*,#1733,.T.);
#4711 = ORIENTED_EDGE('',*,*,#4690,.T.);
#4712 = ADVANCED_FACE('',(#4713),#1789,.F.);
#4713 = FACE_BOUND('',#4714,.F.);
#4714 = EDGE_LOOP('',(#4715,#4716,#4737,#4738));
#4715 = ORIENTED_EDGE('',*,*,#3364,.F.);
#4716 = ORIENTED_EDGE('',*,*,#4717,.F.);
#4717 = EDGE_CURVE('',#1769,#3365,#4718,.T.);
#4718 = SEAM_CURVE('',#4719,(#4723,#4730),.PCURVE_S1.);
#4719 = LINE('',#4720,#4721);
#4720 = CARTESIAN_POINT('',(813.5,155.,10.));
#4721 = VECTOR('',#4722,1.);
#4722 = DIRECTION('',(0.,0.,-1.));
#4723 = PCURVE('',#1789,#4724);
#4724 = DEFINITIONAL_REPRESENTATION('',(#4725),#4729);
#4725 = LINE('',#4726,#4727);
#4726 = CARTESIAN_POINT('',(0.,-0.));
#4727 = VECTOR('',#4728,1.);
#4728 = DIRECTION('',(0.,1.));
#4729 = ( GEOMETRIC_REPRESENTATION_CONTEXT(2) 
PARAMETRIC_REPRESENTATION_CONTEXT() REPRESENTATION_CONTEXT('2D SPACE',''
  ) );
#4730 = PCURVE('',#1789,#4731);
#4731 = DEFINITIONAL_REPRESENTATION('',(#4732),#4736);
#4732 = LINE('',#4733,#4734);
#4733 = CARTESIAN_POINT('',(6.28318530718,-0.));
#4734 = VECTOR('',#4735,1.);
#4735 = DIRECTION('',(0.,1.));
#4736 = ( GEOMETRIC_REPRESENTATION_CONTEXT(2) 
PARAMETRIC_REPRESENTATION_CONTEXT() REPRESENTATION_CONTEXT('2D SPACE',''
  ) );
#4737 = ORIENTED_EDGE('',*,*,#1768,.T.);
#4738 = ORIENTED_EDGE('',*,*,#4717,.T.);
#4739 = ADVANCED_FACE('',(#4740),#1824,.F.);
#4740 = FACE_BOUND('',#4741,.F.);
#4741 = EDGE_LOOP('',(#4742,#4743,#4764,#4765));
#4742 = ORIENTED_EDGE('',*,*,#3394,.F.);
#4743 = ORIENTED_EDGE('',*,*,#4744,.F.);
#4744 = EDGE_CURVE('',#1804,#3395,#4745,.T.);
#4745 = SEAM_CURVE('',#4746,(#4750,#4757),.PCURVE_S1.);
#4746 = LINE('',#4747,#4748);
#4747 = CARTESIAN_POINT('',(963.5,155.,10.));
#4748 = VECTOR('',#4749,1.);
#4749 = DIRECTION('',(0.,0.,-1.));
#4750 = PCURVE('',#1824,#4751);
#4751 = DEFINITIONAL_REPRESENTATION('',(#4752),#4756);
#4752 = LINE('',#4753,#4754);
#4753 = CARTESIAN_POINT('',(0.,-0.));
#4754 = VECTOR('',#4755,1.);
#4755 = DIRECTION('',(0.,1.));
#4756 = ( GEOMETRIC_REPRESENTATION_CONTEXT(2) 
PARAMETRIC_REPRESENTATION_CONTEXT() REPRESENTATION_CONTEXT('2D SPACE',''
  ) );
#4757 = PCURVE('',#1824,#4758);
#4758 = DEFINITIONAL_REPRESENTATION('',(#4759),#4763);
#4759 = LINE('',#4760,#4761);
#4760 = CARTESIAN_POINT('',(6.28318530718,-0.));
#4761 = VECTOR('',#4762,1.);
#4762 = DIRECTION('',(0.,1.));
#4763 = ( GEOMETRIC_REPRESENTATION_CONTEXT(2) 
PARAMETRIC_REPRESENTATION_CONTEXT() REPRESENTATION_CONTEXT('2D SPACE',''
  ) );
#4764 = ORIENTED_EDGE('',*,*,#1803,.T.);
#4765 = ORIENTED_EDGE('',*,*,#4744,.T.);
#4766 = ADVANCED_FACE('',(#4767),#1859,.F.);
#4767 = FACE_BOUND('',#4768,.F.);
#4768 = EDGE_LOOP('',(#4769,#4770,#4791,#4792));
#4769 = ORIENTED_EDGE('',*,*,#3424,.F.);
#4770 = ORIENTED_EDGE('',*,*,#4771,.F.);
#4771 = EDGE_CURVE('',#1839,#3425,#4772,.T.);
#4772 = SEAM_CURVE('',#4773,(#4777,#4784),.PCURVE_S1.);
#4773 = LINE('',#4774,#4775);
#4774 = CARTESIAN_POINT('',(1.1135E+03,155.,10.));
#4775 = VECTOR('',#4776,1.);
#4776 = DIRECTION('',(0.,0.,-1.));
#4777 = PCURVE('',#1859,#4778);
#4778 = DEFINITIONAL_REPRESENTATION('',(#4779),#4783);
#4779 = LINE('',#4780,#4781);
#4780 = CARTESIAN_POINT('',(0.,-0.));
#4781 = VECTOR('',#4782,1.);
#4782 = DIRECTION('',(0.,1.));
#4783 = ( GEOMETRIC_REPRESENTATION_CONTEXT(2) 
PARAMETRIC_REPRESENTATION_CONTEXT() REPRESENTATION_CONTEXT('2D SPACE',''
  ) );
#4784 = PCURVE('',#1859,#4785);
#4785 = DEFINITIONAL_REPRESENTATION('',(#4786),#4790);
#4786 = LINE('',#4787,#4788);
#4787 = CARTESIAN_POINT('',(6.28318530718,-0.));
#4788 = VECTOR('',#4789,1.);
#4789 = DIRECTION('',(0.,1.));
#4790 = ( GEOMETRIC_REPRESENTATION_CONTEXT(2) 
PARAMETRIC_REPRESENTATION_CONTEXT() REPRESENTATION_CONTEXT('2D SPACE',''
  ) );
#4791 = ORIENTED_EDGE('',*,*,#1838,.T.);
#4792 = ORIENTED_EDGE('',*,*,#4771,.T.);
#4793 = ADVANCED_FACE('',(#4794),#1894,.F.);
#4794 = FACE_BOUND('',#4795,.F.);
#4795 = EDGE_LOOP('',(#4796,#4797,#4818,#4819));
#4796 = ORIENTED_EDGE('',*,*,#3454,.F.);
#4797 = ORIENTED_EDGE('',*,*,#4798,.F.);
#4798 = EDGE_CURVE('',#1874,#3455,#4799,.T.);
#4799 = SEAM_CURVE('',#4800,(#4804,#4811),.PCURVE_S1.);
#4800 = LINE('',#4801,#4802);
#4801 = CARTESIAN_POINT('',(1.5135E+03,155.,10.));
#4802 = VECTOR('',#4803,1.);
#4803 = DIRECTION('',(0.,0.,-1.));
#4804 = PCURVE('',#1894,#4805);
#4805 = DEFINITIONAL_REPRESENTATION('',(#4806),#4810);
#4806 = LINE('',#4807,#4808);
#4807 = CARTESIAN_POINT('',(0.,-0.));
#4808 = VECTOR('',#4809,1.);
#4809 = DIRECTION('',(0.,1.));
#4810 = ( GEOMETRIC_REPRESENTATION_CONTEXT(2) 
PARAMETRIC_REPRESENTATION_CONTEXT() REPRESENTATION_CONTEXT('2D SPACE',''
  ) );
#4811 = PCURVE('',#1894,#4812);
#4812 = DEFINITIONAL_REPRESENTATION('',(#4813),#4817);
#4813 = LINE('',#4814,#4815);
#4814 = CARTESIAN_POINT('',(6.28318530718,-0.));
#4815 = VECTOR('',#4816,1.);
#4816 = DIRECTION('',(0.,1.));
#4817 = ( GEOMETRIC_REPRESENTATION_CONTEXT(2) 
PARAMETRIC_REPRESENTATION_CONTEXT() REPRESENTATION_CONTEXT('2D SPACE',''
  ) );
#4818 = ORIENTED_EDGE('',*,*,#1873,.T.);
#4819 = ORIENTED_EDGE('',*,*,#4798,.T.);
#4820 = ADVANCED_FACE('',(#4821),#1929,.F.);
#4821 = FACE_BOUND('',#4822,.F.);
#4822 = EDGE_LOOP('',(#4823,#4824,#4845,#4846));
#4823 = ORIENTED_EDGE('',*,*,#3484,.F.);
#4824 = ORIENTED_EDGE('',*,*,#4825,.F.);
#4825 = EDGE_CURVE('',#1909,#3485,#4826,.T.);
#4826 = SEAM_CURVE('',#4827,(#4831,#4838),.PCURVE_S1.);
#4827 = LINE('',#4828,#4829);
#4828 = CARTESIAN_POINT('',(1.8205E+03,155.,10.));
#4829 = VECTOR('',#4830,1.);
#4830 = DIRECTION('',(0.,0.,-1.));
#4831 = PCURVE('',#1929,#4832);
#4832 = DEFINITIONAL_REPRESENTATION('',(#4833),#4837);
#4833 = LINE('',#4834,#4835);
#4834 = CARTESIAN_POINT('',(0.,-0.));
#4835 = VECTOR('',#4836,1.);
#4836 = DIRECTION('',(0.,1.));
#4837 = ( GEOMETRIC_REPRESENTATION_CONTEXT(2) 
PARAMETRIC_REPRESENTATION_CONTEXT() REPRESENTATION_CONTEXT('2D SPACE',''
  ) );
#4838 = PCURVE('',#1929,#4839);
#4839 = DEFINITIONAL_REPRESENTATION('',(#4840),#4844);
#4840 = LINE('',#4841,#4842);
#4841 = CARTESIAN_POINT('',(6.28318530718,-0.));
#4842 = VECTOR('',#4843,1.);
#4843 = DIRECTION('',(0.,1.));
#4844 = ( GEOMETRIC_REPRESENTATION_CONTEXT(2) 
PARAMETRIC_REPRESENTATION_CONTEXT() REPRESENTATION_CONTEXT('2D SPACE',''
  ) );
#4845 = ORIENTED_EDGE('',*,*,#1908,.T.);
#4846 = ORIENTED_EDGE('',*,*,#4825,.T.);
#4847 = ADVANCED_FACE('',(#4848),#1964,.F.);
#4848 = FACE_BOUND('',#4849,.F.);
#4849 = EDGE_LOOP('',(#4850,#4851,#4872,#4873));
#4850 = ORIENTED_EDGE('',*,*,#3514,.F.);
#4851 = ORIENTED_EDGE('',*,*,#4852,.F.);
#4852 = EDGE_CURVE('',#1944,#3515,#4853,.T.);
#4853 = SEAM_CURVE('',#4854,(#4858,#4865),.PCURVE_S1.);
#4854 = LINE('',#4855,#4856);
#4855 = CARTESIAN_POINT('',(2.1265E+03,155.,10.));
#4856 = VECTOR('',#4857,1.);
#4857 = DIRECTION('',(0.,0.,-1.));
#4858 = PCURVE('',#1964,#4859);
#4859 = DEFINITIONAL_REPRESENTATION('',(#4860),#4864);
#4860 = LINE('',#4861,#4862);
#4861 = CARTESIAN_POINT('',(0.,-0.));
#4862 = VECTOR('',#4863,1.);
#4863 = DIRECTION('',(0.,1.));
#4864 = ( GEOMETRIC_REPRESENTATION_CONTEXT(2) 
PARAMETRIC_REPRESENTATION_CONTEXT() REPRESENTATION_CONTEXT('2D SPACE',''
  ) );
#4865 = PCURVE('',#1964,#4866);
#4866 = DEFINITIONAL_REPRESENTATION('',(#4867),#4871);
#4867 = LINE('',#4868,#4869);
#4868 = CARTESIAN_POINT('',(6.28318530718,-0.));
#4869 = VECTOR('',#4870,1.);
#4870 = DIRECTION('',(0.,1.));
#4871 = ( GEOMETRIC_REPRESENTATION_CONTEXT(2) 
PARAMETRIC_REPRESENTATION_CONTEXT() REPRESENTATION_CONTEXT('2D SPACE',''
  ) );
#4872 = ORIENTED_EDGE('',*,*,#1943,.T.);
#4873 = ORIENTED_EDGE('',*,*,#4852,.T.);
#4874 = ADVANCED_FACE('',(#4875),#1999,.F.);
#4875 = FACE_BOUND('',#4876,.F.);
#4876 = EDGE_LOOP('',(#4877,#4878,#4899,#4900));
#4877 = ORIENTED_EDGE('',*,*,#3544,.F.);
#4878 = ORIENTED_EDGE('',*,*,#4879,.F.);
#4879 = EDGE_CURVE('',#1979,#3545,#4880,.T.);
#4880 = SEAM_CURVE('',#4881,(#4885,#4892),.PCURVE_S1.);
#4881 = LINE('',#4882,#4883);
#4882 = CARTESIAN_POINT('',(2.5265E+03,155.,10.));
#4883 = VECTOR('',#4884,1.);
#4884 = DIRECTION('',(0.,0.,-1.));
#4885 = PCURVE('',#1999,#4886);
#4886 = DEFINITIONAL_REPRESENTATION('',(#4887),#4891);
#4887 = LINE('',#4888,#4889);
#4888 = CARTESIAN_POINT('',(0.,-0.));
#4889 = VECTOR('',#4890,1.);
#4890 = DIRECTION('',(0.,1.));
#4891 = ( GEOMETRIC_REPRESENTATION_CONTEXT(2) 
PARAMETRIC_REPRESENTATION_CONTEXT() REPRESENTATION_CONTEXT('2D SPACE',''
  ) );
#4892 = PCURVE('',#1999,#4893);
#4893 = DEFINITIONAL_REPRESENTATION('',(#4894),#4898);
#4894 = LINE('',#4895,#4896);
#4895 = CARTESIAN_POINT('',(6.28318530718,-0.));
#4896 = VECTOR('',#4897,1.);
#4897 = DIRECTION('',(0.,1.));
#4898 = ( GEOMETRIC_REPRESENTATION_CONTEXT(2) 
PARAMETRIC_REPRESENTATION_CONTEXT() REPRESENTATION_CONTEXT('2D SPACE',''
  ) );
#4899 = ORIENTED_EDGE('',*,*,#1978,.T.);
#4900 = ORIENTED_EDGE('',*,*,#4879,.T.);
#4901 = ADVANCED_FACE('',(#4902),#2034,.F.);
#4902 = FACE_BOUND('',#4903,.F.);
#4903 = EDGE_LOOP('',(#4904,#4905,#4926,#4927));
#4904 = ORIENTED_EDGE('',*,*,#3574,.F.);
#4905 = ORIENTED_EDGE('',*,*,#4906,.F.);
#4906 = EDGE_CURVE('',#2014,#3575,#4907,.T.);
#4907 = SEAM_CURVE('',#4908,(#4912,#4919),.PCURVE_S1.);
#4908 = LINE('',#4909,#4910);
#4909 = CARTESIAN_POINT('',(2.7765E+03,155.,10.));
#4910 = VECTOR('',#4911,1.);
#4911 = DIRECTION('',(0.,0.,-1.));
#4912 = PCURVE('',#2034,#4913);
#4913 = DEFINITIONAL_REPRESENTATION('',(#4914),#4918);
#4914 = LINE('',#4915,#4916);
#4915 = CARTESIAN_POINT('',(0.,-0.));
#4916 = VECTOR('',#4917,1.);
#4917 = DIRECTION('',(0.,1.));
#4918 = ( GEOMETRIC_REPRESENTATION_CONTEXT(2) 
PARAMETRIC_REPRESENTATION_CONTEXT() REPRESENTATION_CONTEXT('2D SPACE',''
  ) );
#4919 = PCURVE('',#2034,#4920);
#4920 = DEFINITIONAL_REPRESENTATION('',(#4921),#4925);
#4921 = LINE('',#4922,#4923);
#4922 = CARTESIAN_POINT('',(6.28318530718,-0.));
#4923 = VECTOR('',#4924,1.);
#4924 = DIRECTION('',(0.,1.));
#4925 = ( GEOMETRIC_REPRESENTATION_CONTEXT(2) 
PARAMETRIC_REPRESENTATION_CONTEXT() REPRESENTATION_CONTEXT('2D SPACE',''
  ) );
#4926 = ORIENTED_EDGE('',*,*,#2013,.T.);
#4927 = ORIENTED_EDGE('',*,*,#4906,.T.);
#4928 = ADVANCED_FACE('',(#4929),#2069,.F.);
#4929 = FACE_BOUND('',#4930,.F.);
#4930 = EDGE_LOOP('',(#4931,#4932,#4953,#4954));
#4931 = ORIENTED_EDGE('',*,*,#3604,.F.);
#4932 = ORIENTED_EDGE('',*,*,#4933,.F.);
#4933 = EDGE_CURVE('',#2049,#3605,#4934,.T.);
#4934 = SEAM_CURVE('',#4935,(#4939,#4946),.PCURVE_S1.);
#4935 = LINE('',#4936,#4937);
#4936 = CARTESIAN_POINT('',(2.8765E+03,155.,10.));
#4937 = VECTOR('',#4938,1.);
#4938 = DIRECTION('',(0.,0.,-1.));
#4939 = PCURVE('',#2069,#4940);
#4940 = DEFINITIONAL_REPRESENTATION('',(#4941),#4945);
#4941 = LINE('',#4942,#4943);
#4942 = CARTESIAN_POINT('',(0.,-0.));
#4943 = VECTOR('',#4944,1.);
#4944 = DIRECTION('',(0.,1.));
#4945 = ( GEOMETRIC_REPRESENTATION_CONTEXT(2) 
PARAMETRIC_REPRESENTATION_CONTEXT() REPRESENTATION_CONTEXT('2D SPACE',''
  ) );
#4946 = PCURVE('',#2069,#4947);
#4947 = DEFINITIONAL_REPRESENTATION('',(#4948),#4952);
#4948 = LINE('',#4949,#4950);
#4949 = CARTESIAN_POINT('',(6.28318530718,-0.));
#4950 = VECTOR('',#4951,1.);
#4951 = DIRECTION('',(0.,1.));
#4952 = ( GEOMETRIC_REPRESENTATION_CONTEXT(2) 
PARAMETRIC_REPRESENTATION_CONTEXT() REPRESENTATION_CONTEXT('2D SPACE',''
  ) );
#4953 = ORIENTED_EDGE('',*,*,#2048,.T.);
#4954 = ORIENTED_EDGE('',*,*,#4933,.T.);
#4955 = ADVANCED_FACE('',(#4956),#2104,.F.);
#4956 = FACE_BOUND('',#4957,.F.);
#4957 = EDGE_LOOP('',(#4958,#4959,#4980,#4981));
#4958 = ORIENTED_EDGE('',*,*,#3634,.F.);
#4959 = ORIENTED_EDGE('',*,*,#4960,.F.);
#4960 = EDGE_CURVE('',#2084,#3635,#4961,.T.);
#4961 = SEAM_CURVE('',#4962,(#4966,#4973),.PCURVE_S1.);
#4962 = LINE('',#4963,#4964);
#4963 = CARTESIAN_POINT('',(2.9765E+03,155.,10.));
#4964 = VECTOR('',#4965,1.);
#4965 = DIRECTION('',(0.,0.,-1.));
#4966 = PCURVE('',#2104,#4967);
#4967 = DEFINITIONAL_REPRESENTATION('',(#4968),#4972);
#4968 = LINE('',#4969,#4970);
#4969 = CARTESIAN_POINT('',(0.,-0.));
#4970 = VECTOR('',#4971,1.);
#4971 = DIRECTION('',(0.,1.));
#4972 = ( GEOMETRIC_REPRESENTATION_CONTEXT(2) 
PARAMETRIC_REPRESENTATION_CONTEXT() REPRESENTATION_CONTEXT('2D SPACE',''
  ) );
#4973 = PCURVE('',#2104,#4974);
#4974 = DEFINITIONAL_REPRESENTATION('',(#4975),#4979);
#4975 = LINE('',#4976,#4977);
#4976 = CARTESIAN_POINT('',(6.28318530718,-0.));
#4977 = VECTOR('',#4978,1.);
#4978 = DIRECTION('',(0.,1.));
#4979 = ( GEOMETRIC_REPRESENTATION_CONTEXT(2) 
PARAMETRIC_REPRESENTATION_CONTEXT() REPRESENTATION_CONTEXT('2D SPACE',''
  ) );
#4980 = ORIENTED_EDGE('',*,*,#2083,.T.);
#4981 = ORIENTED_EDGE('',*,*,#4960,.T.);
#4982 = ADVANCED_FACE('',(#4983),#2139,.F.);
#4983 = FACE_BOUND('',#4984,.F.);
#4984 = EDGE_LOOP('',(#4985,#4986,#5007,#5008));
#4985 = ORIENTED_EDGE('',*,*,#3664,.F.);
#4986 = ORIENTED_EDGE('',*,*,#4987,.F.);
#4987 = EDGE_CURVE('',#2119,#3665,#4988,.T.);
#4988 = SEAM_CURVE('',#4989,(#4993,#5000),.PCURVE_S1.);
#4989 = LINE('',#4990,#4991);
#4990 = CARTESIAN_POINT('',(3.0765E+03,155.,10.));
#4991 = VECTOR('',#4992,1.);
#4992 = DIRECTION('',(0.,0.,-1.));
#4993 = PCURVE('',#2139,#4994);
#4994 = DEFINITIONAL_REPRESENTATION('',(#4995),#4999);
#4995 = LINE('',#4996,#4997);
#4996 = CARTESIAN_POINT('',(0.,-0.));
#4997 = VECTOR('',#4998,1.);
#4998 = DIRECTION('',(0.,1.));
#4999 = ( GEOMETRIC_REPRESENTATION_CONTEXT(2) 
PARAMETRIC_REPRESENTATION_CONTEXT() REPRESENTATION_CONTEXT('2D SPACE',''
  ) );
#5000 = PCURVE('',#2139,#5001);
#5001 = DEFINITIONAL_REPRESENTATION('',(#5002),#5006);
#5002 = LINE('',#5003,#5004);
#5003 = CARTESIAN_POINT('',(6.28318530718,-0.));
#5004 = VECTOR('',#5005,1.);
#5005 = DIRECTION('',(0.,1.));
#5006 = ( GEOMETRIC_REPRESENTATION_CONTEXT(2) 
PARAMETRIC_REPRESENTATION_CONTEXT() REPRESENTATION_CONTEXT('2D SPACE',''
  ) );
#5007 = ORIENTED_EDGE('',*,*,#2118,.T.);
#5008 = ORIENTED_EDGE('',*,*,#4987,.T.);
#5009 = ADVANCED_FACE('',(#5010),#2174,.F.);
#5010 = FACE_BOUND('',#5011,.F.);
#5011 = EDGE_LOOP('',(#5012,#5013,#5034,#5035));
#5012 = ORIENTED_EDGE('',*,*,#3694,.F.);
#5013 = ORIENTED_EDGE('',*,*,#5014,.F.);
#5014 = EDGE_CURVE('',#2154,#3695,#5015,.T.);
#5015 = SEAM_CURVE('',#5016,(#5020,#5027),.PCURVE_S1.);
#5016 = LINE('',#5017,#5018);
#5017 = CARTESIAN_POINT('',(3.1765E+03,155.,10.));
#5018 = VECTOR('',#5019,1.);
#5019 = DIRECTION('',(0.,0.,-1.));
#5020 = PCURVE('',#2174,#5021);
#5021 = DEFINITIONAL_REPRESENTATION('',(#5022),#5026);
#5022 = LINE('',#5023,#5024);
#5023 = CARTESIAN_POINT('',(0.,-0.));
#5024 = VECTOR('',#5025,1.);
#5025 = DIRECTION('',(0.,1.));
#5026 = ( GEOMETRIC_REPRESENTATION_CONTEXT(2) 
PARAMETRIC_REPRESENTATION_CONTEXT() REPRESENTATION_CONTEXT('2D SPACE',''
  ) );
#5027 = PCURVE('',#2174,#5028);
#5028 = DEFINITIONAL_REPRESENTATION('',(#5029),#5033);
#5029 = LINE('',#5030,#5031);
#5030 = CARTESIAN_POINT('',(6.28318530718,-0.));
#5031 = VECTOR('',#5032,1.);
#5032 = DIRECTION('',(0.,1.));
#5033 = ( GEOMETRIC_REPRESENTATION_CONTEXT(2) 
PARAMETRIC_REPRESENTATION_CONTEXT() REPRESENTATION_CONTEXT('2D SPACE',''
  ) );
#5034 = ORIENTED_EDGE('',*,*,#2153,.T.);
#5035 = ORIENTED_EDGE('',*,*,#5014,.T.);
#5036 = ADVANCED_FACE('',(#5037),#2209,.F.);
#5037 = FACE_BOUND('',#5038,.F.);
#5038 = EDGE_LOOP('',(#5039,#5040,#5061,#5062));
#5039 = ORIENTED_EDGE('',*,*,#3724,.F.);
#5040 = ORIENTED_EDGE('',*,*,#5041,.F.);
#5041 = EDGE_CURVE('',#2189,#3725,#5042,.T.);
#5042 = SEAM_CURVE('',#5043,(#5047,#5054),.PCURVE_S1.);
#5043 = LINE('',#5044,#5045);
#5044 = CARTESIAN_POINT('',(3.2765E+03,155.,10.));
#5045 = VECTOR('',#5046,1.);
#5046 = DIRECTION('',(0.,0.,-1.));
#5047 = PCURVE('',#2209,#5048);
#5048 = DEFINITIONAL_REPRESENTATION('',(#5049),#5053);
#5049 = LINE('',#5050,#5051);
#5050 = CARTESIAN_POINT('',(0.,-0.));
#5051 = VECTOR('',#5052,1.);
#5052 = DIRECTION('',(0.,1.));
#5053 = ( GEOMETRIC_REPRESENTATION_CONTEXT(2) 
PARAMETRIC_REPRESENTATION_CONTEXT() REPRESENTATION_CONTEXT('2D SPACE',''
  ) );
#5054 = PCURVE('',#2209,#5055);
#5055 = DEFINITIONAL_REPRESENTATION('',(#5056),#5060);
#5056 = LINE('',#5057,#5058);
#5057 = CARTESIAN_POINT('',(6.28318530718,-0.));
#5058 = VECTOR('',#5059,1.);
#5059 = DIRECTION('',(0.,1.));
#5060 = ( GEOMETRIC_REPRESENTATION_CONTEXT(2) 
PARAMETRIC_REPRESENTATION_CONTEXT() REPRESENTATION_CONTEXT('2D SPACE',''
  ) );
#5061 = ORIENTED_EDGE('',*,*,#2188,.T.);
#5062 = ORIENTED_EDGE('',*,*,#5041,.T.);
#5063 = ADVANCED_FACE('',(#5064),#2244,.F.);
#5064 = FACE_BOUND('',#5065,.F.);
#5065 = EDGE_LOOP('',(#5066,#5067,#5088,#5089));
#5066 = ORIENTED_EDGE('',*,*,#3754,.F.);
#5067 = ORIENTED_EDGE('',*,*,#5068,.F.);
#5068 = EDGE_CURVE('',#2224,#3755,#5069,.T.);
#5069 = SEAM_CURVE('',#5070,(#5074,#5081),.PCURVE_S1.);
#5070 = LINE('',#5071,#5072);
#5071 = CARTESIAN_POINT('',(3.3765E+03,155.,10.));
#5072 = VECTOR('',#5073,1.);
#5073 = DIRECTION('',(0.,0.,-1.));
#5074 = PCURVE('',#2244,#5075);
#5075 = DEFINITIONAL_REPRESENTATION('',(#5076),#5080);
#5076 = LINE('',#5077,#5078);
#5077 = CARTESIAN_POINT('',(0.,-0.));
#5078 = VECTOR('',#5079,1.);
#5079 = DIRECTION('',(0.,1.));
#5080 = ( GEOMETRIC_REPRESENTATION_CONTEXT(2) 
PARAMETRIC_REPRESENTATION_CONTEXT() REPRESENTATION_CONTEXT('2D SPACE',''
  ) );
#5081 = PCURVE('',#2244,#5082);
#5082 = DEFINITIONAL_REPRESENTATION('',(#5083),#5087);
#5083 = LINE('',#5084,#5085);
#5084 = CARTESIAN_POINT('',(6.28318530718,-0.));
#5085 = VECTOR('',#5086,1.);
#5086 = DIRECTION('',(0.,1.));
#5087 = ( GEOMETRIC_REPRESENTATION_CONTEXT(2) 
PARAMETRIC_REPRESENTATION_CONTEXT() REPRESENTATION_CONTEXT('2D SPACE',''
  ) );
#5088 = ORIENTED_EDGE('',*,*,#2223,.T.);
#5089 = ORIENTED_EDGE('',*,*,#5068,.T.);
#5090 = ADVANCED_FACE('',(#5091),#2279,.F.);
#5091 = FACE_BOUND('',#5092,.F.);
#5092 = EDGE_LOOP('',(#5093,#5094,#5115,#5116));
#5093 = ORIENTED_EDGE('',*,*,#3784,.F.);
#5094 = ORIENTED_EDGE('',*,*,#5095,.F.);
#5095 = EDGE_CURVE('',#2259,#3785,#5096,.T.);
#5096 = SEAM_CURVE('',#5097,(#5101,#5108),.PCURVE_S1.);
#5097 = LINE('',#5098,#5099);
#5098 = CARTESIAN_POINT('',(3.4765E+03,155.,10.));
#5099 = VECTOR('',#5100,1.);
#5100 = DIRECTION('',(0.,0.,-1.));
#5101 = PCURVE('',#2279,#5102);
#5102 = DEFINITIONAL_REPRESENTATION('',(#5103),#5107);
#5103 = LINE('',#5104,#5105);
#5104 = CARTESIAN_POINT('',(0.,-0.));
#5105 = VECTOR('',#5106,1.);
#5106 = DIRECTION('',(0.,1.));
#5107 = ( GEOMETRIC_REPRESENTATION_CONTEXT(2) 
PARAMETRIC_REPRESENTATION_CONTEXT() REPRESENTATION_CONTEXT('2D SPACE',''
  ) );
#5108 = PCURVE('',#2279,#5109);
#5109 = DEFINITIONAL_REPRESENTATION('',(#5110),#5114);
#5110 = LINE('',#5111,#5112);
#5111 = CARTESIAN_POINT('',(6.28318530718,-0.));
#5112 = VECTOR('',#5113,1.);
#5113 = DIRECTION('',(0.,1.));
#5114 = ( GEOMETRIC_REPRESENTATION_CONTEXT(2) 
PARAMETRIC_REPRESENTATION_CONTEXT() REPRESENTATION_CONTEXT('2D SPACE',''
  ) );
#5115 = ORIENTED_EDGE('',*,*,#2258,.T.);
#5116 = ORIENTED_EDGE('',*,*,#5095,.T.);
#5117 = ADVANCED_FACE('',(#5118),#2314,.F.);
#5118 = FACE_BOUND('',#5119,.F.);
#5119 = EDGE_LOOP('',(#5120,#5121,#5142,#5143));
#5120 = ORIENTED_EDGE('',*,*,#3814,.F.);
#5121 = ORIENTED_EDGE('',*,*,#5122,.F.);
#5122 = EDGE_CURVE('',#2294,#3815,#5123,.T.);
#5123 = SEAM_CURVE('',#5124,(#5128,#5135),.PCURVE_S1.);
#5124 = LINE('',#5125,#5126);
#5125 = CARTESIAN_POINT('',(3.5765E+03,155.,10.));
#5126 = VECTOR('',#5127,1.);
#5127 = DIRECTION('',(0.,0.,-1.));
#5128 = PCURVE('',#2314,#5129);
#5129 = DEFINITIONAL_REPRESENTATION('',(#5130),#5134);
#5130 = LINE('',#5131,#5132);
#5131 = CARTESIAN_POINT('',(0.,-0.));
#5132 = VECTOR('',#5133,1.);
#5133 = DIRECTION('',(0.,1.));
#5134 = ( GEOMETRIC_REPRESENTATION_CONTEXT(2) 
PARAMETRIC_REPRESENTATION_CONTEXT() REPRESENTATION_CONTEXT('2D SPACE',''
  ) );
#5135 = PCURVE('',#2314,#5136);
#5136 = DEFINITIONAL_REPRESENTATION('',(#5137),#5141);
#5137 = LINE('',#5138,#5139);
#5138 = CARTESIAN_POINT('',(6.28318530718,-0.));
#5139 = VECTOR('',#5140,1.);
#5140 = DIRECTION('',(0.,1.));
#5141 = ( GEOMETRIC_REPRESENTATION_CONTEXT(2) 
PARAMETRIC_REPRESENTATION_CONTEXT() REPRESENTATION_CONTEXT('2D SPACE',''
  ) );
#5142 = ORIENTED_EDGE('',*,*,#2293,.T.);
#5143 = ORIENTED_EDGE('',*,*,#5122,.T.);
#5144 = ( GEOMETRIC_REPRESENTATION_CONTEXT(3) 
GLOBAL_UNCERTAINTY_ASSIGNED_CONTEXT((#5148)) 
GLOBAL_UNIT_ASSIGNED_CONTEXT((#5145,#5146,#5147)) REPRESENTATION_CONTEXT
('Context #1','3D Context with UNIT and UNCERTAINTY') );
#5145 = ( LENGTH_UNIT() NAMED_UNIT(*) SI_UNIT(.MILLI.,.METRE.) );
#5146 = ( NAMED_UNIT(*) PLANE_ANGLE_UNIT() SI_UNIT($,.RADIAN.) );
#5147 = ( NAMED_UNIT(*) SI_UNIT($,.STERADIAN.) SOLID_ANGLE_UNIT() );
#5148 = UNCERTAINTY_MEASURE_WITH_UNIT(LENGTH_MEASURE(1.E-07),#5145,
  'distance_accuracy_value','confusion accuracy');
#5149 = CONTEXT_DEPENDENT_SHAPE_REPRESENTATION(#5150,#5152);
#5150 = ( REPRESENTATION_RELATIONSHIP('','',#397,#10) 
REPRESENTATION_RELATIONSHIP_WITH_TRANSFORMATION(#5151) 
SHAPE_REPRESENTATION_RELATIONSHIP() );
#5151 = ITEM_DEFINED_TRANSFORMATION('','',#11,#19);
#5152 = PRODUCT_DEFINITION_SHAPE('Placement','Placement of an item',
  #5153);
#5153 = NEXT_ASSEMBLY_USAGE_OCCURRENCE('7','DB2-1-U','',#5,#392,$);
#5154 = PRODUCT_RELATED_PRODUCT_CATEGORY('part',$,(#394));
#5155 = SHAPE_DEFINITION_REPRESENTATION(#5156,#5162);
#5156 = PRODUCT_DEFINITION_SHAPE('','',#5157);
#5157 = PRODUCT_DEFINITION('design','',#5158,#5161);
#5158 = PRODUCT_DEFINITION_FORMATION('','',#5159);
#5159 = PRODUCT('DB2-1-O','DB2-1-O','',(#5160));
#5160 = PRODUCT_CONTEXT('',#2,'mechanical');
#5161 = PRODUCT_DEFINITION_CONTEXT('part definition',#2,'design');
#5162 = ADVANCED_BREP_SHAPE_REPRESENTATION('',(#11,#5163),#9909);
#5163 = MANIFOLD_SOLID_BREP('',#5164);
#5164 = CLOSED_SHELL('',(#5165,#5285,#5361,#7090,#7139,#8606,#8613,#8640
    ,#8667,#8694,#8721,#8748,#8775,#8802,#8829,#8856,#8883,#8910,#8937,
    #8964,#8991,#9018,#9045,#9072,#9099,#9126,#9153,#9180,#9207,#9234,
    #9261,#9288,#9315,#9342,#9369,#9396,#9423,#9450,#9477,#9504,#9531,
    #9558,#9585,#9612,#9639,#9666,#9693,#9720,#9747,#9774,#9801,#9828,
    #9855,#9882));
#5165 = ADVANCED_FACE('',(#5166),#5180,.F.);
#5166 = FACE_BOUND('',#5167,.F.);
#5167 = EDGE_LOOP('',(#5168,#5203,#5231,#5259));
#5168 = ORIENTED_EDGE('',*,*,#5169,.F.);
#5169 = EDGE_CURVE('',#5170,#5172,#5174,.T.);
#5170 = VERTEX_POINT('',#5171);
#5171 = CARTESIAN_POINT('',(0.,0.,0.));
#5172 = VERTEX_POINT('',#5173);
#5173 = CARTESIAN_POINT('',(0.,0.,10.));
#5174 = SURFACE_CURVE('',#5175,(#5179,#5191),.PCURVE_S1.);
#5175 = LINE('',#5176,#5177);
#5176 = CARTESIAN_POINT('',(0.,0.,0.));
#5177 = VECTOR('',#5178,1.);
#5178 = DIRECTION('',(0.,0.,1.));
#5179 = PCURVE('',#5180,#5185);
#5180 = PLANE('',#5181);
#5181 = AXIS2_PLACEMENT_3D('',#5182,#5183,#5184);
#5182 = CARTESIAN_POINT('',(0.,0.,0.));
#5183 = DIRECTION('',(1.,0.,0.));
#5184 = DIRECTION('',(0.,0.,1.));
#5185 = DEFINITIONAL_REPRESENTATION('',(#5186),#5190);
#5186 = LINE('',#5187,#5188);
#5187 = CARTESIAN_POINT('',(0.,0.));
#5188 = VECTOR('',#5189,1.);
#5189 = DIRECTION('',(1.,0.));
#5190 = ( GEOMETRIC_REPRESENTATION_CONTEXT(2) 
PARAMETRIC_REPRESENTATION_CONTEXT() REPRESENTATION_CONTEXT('2D SPACE',''
  ) );
#5191 = PCURVE('',#5192,#5197);
#5192 = PLANE('',#5193);
#5193 = AXIS2_PLACEMENT_3D('',#5194,#5195,#5196);
#5194 = CARTESIAN_POINT('',(0.,0.,0.));
#5195 = DIRECTION('',(0.,1.,0.));
#5196 = DIRECTION('',(0.,-0.,1.));
#5197 = DEFINITIONAL_REPRESENTATION('',(#5198),#5202);
#5198 = LINE('',#5199,#5200);
#5199 = CARTESIAN_POINT('',(0.,0.));
#5200 = VECTOR('',#5201,1.);
#5201 = DIRECTION('',(1.,0.));
#5202 = ( GEOMETRIC_REPRESENTATION_CONTEXT(2) 
PARAMETRIC_REPRESENTATION_CONTEXT() REPRESENTATION_CONTEXT('2D SPACE',''
  ) );
#5203 = ORIENTED_EDGE('',*,*,#5204,.T.);
#5204 = EDGE_CURVE('',#5170,#5205,#5207,.T.);
#5205 = VERTEX_POINT('',#5206);
#5206 = CARTESIAN_POINT('',(0.,200.,0.));
#5207 = SURFACE_CURVE('',#5208,(#5212,#5219),.PCURVE_S1.);
#5208 = LINE('',#5209,#5210);
#5209 = CARTESIAN_POINT('',(0.,0.,0.));
#5210 = VECTOR('',#5211,1.);
#5211 = DIRECTION('',(0.,1.,0.));
#5212 = PCURVE('',#5180,#5213);
#5213 = DEFINITIONAL_REPRESENTATION('',(#5214),#5218);
#5214 = LINE('',#5215,#5216);
#5215 = CARTESIAN_POINT('',(0.,0.));
#5216 = VECTOR('',#5217,1.);
#5217 = DIRECTION('',(0.,-1.));
#5218 = ( GEOMETRIC_REPRESENTATION_CONTEXT(2) 
PARAMETRIC_REPRESENTATION_CONTEXT() REPRESENTATION_CONTEXT('2D SPACE',''
  ) );
#5219 = PCURVE('',#5220,#5225);
#5220 = PLANE('',#5221);
#5221 = AXIS2_PLACEMENT_3D('',#5222,#5223,#5224);
#5222 = CARTESIAN_POINT('',(0.,0.,0.));
#5223 = DIRECTION('',(0.,0.,1.));
#5224 = DIRECTION('',(1.,0.,-0.));
#5225 = DEFINITIONAL_REPRESENTATION('',(#5226),#5230);
#5226 = LINE('',#5227,#5228);
#5227 = CARTESIAN_POINT('',(0.,0.));
#5228 = VECTOR('',#5229,1.);
#5229 = DIRECTION('',(0.,1.));
#5230 = ( GEOMETRIC_REPRESENTATION_CONTEXT(2) 
PARAMETRIC_REPRESENTATION_CONTEXT() REPRESENTATION_CONTEXT('2D SPACE',''
  ) );
#5231 = ORIENTED_EDGE('',*,*,#5232,.T.);
#5232 = EDGE_CURVE('',#5205,#5233,#5235,.T.);
#5233 = VERTEX_POINT('',#5234);
#5234 = CARTESIAN_POINT('',(0.,200.,10.));
#5235 = SURFACE_CURVE('',#5236,(#5240,#5247),.PCURVE_S1.);
#5236 = LINE('',#5237,#5238);
#5237 = CARTESIAN_POINT('',(0.,200.,0.));
#5238 = VECTOR('',#5239,1.);
#5239 = DIRECTION('',(0.,0.,1.));
#5240 = PCURVE('',#5180,#5241);
#5241 = DEFINITIONAL_REPRESENTATION('',(#5242),#5246);
#5242 = LINE('',#5243,#5244);
#5243 = CARTESIAN_POINT('',(0.,-200.));
#5244 = VECTOR('',#5245,1.);
#5245 = DIRECTION('',(1.,0.));
#5246 = ( GEOMETRIC_REPRESENTATION_CONTEXT(2) 
PARAMETRIC_REPRESENTATION_CONTEXT() REPRESENTATION_CONTEXT('2D SPACE',''
  ) );
#5247 = PCURVE('',#5248,#5253);
#5248 = PLANE('',#5249);
#5249 = AXIS2_PLACEMENT_3D('',#5250,#5251,#5252);
#5250 = CARTESIAN_POINT('',(0.,200.,0.));
#5251 = DIRECTION('',(0.,1.,0.));
#5252 = DIRECTION('',(0.,-0.,1.));
#5253 = DEFINITIONAL_REPRESENTATION('',(#5254),#5258);
#5254 = LINE('',#5255,#5256);
#5255 = CARTESIAN_POINT('',(0.,0.));
#5256 = VECTOR('',#5257,1.);
#5257 = DIRECTION('',(1.,0.));
#5258 = ( GEOMETRIC_REPRESENTATION_CONTEXT(2) 
PARAMETRIC_REPRESENTATION_CONTEXT() REPRESENTATION_CONTEXT('2D SPACE',''
  ) );
#5259 = ORIENTED_EDGE('',*,*,#5260,.F.);
#5260 = EDGE_CURVE('',#5172,#5233,#5261,.T.);
#5261 = SURFACE_CURVE('',#5262,(#5266,#5273),.PCURVE_S1.);
#5262 = LINE('',#5263,#5264);
#5263 = CARTESIAN_POINT('',(0.,0.,10.));
#5264 = VECTOR('',#5265,1.);
#5265 = DIRECTION('',(0.,1.,0.));
#5266 = PCURVE('',#5180,#5267);
#5267 = DEFINITIONAL_REPRESENTATION('',(#5268),#5272);
#5268 = LINE('',#5269,#5270);
#5269 = CARTESIAN_POINT('',(10.,0.));
#5270 = VECTOR('',#5271,1.);
#5271 = DIRECTION('',(0.,-1.));
#5272 = ( GEOMETRIC_REPRESENTATION_CONTEXT(2) 
PARAMETRIC_REPRESENTATION_CONTEXT() REPRESENTATION_CONTEXT('2D SPACE',''
  ) );
#5273 = PCURVE('',#5274,#5279);
#5274 = PLANE('',#5275);
#5275 = AXIS2_PLACEMENT_3D('',#5276,#5277,#5278);
#5276 = CARTESIAN_POINT('',(0.,0.,10.));
#5277 = DIRECTION('',(0.,0.,1.));
#5278 = DIRECTION('',(1.,0.,-0.));
#5279 = DEFINITIONAL_REPRESENTATION('',(#5280),#5284);
#5280 = LINE('',#5281,#5282);
#5281 = CARTESIAN_POINT('',(0.,0.));
#5282 = VECTOR('',#5283,1.);
#5283 = DIRECTION('',(0.,1.));
#5284 = ( GEOMETRIC_REPRESENTATION_CONTEXT(2) 
PARAMETRIC_REPRESENTATION_CONTEXT() REPRESENTATION_CONTEXT('2D SPACE',''
  ) );
#5285 = ADVANCED_FACE('',(#5286),#5192,.F.);
#5286 = FACE_BOUND('',#5287,.F.);
#5287 = EDGE_LOOP('',(#5288,#5311,#5312,#5335));
#5288 = ORIENTED_EDGE('',*,*,#5289,.F.);
#5289 = EDGE_CURVE('',#5170,#5290,#5292,.T.);
#5290 = VERTEX_POINT('',#5291);
#5291 = CARTESIAN_POINT('',(3.733E+03,0.,0.));
#5292 = SURFACE_CURVE('',#5293,(#5297,#5304),.PCURVE_S1.);
#5293 = LINE('',#5294,#5295);
#5294 = CARTESIAN_POINT('',(0.,0.,0.));
#5295 = VECTOR('',#5296,1.);
#5296 = DIRECTION('',(1.,0.,0.));
#5297 = PCURVE('',#5192,#5298);
#5298 = DEFINITIONAL_REPRESENTATION('',(#5299),#5303);
#5299 = LINE('',#5300,#5301);
#5300 = CARTESIAN_POINT('',(0.,0.));
#5301 = VECTOR('',#5302,1.);
#5302 = DIRECTION('',(0.,1.));
#5303 = ( GEOMETRIC_REPRESENTATION_CONTEXT(2) 
PARAMETRIC_REPRESENTATION_CONTEXT() REPRESENTATION_CONTEXT('2D SPACE',''
  ) );
#5304 = PCURVE('',#5220,#5305);
#5305 = DEFINITIONAL_REPRESENTATION('',(#5306),#5310);
#5306 = LINE('',#5307,#5308);
#5307 = CARTESIAN_POINT('',(0.,0.));
#5308 = VECTOR('',#5309,1.);
#5309 = DIRECTION('',(1.,0.));
#5310 = ( GEOMETRIC_REPRESENTATION_CONTEXT(2) 
PARAMETRIC_REPRESENTATION_CONTEXT() REPRESENTATION_CONTEXT('2D SPACE',''
  ) );
#5311 = ORIENTED_EDGE('',*,*,#5169,.T.);
#5312 = ORIENTED_EDGE('',*,*,#5313,.T.);
#5313 = EDGE_CURVE('',#5172,#5314,#5316,.T.);
#5314 = VERTEX_POINT('',#5315);
#5315 = CARTESIAN_POINT('',(3.733E+03,0.,10.));
#5316 = SURFACE_CURVE('',#5317,(#5321,#5328),.PCURVE_S1.);
#5317 = LINE('',#5318,#5319);
#5318 = CARTESIAN_POINT('',(0.,0.,10.));
#5319 = VECTOR('',#5320,1.);
#5320 = DIRECTION('',(1.,0.,0.));
#5321 = PCURVE('',#5192,#5322);
#5322 = DEFINITIONAL_REPRESENTATION('',(#5323),#5327);
#5323 = LINE('',#5324,#5325);
#5324 = CARTESIAN_POINT('',(10.,0.));
#5325 = VECTOR('',#5326,1.);
#5326 = DIRECTION('',(0.,1.));
#5327 = ( GEOMETRIC_REPRESENTATION_CONTEXT(2) 
PARAMETRIC_REPRESENTATION_CONTEXT() REPRESENTATION_CONTEXT('2D SPACE',''
  ) );
#5328 = PCURVE('',#5274,#5329);
#5329 = DEFINITIONAL_REPRESENTATION('',(#5330),#5334);
#5330 = LINE('',#5331,#5332);
#5331 = CARTESIAN_POINT('',(0.,0.));
#5332 = VECTOR('',#5333,1.);
#5333 = DIRECTION('',(1.,0.));
#5334 = ( GEOMETRIC_REPRESENTATION_CONTEXT(2) 
PARAMETRIC_REPRESENTATION_CONTEXT() REPRESENTATION_CONTEXT('2D SPACE',''
  ) );
#5335 = ORIENTED_EDGE('',*,*,#5336,.F.);
#5336 = EDGE_CURVE('',#5290,#5314,#5337,.T.);
#5337 = SURFACE_CURVE('',#5338,(#5342,#5349),.PCURVE_S1.);
#5338 = LINE('',#5339,#5340);
#5339 = CARTESIAN_POINT('',(3.733E+03,0.,0.));
#5340 = VECTOR('',#5341,1.);
#5341 = DIRECTION('',(0.,0.,1.));
#5342 = PCURVE('',#5192,#5343);
#5343 = DEFINITIONAL_REPRESENTATION('',(#5344),#5348);
#5344 = LINE('',#5345,#5346);
#5345 = CARTESIAN_POINT('',(0.,3.733E+03));
#5346 = VECTOR('',#5347,1.);
#5347 = DIRECTION('',(1.,0.));
#5348 = ( GEOMETRIC_REPRESENTATION_CONTEXT(2) 
PARAMETRIC_REPRESENTATION_CONTEXT() REPRESENTATION_CONTEXT('2D SPACE',''
  ) );
#5349 = PCURVE('',#5350,#5355);
#5350 = PLANE('',#5351);
#5351 = AXIS2_PLACEMENT_3D('',#5352,#5353,#5354);
#5352 = CARTESIAN_POINT('',(3.733E+03,0.,0.));
#5353 = DIRECTION('',(1.,0.,0.));
#5354 = DIRECTION('',(0.,0.,1.));
#5355 = DEFINITIONAL_REPRESENTATION('',(#5356),#5360);
#5356 = LINE('',#5357,#5358);
#5357 = CARTESIAN_POINT('',(0.,0.));
#5358 = VECTOR('',#5359,1.);
#5359 = DIRECTION('',(1.,0.));
#5360 = ( GEOMETRIC_REPRESENTATION_CONTEXT(2) 
PARAMETRIC_REPRESENTATION_CONTEXT() REPRESENTATION_CONTEXT('2D SPACE',''
  ) );
#5361 = ADVANCED_FACE('',(#5362,#5410,#5445,#5480,#5515,#5550,#5585,
    #5620,#5655,#5690,#5725,#5760,#5795,#5830,#5865,#5900,#5935,#5970,
    #6005,#6040,#6075,#6110,#6145,#6180,#6215,#6250,#6285,#6320,#6355,
    #6390,#6425,#6460,#6495,#6530,#6565,#6600,#6635,#6670,#6705,#6740,
    #6775,#6810,#6845,#6880,#6915,#6950,#6985,#7020,#7055),#5274,.T.);
#5362 = FACE_BOUND('',#5363,.T.);
#5363 = EDGE_LOOP('',(#5364,#5365,#5366,#5389));
#5364 = ORIENTED_EDGE('',*,*,#5260,.F.);
#5365 = ORIENTED_EDGE('',*,*,#5313,.T.);
#5366 = ORIENTED_EDGE('',*,*,#5367,.T.);
#5367 = EDGE_CURVE('',#5314,#5368,#5370,.T.);
#5368 = VERTEX_POINT('',#5369);
#5369 = CARTESIAN_POINT('',(3.733E+03,200.,10.));
#5370 = SURFACE_CURVE('',#5371,(#5375,#5382),.PCURVE_S1.);
#5371 = LINE('',#5372,#5373);
#5372 = CARTESIAN_POINT('',(3.733E+03,0.,10.));
#5373 = VECTOR('',#5374,1.);
#5374 = DIRECTION('',(0.,1.,0.));
#5375 = PCURVE('',#5274,#5376);
#5376 = DEFINITIONAL_REPRESENTATION('',(#5377),#5381);
#5377 = LINE('',#5378,#5379);
#5378 = CARTESIAN_POINT('',(3.733E+03,0.));
#5379 = VECTOR('',#5380,1.);
#5380 = DIRECTION('',(0.,1.));
#5381 = ( GEOMETRIC_REPRESENTATION_CONTEXT(2) 
PARAMETRIC_REPRESENTATION_CONTEXT() REPRESENTATION_CONTEXT('2D SPACE',''
  ) );
#5382 = PCURVE('',#5350,#5383);
#5383 = DEFINITIONAL_REPRESENTATION('',(#5384),#5388);
#5384 = LINE('',#5385,#5386);
#5385 = CARTESIAN_POINT('',(10.,0.));
#5386 = VECTOR('',#5387,1.);
#5387 = DIRECTION('',(0.,-1.));
#5388 = ( GEOMETRIC_REPRESENTATION_CONTEXT(2) 
PARAMETRIC_REPRESENTATION_CONTEXT() REPRESENTATION_CONTEXT('2D SPACE',''
  ) );
#5389 = ORIENTED_EDGE('',*,*,#5390,.F.);
#5390 = EDGE_CURVE('',#5233,#5368,#5391,.T.);
#5391 = SURFACE_CURVE('',#5392,(#5396,#5403),.PCURVE_S1.);
#5392 = LINE('',#5393,#5394);
#5393 = CARTESIAN_POINT('',(0.,200.,10.));
#5394 = VECTOR('',#5395,1.);
#5395 = DIRECTION('',(1.,0.,0.));
#5396 = PCURVE('',#5274,#5397);
#5397 = DEFINITIONAL_REPRESENTATION('',(#5398),#5402);
#5398 = LINE('',#5399,#5400);
#5399 = CARTESIAN_POINT('',(0.,200.));
#5400 = VECTOR('',#5401,1.);
#5401 = DIRECTION('',(1.,0.));
#5402 = ( GEOMETRIC_REPRESENTATION_CONTEXT(2) 
PARAMETRIC_REPRESENTATION_CONTEXT() REPRESENTATION_CONTEXT('2D SPACE',''
  ) );
#5403 = PCURVE('',#5248,#5404);
#5404 = DEFINITIONAL_REPRESENTATION('',(#5405),#5409);
#5405 = LINE('',#5406,#5407);
#5406 = CARTESIAN_POINT('',(10.,0.));
#5407 = VECTOR('',#5408,1.);
#5408 = DIRECTION('',(0.,1.));
#5409 = ( GEOMETRIC_REPRESENTATION_CONTEXT(2) 
PARAMETRIC_REPRESENTATION_CONTEXT() REPRESENTATION_CONTEXT('2D SPACE',''
  ) );
#5410 = FACE_BOUND('',#5411,.T.);
#5411 = EDGE_LOOP('',(#5412));
#5412 = ORIENTED_EDGE('',*,*,#5413,.T.);
#5413 = EDGE_CURVE('',#5414,#5414,#5416,.T.);
#5414 = VERTEX_POINT('',#5415);
#5415 = CARTESIAN_POINT('',(33.5,45.,10.));
#5416 = SURFACE_CURVE('',#5417,(#5422,#5433),.PCURVE_S1.);
#5417 = CIRCLE('',#5418,6.5);
#5418 = AXIS2_PLACEMENT_3D('',#5419,#5420,#5421);
#5419 = CARTESIAN_POINT('',(40.,45.,10.));
#5420 = DIRECTION('',(0.,0.,-1.));
#5421 = DIRECTION('',(-1.,0.,0.));
#5422 = PCURVE('',#5274,#5423);
#5423 = DEFINITIONAL_REPRESENTATION('',(#5424),#5432);
#5424 = ( BOUNDED_CURVE() B_SPLINE_CURVE(2,(#5425,#5426,#5427,#5428,
#5429,#5430,#5431),.UNSPECIFIED.,.T.,.F.) B_SPLINE_CURVE_WITH_KNOTS((1,2
    ,2,2,2,1),(-2.094395102393,0.,2.094395102393,4.188790204786,
6.28318530718,8.377580409573),.UNSPECIFIED.) CURVE() 
GEOMETRIC_REPRESENTATION_ITEM() RATIONAL_B_SPLINE_CURVE((1.,0.5,1.,0.5,
1.,0.5,1.)) REPRESENTATION_ITEM('') );
#5425 = CARTESIAN_POINT('',(33.5,45.));
#5426 = CARTESIAN_POINT('',(33.5,56.258330249198));
#5427 = CARTESIAN_POINT('',(43.25,50.629165124599));
#5428 = CARTESIAN_POINT('',(53.,45.));
#5429 = CARTESIAN_POINT('',(43.25,39.370834875401));
#5430 = CARTESIAN_POINT('',(33.5,33.741669750802));
#5431 = CARTESIAN_POINT('',(33.5,45.));
#5432 = ( GEOMETRIC_REPRESENTATION_CONTEXT(2) 
PARAMETRIC_REPRESENTATION_CONTEXT() REPRESENTATION_CONTEXT('2D SPACE',''
  ) );
#5433 = PCURVE('',#5434,#5439);
#5434 = CYLINDRICAL_SURFACE('',#5435,6.5);
#5435 = AXIS2_PLACEMENT_3D('',#5436,#5437,#5438);
#5436 = CARTESIAN_POINT('',(40.,45.,10.));
#5437 = DIRECTION('',(0.,0.,-1.));
#5438 = DIRECTION('',(-1.,0.,0.));
#5439 = DEFINITIONAL_REPRESENTATION('',(#5440),#5444);
#5440 = LINE('',#5441,#5442);
#5441 = CARTESIAN_POINT('',(0.,0.));
#5442 = VECTOR('',#5443,1.);
#5443 = DIRECTION('',(1.,0.));
#5444 = ( GEOMETRIC_REPRESENTATION_CONTEXT(2) 
PARAMETRIC_REPRESENTATION_CONTEXT() REPRESENTATION_CONTEXT('2D SPACE',''
  ) );
#5445 = FACE_BOUND('',#5446,.T.);
#5446 = EDGE_LOOP('',(#5447));
#5447 = ORIENTED_EDGE('',*,*,#5448,.T.);
#5448 = EDGE_CURVE('',#5449,#5449,#5451,.T.);
#5449 = VERTEX_POINT('',#5450);
#5450 = CARTESIAN_POINT('',(113.5,45.,10.));
#5451 = SURFACE_CURVE('',#5452,(#5457,#5468),.PCURVE_S1.);
#5452 = CIRCLE('',#5453,6.5);
#5453 = AXIS2_PLACEMENT_3D('',#5454,#5455,#5456);
#5454 = CARTESIAN_POINT('',(120.,45.,10.));
#5455 = DIRECTION('',(0.,0.,-1.));
#5456 = DIRECTION('',(-1.,0.,0.));
#5457 = PCURVE('',#5274,#5458);
#5458 = DEFINITIONAL_REPRESENTATION('',(#5459),#5467);
#5459 = ( BOUNDED_CURVE() B_SPLINE_CURVE(2,(#5460,#5461,#5462,#5463,
#5464,#5465,#5466),.UNSPECIFIED.,.T.,.F.) B_SPLINE_CURVE_WITH_KNOTS((1,2
    ,2,2,2,1),(-2.094395102393,0.,2.094395102393,4.188790204786,
6.28318530718,8.377580409573),.UNSPECIFIED.) CURVE() 
GEOMETRIC_REPRESENTATION_ITEM() RATIONAL_B_SPLINE_CURVE((1.,0.5,1.,0.5,
1.,0.5,1.)) REPRESENTATION_ITEM('') );
#5460 = CARTESIAN_POINT('',(113.5,45.));
#5461 = CARTESIAN_POINT('',(113.5,56.258330249198));
#5462 = CARTESIAN_POINT('',(123.25,50.629165124599));
#5463 = CARTESIAN_POINT('',(133.,45.));
#5464 = CARTESIAN_POINT('',(123.25,39.370834875401));
#5465 = CARTESIAN_POINT('',(113.5,33.741669750802));
#5466 = CARTESIAN_POINT('',(113.5,45.));
#5467 = ( GEOMETRIC_REPRESENTATION_CONTEXT(2) 
PARAMETRIC_REPRESENTATION_CONTEXT() REPRESENTATION_CONTEXT('2D SPACE',''
  ) );
#5468 = PCURVE('',#5469,#5474);
#5469 = CYLINDRICAL_SURFACE('',#5470,6.5);
#5470 = AXIS2_PLACEMENT_3D('',#5471,#5472,#5473);
#5471 = CARTESIAN_POINT('',(120.,45.,10.));
#5472 = DIRECTION('',(0.,0.,-1.));
#5473 = DIRECTION('',(-1.,0.,0.));
#5474 = DEFINITIONAL_REPRESENTATION('',(#5475),#5479);
#5475 = LINE('',#5476,#5477);
#5476 = CARTESIAN_POINT('',(0.,0.));
#5477 = VECTOR('',#5478,1.);
#5478 = DIRECTION('',(1.,0.));
#5479 = ( GEOMETRIC_REPRESENTATION_CONTEXT(2) 
PARAMETRIC_REPRESENTATION_CONTEXT() REPRESENTATION_CONTEXT('2D SPACE',''
  ) );
#5480 = FACE_BOUND('',#5481,.T.);
#5481 = EDGE_LOOP('',(#5482));
#5482 = ORIENTED_EDGE('',*,*,#5483,.T.);
#5483 = EDGE_CURVE('',#5484,#5484,#5486,.T.);
#5484 = VERTEX_POINT('',#5485);
#5485 = CARTESIAN_POINT('',(193.5,45.,10.));
#5486 = SURFACE_CURVE('',#5487,(#5492,#5503),.PCURVE_S1.);
#5487 = CIRCLE('',#5488,6.5);
#5488 = AXIS2_PLACEMENT_3D('',#5489,#5490,#5491);
#5489 = CARTESIAN_POINT('',(200.,45.,10.));
#5490 = DIRECTION('',(0.,0.,-1.));
#5491 = DIRECTION('',(-1.,0.,0.));
#5492 = PCURVE('',#5274,#5493);
#5493 = DEFINITIONAL_REPRESENTATION('',(#5494),#5502);
#5494 = ( BOUNDED_CURVE() B_SPLINE_CURVE(2,(#5495,#5496,#5497,#5498,
#5499,#5500,#5501),.UNSPECIFIED.,.T.,.F.) B_SPLINE_CURVE_WITH_KNOTS((1,2
    ,2,2,2,1),(-2.094395102393,0.,2.094395102393,4.188790204786,
6.28318530718,8.377580409573),.UNSPECIFIED.) CURVE() 
GEOMETRIC_REPRESENTATION_ITEM() RATIONAL_B_SPLINE_CURVE((1.,0.5,1.,0.5,
1.,0.5,1.)) REPRESENTATION_ITEM('') );
#5495 = CARTESIAN_POINT('',(193.5,45.));
#5496 = CARTESIAN_POINT('',(193.5,56.258330249198));
#5497 = CARTESIAN_POINT('',(203.25,50.629165124599));
#5498 = CARTESIAN_POINT('',(213.,45.));
#5499 = CARTESIAN_POINT('',(203.25,39.370834875401));
#5500 = CARTESIAN_POINT('',(193.5,33.741669750802));
#5501 = CARTESIAN_POINT('',(193.5,45.));
#5502 = ( GEOMETRIC_REPRESENTATION_CONTEXT(2) 
PARAMETRIC_REPRESENTATION_CONTEXT() REPRESENTATION_CONTEXT('2D SPACE',''
  ) );
#5503 = PCURVE('',#5504,#5509);
#5504 = CYLINDRICAL_SURFACE('',#5505,6.5);
#5505 = AXIS2_PLACEMENT_3D('',#5506,#5507,#5508);
#5506 = CARTESIAN_POINT('',(200.,45.,10.));
#5507 = DIRECTION('',(0.,0.,-1.));
#5508 = DIRECTION('',(-1.,0.,0.));
#5509 = DEFINITIONAL_REPRESENTATION('',(#5510),#5514);
#5510 = LINE('',#5511,#5512);
#5511 = CARTESIAN_POINT('',(0.,0.));
#5512 = VECTOR('',#5513,1.);
#5513 = DIRECTION('',(1.,0.));
#5514 = ( GEOMETRIC_REPRESENTATION_CONTEXT(2) 
PARAMETRIC_REPRESENTATION_CONTEXT() REPRESENTATION_CONTEXT('2D SPACE',''
  ) );
#5515 = FACE_BOUND('',#5516,.T.);
#5516 = EDGE_LOOP('',(#5517));
#5517 = ORIENTED_EDGE('',*,*,#5518,.T.);
#5518 = EDGE_CURVE('',#5519,#5519,#5521,.T.);
#5519 = VERTEX_POINT('',#5520);
#5520 = CARTESIAN_POINT('',(273.5,45.,10.));
#5521 = SURFACE_CURVE('',#5522,(#5527,#5538),.PCURVE_S1.);
#5522 = CIRCLE('',#5523,6.5);
#5523 = AXIS2_PLACEMENT_3D('',#5524,#5525,#5526);
#5524 = CARTESIAN_POINT('',(280.,45.,10.));
#5525 = DIRECTION('',(0.,0.,-1.));
#5526 = DIRECTION('',(-1.,0.,0.));
#5527 = PCURVE('',#5274,#5528);
#5528 = DEFINITIONAL_REPRESENTATION('',(#5529),#5537);
#5529 = ( BOUNDED_CURVE() B_SPLINE_CURVE(2,(#5530,#5531,#5532,#5533,
#5534,#5535,#5536),.UNSPECIFIED.,.T.,.F.) B_SPLINE_CURVE_WITH_KNOTS((1,2
    ,2,2,2,1),(-2.094395102393,0.,2.094395102393,4.188790204786,
6.28318530718,8.377580409573),.UNSPECIFIED.) CURVE() 
GEOMETRIC_REPRESENTATION_ITEM() RATIONAL_B_SPLINE_CURVE((1.,0.5,1.,0.5,
1.,0.5,1.)) REPRESENTATION_ITEM('') );
#5530 = CARTESIAN_POINT('',(273.5,45.));
#5531 = CARTESIAN_POINT('',(273.5,56.258330249198));
#5532 = CARTESIAN_POINT('',(283.25,50.629165124599));
#5533 = CARTESIAN_POINT('',(293.,45.));
#5534 = CARTESIAN_POINT('',(283.25,39.370834875401));
#5535 = CARTESIAN_POINT('',(273.5,33.741669750802));
#5536 = CARTESIAN_POINT('',(273.5,45.));
#5537 = ( GEOMETRIC_REPRESENTATION_CONTEXT(2) 
PARAMETRIC_REPRESENTATION_CONTEXT() REPRESENTATION_CONTEXT('2D SPACE',''
  ) );
#5538 = PCURVE('',#5539,#5544);
#5539 = CYLINDRICAL_SURFACE('',#5540,6.5);
#5540 = AXIS2_PLACEMENT_3D('',#5541,#5542,#5543);
#5541 = CARTESIAN_POINT('',(280.,45.,10.));
#5542 = DIRECTION('',(0.,0.,-1.));
#5543 = DIRECTION('',(-1.,0.,0.));
#5544 = DEFINITIONAL_REPRESENTATION('',(#5545),#5549);
#5545 = LINE('',#5546,#5547);
#5546 = CARTESIAN_POINT('',(0.,0.));
#5547 = VECTOR('',#5548,1.);
#5548 = DIRECTION('',(1.,0.));
#5549 = ( GEOMETRIC_REPRESENTATION_CONTEXT(2) 
PARAMETRIC_REPRESENTATION_CONTEXT() REPRESENTATION_CONTEXT('2D SPACE',''
  ) );
#5550 = FACE_BOUND('',#5551,.T.);
#5551 = EDGE_LOOP('',(#5552));
#5552 = ORIENTED_EDGE('',*,*,#5553,.T.);
#5553 = EDGE_CURVE('',#5554,#5554,#5556,.T.);
#5554 = VERTEX_POINT('',#5555);
#5555 = CARTESIAN_POINT('',(353.5,45.,10.));
#5556 = SURFACE_CURVE('',#5557,(#5562,#5573),.PCURVE_S1.);
#5557 = CIRCLE('',#5558,6.5);
#5558 = AXIS2_PLACEMENT_3D('',#5559,#5560,#5561);
#5559 = CARTESIAN_POINT('',(360.,45.,10.));
#5560 = DIRECTION('',(0.,0.,-1.));
#5561 = DIRECTION('',(-1.,0.,0.));
#5562 = PCURVE('',#5274,#5563);
#5563 = DEFINITIONAL_REPRESENTATION('',(#5564),#5572);
#5564 = ( BOUNDED_CURVE() B_SPLINE_CURVE(2,(#5565,#5566,#5567,#5568,
#5569,#5570,#5571),.UNSPECIFIED.,.T.,.F.) B_SPLINE_CURVE_WITH_KNOTS((1,2
    ,2,2,2,1),(-2.094395102393,0.,2.094395102393,4.188790204786,
6.28318530718,8.377580409573),.UNSPECIFIED.) CURVE() 
GEOMETRIC_REPRESENTATION_ITEM() RATIONAL_B_SPLINE_CURVE((1.,0.5,1.,0.5,
1.,0.5,1.)) REPRESENTATION_ITEM('') );
#5565 = CARTESIAN_POINT('',(353.5,45.));
#5566 = CARTESIAN_POINT('',(353.5,56.258330249198));
#5567 = CARTESIAN_POINT('',(363.25,50.629165124599));
#5568 = CARTESIAN_POINT('',(373.,45.));
#5569 = CARTESIAN_POINT('',(363.25,39.370834875401));
#5570 = CARTESIAN_POINT('',(353.5,33.741669750802));
#5571 = CARTESIAN_POINT('',(353.5,45.));
#5572 = ( GEOMETRIC_REPRESENTATION_CONTEXT(2) 
PARAMETRIC_REPRESENTATION_CONTEXT() REPRESENTATION_CONTEXT('2D SPACE',''
  ) );
#5573 = PCURVE('',#5574,#5579);
#5574 = CYLINDRICAL_SURFACE('',#5575,6.5);
#5575 = AXIS2_PLACEMENT_3D('',#5576,#5577,#5578);
#5576 = CARTESIAN_POINT('',(360.,45.,10.));
#5577 = DIRECTION('',(0.,0.,-1.));
#5578 = DIRECTION('',(-1.,0.,0.));
#5579 = DEFINITIONAL_REPRESENTATION('',(#5580),#5584);
#5580 = LINE('',#5581,#5582);
#5581 = CARTESIAN_POINT('',(0.,0.));
#5582 = VECTOR('',#5583,1.);
#5583 = DIRECTION('',(1.,0.));
#5584 = ( GEOMETRIC_REPRESENTATION_CONTEXT(2) 
PARAMETRIC_REPRESENTATION_CONTEXT() REPRESENTATION_CONTEXT('2D SPACE',''
  ) );
#5585 = FACE_BOUND('',#5586,.T.);
#5586 = EDGE_LOOP('',(#5587));
#5587 = ORIENTED_EDGE('',*,*,#5588,.T.);
#5588 = EDGE_CURVE('',#5589,#5589,#5591,.T.);
#5589 = VERTEX_POINT('',#5590);
#5590 = CARTESIAN_POINT('',(433.5,45.,10.));
#5591 = SURFACE_CURVE('',#5592,(#5597,#5608),.PCURVE_S1.);
#5592 = CIRCLE('',#5593,6.5);
#5593 = AXIS2_PLACEMENT_3D('',#5594,#5595,#5596);
#5594 = CARTESIAN_POINT('',(440.,45.,10.));
#5595 = DIRECTION('',(0.,0.,-1.));
#5596 = DIRECTION('',(-1.,0.,0.));
#5597 = PCURVE('',#5274,#5598);
#5598 = DEFINITIONAL_REPRESENTATION('',(#5599),#5607);
#5599 = ( BOUNDED_CURVE() B_SPLINE_CURVE(2,(#5600,#5601,#5602,#5603,
#5604,#5605,#5606),.UNSPECIFIED.,.T.,.F.) B_SPLINE_CURVE_WITH_KNOTS((1,2
    ,2,2,2,1),(-2.094395102393,0.,2.094395102393,4.188790204786,
6.28318530718,8.377580409573),.UNSPECIFIED.) CURVE() 
GEOMETRIC_REPRESENTATION_ITEM() RATIONAL_B_SPLINE_CURVE((1.,0.5,1.,0.5,
1.,0.5,1.)) REPRESENTATION_ITEM('') );
#5600 = CARTESIAN_POINT('',(433.5,45.));
#5601 = CARTESIAN_POINT('',(433.5,56.258330249198));
#5602 = CARTESIAN_POINT('',(443.25,50.629165124599));
#5603 = CARTESIAN_POINT('',(453.,45.));
#5604 = CARTESIAN_POINT('',(443.25,39.370834875401));
#5605 = CARTESIAN_POINT('',(433.5,33.741669750802));
#5606 = CARTESIAN_POINT('',(433.5,45.));
#5607 = ( GEOMETRIC_REPRESENTATION_CONTEXT(2) 
PARAMETRIC_REPRESENTATION_CONTEXT() REPRESENTATION_CONTEXT('2D SPACE',''
  ) );
#5608 = PCURVE('',#5609,#5614);
#5609 = CYLINDRICAL_SURFACE('',#5610,6.5);
#5610 = AXIS2_PLACEMENT_3D('',#5611,#5612,#5613);
#5611 = CARTESIAN_POINT('',(440.,45.,10.));
#5612 = DIRECTION('',(0.,0.,-1.));
#5613 = DIRECTION('',(-1.,0.,0.));
#5614 = DEFINITIONAL_REPRESENTATION('',(#5615),#5619);
#5615 = LINE('',#5616,#5617);
#5616 = CARTESIAN_POINT('',(0.,0.));
#5617 = VECTOR('',#5618,1.);
#5618 = DIRECTION('',(1.,0.));
#5619 = ( GEOMETRIC_REPRESENTATION_CONTEXT(2) 
PARAMETRIC_REPRESENTATION_CONTEXT() REPRESENTATION_CONTEXT('2D SPACE',''
  ) );
#5620 = FACE_BOUND('',#5621,.T.);
#5621 = EDGE_LOOP('',(#5622));
#5622 = ORIENTED_EDGE('',*,*,#5623,.T.);
#5623 = EDGE_CURVE('',#5624,#5624,#5626,.T.);
#5624 = VERTEX_POINT('',#5625);
#5625 = CARTESIAN_POINT('',(513.5,45.,10.));
#5626 = SURFACE_CURVE('',#5627,(#5632,#5643),.PCURVE_S1.);
#5627 = CIRCLE('',#5628,6.5);
#5628 = AXIS2_PLACEMENT_3D('',#5629,#5630,#5631);
#5629 = CARTESIAN_POINT('',(520.,45.,10.));
#5630 = DIRECTION('',(0.,0.,-1.));
#5631 = DIRECTION('',(-1.,0.,0.));
#5632 = PCURVE('',#5274,#5633);
#5633 = DEFINITIONAL_REPRESENTATION('',(#5634),#5642);
#5634 = ( BOUNDED_CURVE() B_SPLINE_CURVE(2,(#5635,#5636,#5637,#5638,
#5639,#5640,#5641),.UNSPECIFIED.,.T.,.F.) B_SPLINE_CURVE_WITH_KNOTS((1,2
    ,2,2,2,1),(-2.094395102393,0.,2.094395102393,4.188790204786,
6.28318530718,8.377580409573),.UNSPECIFIED.) CURVE() 
GEOMETRIC_REPRESENTATION_ITEM() RATIONAL_B_SPLINE_CURVE((1.,0.5,1.,0.5,
1.,0.5,1.)) REPRESENTATION_ITEM('') );
#5635 = CARTESIAN_POINT('',(513.5,45.));
#5636 = CARTESIAN_POINT('',(513.5,56.258330249198));
#5637 = CARTESIAN_POINT('',(523.25,50.629165124599));
#5638 = CARTESIAN_POINT('',(533.,45.));
#5639 = CARTESIAN_POINT('',(523.25,39.370834875401));
#5640 = CARTESIAN_POINT('',(513.5,33.741669750802));
#5641 = CARTESIAN_POINT('',(513.5,45.));
#5642 = ( GEOMETRIC_REPRESENTATION_CONTEXT(2) 
PARAMETRIC_REPRESENTATION_CONTEXT() REPRESENTATION_CONTEXT('2D SPACE',''
  ) );
#5643 = PCURVE('',#5644,#5649);
#5644 = CYLINDRICAL_SURFACE('',#5645,6.5);
#5645 = AXIS2_PLACEMENT_3D('',#5646,#5647,#5648);
#5646 = CARTESIAN_POINT('',(520.,45.,10.));
#5647 = DIRECTION('',(0.,0.,-1.));
#5648 = DIRECTION('',(-1.,0.,0.));
#5649 = DEFINITIONAL_REPRESENTATION('',(#5650),#5654);
#5650 = LINE('',#5651,#5652);
#5651 = CARTESIAN_POINT('',(0.,0.));
#5652 = VECTOR('',#5653,1.);
#5653 = DIRECTION('',(1.,0.));
#5654 = ( GEOMETRIC_REPRESENTATION_CONTEXT(2) 
PARAMETRIC_REPRESENTATION_CONTEXT() REPRESENTATION_CONTEXT('2D SPACE',''
  ) );
#5655 = FACE_BOUND('',#5656,.T.);
#5656 = EDGE_LOOP('',(#5657));
#5657 = ORIENTED_EDGE('',*,*,#5658,.T.);
#5658 = EDGE_CURVE('',#5659,#5659,#5661,.T.);
#5659 = VERTEX_POINT('',#5660);
#5660 = CARTESIAN_POINT('',(663.5,45.,10.));
#5661 = SURFACE_CURVE('',#5662,(#5667,#5678),.PCURVE_S1.);
#5662 = CIRCLE('',#5663,6.5);
#5663 = AXIS2_PLACEMENT_3D('',#5664,#5665,#5666);
#5664 = CARTESIAN_POINT('',(670.,45.,10.));
#5665 = DIRECTION('',(0.,0.,-1.));
#5666 = DIRECTION('',(-1.,0.,0.));
#5667 = PCURVE('',#5274,#5668);
#5668 = DEFINITIONAL_REPRESENTATION('',(#5669),#5677);
#5669 = ( BOUNDED_CURVE() B_SPLINE_CURVE(2,(#5670,#5671,#5672,#5673,
#5674,#5675,#5676),.UNSPECIFIED.,.T.,.F.) B_SPLINE_CURVE_WITH_KNOTS((1,2
    ,2,2,2,1),(-2.094395102393,0.,2.094395102393,4.188790204786,
6.28318530718,8.377580409573),.UNSPECIFIED.) CURVE() 
GEOMETRIC_REPRESENTATION_ITEM() RATIONAL_B_SPLINE_CURVE((1.,0.5,1.,0.5,
1.,0.5,1.)) REPRESENTATION_ITEM('') );
#5670 = CARTESIAN_POINT('',(663.5,45.));
#5671 = CARTESIAN_POINT('',(663.5,56.258330249198));
#5672 = CARTESIAN_POINT('',(673.25,50.629165124599));
#5673 = CARTESIAN_POINT('',(683.,45.));
#5674 = CARTESIAN_POINT('',(673.25,39.370834875401));
#5675 = CARTESIAN_POINT('',(663.5,33.741669750802));
#5676 = CARTESIAN_POINT('',(663.5,45.));
#5677 = ( GEOMETRIC_REPRESENTATION_CONTEXT(2) 
PARAMETRIC_REPRESENTATION_CONTEXT() REPRESENTATION_CONTEXT('2D SPACE',''
  ) );
#5678 = PCURVE('',#5679,#5684);
#5679 = CYLINDRICAL_SURFACE('',#5680,6.5);
#5680 = AXIS2_PLACEMENT_3D('',#5681,#5682,#5683);
#5681 = CARTESIAN_POINT('',(670.,45.,10.));
#5682 = DIRECTION('',(0.,0.,-1.));
#5683 = DIRECTION('',(-1.,0.,0.));
#5684 = DEFINITIONAL_REPRESENTATION('',(#5685),#5689);
#5685 = LINE('',#5686,#5687);
#5686 = CARTESIAN_POINT('',(0.,0.));
#5687 = VECTOR('',#5688,1.);
#5688 = DIRECTION('',(1.,0.));
#5689 = ( GEOMETRIC_REPRESENTATION_CONTEXT(2) 
PARAMETRIC_REPRESENTATION_CONTEXT() REPRESENTATION_CONTEXT('2D SPACE',''
  ) );
#5690 = FACE_BOUND('',#5691,.T.);
#5691 = EDGE_LOOP('',(#5692));
#5692 = ORIENTED_EDGE('',*,*,#5693,.T.);
#5693 = EDGE_CURVE('',#5694,#5694,#5696,.T.);
#5694 = VERTEX_POINT('',#5695);
#5695 = CARTESIAN_POINT('',(813.5,45.,10.));
#5696 = SURFACE_CURVE('',#5697,(#5702,#5713),.PCURVE_S1.);
#5697 = CIRCLE('',#5698,6.5);
#5698 = AXIS2_PLACEMENT_3D('',#5699,#5700,#5701);
#5699 = CARTESIAN_POINT('',(820.,45.,10.));
#5700 = DIRECTION('',(0.,0.,-1.));
#5701 = DIRECTION('',(-1.,0.,0.));
#5702 = PCURVE('',#5274,#5703);
#5703 = DEFINITIONAL_REPRESENTATION('',(#5704),#5712);
#5704 = ( BOUNDED_CURVE() B_SPLINE_CURVE(2,(#5705,#5706,#5707,#5708,
#5709,#5710,#5711),.UNSPECIFIED.,.T.,.F.) B_SPLINE_CURVE_WITH_KNOTS((1,2
    ,2,2,2,1),(-2.094395102393,0.,2.094395102393,4.188790204786,
6.28318530718,8.377580409573),.UNSPECIFIED.) CURVE() 
GEOMETRIC_REPRESENTATION_ITEM() RATIONAL_B_SPLINE_CURVE((1.,0.5,1.,0.5,
1.,0.5,1.)) REPRESENTATION_ITEM('') );
#5705 = CARTESIAN_POINT('',(813.5,45.));
#5706 = CARTESIAN_POINT('',(813.5,56.258330249198));
#5707 = CARTESIAN_POINT('',(823.25,50.629165124599));
#5708 = CARTESIAN_POINT('',(833.,45.));
#5709 = CARTESIAN_POINT('',(823.25,39.370834875401));
#5710 = CARTESIAN_POINT('',(813.5,33.741669750802));
#5711 = CARTESIAN_POINT('',(813.5,45.));
#5712 = ( GEOMETRIC_REPRESENTATION_CONTEXT(2) 
PARAMETRIC_REPRESENTATION_CONTEXT() REPRESENTATION_CONTEXT('2D SPACE',''
  ) );
#5713 = PCURVE('',#5714,#5719);
#5714 = CYLINDRICAL_SURFACE('',#5715,6.5);
#5715 = AXIS2_PLACEMENT_3D('',#5716,#5717,#5718);
#5716 = CARTESIAN_POINT('',(820.,45.,10.));
#5717 = DIRECTION('',(0.,0.,-1.));
#5718 = DIRECTION('',(-1.,0.,0.));
#5719 = DEFINITIONAL_REPRESENTATION('',(#5720),#5724);
#5720 = LINE('',#5721,#5722);
#5721 = CARTESIAN_POINT('',(0.,0.));
#5722 = VECTOR('',#5723,1.);
#5723 = DIRECTION('',(1.,0.));
#5724 = ( GEOMETRIC_REPRESENTATION_CONTEXT(2) 
PARAMETRIC_REPRESENTATION_CONTEXT() REPRESENTATION_CONTEXT('2D SPACE',''
  ) );
#5725 = FACE_BOUND('',#5726,.T.);
#5726 = EDGE_LOOP('',(#5727));
#5727 = ORIENTED_EDGE('',*,*,#5728,.T.);
#5728 = EDGE_CURVE('',#5729,#5729,#5731,.T.);
#5729 = VERTEX_POINT('',#5730);
#5730 = CARTESIAN_POINT('',(963.5,45.,10.));
#5731 = SURFACE_CURVE('',#5732,(#5737,#5748),.PCURVE_S1.);
#5732 = CIRCLE('',#5733,6.5);
#5733 = AXIS2_PLACEMENT_3D('',#5734,#5735,#5736);
#5734 = CARTESIAN_POINT('',(970.,45.,10.));
#5735 = DIRECTION('',(0.,0.,-1.));
#5736 = DIRECTION('',(-1.,0.,0.));
#5737 = PCURVE('',#5274,#5738);
#5738 = DEFINITIONAL_REPRESENTATION('',(#5739),#5747);
#5739 = ( BOUNDED_CURVE() B_SPLINE_CURVE(2,(#5740,#5741,#5742,#5743,
#5744,#5745,#5746),.UNSPECIFIED.,.T.,.F.) B_SPLINE_CURVE_WITH_KNOTS((1,2
    ,2,2,2,1),(-2.094395102393,0.,2.094395102393,4.188790204786,
6.28318530718,8.377580409573),.UNSPECIFIED.) CURVE() 
GEOMETRIC_REPRESENTATION_ITEM() RATIONAL_B_SPLINE_CURVE((1.,0.5,1.,0.5,
1.,0.5,1.)) REPRESENTATION_ITEM('') );
#5740 = CARTESIAN_POINT('',(963.5,45.));
#5741 = CARTESIAN_POINT('',(963.5,56.258330249198));
#5742 = CARTESIAN_POINT('',(973.25,50.629165124599));
#5743 = CARTESIAN_POINT('',(983.,45.));
#5744 = CARTESIAN_POINT('',(973.25,39.370834875401));
#5745 = CARTESIAN_POINT('',(963.5,33.741669750802));
#5746 = CARTESIAN_POINT('',(963.5,45.));
#5747 = ( GEOMETRIC_REPRESENTATION_CONTEXT(2) 
PARAMETRIC_REPRESENTATION_CONTEXT() REPRESENTATION_CONTEXT('2D SPACE',''
  ) );
#5748 = PCURVE('',#5749,#5754);
#5749 = CYLINDRICAL_SURFACE('',#5750,6.5);
#5750 = AXIS2_PLACEMENT_3D('',#5751,#5752,#5753);
#5751 = CARTESIAN_POINT('',(970.,45.,10.));
#5752 = DIRECTION('',(0.,0.,-1.));
#5753 = DIRECTION('',(-1.,0.,0.));
#5754 = DEFINITIONAL_REPRESENTATION('',(#5755),#5759);
#5755 = LINE('',#5756,#5757);
#5756 = CARTESIAN_POINT('',(0.,0.));
#5757 = VECTOR('',#5758,1.);
#5758 = DIRECTION('',(1.,0.));
#5759 = ( GEOMETRIC_REPRESENTATION_CONTEXT(2) 
PARAMETRIC_REPRESENTATION_CONTEXT() REPRESENTATION_CONTEXT('2D SPACE',''
  ) );
#5760 = FACE_BOUND('',#5761,.T.);
#5761 = EDGE_LOOP('',(#5762));
#5762 = ORIENTED_EDGE('',*,*,#5763,.T.);
#5763 = EDGE_CURVE('',#5764,#5764,#5766,.T.);
#5764 = VERTEX_POINT('',#5765);
#5765 = CARTESIAN_POINT('',(1.1135E+03,45.,10.));
#5766 = SURFACE_CURVE('',#5767,(#5772,#5783),.PCURVE_S1.);
#5767 = CIRCLE('',#5768,6.5);
#5768 = AXIS2_PLACEMENT_3D('',#5769,#5770,#5771);
#5769 = CARTESIAN_POINT('',(1.12E+03,45.,10.));
#5770 = DIRECTION('',(0.,0.,-1.));
#5771 = DIRECTION('',(-1.,0.,0.));
#5772 = PCURVE('',#5274,#5773);
#5773 = DEFINITIONAL_REPRESENTATION('',(#5774),#5782);
#5774 = ( BOUNDED_CURVE() B_SPLINE_CURVE(2,(#5775,#5776,#5777,#5778,
#5779,#5780,#5781),.UNSPECIFIED.,.T.,.F.) B_SPLINE_CURVE_WITH_KNOTS((1,2
    ,2,2,2,1),(-2.094395102393,0.,2.094395102393,4.188790204786,
6.28318530718,8.377580409573),.UNSPECIFIED.) CURVE() 
GEOMETRIC_REPRESENTATION_ITEM() RATIONAL_B_SPLINE_CURVE((1.,0.5,1.,0.5,
1.,0.5,1.)) REPRESENTATION_ITEM('') );
#5775 = CARTESIAN_POINT('',(1.1135E+03,45.));
#5776 = CARTESIAN_POINT('',(1.1135E+03,56.258330249198));
#5777 = CARTESIAN_POINT('',(1.12325E+03,50.629165124599));
#5778 = CARTESIAN_POINT('',(1.133E+03,45.));
#5779 = CARTESIAN_POINT('',(1.12325E+03,39.370834875401));
#5780 = CARTESIAN_POINT('',(1.1135E+03,33.741669750802));
#5781 = CARTESIAN_POINT('',(1.1135E+03,45.));
#5782 = ( GEOMETRIC_REPRESENTATION_CONTEXT(2) 
PARAMETRIC_REPRESENTATION_CONTEXT() REPRESENTATION_CONTEXT('2D SPACE',''
  ) );
#5783 = PCURVE('',#5784,#5789);
#5784 = CYLINDRICAL_SURFACE('',#5785,6.5);
#5785 = AXIS2_PLACEMENT_3D('',#5786,#5787,#5788);
#5786 = CARTESIAN_POINT('',(1.12E+03,45.,10.));
#5787 = DIRECTION('',(0.,0.,-1.));
#5788 = DIRECTION('',(-1.,0.,0.));
#5789 = DEFINITIONAL_REPRESENTATION('',(#5790),#5794);
#5790 = LINE('',#5791,#5792);
#5791 = CARTESIAN_POINT('',(0.,0.));
#5792 = VECTOR('',#5793,1.);
#5793 = DIRECTION('',(1.,0.));
#5794 = ( GEOMETRIC_REPRESENTATION_CONTEXT(2) 
PARAMETRIC_REPRESENTATION_CONTEXT() REPRESENTATION_CONTEXT('2D SPACE',''
  ) );
#5795 = FACE_BOUND('',#5796,.T.);
#5796 = EDGE_LOOP('',(#5797));
#5797 = ORIENTED_EDGE('',*,*,#5798,.T.);
#5798 = EDGE_CURVE('',#5799,#5799,#5801,.T.);
#5799 = VERTEX_POINT('',#5800);
#5800 = CARTESIAN_POINT('',(1.5135E+03,45.,10.));
#5801 = SURFACE_CURVE('',#5802,(#5807,#5818),.PCURVE_S1.);
#5802 = CIRCLE('',#5803,6.5);
#5803 = AXIS2_PLACEMENT_3D('',#5804,#5805,#5806);
#5804 = CARTESIAN_POINT('',(1.52E+03,45.,10.));
#5805 = DIRECTION('',(0.,0.,-1.));
#5806 = DIRECTION('',(-1.,0.,0.));
#5807 = PCURVE('',#5274,#5808);
#5808 = DEFINITIONAL_REPRESENTATION('',(#5809),#5817);
#5809 = ( BOUNDED_CURVE() B_SPLINE_CURVE(2,(#5810,#5811,#5812,#5813,
#5814,#5815,#5816),.UNSPECIFIED.,.T.,.F.) B_SPLINE_CURVE_WITH_KNOTS((1,2
    ,2,2,2,1),(-2.094395102393,0.,2.094395102393,4.188790204786,
6.28318530718,8.377580409573),.UNSPECIFIED.) CURVE() 
GEOMETRIC_REPRESENTATION_ITEM() RATIONAL_B_SPLINE_CURVE((1.,0.5,1.,0.5,
1.,0.5,1.)) REPRESENTATION_ITEM('') );
#5810 = CARTESIAN_POINT('',(1.5135E+03,45.));
#5811 = CARTESIAN_POINT('',(1.5135E+03,56.258330249198));
#5812 = CARTESIAN_POINT('',(1.52325E+03,50.629165124599));
#5813 = CARTESIAN_POINT('',(1.533E+03,45.));
#5814 = CARTESIAN_POINT('',(1.52325E+03,39.370834875401));
#5815 = CARTESIAN_POINT('',(1.5135E+03,33.741669750802));
#5816 = CARTESIAN_POINT('',(1.5135E+03,45.));
#5817 = ( GEOMETRIC_REPRESENTATION_CONTEXT(2) 
PARAMETRIC_REPRESENTATION_CONTEXT() REPRESENTATION_CONTEXT('2D SPACE',''
  ) );
#5818 = PCURVE('',#5819,#5824);
#5819 = CYLINDRICAL_SURFACE('',#5820,6.5);
#5820 = AXIS2_PLACEMENT_3D('',#5821,#5822,#5823);
#5821 = CARTESIAN_POINT('',(1.52E+03,45.,10.));
#5822 = DIRECTION('',(0.,0.,-1.));
#5823 = DIRECTION('',(-1.,0.,0.));
#5824 = DEFINITIONAL_REPRESENTATION('',(#5825),#5829);
#5825 = LINE('',#5826,#5827);
#5826 = CARTESIAN_POINT('',(0.,0.));
#5827 = VECTOR('',#5828,1.);
#5828 = DIRECTION('',(1.,0.));
#5829 = ( GEOMETRIC_REPRESENTATION_CONTEXT(2) 
PARAMETRIC_REPRESENTATION_CONTEXT() REPRESENTATION_CONTEXT('2D SPACE',''
  ) );
#5830 = FACE_BOUND('',#5831,.T.);
#5831 = EDGE_LOOP('',(#5832));
#5832 = ORIENTED_EDGE('',*,*,#5833,.T.);
#5833 = EDGE_CURVE('',#5834,#5834,#5836,.T.);
#5834 = VERTEX_POINT('',#5835);
#5835 = CARTESIAN_POINT('',(1.8205E+03,45.,10.));
#5836 = SURFACE_CURVE('',#5837,(#5842,#5853),.PCURVE_S1.);
#5837 = CIRCLE('',#5838,6.5);
#5838 = AXIS2_PLACEMENT_3D('',#5839,#5840,#5841);
#5839 = CARTESIAN_POINT('',(1.827E+03,45.,10.));
#5840 = DIRECTION('',(0.,0.,-1.));
#5841 = DIRECTION('',(-1.,0.,0.));
#5842 = PCURVE('',#5274,#5843);
#5843 = DEFINITIONAL_REPRESENTATION('',(#5844),#5852);
#5844 = ( BOUNDED_CURVE() B_SPLINE_CURVE(2,(#5845,#5846,#5847,#5848,
#5849,#5850,#5851),.UNSPECIFIED.,.T.,.F.) B_SPLINE_CURVE_WITH_KNOTS((1,2
    ,2,2,2,1),(-2.094395102393,0.,2.094395102393,4.188790204786,
6.28318530718,8.377580409573),.UNSPECIFIED.) CURVE() 
GEOMETRIC_REPRESENTATION_ITEM() RATIONAL_B_SPLINE_CURVE((1.,0.5,1.,0.5,
1.,0.5,1.)) REPRESENTATION_ITEM('') );
#5845 = CARTESIAN_POINT('',(1.8205E+03,45.));
#5846 = CARTESIAN_POINT('',(1.8205E+03,56.258330249198));
#5847 = CARTESIAN_POINT('',(1.83025E+03,50.629165124599));
#5848 = CARTESIAN_POINT('',(1.84E+03,45.));
#5849 = CARTESIAN_POINT('',(1.83025E+03,39.370834875401));
#5850 = CARTESIAN_POINT('',(1.8205E+03,33.741669750802));
#5851 = CARTESIAN_POINT('',(1.8205E+03,45.));
#5852 = ( GEOMETRIC_REPRESENTATION_CONTEXT(2) 
PARAMETRIC_REPRESENTATION_CONTEXT() REPRESENTATION_CONTEXT('2D SPACE',''
  ) );
#5853 = PCURVE('',#5854,#5859);
#5854 = CYLINDRICAL_SURFACE('',#5855,6.5);
#5855 = AXIS2_PLACEMENT_3D('',#5856,#5857,#5858);
#5856 = CARTESIAN_POINT('',(1.827E+03,45.,10.));
#5857 = DIRECTION('',(0.,0.,-1.));
#5858 = DIRECTION('',(-1.,0.,0.));
#5859 = DEFINITIONAL_REPRESENTATION('',(#5860),#5864);
#5860 = LINE('',#5861,#5862);
#5861 = CARTESIAN_POINT('',(0.,0.));
#5862 = VECTOR('',#5863,1.);
#5863 = DIRECTION('',(1.,0.));
#5864 = ( GEOMETRIC_REPRESENTATION_CONTEXT(2) 
PARAMETRIC_REPRESENTATION_CONTEXT() REPRESENTATION_CONTEXT('2D SPACE',''
  ) );
#5865 = FACE_BOUND('',#5866,.T.);
#5866 = EDGE_LOOP('',(#5867));
#5867 = ORIENTED_EDGE('',*,*,#5868,.T.);
#5868 = EDGE_CURVE('',#5869,#5869,#5871,.T.);
#5869 = VERTEX_POINT('',#5870);
#5870 = CARTESIAN_POINT('',(2.1265E+03,45.,10.));
#5871 = SURFACE_CURVE('',#5872,(#5877,#5888),.PCURVE_S1.);
#5872 = CIRCLE('',#5873,6.5);
#5873 = AXIS2_PLACEMENT_3D('',#5874,#5875,#5876);
#5874 = CARTESIAN_POINT('',(2.133E+03,45.,10.));
#5875 = DIRECTION('',(0.,0.,-1.));
#5876 = DIRECTION('',(-1.,0.,0.));
#5877 = PCURVE('',#5274,#5878);
#5878 = DEFINITIONAL_REPRESENTATION('',(#5879),#5887);
#5879 = ( BOUNDED_CURVE() B_SPLINE_CURVE(2,(#5880,#5881,#5882,#5883,
#5884,#5885,#5886),.UNSPECIFIED.,.T.,.F.) B_SPLINE_CURVE_WITH_KNOTS((1,2
    ,2,2,2,1),(-2.094395102393,0.,2.094395102393,4.188790204786,
6.28318530718,8.377580409573),.UNSPECIFIED.) CURVE() 
GEOMETRIC_REPRESENTATION_ITEM() RATIONAL_B_SPLINE_CURVE((1.,0.5,1.,0.5,
1.,0.5,1.)) REPRESENTATION_ITEM('') );
#5880 = CARTESIAN_POINT('',(2.1265E+03,45.));
#5881 = CARTESIAN_POINT('',(2.1265E+03,56.258330249198));
#5882 = CARTESIAN_POINT('',(2.13625E+03,50.629165124599));
#5883 = CARTESIAN_POINT('',(2.146E+03,45.));
#5884 = CARTESIAN_POINT('',(2.13625E+03,39.370834875401));
#5885 = CARTESIAN_POINT('',(2.1265E+03,33.741669750802));
#5886 = CARTESIAN_POINT('',(2.1265E+03,45.));
#5887 = ( GEOMETRIC_REPRESENTATION_CONTEXT(2) 
PARAMETRIC_REPRESENTATION_CONTEXT() REPRESENTATION_CONTEXT('2D SPACE',''
  ) );
#5888 = PCURVE('',#5889,#5894);
#5889 = CYLINDRICAL_SURFACE('',#5890,6.5);
#5890 = AXIS2_PLACEMENT_3D('',#5891,#5892,#5893);
#5891 = CARTESIAN_POINT('',(2.133E+03,45.,10.));
#5892 = DIRECTION('',(0.,0.,-1.));
#5893 = DIRECTION('',(-1.,0.,0.));
#5894 = DEFINITIONAL_REPRESENTATION('',(#5895),#5899);
#5895 = LINE('',#5896,#5897);
#5896 = CARTESIAN_POINT('',(0.,0.));
#5897 = VECTOR('',#5898,1.);
#5898 = DIRECTION('',(1.,0.));
#5899 = ( GEOMETRIC_REPRESENTATION_CONTEXT(2) 
PARAMETRIC_REPRESENTATION_CONTEXT() REPRESENTATION_CONTEXT('2D SPACE',''
  ) );
#5900 = FACE_BOUND('',#5901,.T.);
#5901 = EDGE_LOOP('',(#5902));
#5902 = ORIENTED_EDGE('',*,*,#5903,.T.);
#5903 = EDGE_CURVE('',#5904,#5904,#5906,.T.);
#5904 = VERTEX_POINT('',#5905);
#5905 = CARTESIAN_POINT('',(2.5265E+03,45.,10.));
#5906 = SURFACE_CURVE('',#5907,(#5912,#5923),.PCURVE_S1.);
#5907 = CIRCLE('',#5908,6.5);
#5908 = AXIS2_PLACEMENT_3D('',#5909,#5910,#5911);
#5909 = CARTESIAN_POINT('',(2.533E+03,45.,10.));
#5910 = DIRECTION('',(0.,0.,-1.));
#5911 = DIRECTION('',(-1.,0.,0.));
#5912 = PCURVE('',#5274,#5913);
#5913 = DEFINITIONAL_REPRESENTATION('',(#5914),#5922);
#5914 = ( BOUNDED_CURVE() B_SPLINE_CURVE(2,(#5915,#5916,#5917,#5918,
#5919,#5920,#5921),.UNSPECIFIED.,.T.,.F.) B_SPLINE_CURVE_WITH_KNOTS((1,2
    ,2,2,2,1),(-2.094395102393,0.,2.094395102393,4.188790204786,
6.28318530718,8.377580409573),.UNSPECIFIED.) CURVE() 
GEOMETRIC_REPRESENTATION_ITEM() RATIONAL_B_SPLINE_CURVE((1.,0.5,1.,0.5,
1.,0.5,1.)) REPRESENTATION_ITEM('') );
#5915 = CARTESIAN_POINT('',(2.5265E+03,45.));
#5916 = CARTESIAN_POINT('',(2.5265E+03,56.258330249198));
#5917 = CARTESIAN_POINT('',(2.53625E+03,50.629165124599));
#5918 = CARTESIAN_POINT('',(2.546E+03,45.));
#5919 = CARTESIAN_POINT('',(2.53625E+03,39.370834875401));
#5920 = CARTESIAN_POINT('',(2.5265E+03,33.741669750802));
#5921 = CARTESIAN_POINT('',(2.5265E+03,45.));
#5922 = ( GEOMETRIC_REPRESENTATION_CONTEXT(2) 
PARAMETRIC_REPRESENTATION_CONTEXT() REPRESENTATION_CONTEXT('2D SPACE',''
  ) );
#5923 = PCURVE('',#5924,#5929);
#5924 = CYLINDRICAL_SURFACE('',#5925,6.5);
#5925 = AXIS2_PLACEMENT_3D('',#5926,#5927,#5928);
#5926 = CARTESIAN_POINT('',(2.533E+03,45.,10.));
#5927 = DIRECTION('',(0.,0.,-1.));
#5928 = DIRECTION('',(-1.,0.,0.));
#5929 = DEFINITIONAL_REPRESENTATION('',(#5930),#5934);
#5930 = LINE('',#5931,#5932);
#5931 = CARTESIAN_POINT('',(0.,0.));
#5932 = VECTOR('',#5933,1.);
#5933 = DIRECTION('',(1.,0.));
#5934 = ( GEOMETRIC_REPRESENTATION_CONTEXT(2) 
PARAMETRIC_REPRESENTATION_CONTEXT() REPRESENTATION_CONTEXT('2D SPACE',''
  ) );
#5935 = FACE_BOUND('',#5936,.T.);
#5936 = EDGE_LOOP('',(#5937));
#5937 = ORIENTED_EDGE('',*,*,#5938,.T.);
#5938 = EDGE_CURVE('',#5939,#5939,#5941,.T.);
#5939 = VERTEX_POINT('',#5940);
#5940 = CARTESIAN_POINT('',(2.7765E+03,45.,10.));
#5941 = SURFACE_CURVE('',#5942,(#5947,#5958),.PCURVE_S1.);
#5942 = CIRCLE('',#5943,6.5);
#5943 = AXIS2_PLACEMENT_3D('',#5944,#5945,#5946);
#5944 = CARTESIAN_POINT('',(2.783E+03,45.,10.));
#5945 = DIRECTION('',(0.,0.,-1.));
#5946 = DIRECTION('',(-1.,0.,0.));
#5947 = PCURVE('',#5274,#5948);
#5948 = DEFINITIONAL_REPRESENTATION('',(#5949),#5957);
#5949 = ( BOUNDED_CURVE() B_SPLINE_CURVE(2,(#5950,#5951,#5952,#5953,
#5954,#5955,#5956),.UNSPECIFIED.,.T.,.F.) B_SPLINE_CURVE_WITH_KNOTS((1,2
    ,2,2,2,1),(-2.094395102393,0.,2.094395102393,4.188790204786,
6.28318530718,8.377580409573),.UNSPECIFIED.) CURVE() 
GEOMETRIC_REPRESENTATION_ITEM() RATIONAL_B_SPLINE_CURVE((1.,0.5,1.,0.5,
1.,0.5,1.)) REPRESENTATION_ITEM('') );
#5950 = CARTESIAN_POINT('',(2.7765E+03,45.));
#5951 = CARTESIAN_POINT('',(2.7765E+03,56.258330249198));
#5952 = CARTESIAN_POINT('',(2.78625E+03,50.629165124599));
#5953 = CARTESIAN_POINT('',(2.796E+03,45.));
#5954 = CARTESIAN_POINT('',(2.78625E+03,39.370834875401));
#5955 = CARTESIAN_POINT('',(2.7765E+03,33.741669750802));
#5956 = CARTESIAN_POINT('',(2.7765E+03,45.));
#5957 = ( GEOMETRIC_REPRESENTATION_CONTEXT(2) 
PARAMETRIC_REPRESENTATION_CONTEXT() REPRESENTATION_CONTEXT('2D SPACE',''
  ) );
#5958 = PCURVE('',#5959,#5964);
#5959 = CYLINDRICAL_SURFACE('',#5960,6.5);
#5960 = AXIS2_PLACEMENT_3D('',#5961,#5962,#5963);
#5961 = CARTESIAN_POINT('',(2.783E+03,45.,10.));
#5962 = DIRECTION('',(0.,0.,-1.));
#5963 = DIRECTION('',(-1.,0.,0.));
#5964 = DEFINITIONAL_REPRESENTATION('',(#5965),#5969);
#5965 = LINE('',#5966,#5967);
#5966 = CARTESIAN_POINT('',(0.,0.));
#5967 = VECTOR('',#5968,1.);
#5968 = DIRECTION('',(1.,0.));
#5969 = ( GEOMETRIC_REPRESENTATION_CONTEXT(2) 
PARAMETRIC_REPRESENTATION_CONTEXT() REPRESENTATION_CONTEXT('2D SPACE',''
  ) );
#5970 = FACE_BOUND('',#5971,.T.);
#5971 = EDGE_LOOP('',(#5972));
#5972 = ORIENTED_EDGE('',*,*,#5973,.T.);
#5973 = EDGE_CURVE('',#5974,#5974,#5976,.T.);
#5974 = VERTEX_POINT('',#5975);
#5975 = CARTESIAN_POINT('',(2.8765E+03,45.,10.));
#5976 = SURFACE_CURVE('',#5977,(#5982,#5993),.PCURVE_S1.);
#5977 = CIRCLE('',#5978,6.5);
#5978 = AXIS2_PLACEMENT_3D('',#5979,#5980,#5981);
#5979 = CARTESIAN_POINT('',(2.883E+03,45.,10.));
#5980 = DIRECTION('',(0.,0.,-1.));
#5981 = DIRECTION('',(-1.,0.,0.));
#5982 = PCURVE('',#5274,#5983);
#5983 = DEFINITIONAL_REPRESENTATION('',(#5984),#5992);
#5984 = ( BOUNDED_CURVE() B_SPLINE_CURVE(2,(#5985,#5986,#5987,#5988,
#5989,#5990,#5991),.UNSPECIFIED.,.T.,.F.) B_SPLINE_CURVE_WITH_KNOTS((1,2
    ,2,2,2,1),(-2.094395102393,0.,2.094395102393,4.188790204786,
6.28318530718,8.377580409573),.UNSPECIFIED.) CURVE() 
GEOMETRIC_REPRESENTATION_ITEM() RATIONAL_B_SPLINE_CURVE((1.,0.5,1.,0.5,
1.,0.5,1.)) REPRESENTATION_ITEM('') );
#5985 = CARTESIAN_POINT('',(2.8765E+03,45.));
#5986 = CARTESIAN_POINT('',(2.8765E+03,56.258330249198));
#5987 = CARTESIAN_POINT('',(2.88625E+03,50.629165124599));
#5988 = CARTESIAN_POINT('',(2.896E+03,45.));
#5989 = CARTESIAN_POINT('',(2.88625E+03,39.370834875401));
#5990 = CARTESIAN_POINT('',(2.8765E+03,33.741669750802));
#5991 = CARTESIAN_POINT('',(2.8765E+03,45.));
#5992 = ( GEOMETRIC_REPRESENTATION_CONTEXT(2) 
PARAMETRIC_REPRESENTATION_CONTEXT() REPRESENTATION_CONTEXT('2D SPACE',''
  ) );
#5993 = PCURVE('',#5994,#5999);
#5994 = CYLINDRICAL_SURFACE('',#5995,6.5);
#5995 = AXIS2_PLACEMENT_3D('',#5996,#5997,#5998);
#5996 = CARTESIAN_POINT('',(2.883E+03,45.,10.));
#5997 = DIRECTION('',(0.,0.,-1.));
#5998 = DIRECTION('',(-1.,0.,0.));
#5999 = DEFINITIONAL_REPRESENTATION('',(#6000),#6004);
#6000 = LINE('',#6001,#6002);
#6001 = CARTESIAN_POINT('',(0.,0.));
#6002 = VECTOR('',#6003,1.);
#6003 = DIRECTION('',(1.,0.));
#6004 = ( GEOMETRIC_REPRESENTATION_CONTEXT(2) 
PARAMETRIC_REPRESENTATION_CONTEXT() REPRESENTATION_CONTEXT('2D SPACE',''
  ) );
#6005 = FACE_BOUND('',#6006,.T.);
#6006 = EDGE_LOOP('',(#6007));
#6007 = ORIENTED_EDGE('',*,*,#6008,.T.);
#6008 = EDGE_CURVE('',#6009,#6009,#6011,.T.);
#6009 = VERTEX_POINT('',#6010);
#6010 = CARTESIAN_POINT('',(2.9765E+03,45.,10.));
#6011 = SURFACE_CURVE('',#6012,(#6017,#6028),.PCURVE_S1.);
#6012 = CIRCLE('',#6013,6.5);
#6013 = AXIS2_PLACEMENT_3D('',#6014,#6015,#6016);
#6014 = CARTESIAN_POINT('',(2.983E+03,45.,10.));
#6015 = DIRECTION('',(0.,0.,-1.));
#6016 = DIRECTION('',(-1.,0.,0.));
#6017 = PCURVE('',#5274,#6018);
#6018 = DEFINITIONAL_REPRESENTATION('',(#6019),#6027);
#6019 = ( BOUNDED_CURVE() B_SPLINE_CURVE(2,(#6020,#6021,#6022,#6023,
#6024,#6025,#6026),.UNSPECIFIED.,.T.,.F.) B_SPLINE_CURVE_WITH_KNOTS((1,2
    ,2,2,2,1),(-2.094395102393,0.,2.094395102393,4.188790204786,
6.28318530718,8.377580409573),.UNSPECIFIED.) CURVE() 
GEOMETRIC_REPRESENTATION_ITEM() RATIONAL_B_SPLINE_CURVE((1.,0.5,1.,0.5,
1.,0.5,1.)) REPRESENTATION_ITEM('') );
#6020 = CARTESIAN_POINT('',(2.9765E+03,45.));
#6021 = CARTESIAN_POINT('',(2.9765E+03,56.258330249198));
#6022 = CARTESIAN_POINT('',(2.98625E+03,50.629165124599));
#6023 = CARTESIAN_POINT('',(2.996E+03,45.));
#6024 = CARTESIAN_POINT('',(2.98625E+03,39.370834875401));
#6025 = CARTESIAN_POINT('',(2.9765E+03,33.741669750802));
#6026 = CARTESIAN_POINT('',(2.9765E+03,45.));
#6027 = ( GEOMETRIC_REPRESENTATION_CONTEXT(2) 
PARAMETRIC_REPRESENTATION_CONTEXT() REPRESENTATION_CONTEXT('2D SPACE',''
  ) );
#6028 = PCURVE('',#6029,#6034);
#6029 = CYLINDRICAL_SURFACE('',#6030,6.5);
#6030 = AXIS2_PLACEMENT_3D('',#6031,#6032,#6033);
#6031 = CARTESIAN_POINT('',(2.983E+03,45.,10.));
#6032 = DIRECTION('',(0.,0.,-1.));
#6033 = DIRECTION('',(-1.,0.,0.));
#6034 = DEFINITIONAL_REPRESENTATION('',(#6035),#6039);
#6035 = LINE('',#6036,#6037);
#6036 = CARTESIAN_POINT('',(0.,0.));
#6037 = VECTOR('',#6038,1.);
#6038 = DIRECTION('',(1.,0.));
#6039 = ( GEOMETRIC_REPRESENTATION_CONTEXT(2) 
PARAMETRIC_REPRESENTATION_CONTEXT() REPRESENTATION_CONTEXT('2D SPACE',''
  ) );
#6040 = FACE_BOUND('',#6041,.T.);
#6041 = EDGE_LOOP('',(#6042));
#6042 = ORIENTED_EDGE('',*,*,#6043,.T.);
#6043 = EDGE_CURVE('',#6044,#6044,#6046,.T.);
#6044 = VERTEX_POINT('',#6045);
#6045 = CARTESIAN_POINT('',(3.0765E+03,45.,10.));
#6046 = SURFACE_CURVE('',#6047,(#6052,#6063),.PCURVE_S1.);
#6047 = CIRCLE('',#6048,6.5);
#6048 = AXIS2_PLACEMENT_3D('',#6049,#6050,#6051);
#6049 = CARTESIAN_POINT('',(3.083E+03,45.,10.));
#6050 = DIRECTION('',(0.,0.,-1.));
#6051 = DIRECTION('',(-1.,0.,0.));
#6052 = PCURVE('',#5274,#6053);
#6053 = DEFINITIONAL_REPRESENTATION('',(#6054),#6062);
#6054 = ( BOUNDED_CURVE() B_SPLINE_CURVE(2,(#6055,#6056,#6057,#6058,
#6059,#6060,#6061),.UNSPECIFIED.,.T.,.F.) B_SPLINE_CURVE_WITH_KNOTS((1,2
    ,2,2,2,1),(-2.094395102393,0.,2.094395102393,4.188790204786,
6.28318530718,8.377580409573),.UNSPECIFIED.) CURVE() 
GEOMETRIC_REPRESENTATION_ITEM() RATIONAL_B_SPLINE_CURVE((1.,0.5,1.,0.5,
1.,0.5,1.)) REPRESENTATION_ITEM('') );
#6055 = CARTESIAN_POINT('',(3.0765E+03,45.));
#6056 = CARTESIAN_POINT('',(3.0765E+03,56.258330249198));
#6057 = CARTESIAN_POINT('',(3.08625E+03,50.629165124599));
#6058 = CARTESIAN_POINT('',(3.096E+03,45.));
#6059 = CARTESIAN_POINT('',(3.08625E+03,39.370834875401));
#6060 = CARTESIAN_POINT('',(3.0765E+03,33.741669750802));
#6061 = CARTESIAN_POINT('',(3.0765E+03,45.));
#6062 = ( GEOMETRIC_REPRESENTATION_CONTEXT(2) 
PARAMETRIC_REPRESENTATION_CONTEXT() REPRESENTATION_CONTEXT('2D SPACE',''
  ) );
#6063 = PCURVE('',#6064,#6069);
#6064 = CYLINDRICAL_SURFACE('',#6065,6.5);
#6065 = AXIS2_PLACEMENT_3D('',#6066,#6067,#6068);
#6066 = CARTESIAN_POINT('',(3.083E+03,45.,10.));
#6067 = DIRECTION('',(0.,0.,-1.));
#6068 = DIRECTION('',(-1.,0.,0.));
#6069 = DEFINITIONAL_REPRESENTATION('',(#6070),#6074);
#6070 = LINE('',#6071,#6072);
#6071 = CARTESIAN_POINT('',(0.,0.));
#6072 = VECTOR('',#6073,1.);
#6073 = DIRECTION('',(1.,0.));
#6074 = ( GEOMETRIC_REPRESENTATION_CONTEXT(2) 
PARAMETRIC_REPRESENTATION_CONTEXT() REPRESENTATION_CONTEXT('2D SPACE',''
  ) );
#6075 = FACE_BOUND('',#6076,.T.);
#6076 = EDGE_LOOP('',(#6077));
#6077 = ORIENTED_EDGE('',*,*,#6078,.T.);
#6078 = EDGE_CURVE('',#6079,#6079,#6081,.T.);
#6079 = VERTEX_POINT('',#6080);
#6080 = CARTESIAN_POINT('',(3.1765E+03,45.,10.));
#6081 = SURFACE_CURVE('',#6082,(#6087,#6098),.PCURVE_S1.);
#6082 = CIRCLE('',#6083,6.5);
#6083 = AXIS2_PLACEMENT_3D('',#6084,#6085,#6086);
#6084 = CARTESIAN_POINT('',(3.183E+03,45.,10.));
#6085 = DIRECTION('',(0.,0.,-1.));
#6086 = DIRECTION('',(-1.,0.,0.));
#6087 = PCURVE('',#5274,#6088);
#6088 = DEFINITIONAL_REPRESENTATION('',(#6089),#6097);
#6089 = ( BOUNDED_CURVE() B_SPLINE_CURVE(2,(#6090,#6091,#6092,#6093,
#6094,#6095,#6096),.UNSPECIFIED.,.T.,.F.) B_SPLINE_CURVE_WITH_KNOTS((1,2
    ,2,2,2,1),(-2.094395102393,0.,2.094395102393,4.188790204786,
6.28318530718,8.377580409573),.UNSPECIFIED.) CURVE() 
GEOMETRIC_REPRESENTATION_ITEM() RATIONAL_B_SPLINE_CURVE((1.,0.5,1.,0.5,
1.,0.5,1.)) REPRESENTATION_ITEM('') );
#6090 = CARTESIAN_POINT('',(3.1765E+03,45.));
#6091 = CARTESIAN_POINT('',(3.1765E+03,56.258330249198));
#6092 = CARTESIAN_POINT('',(3.18625E+03,50.629165124599));
#6093 = CARTESIAN_POINT('',(3.196E+03,45.));
#6094 = CARTESIAN_POINT('',(3.18625E+03,39.370834875401));
#6095 = CARTESIAN_POINT('',(3.1765E+03,33.741669750802));
#6096 = CARTESIAN_POINT('',(3.1765E+03,45.));
#6097 = ( GEOMETRIC_REPRESENTATION_CONTEXT(2) 
PARAMETRIC_REPRESENTATION_CONTEXT() REPRESENTATION_CONTEXT('2D SPACE',''
  ) );
#6098 = PCURVE('',#6099,#6104);
#6099 = CYLINDRICAL_SURFACE('',#6100,6.5);
#6100 = AXIS2_PLACEMENT_3D('',#6101,#6102,#6103);
#6101 = CARTESIAN_POINT('',(3.183E+03,45.,10.));
#6102 = DIRECTION('',(0.,0.,-1.));
#6103 = DIRECTION('',(-1.,0.,0.));
#6104 = DEFINITIONAL_REPRESENTATION('',(#6105),#6109);
#6105 = LINE('',#6106,#6107);
#6106 = CARTESIAN_POINT('',(0.,0.));
#6107 = VECTOR('',#6108,1.);
#6108 = DIRECTION('',(1.,0.));
#6109 = ( GEOMETRIC_REPRESENTATION_CONTEXT(2) 
PARAMETRIC_REPRESENTATION_CONTEXT() REPRESENTATION_CONTEXT('2D SPACE',''
  ) );
#6110 = FACE_BOUND('',#6111,.T.);
#6111 = EDGE_LOOP('',(#6112));
#6112 = ORIENTED_EDGE('',*,*,#6113,.T.);
#6113 = EDGE_CURVE('',#6114,#6114,#6116,.T.);
#6114 = VERTEX_POINT('',#6115);
#6115 = CARTESIAN_POINT('',(3.2765E+03,45.,10.));
#6116 = SURFACE_CURVE('',#6117,(#6122,#6133),.PCURVE_S1.);
#6117 = CIRCLE('',#6118,6.5);
#6118 = AXIS2_PLACEMENT_3D('',#6119,#6120,#6121);
#6119 = CARTESIAN_POINT('',(3.283E+03,45.,10.));
#6120 = DIRECTION('',(0.,0.,-1.));
#6121 = DIRECTION('',(-1.,0.,0.));
#6122 = PCURVE('',#5274,#6123);
#6123 = DEFINITIONAL_REPRESENTATION('',(#6124),#6132);
#6124 = ( BOUNDED_CURVE() B_SPLINE_CURVE(2,(#6125,#6126,#6127,#6128,
#6129,#6130,#6131),.UNSPECIFIED.,.T.,.F.) B_SPLINE_CURVE_WITH_KNOTS((1,2
    ,2,2,2,1),(-2.094395102393,0.,2.094395102393,4.188790204786,
6.28318530718,8.377580409573),.UNSPECIFIED.) CURVE() 
GEOMETRIC_REPRESENTATION_ITEM() RATIONAL_B_SPLINE_CURVE((1.,0.5,1.,0.5,
1.,0.5,1.)) REPRESENTATION_ITEM('') );
#6125 = CARTESIAN_POINT('',(3.2765E+03,45.));
#6126 = CARTESIAN_POINT('',(3.2765E+03,56.258330249198));
#6127 = CARTESIAN_POINT('',(3.28625E+03,50.629165124599));
#6128 = CARTESIAN_POINT('',(3.296E+03,45.));
#6129 = CARTESIAN_POINT('',(3.28625E+03,39.370834875401));
#6130 = CARTESIAN_POINT('',(3.2765E+03,33.741669750802));
#6131 = CARTESIAN_POINT('',(3.2765E+03,45.));
#6132 = ( GEOMETRIC_REPRESENTATION_CONTEXT(2) 
PARAMETRIC_REPRESENTATION_CONTEXT() REPRESENTATION_CONTEXT('2D SPACE',''
  ) );
#6133 = PCURVE('',#6134,#6139);
#6134 = CYLINDRICAL_SURFACE('',#6135,6.5);
#6135 = AXIS2_PLACEMENT_3D('',#6136,#6137,#6138);
#6136 = CARTESIAN_POINT('',(3.283E+03,45.,10.));
#6137 = DIRECTION('',(0.,0.,-1.));
#6138 = DIRECTION('',(-1.,0.,0.));
#6139 = DEFINITIONAL_REPRESENTATION('',(#6140),#6144);
#6140 = LINE('',#6141,#6142);
#6141 = CARTESIAN_POINT('',(0.,0.));
#6142 = VECTOR('',#6143,1.);
#6143 = DIRECTION('',(1.,0.));
#6144 = ( GEOMETRIC_REPRESENTATION_CONTEXT(2) 
PARAMETRIC_REPRESENTATION_CONTEXT() REPRESENTATION_CONTEXT('2D SPACE',''
  ) );
#6145 = FACE_BOUND('',#6146,.T.);
#6146 = EDGE_LOOP('',(#6147));
#6147 = ORIENTED_EDGE('',*,*,#6148,.T.);
#6148 = EDGE_CURVE('',#6149,#6149,#6151,.T.);
#6149 = VERTEX_POINT('',#6150);
#6150 = CARTESIAN_POINT('',(3.3765E+03,45.,10.));
#6151 = SURFACE_CURVE('',#6152,(#6157,#6168),.PCURVE_S1.);
#6152 = CIRCLE('',#6153,6.5);
#6153 = AXIS2_PLACEMENT_3D('',#6154,#6155,#6156);
#6154 = CARTESIAN_POINT('',(3.383E+03,45.,10.));
#6155 = DIRECTION('',(0.,0.,-1.));
#6156 = DIRECTION('',(-1.,0.,0.));
#6157 = PCURVE('',#5274,#6158);
#6158 = DEFINITIONAL_REPRESENTATION('',(#6159),#6167);
#6159 = ( BOUNDED_CURVE() B_SPLINE_CURVE(2,(#6160,#6161,#6162,#6163,
#6164,#6165,#6166),.UNSPECIFIED.,.T.,.F.) B_SPLINE_CURVE_WITH_KNOTS((1,2
    ,2,2,2,1),(-2.094395102393,0.,2.094395102393,4.188790204786,
6.28318530718,8.377580409573),.UNSPECIFIED.) CURVE() 
GEOMETRIC_REPRESENTATION_ITEM() RATIONAL_B_SPLINE_CURVE((1.,0.5,1.,0.5,
1.,0.5,1.)) REPRESENTATION_ITEM('') );
#6160 = CARTESIAN_POINT('',(3.3765E+03,45.));
#6161 = CARTESIAN_POINT('',(3.3765E+03,56.258330249198));
#6162 = CARTESIAN_POINT('',(3.38625E+03,50.629165124599));
#6163 = CARTESIAN_POINT('',(3.396E+03,45.));
#6164 = CARTESIAN_POINT('',(3.38625E+03,39.370834875401));
#6165 = CARTESIAN_POINT('',(3.3765E+03,33.741669750802));
#6166 = CARTESIAN_POINT('',(3.3765E+03,45.));
#6167 = ( GEOMETRIC_REPRESENTATION_CONTEXT(2) 
PARAMETRIC_REPRESENTATION_CONTEXT() REPRESENTATION_CONTEXT('2D SPACE',''
  ) );
#6168 = PCURVE('',#6169,#6174);
#6169 = CYLINDRICAL_SURFACE('',#6170,6.5);
#6170 = AXIS2_PLACEMENT_3D('',#6171,#6172,#6173);
#6171 = CARTESIAN_POINT('',(3.383E+03,45.,10.));
#6172 = DIRECTION('',(0.,0.,-1.));
#6173 = DIRECTION('',(-1.,0.,0.));
#6174 = DEFINITIONAL_REPRESENTATION('',(#6175),#6179);
#6175 = LINE('',#6176,#6177);
#6176 = CARTESIAN_POINT('',(0.,0.));
#6177 = VECTOR('',#6178,1.);
#6178 = DIRECTION('',(1.,0.));
#6179 = ( GEOMETRIC_REPRESENTATION_CONTEXT(2) 
PARAMETRIC_REPRESENTATION_CONTEXT() REPRESENTATION_CONTEXT('2D SPACE',''
  ) );
#6180 = FACE_BOUND('',#6181,.T.);
#6181 = EDGE_LOOP('',(#6182));
#6182 = ORIENTED_EDGE('',*,*,#6183,.T.);
#6183 = EDGE_CURVE('',#6184,#6184,#6186,.T.);
#6184 = VERTEX_POINT('',#6185);
#6185 = CARTESIAN_POINT('',(3.4765E+03,45.,10.));
#6186 = SURFACE_CURVE('',#6187,(#6192,#6203),.PCURVE_S1.);
#6187 = CIRCLE('',#6188,6.5);
#6188 = AXIS2_PLACEMENT_3D('',#6189,#6190,#6191);
#6189 = CARTESIAN_POINT('',(3.483E+03,45.,10.));
#6190 = DIRECTION('',(0.,0.,-1.));
#6191 = DIRECTION('',(-1.,0.,0.));
#6192 = PCURVE('',#5274,#6193);
#6193 = DEFINITIONAL_REPRESENTATION('',(#6194),#6202);
#6194 = ( BOUNDED_CURVE() B_SPLINE_CURVE(2,(#6195,#6196,#6197,#6198,
#6199,#6200,#6201),.UNSPECIFIED.,.T.,.F.) B_SPLINE_CURVE_WITH_KNOTS((1,2
    ,2,2,2,1),(-2.094395102393,0.,2.094395102393,4.188790204786,
6.28318530718,8.377580409573),.UNSPECIFIED.) CURVE() 
GEOMETRIC_REPRESENTATION_ITEM() RATIONAL_B_SPLINE_CURVE((1.,0.5,1.,0.5,
1.,0.5,1.)) REPRESENTATION_ITEM('') );
#6195 = CARTESIAN_POINT('',(3.4765E+03,45.));
#6196 = CARTESIAN_POINT('',(3.4765E+03,56.258330249198));
#6197 = CARTESIAN_POINT('',(3.48625E+03,50.629165124599));
#6198 = CARTESIAN_POINT('',(3.496E+03,45.));
#6199 = CARTESIAN_POINT('',(3.48625E+03,39.370834875401));
#6200 = CARTESIAN_POINT('',(3.4765E+03,33.741669750802));
#6201 = CARTESIAN_POINT('',(3.4765E+03,45.));
#6202 = ( GEOMETRIC_REPRESENTATION_CONTEXT(2) 
PARAMETRIC_REPRESENTATION_CONTEXT() REPRESENTATION_CONTEXT('2D SPACE',''
  ) );
#6203 = PCURVE('',#6204,#6209);
#6204 = CYLINDRICAL_SURFACE('',#6205,6.5);
#6205 = AXIS2_PLACEMENT_3D('',#6206,#6207,#6208);
#6206 = CARTESIAN_POINT('',(3.483E+03,45.,10.));
#6207 = DIRECTION('',(0.,0.,-1.));
#6208 = DIRECTION('',(-1.,0.,0.));
#6209 = DEFINITIONAL_REPRESENTATION('',(#6210),#6214);
#6210 = LINE('',#6211,#6212);
#6211 = CARTESIAN_POINT('',(0.,0.));
#6212 = VECTOR('',#6213,1.);
#6213 = DIRECTION('',(1.,0.));
#6214 = ( GEOMETRIC_REPRESENTATION_CONTEXT(2) 
PARAMETRIC_REPRESENTATION_CONTEXT() REPRESENTATION_CONTEXT('2D SPACE',''
  ) );
#6215 = FACE_BOUND('',#6216,.T.);
#6216 = EDGE_LOOP('',(#6217));
#6217 = ORIENTED_EDGE('',*,*,#6218,.T.);
#6218 = EDGE_CURVE('',#6219,#6219,#6221,.T.);
#6219 = VERTEX_POINT('',#6220);
#6220 = CARTESIAN_POINT('',(3.5765E+03,45.,10.));
#6221 = SURFACE_CURVE('',#6222,(#6227,#6238),.PCURVE_S1.);
#6222 = CIRCLE('',#6223,6.5);
#6223 = AXIS2_PLACEMENT_3D('',#6224,#6225,#6226);
#6224 = CARTESIAN_POINT('',(3.583E+03,45.,10.));
#6225 = DIRECTION('',(0.,0.,-1.));
#6226 = DIRECTION('',(-1.,0.,0.));
#6227 = PCURVE('',#5274,#6228);
#6228 = DEFINITIONAL_REPRESENTATION('',(#6229),#6237);
#6229 = ( BOUNDED_CURVE() B_SPLINE_CURVE(2,(#6230,#6231,#6232,#6233,
#6234,#6235,#6236),.UNSPECIFIED.,.T.,.F.) B_SPLINE_CURVE_WITH_KNOTS((1,2
    ,2,2,2,1),(-2.094395102393,0.,2.094395102393,4.188790204786,
6.28318530718,8.377580409573),.UNSPECIFIED.) CURVE() 
GEOMETRIC_REPRESENTATION_ITEM() RATIONAL_B_SPLINE_CURVE((1.,0.5,1.,0.5,
1.,0.5,1.)) REPRESENTATION_ITEM('') );
#6230 = CARTESIAN_POINT('',(3.5765E+03,45.));
#6231 = CARTESIAN_POINT('',(3.5765E+03,56.258330249198));
#6232 = CARTESIAN_POINT('',(3.58625E+03,50.629165124599));
#6233 = CARTESIAN_POINT('',(3.596E+03,45.));
#6234 = CARTESIAN_POINT('',(3.58625E+03,39.370834875401));
#6235 = CARTESIAN_POINT('',(3.5765E+03,33.741669750802));
#6236 = CARTESIAN_POINT('',(3.5765E+03,45.));
#6237 = ( GEOMETRIC_REPRESENTATION_CONTEXT(2) 
PARAMETRIC_REPRESENTATION_CONTEXT() REPRESENTATION_CONTEXT('2D SPACE',''
  ) );
#6238 = PCURVE('',#6239,#6244);
#6239 = CYLINDRICAL_SURFACE('',#6240,6.5);
#6240 = AXIS2_PLACEMENT_3D('',#6241,#6242,#6243);
#6241 = CARTESIAN_POINT('',(3.583E+03,45.,10.));
#6242 = DIRECTION('',(0.,0.,-1.));
#6243 = DIRECTION('',(-1.,0.,0.));
#6244 = DEFINITIONAL_REPRESENTATION('',(#6245),#6249);
#6245 = LINE('',#6246,#6247);
#6246 = CARTESIAN_POINT('',(0.,0.));
#6247 = VECTOR('',#6248,1.);
#6248 = DIRECTION('',(1.,0.));
#6249 = ( GEOMETRIC_REPRESENTATION_CONTEXT(2) 
PARAMETRIC_REPRESENTATION_CONTEXT() REPRESENTATION_CONTEXT('2D SPACE',''
  ) );
#6250 = FACE_BOUND('',#6251,.T.);
#6251 = EDGE_LOOP('',(#6252));
#6252 = ORIENTED_EDGE('',*,*,#6253,.T.);
#6253 = EDGE_CURVE('',#6254,#6254,#6256,.T.);
#6254 = VERTEX_POINT('',#6255);
#6255 = CARTESIAN_POINT('',(73.5,155.,10.));
#6256 = SURFACE_CURVE('',#6257,(#6262,#6273),.PCURVE_S1.);
#6257 = CIRCLE('',#6258,6.5);
#6258 = AXIS2_PLACEMENT_3D('',#6259,#6260,#6261);
#6259 = CARTESIAN_POINT('',(80.,155.,10.));
#6260 = DIRECTION('',(0.,0.,-1.));
#6261 = DIRECTION('',(-1.,0.,0.));
#6262 = PCURVE('',#5274,#6263);
#6263 = DEFINITIONAL_REPRESENTATION('',(#6264),#6272);
#6264 = ( BOUNDED_CURVE() B_SPLINE_CURVE(2,(#6265,#6266,#6267,#6268,
#6269,#6270,#6271),.UNSPECIFIED.,.T.,.F.) B_SPLINE_CURVE_WITH_KNOTS((1,2
    ,2,2,2,1),(-2.094395102393,0.,2.094395102393,4.188790204786,
6.28318530718,8.377580409573),.UNSPECIFIED.) CURVE() 
GEOMETRIC_REPRESENTATION_ITEM() RATIONAL_B_SPLINE_CURVE((1.,0.5,1.,0.5,
1.,0.5,1.)) REPRESENTATION_ITEM('') );
#6265 = CARTESIAN_POINT('',(73.5,155.));
#6266 = CARTESIAN_POINT('',(73.5,166.25833024919));
#6267 = CARTESIAN_POINT('',(83.25,160.62916512459));
#6268 = CARTESIAN_POINT('',(93.,155.));
#6269 = CARTESIAN_POINT('',(83.25,149.3708348754));
#6270 = CARTESIAN_POINT('',(73.5,143.7416697508));
#6271 = CARTESIAN_POINT('',(73.5,155.));
#6272 = ( GEOMETRIC_REPRESENTATION_CONTEXT(2) 
PARAMETRIC_REPRESENTATION_CONTEXT() REPRESENTATION_CONTEXT('2D SPACE',''
  ) );
#6273 = PCURVE('',#6274,#6279);
#6274 = CYLINDRICAL_SURFACE('',#6275,6.5);
#6275 = AXIS2_PLACEMENT_3D('',#6276,#6277,#6278);
#6276 = CARTESIAN_POINT('',(80.,155.,10.));
#6277 = DIRECTION('',(0.,0.,-1.));
#6278 = DIRECTION('',(-1.,0.,0.));
#6279 = DEFINITIONAL_REPRESENTATION('',(#6280),#6284);
#6280 = LINE('',#6281,#6282);
#6281 = CARTESIAN_POINT('',(0.,0.));
#6282 = VECTOR('',#6283,1.);
#6283 = DIRECTION('',(1.,0.));
#6284 = ( GEOMETRIC_REPRESENTATION_CONTEXT(2) 
PARAMETRIC_REPRESENTATION_CONTEXT() REPRESENTATION_CONTEXT('2D SPACE',''
  ) );
#6285 = FACE_BOUND('',#6286,.T.);
#6286 = EDGE_LOOP('',(#6287));
#6287 = ORIENTED_EDGE('',*,*,#6288,.T.);
#6288 = EDGE_CURVE('',#6289,#6289,#6291,.T.);
#6289 = VERTEX_POINT('',#6290);
#6290 = CARTESIAN_POINT('',(153.5,155.,10.));
#6291 = SURFACE_CURVE('',#6292,(#6297,#6308),.PCURVE_S1.);
#6292 = CIRCLE('',#6293,6.5);
#6293 = AXIS2_PLACEMENT_3D('',#6294,#6295,#6296);
#6294 = CARTESIAN_POINT('',(160.,155.,10.));
#6295 = DIRECTION('',(0.,0.,-1.));
#6296 = DIRECTION('',(-1.,0.,0.));
#6297 = PCURVE('',#5274,#6298);
#6298 = DEFINITIONAL_REPRESENTATION('',(#6299),#6307);
#6299 = ( BOUNDED_CURVE() B_SPLINE_CURVE(2,(#6300,#6301,#6302,#6303,
#6304,#6305,#6306),.UNSPECIFIED.,.T.,.F.) B_SPLINE_CURVE_WITH_KNOTS((1,2
    ,2,2,2,1),(-2.094395102393,0.,2.094395102393,4.188790204786,
6.28318530718,8.377580409573),.UNSPECIFIED.) CURVE() 
GEOMETRIC_REPRESENTATION_ITEM() RATIONAL_B_SPLINE_CURVE((1.,0.5,1.,0.5,
1.,0.5,1.)) REPRESENTATION_ITEM('') );
#6300 = CARTESIAN_POINT('',(153.5,155.));
#6301 = CARTESIAN_POINT('',(153.5,166.25833024919));
#6302 = CARTESIAN_POINT('',(163.25,160.62916512459));
#6303 = CARTESIAN_POINT('',(173.,155.));
#6304 = CARTESIAN_POINT('',(163.25,149.3708348754));
#6305 = CARTESIAN_POINT('',(153.5,143.7416697508));
#6306 = CARTESIAN_POINT('',(153.5,155.));
#6307 = ( GEOMETRIC_REPRESENTATION_CONTEXT(2) 
PARAMETRIC_REPRESENTATION_CONTEXT() REPRESENTATION_CONTEXT('2D SPACE',''
  ) );
#6308 = PCURVE('',#6309,#6314);
#6309 = CYLINDRICAL_SURFACE('',#6310,6.5);
#6310 = AXIS2_PLACEMENT_3D('',#6311,#6312,#6313);
#6311 = CARTESIAN_POINT('',(160.,155.,10.));
#6312 = DIRECTION('',(0.,0.,-1.));
#6313 = DIRECTION('',(-1.,0.,0.));
#6314 = DEFINITIONAL_REPRESENTATION('',(#6315),#6319);
#6315 = LINE('',#6316,#6317);
#6316 = CARTESIAN_POINT('',(0.,0.));
#6317 = VECTOR('',#6318,1.);
#6318 = DIRECTION('',(1.,0.));
#6319 = ( GEOMETRIC_REPRESENTATION_CONTEXT(2) 
PARAMETRIC_REPRESENTATION_CONTEXT() REPRESENTATION_CONTEXT('2D SPACE',''
  ) );
#6320 = FACE_BOUND('',#6321,.T.);
#6321 = EDGE_LOOP('',(#6322));
#6322 = ORIENTED_EDGE('',*,*,#6323,.T.);
#6323 = EDGE_CURVE('',#6324,#6324,#6326,.T.);
#6324 = VERTEX_POINT('',#6325);
#6325 = CARTESIAN_POINT('',(233.5,155.,10.));
#6326 = SURFACE_CURVE('',#6327,(#6332,#6343),.PCURVE_S1.);
#6327 = CIRCLE('',#6328,6.5);
#6328 = AXIS2_PLACEMENT_3D('',#6329,#6330,#6331);
#6329 = CARTESIAN_POINT('',(240.,155.,10.));
#6330 = DIRECTION('',(0.,0.,-1.));
#6331 = DIRECTION('',(-1.,0.,0.));
#6332 = PCURVE('',#5274,#6333);
#6333 = DEFINITIONAL_REPRESENTATION('',(#6334),#6342);
#6334 = ( BOUNDED_CURVE() B_SPLINE_CURVE(2,(#6335,#6336,#6337,#6338,
#6339,#6340,#6341),.UNSPECIFIED.,.T.,.F.) B_SPLINE_CURVE_WITH_KNOTS((1,2
    ,2,2,2,1),(-2.094395102393,0.,2.094395102393,4.188790204786,
6.28318530718,8.377580409573),.UNSPECIFIED.) CURVE() 
GEOMETRIC_REPRESENTATION_ITEM() RATIONAL_B_SPLINE_CURVE((1.,0.5,1.,0.5,
1.,0.5,1.)) REPRESENTATION_ITEM('') );
#6335 = CARTESIAN_POINT('',(233.5,155.));
#6336 = CARTESIAN_POINT('',(233.5,166.25833024919));
#6337 = CARTESIAN_POINT('',(243.25,160.62916512459));
#6338 = CARTESIAN_POINT('',(253.,155.));
#6339 = CARTESIAN_POINT('',(243.25,149.3708348754));
#6340 = CARTESIAN_POINT('',(233.5,143.7416697508));
#6341 = CARTESIAN_POINT('',(233.5,155.));
#6342 = ( GEOMETRIC_REPRESENTATION_CONTEXT(2) 
PARAMETRIC_REPRESENTATION_CONTEXT() REPRESENTATION_CONTEXT('2D SPACE',''
  ) );
#6343 = PCURVE('',#6344,#6349);
#6344 = CYLINDRICAL_SURFACE('',#6345,6.5);
#6345 = AXIS2_PLACEMENT_3D('',#6346,#6347,#6348);
#6346 = CARTESIAN_POINT('',(240.,155.,10.));
#6347 = DIRECTION('',(0.,0.,-1.));
#6348 = DIRECTION('',(-1.,0.,0.));
#6349 = DEFINITIONAL_REPRESENTATION('',(#6350),#6354);
#6350 = LINE('',#6351,#6352);
#6351 = CARTESIAN_POINT('',(0.,0.));
#6352 = VECTOR('',#6353,1.);
#6353 = DIRECTION('',(1.,0.));
#6354 = ( GEOMETRIC_REPRESENTATION_CONTEXT(2) 
PARAMETRIC_REPRESENTATION_CONTEXT() REPRESENTATION_CONTEXT('2D SPACE',''
  ) );
#6355 = FACE_BOUND('',#6356,.T.);
#6356 = EDGE_LOOP('',(#6357));
#6357 = ORIENTED_EDGE('',*,*,#6358,.T.);
#6358 = EDGE_CURVE('',#6359,#6359,#6361,.T.);
#6359 = VERTEX_POINT('',#6360);
#6360 = CARTESIAN_POINT('',(313.5,155.,10.));
#6361 = SURFACE_CURVE('',#6362,(#6367,#6378),.PCURVE_S1.);
#6362 = CIRCLE('',#6363,6.5);
#6363 = AXIS2_PLACEMENT_3D('',#6364,#6365,#6366);
#6364 = CARTESIAN_POINT('',(320.,155.,10.));
#6365 = DIRECTION('',(0.,0.,-1.));
#6366 = DIRECTION('',(-1.,0.,0.));
#6367 = PCURVE('',#5274,#6368);
#6368 = DEFINITIONAL_REPRESENTATION('',(#6369),#6377);
#6369 = ( BOUNDED_CURVE() B_SPLINE_CURVE(2,(#6370,#6371,#6372,#6373,
#6374,#6375,#6376),.UNSPECIFIED.,.T.,.F.) B_SPLINE_CURVE_WITH_KNOTS((1,2
    ,2,2,2,1),(-2.094395102393,0.,2.094395102393,4.188790204786,
6.28318530718,8.377580409573),.UNSPECIFIED.) CURVE() 
GEOMETRIC_REPRESENTATION_ITEM() RATIONAL_B_SPLINE_CURVE((1.,0.5,1.,0.5,
1.,0.5,1.)) REPRESENTATION_ITEM('') );
#6370 = CARTESIAN_POINT('',(313.5,155.));
#6371 = CARTESIAN_POINT('',(313.5,166.25833024919));
#6372 = CARTESIAN_POINT('',(323.25,160.62916512459));
#6373 = CARTESIAN_POINT('',(333.,155.));
#6374 = CARTESIAN_POINT('',(323.25,149.3708348754));
#6375 = CARTESIAN_POINT('',(313.5,143.7416697508));
#6376 = CARTESIAN_POINT('',(313.5,155.));
#6377 = ( GEOMETRIC_REPRESENTATION_CONTEXT(2) 
PARAMETRIC_REPRESENTATION_CONTEXT() REPRESENTATION_CONTEXT('2D SPACE',''
  ) );
#6378 = PCURVE('',#6379,#6384);
#6379 = CYLINDRICAL_SURFACE('',#6380,6.5);
#6380 = AXIS2_PLACEMENT_3D('',#6381,#6382,#6383);
#6381 = CARTESIAN_POINT('',(320.,155.,10.));
#6382 = DIRECTION('',(0.,0.,-1.));
#6383 = DIRECTION('',(-1.,0.,0.));
#6384 = DEFINITIONAL_REPRESENTATION('',(#6385),#6389);
#6385 = LINE('',#6386,#6387);
#6386 = CARTESIAN_POINT('',(0.,0.));
#6387 = VECTOR('',#6388,1.);
#6388 = DIRECTION('',(1.,0.));
#6389 = ( GEOMETRIC_REPRESENTATION_CONTEXT(2) 
PARAMETRIC_REPRESENTATION_CONTEXT() REPRESENTATION_CONTEXT('2D SPACE',''
  ) );
#6390 = FACE_BOUND('',#6391,.T.);
#6391 = EDGE_LOOP('',(#6392));
#6392 = ORIENTED_EDGE('',*,*,#6393,.T.);
#6393 = EDGE_CURVE('',#6394,#6394,#6396,.T.);
#6394 = VERTEX_POINT('',#6395);
#6395 = CARTESIAN_POINT('',(393.5,155.,10.));
#6396 = SURFACE_CURVE('',#6397,(#6402,#6413),.PCURVE_S1.);
#6397 = CIRCLE('',#6398,6.5);
#6398 = AXIS2_PLACEMENT_3D('',#6399,#6400,#6401);
#6399 = CARTESIAN_POINT('',(400.,155.,10.));
#6400 = DIRECTION('',(0.,0.,-1.));
#6401 = DIRECTION('',(-1.,0.,0.));
#6402 = PCURVE('',#5274,#6403);
#6403 = DEFINITIONAL_REPRESENTATION('',(#6404),#6412);
#6404 = ( BOUNDED_CURVE() B_SPLINE_CURVE(2,(#6405,#6406,#6407,#6408,
#6409,#6410,#6411),.UNSPECIFIED.,.T.,.F.) B_SPLINE_CURVE_WITH_KNOTS((1,2
    ,2,2,2,1),(-2.094395102393,0.,2.094395102393,4.188790204786,
6.28318530718,8.377580409573),.UNSPECIFIED.) CURVE() 
GEOMETRIC_REPRESENTATION_ITEM() RATIONAL_B_SPLINE_CURVE((1.,0.5,1.,0.5,
1.,0.5,1.)) REPRESENTATION_ITEM('') );
#6405 = CARTESIAN_POINT('',(393.5,155.));
#6406 = CARTESIAN_POINT('',(393.5,166.25833024919));
#6407 = CARTESIAN_POINT('',(403.25,160.62916512459));
#6408 = CARTESIAN_POINT('',(413.,155.));
#6409 = CARTESIAN_POINT('',(403.25,149.3708348754));
#6410 = CARTESIAN_POINT('',(393.5,143.7416697508));
#6411 = CARTESIAN_POINT('',(393.5,155.));
#6412 = ( GEOMETRIC_REPRESENTATION_CONTEXT(2) 
PARAMETRIC_REPRESENTATION_CONTEXT() REPRESENTATION_CONTEXT('2D SPACE',''
  ) );
#6413 = PCURVE('',#6414,#6419);
#6414 = CYLINDRICAL_SURFACE('',#6415,6.5);
#6415 = AXIS2_PLACEMENT_3D('',#6416,#6417,#6418);
#6416 = CARTESIAN_POINT('',(400.,155.,10.));
#6417 = DIRECTION('',(0.,0.,-1.));
#6418 = DIRECTION('',(-1.,0.,0.));
#6419 = DEFINITIONAL_REPRESENTATION('',(#6420),#6424);
#6420 = LINE('',#6421,#6422);
#6421 = CARTESIAN_POINT('',(0.,0.));
#6422 = VECTOR('',#6423,1.);
#6423 = DIRECTION('',(1.,0.));
#6424 = ( GEOMETRIC_REPRESENTATION_CONTEXT(2) 
PARAMETRIC_REPRESENTATION_CONTEXT() REPRESENTATION_CONTEXT('2D SPACE',''
  ) );
#6425 = FACE_BOUND('',#6426,.T.);
#6426 = EDGE_LOOP('',(#6427));
#6427 = ORIENTED_EDGE('',*,*,#6428,.T.);
#6428 = EDGE_CURVE('',#6429,#6429,#6431,.T.);
#6429 = VERTEX_POINT('',#6430);
#6430 = CARTESIAN_POINT('',(473.5,155.,10.));
#6431 = SURFACE_CURVE('',#6432,(#6437,#6448),.PCURVE_S1.);
#6432 = CIRCLE('',#6433,6.5);
#6433 = AXIS2_PLACEMENT_3D('',#6434,#6435,#6436);
#6434 = CARTESIAN_POINT('',(480.,155.,10.));
#6435 = DIRECTION('',(0.,0.,-1.));
#6436 = DIRECTION('',(-1.,0.,0.));
#6437 = PCURVE('',#5274,#6438);
#6438 = DEFINITIONAL_REPRESENTATION('',(#6439),#6447);
#6439 = ( BOUNDED_CURVE() B_SPLINE_CURVE(2,(#6440,#6441,#6442,#6443,
#6444,#6445,#6446),.UNSPECIFIED.,.T.,.F.) B_SPLINE_CURVE_WITH_KNOTS((1,2
    ,2,2,2,1),(-2.094395102393,0.,2.094395102393,4.188790204786,
6.28318530718,8.377580409573),.UNSPECIFIED.) CURVE() 
GEOMETRIC_REPRESENTATION_ITEM() RATIONAL_B_SPLINE_CURVE((1.,0.5,1.,0.5,
1.,0.5,1.)) REPRESENTATION_ITEM('') );
#6440 = CARTESIAN_POINT('',(473.5,155.));
#6441 = CARTESIAN_POINT('',(473.5,166.25833024919));
#6442 = CARTESIAN_POINT('',(483.25,160.62916512459));
#6443 = CARTESIAN_POINT('',(493.,155.));
#6444 = CARTESIAN_POINT('',(483.25,149.3708348754));
#6445 = CARTESIAN_POINT('',(473.5,143.7416697508));
#6446 = CARTESIAN_POINT('',(473.5,155.));
#6447 = ( GEOMETRIC_REPRESENTATION_CONTEXT(2) 
PARAMETRIC_REPRESENTATION_CONTEXT() REPRESENTATION_CONTEXT('2D SPACE',''
  ) );
#6448 = PCURVE('',#6449,#6454);
#6449 = CYLINDRICAL_SURFACE('',#6450,6.5);
#6450 = AXIS2_PLACEMENT_3D('',#6451,#6452,#6453);
#6451 = CARTESIAN_POINT('',(480.,155.,10.));
#6452 = DIRECTION('',(0.,0.,-1.));
#6453 = DIRECTION('',(-1.,0.,0.));
#6454 = DEFINITIONAL_REPRESENTATION('',(#6455),#6459);
#6455 = LINE('',#6456,#6457);
#6456 = CARTESIAN_POINT('',(0.,0.));
#6457 = VECTOR('',#6458,1.);
#6458 = DIRECTION('',(1.,0.));
#6459 = ( GEOMETRIC_REPRESENTATION_CONTEXT(2) 
PARAMETRIC_REPRESENTATION_CONTEXT() REPRESENTATION_CONTEXT('2D SPACE',''
  ) );
#6460 = FACE_BOUND('',#6461,.T.);
#6461 = EDGE_LOOP('',(#6462));
#6462 = ORIENTED_EDGE('',*,*,#6463,.T.);
#6463 = EDGE_CURVE('',#6464,#6464,#6466,.T.);
#6464 = VERTEX_POINT('',#6465);
#6465 = CARTESIAN_POINT('',(588.5,155.,10.));
#6466 = SURFACE_CURVE('',#6467,(#6472,#6483),.PCURVE_S1.);
#6467 = CIRCLE('',#6468,6.5);
#6468 = AXIS2_PLACEMENT_3D('',#6469,#6470,#6471);
#6469 = CARTESIAN_POINT('',(595.,155.,10.));
#6470 = DIRECTION('',(0.,0.,-1.));
#6471 = DIRECTION('',(-1.,0.,0.));
#6472 = PCURVE('',#5274,#6473);
#6473 = DEFINITIONAL_REPRESENTATION('',(#6474),#6482);
#6474 = ( BOUNDED_CURVE() B_SPLINE_CURVE(2,(#6475,#6476,#6477,#6478,
#6479,#6480,#6481),.UNSPECIFIED.,.T.,.F.) B_SPLINE_CURVE_WITH_KNOTS((1,2
    ,2,2,2,1),(-2.094395102393,0.,2.094395102393,4.188790204786,
6.28318530718,8.377580409573),.UNSPECIFIED.) CURVE() 
GEOMETRIC_REPRESENTATION_ITEM() RATIONAL_B_SPLINE_CURVE((1.,0.5,1.,0.5,
1.,0.5,1.)) REPRESENTATION_ITEM('') );
#6475 = CARTESIAN_POINT('',(588.5,155.));
#6476 = CARTESIAN_POINT('',(588.5,166.25833024919));
#6477 = CARTESIAN_POINT('',(598.25,160.62916512459));
#6478 = CARTESIAN_POINT('',(608.,155.));
#6479 = CARTESIAN_POINT('',(598.25,149.3708348754));
#6480 = CARTESIAN_POINT('',(588.5,143.7416697508));
#6481 = CARTESIAN_POINT('',(588.5,155.));
#6482 = ( GEOMETRIC_REPRESENTATION_CONTEXT(2) 
PARAMETRIC_REPRESENTATION_CONTEXT() REPRESENTATION_CONTEXT('2D SPACE',''
  ) );
#6483 = PCURVE('',#6484,#6489);
#6484 = CYLINDRICAL_SURFACE('',#6485,6.5);
#6485 = AXIS2_PLACEMENT_3D('',#6486,#6487,#6488);
#6486 = CARTESIAN_POINT('',(595.,155.,10.));
#6487 = DIRECTION('',(0.,0.,-1.));
#6488 = DIRECTION('',(-1.,0.,0.));
#6489 = DEFINITIONAL_REPRESENTATION('',(#6490),#6494);
#6490 = LINE('',#6491,#6492);
#6491 = CARTESIAN_POINT('',(0.,0.));
#6492 = VECTOR('',#6493,1.);
#6493 = DIRECTION('',(1.,0.));
#6494 = ( GEOMETRIC_REPRESENTATION_CONTEXT(2) 
PARAMETRIC_REPRESENTATION_CONTEXT() REPRESENTATION_CONTEXT('2D SPACE',''
  ) );
#6495 = FACE_BOUND('',#6496,.T.);
#6496 = EDGE_LOOP('',(#6497));
#6497 = ORIENTED_EDGE('',*,*,#6498,.T.);
#6498 = EDGE_CURVE('',#6499,#6499,#6501,.T.);
#6499 = VERTEX_POINT('',#6500);
#6500 = CARTESIAN_POINT('',(738.5,155.,10.));
#6501 = SURFACE_CURVE('',#6502,(#6507,#6518),.PCURVE_S1.);
#6502 = CIRCLE('',#6503,6.5);
#6503 = AXIS2_PLACEMENT_3D('',#6504,#6505,#6506);
#6504 = CARTESIAN_POINT('',(745.,155.,10.));
#6505 = DIRECTION('',(0.,0.,-1.));
#6506 = DIRECTION('',(-1.,0.,0.));
#6507 = PCURVE('',#5274,#6508);
#6508 = DEFINITIONAL_REPRESENTATION('',(#6509),#6517);
#6509 = ( BOUNDED_CURVE() B_SPLINE_CURVE(2,(#6510,#6511,#6512,#6513,
#6514,#6515,#6516),.UNSPECIFIED.,.T.,.F.) B_SPLINE_CURVE_WITH_KNOTS((1,2
    ,2,2,2,1),(-2.094395102393,0.,2.094395102393,4.188790204786,
6.28318530718,8.377580409573),.UNSPECIFIED.) CURVE() 
GEOMETRIC_REPRESENTATION_ITEM() RATIONAL_B_SPLINE_CURVE((1.,0.5,1.,0.5,
1.,0.5,1.)) REPRESENTATION_ITEM('') );
#6510 = CARTESIAN_POINT('',(738.5,155.));
#6511 = CARTESIAN_POINT('',(738.5,166.25833024919));
#6512 = CARTESIAN_POINT('',(748.25,160.62916512459));
#6513 = CARTESIAN_POINT('',(758.,155.));
#6514 = CARTESIAN_POINT('',(748.25,149.3708348754));
#6515 = CARTESIAN_POINT('',(738.5,143.7416697508));
#6516 = CARTESIAN_POINT('',(738.5,155.));
#6517 = ( GEOMETRIC_REPRESENTATION_CONTEXT(2) 
PARAMETRIC_REPRESENTATION_CONTEXT() REPRESENTATION_CONTEXT('2D SPACE',''
  ) );
#6518 = PCURVE('',#6519,#6524);
#6519 = CYLINDRICAL_SURFACE('',#6520,6.5);
#6520 = AXIS2_PLACEMENT_3D('',#6521,#6522,#6523);
#6521 = CARTESIAN_POINT('',(745.,155.,10.));
#6522 = DIRECTION('',(0.,0.,-1.));
#6523 = DIRECTION('',(-1.,0.,0.));
#6524 = DEFINITIONAL_REPRESENTATION('',(#6525),#6529);
#6525 = LINE('',#6526,#6527);
#6526 = CARTESIAN_POINT('',(0.,0.));
#6527 = VECTOR('',#6528,1.);
#6528 = DIRECTION('',(1.,0.));
#6529 = ( GEOMETRIC_REPRESENTATION_CONTEXT(2) 
PARAMETRIC_REPRESENTATION_CONTEXT() REPRESENTATION_CONTEXT('2D SPACE',''
  ) );
#6530 = FACE_BOUND('',#6531,.T.);
#6531 = EDGE_LOOP('',(#6532));
#6532 = ORIENTED_EDGE('',*,*,#6533,.T.);
#6533 = EDGE_CURVE('',#6534,#6534,#6536,.T.);
#6534 = VERTEX_POINT('',#6535);
#6535 = CARTESIAN_POINT('',(888.5,155.,10.));
#6536 = SURFACE_CURVE('',#6537,(#6542,#6553),.PCURVE_S1.);
#6537 = CIRCLE('',#6538,6.5);
#6538 = AXIS2_PLACEMENT_3D('',#6539,#6540,#6541);
#6539 = CARTESIAN_POINT('',(895.,155.,10.));
#6540 = DIRECTION('',(0.,0.,-1.));
#6541 = DIRECTION('',(-1.,0.,0.));
#6542 = PCURVE('',#5274,#6543);
#6543 = DEFINITIONAL_REPRESENTATION('',(#6544),#6552);
#6544 = ( BOUNDED_CURVE() B_SPLINE_CURVE(2,(#6545,#6546,#6547,#6548,
#6549,#6550,#6551),.UNSPECIFIED.,.T.,.F.) B_SPLINE_CURVE_WITH_KNOTS((1,2
    ,2,2,2,1),(-2.094395102393,0.,2.094395102393,4.188790204786,
6.28318530718,8.377580409573),.UNSPECIFIED.) CURVE() 
GEOMETRIC_REPRESENTATION_ITEM() RATIONAL_B_SPLINE_CURVE((1.,0.5,1.,0.5,
1.,0.5,1.)) REPRESENTATION_ITEM('') );
#6545 = CARTESIAN_POINT('',(888.5,155.));
#6546 = CARTESIAN_POINT('',(888.5,166.25833024919));
#6547 = CARTESIAN_POINT('',(898.25,160.62916512459));
#6548 = CARTESIAN_POINT('',(908.,155.));
#6549 = CARTESIAN_POINT('',(898.25,149.3708348754));
#6550 = CARTESIAN_POINT('',(888.5,143.7416697508));
#6551 = CARTESIAN_POINT('',(888.5,155.));
#6552 = ( GEOMETRIC_REPRESENTATION_CONTEXT(2) 
PARAMETRIC_REPRESENTATION_CONTEXT() REPRESENTATION_CONTEXT('2D SPACE',''
  ) );
#6553 = PCURVE('',#6554,#6559);
#6554 = CYLINDRICAL_SURFACE('',#6555,6.5);
#6555 = AXIS2_PLACEMENT_3D('',#6556,#6557,#6558);
#6556 = CARTESIAN_POINT('',(895.,155.,10.));
#6557 = DIRECTION('',(0.,0.,-1.));
#6558 = DIRECTION('',(-1.,0.,0.));
#6559 = DEFINITIONAL_REPRESENTATION('',(#6560),#6564);
#6560 = LINE('',#6561,#6562);
#6561 = CARTESIAN_POINT('',(0.,0.));
#6562 = VECTOR('',#6563,1.);
#6563 = DIRECTION('',(1.,0.));
#6564 = ( GEOMETRIC_REPRESENTATION_CONTEXT(2) 
PARAMETRIC_REPRESENTATION_CONTEXT() REPRESENTATION_CONTEXT('2D SPACE',''
  ) );
#6565 = FACE_BOUND('',#6566,.T.);
#6566 = EDGE_LOOP('',(#6567));
#6567 = ORIENTED_EDGE('',*,*,#6568,.T.);
#6568 = EDGE_CURVE('',#6569,#6569,#6571,.T.);
#6569 = VERTEX_POINT('',#6570);
#6570 = CARTESIAN_POINT('',(1.0385E+03,155.,10.));
#6571 = SURFACE_CURVE('',#6572,(#6577,#6588),.PCURVE_S1.);
#6572 = CIRCLE('',#6573,6.5);
#6573 = AXIS2_PLACEMENT_3D('',#6574,#6575,#6576);
#6574 = CARTESIAN_POINT('',(1.045E+03,155.,10.));
#6575 = DIRECTION('',(0.,0.,-1.));
#6576 = DIRECTION('',(-1.,0.,0.));
#6577 = PCURVE('',#5274,#6578);
#6578 = DEFINITIONAL_REPRESENTATION('',(#6579),#6587);
#6579 = ( BOUNDED_CURVE() B_SPLINE_CURVE(2,(#6580,#6581,#6582,#6583,
#6584,#6585,#6586),.UNSPECIFIED.,.T.,.F.) B_SPLINE_CURVE_WITH_KNOTS((1,2
    ,2,2,2,1),(-2.094395102393,0.,2.094395102393,4.188790204786,
6.28318530718,8.377580409573),.UNSPECIFIED.) CURVE() 
GEOMETRIC_REPRESENTATION_ITEM() RATIONAL_B_SPLINE_CURVE((1.,0.5,1.,0.5,
1.,0.5,1.)) REPRESENTATION_ITEM('') );
#6580 = CARTESIAN_POINT('',(1.0385E+03,155.));
#6581 = CARTESIAN_POINT('',(1.0385E+03,166.25833024919));
#6582 = CARTESIAN_POINT('',(1.04825E+03,160.62916512459));
#6583 = CARTESIAN_POINT('',(1.058E+03,155.));
#6584 = CARTESIAN_POINT('',(1.04825E+03,149.3708348754));
#6585 = CARTESIAN_POINT('',(1.0385E+03,143.7416697508));
#6586 = CARTESIAN_POINT('',(1.0385E+03,155.));
#6587 = ( GEOMETRIC_REPRESENTATION_CONTEXT(2) 
PARAMETRIC_REPRESENTATION_CONTEXT() REPRESENTATION_CONTEXT('2D SPACE',''
  ) );
#6588 = PCURVE('',#6589,#6594);
#6589 = CYLINDRICAL_SURFACE('',#6590,6.5);
#6590 = AXIS2_PLACEMENT_3D('',#6591,#6592,#6593);
#6591 = CARTESIAN_POINT('',(1.045E+03,155.,10.));
#6592 = DIRECTION('',(0.,0.,-1.));
#6593 = DIRECTION('',(-1.,0.,0.));
#6594 = DEFINITIONAL_REPRESENTATION('',(#6595),#6599);
#6595 = LINE('',#6596,#6597);
#6596 = CARTESIAN_POINT('',(0.,0.));
#6597 = VECTOR('',#6598,1.);
#6598 = DIRECTION('',(1.,0.));
#6599 = ( GEOMETRIC_REPRESENTATION_CONTEXT(2) 
PARAMETRIC_REPRESENTATION_CONTEXT() REPRESENTATION_CONTEXT('2D SPACE',''
  ) );
#6600 = FACE_BOUND('',#6601,.T.);
#6601 = EDGE_LOOP('',(#6602));
#6602 = ORIENTED_EDGE('',*,*,#6603,.T.);
#6603 = EDGE_CURVE('',#6604,#6604,#6606,.T.);
#6604 = VERTEX_POINT('',#6605);
#6605 = CARTESIAN_POINT('',(1.3135E+03,155.,10.));
#6606 = SURFACE_CURVE('',#6607,(#6612,#6623),.PCURVE_S1.);
#6607 = CIRCLE('',#6608,6.5);
#6608 = AXIS2_PLACEMENT_3D('',#6609,#6610,#6611);
#6609 = CARTESIAN_POINT('',(1.32E+03,155.,10.));
#6610 = DIRECTION('',(0.,0.,-1.));
#6611 = DIRECTION('',(-1.,0.,0.));
#6612 = PCURVE('',#5274,#6613);
#6613 = DEFINITIONAL_REPRESENTATION('',(#6614),#6622);
#6614 = ( BOUNDED_CURVE() B_SPLINE_CURVE(2,(#6615,#6616,#6617,#6618,
#6619,#6620,#6621),.UNSPECIFIED.,.T.,.F.) B_SPLINE_CURVE_WITH_KNOTS((1,2
    ,2,2,2,1),(-2.094395102393,0.,2.094395102393,4.188790204786,
6.28318530718,8.377580409573),.UNSPECIFIED.) CURVE() 
GEOMETRIC_REPRESENTATION_ITEM() RATIONAL_B_SPLINE_CURVE((1.,0.5,1.,0.5,
1.,0.5,1.)) REPRESENTATION_ITEM('') );
#6615 = CARTESIAN_POINT('',(1.3135E+03,155.));
#6616 = CARTESIAN_POINT('',(1.3135E+03,166.25833024919));
#6617 = CARTESIAN_POINT('',(1.32325E+03,160.62916512459));
#6618 = CARTESIAN_POINT('',(1.333E+03,155.));
#6619 = CARTESIAN_POINT('',(1.32325E+03,149.3708348754));
#6620 = CARTESIAN_POINT('',(1.3135E+03,143.7416697508));
#6621 = CARTESIAN_POINT('',(1.3135E+03,155.));
#6622 = ( GEOMETRIC_REPRESENTATION_CONTEXT(2) 
PARAMETRIC_REPRESENTATION_CONTEXT() REPRESENTATION_CONTEXT('2D SPACE',''
  ) );
#6623 = PCURVE('',#6624,#6629);
#6624 = CYLINDRICAL_SURFACE('',#6625,6.5);
#6625 = AXIS2_PLACEMENT_3D('',#6626,#6627,#6628);
#6626 = CARTESIAN_POINT('',(1.32E+03,155.,10.));
#6627 = DIRECTION('',(0.,0.,-1.));
#6628 = DIRECTION('',(-1.,0.,0.));
#6629 = DEFINITIONAL_REPRESENTATION('',(#6630),#6634);
#6630 = LINE('',#6631,#6632);
#6631 = CARTESIAN_POINT('',(0.,0.));
#6632 = VECTOR('',#6633,1.);
#6633 = DIRECTION('',(1.,0.));
#6634 = ( GEOMETRIC_REPRESENTATION_CONTEXT(2) 
PARAMETRIC_REPRESENTATION_CONTEXT() REPRESENTATION_CONTEXT('2D SPACE',''
  ) );
#6635 = FACE_BOUND('',#6636,.T.);
#6636 = EDGE_LOOP('',(#6637));
#6637 = ORIENTED_EDGE('',*,*,#6638,.T.);
#6638 = EDGE_CURVE('',#6639,#6639,#6641,.T.);
#6639 = VERTEX_POINT('',#6640);
#6640 = CARTESIAN_POINT('',(1.7135E+03,155.,10.));
#6641 = SURFACE_CURVE('',#6642,(#6647,#6658),.PCURVE_S1.);
#6642 = CIRCLE('',#6643,6.5);
#6643 = AXIS2_PLACEMENT_3D('',#6644,#6645,#6646);
#6644 = CARTESIAN_POINT('',(1.72E+03,155.,10.));
#6645 = DIRECTION('',(0.,0.,-1.));
#6646 = DIRECTION('',(-1.,0.,0.));
#6647 = PCURVE('',#5274,#6648);
#6648 = DEFINITIONAL_REPRESENTATION('',(#6649),#6657);
#6649 = ( BOUNDED_CURVE() B_SPLINE_CURVE(2,(#6650,#6651,#6652,#6653,
#6654,#6655,#6656),.UNSPECIFIED.,.T.,.F.) B_SPLINE_CURVE_WITH_KNOTS((1,2
    ,2,2,2,1),(-2.094395102393,0.,2.094395102393,4.188790204786,
6.28318530718,8.377580409573),.UNSPECIFIED.) CURVE() 
GEOMETRIC_REPRESENTATION_ITEM() RATIONAL_B_SPLINE_CURVE((1.,0.5,1.,0.5,
1.,0.5,1.)) REPRESENTATION_ITEM('') );
#6650 = CARTESIAN_POINT('',(1.7135E+03,155.));
#6651 = CARTESIAN_POINT('',(1.7135E+03,166.25833024919));
#6652 = CARTESIAN_POINT('',(1.72325E+03,160.62916512459));
#6653 = CARTESIAN_POINT('',(1.733E+03,155.));
#6654 = CARTESIAN_POINT('',(1.72325E+03,149.3708348754));
#6655 = CARTESIAN_POINT('',(1.7135E+03,143.7416697508));
#6656 = CARTESIAN_POINT('',(1.7135E+03,155.));
#6657 = ( GEOMETRIC_REPRESENTATION_CONTEXT(2) 
PARAMETRIC_REPRESENTATION_CONTEXT() REPRESENTATION_CONTEXT('2D SPACE',''
  ) );
#6658 = PCURVE('',#6659,#6664);
#6659 = CYLINDRICAL_SURFACE('',#6660,6.5);
#6660 = AXIS2_PLACEMENT_3D('',#6661,#6662,#6663);
#6661 = CARTESIAN_POINT('',(1.72E+03,155.,10.));
#6662 = DIRECTION('',(0.,0.,-1.));
#6663 = DIRECTION('',(-1.,0.,0.));
#6664 = DEFINITIONAL_REPRESENTATION('',(#6665),#6669);
#6665 = LINE('',#6666,#6667);
#6666 = CARTESIAN_POINT('',(0.,0.));
#6667 = VECTOR('',#6668,1.);
#6668 = DIRECTION('',(1.,0.));
#6669 = ( GEOMETRIC_REPRESENTATION_CONTEXT(2) 
PARAMETRIC_REPRESENTATION_CONTEXT() REPRESENTATION_CONTEXT('2D SPACE',''
  ) );
#6670 = FACE_BOUND('',#6671,.T.);
#6671 = EDGE_LOOP('',(#6672));
#6672 = ORIENTED_EDGE('',*,*,#6673,.T.);
#6673 = EDGE_CURVE('',#6674,#6674,#6676,.T.);
#6674 = VERTEX_POINT('',#6675);
#6675 = CARTESIAN_POINT('',(1.9265E+03,155.,10.));
#6676 = SURFACE_CURVE('',#6677,(#6682,#6693),.PCURVE_S1.);
#6677 = CIRCLE('',#6678,6.5);
#6678 = AXIS2_PLACEMENT_3D('',#6679,#6680,#6681);
#6679 = CARTESIAN_POINT('',(1.933E+03,155.,10.));
#6680 = DIRECTION('',(0.,0.,-1.));
#6681 = DIRECTION('',(-1.,0.,0.));
#6682 = PCURVE('',#5274,#6683);
#6683 = DEFINITIONAL_REPRESENTATION('',(#6684),#6692);
#6684 = ( BOUNDED_CURVE() B_SPLINE_CURVE(2,(#6685,#6686,#6687,#6688,
#6689,#6690,#6691),.UNSPECIFIED.,.T.,.F.) B_SPLINE_CURVE_WITH_KNOTS((1,2
    ,2,2,2,1),(-2.094395102393,0.,2.094395102393,4.188790204786,
6.28318530718,8.377580409573),.UNSPECIFIED.) CURVE() 
GEOMETRIC_REPRESENTATION_ITEM() RATIONAL_B_SPLINE_CURVE((1.,0.5,1.,0.5,
1.,0.5,1.)) REPRESENTATION_ITEM('') );
#6685 = CARTESIAN_POINT('',(1.9265E+03,155.));
#6686 = CARTESIAN_POINT('',(1.9265E+03,166.25833024919));
#6687 = CARTESIAN_POINT('',(1.93625E+03,160.62916512459));
#6688 = CARTESIAN_POINT('',(1.946E+03,155.));
#6689 = CARTESIAN_POINT('',(1.93625E+03,149.3708348754));
#6690 = CARTESIAN_POINT('',(1.9265E+03,143.7416697508));
#6691 = CARTESIAN_POINT('',(1.9265E+03,155.));
#6692 = ( GEOMETRIC_REPRESENTATION_CONTEXT(2) 
PARAMETRIC_REPRESENTATION_CONTEXT() REPRESENTATION_CONTEXT('2D SPACE',''
  ) );
#6693 = PCURVE('',#6694,#6699);
#6694 = CYLINDRICAL_SURFACE('',#6695,6.5);
#6695 = AXIS2_PLACEMENT_3D('',#6696,#6697,#6698);
#6696 = CARTESIAN_POINT('',(1.933E+03,155.,10.));
#6697 = DIRECTION('',(0.,0.,-1.));
#6698 = DIRECTION('',(-1.,0.,0.));
#6699 = DEFINITIONAL_REPRESENTATION('',(#6700),#6704);
#6700 = LINE('',#6701,#6702);
#6701 = CARTESIAN_POINT('',(0.,0.));
#6702 = VECTOR('',#6703,1.);
#6703 = DIRECTION('',(1.,0.));
#6704 = ( GEOMETRIC_REPRESENTATION_CONTEXT(2) 
PARAMETRIC_REPRESENTATION_CONTEXT() REPRESENTATION_CONTEXT('2D SPACE',''
  ) );
#6705 = FACE_BOUND('',#6706,.T.);
#6706 = EDGE_LOOP('',(#6707));
#6707 = ORIENTED_EDGE('',*,*,#6708,.T.);
#6708 = EDGE_CURVE('',#6709,#6709,#6711,.T.);
#6709 = VERTEX_POINT('',#6710);
#6710 = CARTESIAN_POINT('',(2.3265E+03,155.,10.));
#6711 = SURFACE_CURVE('',#6712,(#6717,#6728),.PCURVE_S1.);
#6712 = CIRCLE('',#6713,6.5);
#6713 = AXIS2_PLACEMENT_3D('',#6714,#6715,#6716);
#6714 = CARTESIAN_POINT('',(2.333E+03,155.,10.));
#6715 = DIRECTION('',(0.,0.,-1.));
#6716 = DIRECTION('',(-1.,0.,0.));
#6717 = PCURVE('',#5274,#6718);
#6718 = DEFINITIONAL_REPRESENTATION('',(#6719),#6727);
#6719 = ( BOUNDED_CURVE() B_SPLINE_CURVE(2,(#6720,#6721,#6722,#6723,
#6724,#6725,#6726),.UNSPECIFIED.,.T.,.F.) B_SPLINE_CURVE_WITH_KNOTS((1,2
    ,2,2,2,1),(-2.094395102393,0.,2.094395102393,4.188790204786,
6.28318530718,8.377580409573),.UNSPECIFIED.) CURVE() 
GEOMETRIC_REPRESENTATION_ITEM() RATIONAL_B_SPLINE_CURVE((1.,0.5,1.,0.5,
1.,0.5,1.)) REPRESENTATION_ITEM('') );
#6720 = CARTESIAN_POINT('',(2.3265E+03,155.));
#6721 = CARTESIAN_POINT('',(2.3265E+03,166.25833024919));
#6722 = CARTESIAN_POINT('',(2.33625E+03,160.62916512459));
#6723 = CARTESIAN_POINT('',(2.346E+03,155.));
#6724 = CARTESIAN_POINT('',(2.33625E+03,149.3708348754));
#6725 = CARTESIAN_POINT('',(2.3265E+03,143.7416697508));
#6726 = CARTESIAN_POINT('',(2.3265E+03,155.));
#6727 = ( GEOMETRIC_REPRESENTATION_CONTEXT(2) 
PARAMETRIC_REPRESENTATION_CONTEXT() REPRESENTATION_CONTEXT('2D SPACE',''
  ) );
#6728 = PCURVE('',#6729,#6734);
#6729 = CYLINDRICAL_SURFACE('',#6730,6.5);
#6730 = AXIS2_PLACEMENT_3D('',#6731,#6732,#6733);
#6731 = CARTESIAN_POINT('',(2.333E+03,155.,10.));
#6732 = DIRECTION('',(0.,0.,-1.));
#6733 = DIRECTION('',(-1.,0.,0.));
#6734 = DEFINITIONAL_REPRESENTATION('',(#6735),#6739);
#6735 = LINE('',#6736,#6737);
#6736 = CARTESIAN_POINT('',(0.,0.));
#6737 = VECTOR('',#6738,1.);
#6738 = DIRECTION('',(1.,0.));
#6739 = ( GEOMETRIC_REPRESENTATION_CONTEXT(2) 
PARAMETRIC_REPRESENTATION_CONTEXT() REPRESENTATION_CONTEXT('2D SPACE',''
  ) );
#6740 = FACE_BOUND('',#6741,.T.);
#6741 = EDGE_LOOP('',(#6742));
#6742 = ORIENTED_EDGE('',*,*,#6743,.T.);
#6743 = EDGE_CURVE('',#6744,#6744,#6746,.T.);
#6744 = VERTEX_POINT('',#6745);
#6745 = CARTESIAN_POINT('',(2.7265E+03,155.,10.));
#6746 = SURFACE_CURVE('',#6747,(#6752,#6763),.PCURVE_S1.);
#6747 = CIRCLE('',#6748,6.5);
#6748 = AXIS2_PLACEMENT_3D('',#6749,#6750,#6751);
#6749 = CARTESIAN_POINT('',(2.733E+03,155.,10.));
#6750 = DIRECTION('',(0.,0.,-1.));
#6751 = DIRECTION('',(-1.,0.,0.));
#6752 = PCURVE('',#5274,#6753);
#6753 = DEFINITIONAL_REPRESENTATION('',(#6754),#6762);
#6754 = ( BOUNDED_CURVE() B_SPLINE_CURVE(2,(#6755,#6756,#6757,#6758,
#6759,#6760,#6761),.UNSPECIFIED.,.T.,.F.) B_SPLINE_CURVE_WITH_KNOTS((1,2
    ,2,2,2,1),(-2.094395102393,0.,2.094395102393,4.188790204786,
6.28318530718,8.377580409573),.UNSPECIFIED.) CURVE() 
GEOMETRIC_REPRESENTATION_ITEM() RATIONAL_B_SPLINE_CURVE((1.,0.5,1.,0.5,
1.,0.5,1.)) REPRESENTATION_ITEM('') );
#6755 = CARTESIAN_POINT('',(2.7265E+03,155.));
#6756 = CARTESIAN_POINT('',(2.7265E+03,166.25833024919));
#6757 = CARTESIAN_POINT('',(2.73625E+03,160.62916512459));
#6758 = CARTESIAN_POINT('',(2.746E+03,155.));
#6759 = CARTESIAN_POINT('',(2.73625E+03,149.3708348754));
#6760 = CARTESIAN_POINT('',(2.7265E+03,143.7416697508));
#6761 = CARTESIAN_POINT('',(2.7265E+03,155.));
#6762 = ( GEOMETRIC_REPRESENTATION_CONTEXT(2) 
PARAMETRIC_REPRESENTATION_CONTEXT() REPRESENTATION_CONTEXT('2D SPACE',''
  ) );
#6763 = PCURVE('',#6764,#6769);
#6764 = CYLINDRICAL_SURFACE('',#6765,6.5);
#6765 = AXIS2_PLACEMENT_3D('',#6766,#6767,#6768);
#6766 = CARTESIAN_POINT('',(2.733E+03,155.,10.));
#6767 = DIRECTION('',(0.,0.,-1.));
#6768 = DIRECTION('',(-1.,0.,0.));
#6769 = DEFINITIONAL_REPRESENTATION('',(#6770),#6774);
#6770 = LINE('',#6771,#6772);
#6771 = CARTESIAN_POINT('',(0.,0.));
#6772 = VECTOR('',#6773,1.);
#6773 = DIRECTION('',(1.,0.));
#6774 = ( GEOMETRIC_REPRESENTATION_CONTEXT(2) 
PARAMETRIC_REPRESENTATION_CONTEXT() REPRESENTATION_CONTEXT('2D SPACE',''
  ) );
#6775 = FACE_BOUND('',#6776,.T.);
#6776 = EDGE_LOOP('',(#6777));
#6777 = ORIENTED_EDGE('',*,*,#6778,.T.);
#6778 = EDGE_CURVE('',#6779,#6779,#6781,.T.);
#6779 = VERTEX_POINT('',#6780);
#6780 = CARTESIAN_POINT('',(2.8265E+03,155.,10.));
#6781 = SURFACE_CURVE('',#6782,(#6787,#6798),.PCURVE_S1.);
#6782 = CIRCLE('',#6783,6.5);
#6783 = AXIS2_PLACEMENT_3D('',#6784,#6785,#6786);
#6784 = CARTESIAN_POINT('',(2.833E+03,155.,10.));
#6785 = DIRECTION('',(0.,0.,-1.));
#6786 = DIRECTION('',(-1.,0.,0.));
#6787 = PCURVE('',#5274,#6788);
#6788 = DEFINITIONAL_REPRESENTATION('',(#6789),#6797);
#6789 = ( BOUNDED_CURVE() B_SPLINE_CURVE(2,(#6790,#6791,#6792,#6793,
#6794,#6795,#6796),.UNSPECIFIED.,.T.,.F.) B_SPLINE_CURVE_WITH_KNOTS((1,2
    ,2,2,2,1),(-2.094395102393,0.,2.094395102393,4.188790204786,
6.28318530718,8.377580409573),.UNSPECIFIED.) CURVE() 
GEOMETRIC_REPRESENTATION_ITEM() RATIONAL_B_SPLINE_CURVE((1.,0.5,1.,0.5,
1.,0.5,1.)) REPRESENTATION_ITEM('') );
#6790 = CARTESIAN_POINT('',(2.8265E+03,155.));
#6791 = CARTESIAN_POINT('',(2.8265E+03,166.25833024919));
#6792 = CARTESIAN_POINT('',(2.83625E+03,160.62916512459));
#6793 = CARTESIAN_POINT('',(2.846E+03,155.));
#6794 = CARTESIAN_POINT('',(2.83625E+03,149.3708348754));
#6795 = CARTESIAN_POINT('',(2.8265E+03,143.7416697508));
#6796 = CARTESIAN_POINT('',(2.8265E+03,155.));
#6797 = ( GEOMETRIC_REPRESENTATION_CONTEXT(2) 
PARAMETRIC_REPRESENTATION_CONTEXT() REPRESENTATION_CONTEXT('2D SPACE',''
  ) );
#6798 = PCURVE('',#6799,#6804);
#6799 = CYLINDRICAL_SURFACE('',#6800,6.5);
#6800 = AXIS2_PLACEMENT_3D('',#6801,#6802,#6803);
#6801 = CARTESIAN_POINT('',(2.833E+03,155.,10.));
#6802 = DIRECTION('',(0.,0.,-1.));
#6803 = DIRECTION('',(-1.,0.,0.));
#6804 = DEFINITIONAL_REPRESENTATION('',(#6805),#6809);
#6805 = LINE('',#6806,#6807);
#6806 = CARTESIAN_POINT('',(0.,0.));
#6807 = VECTOR('',#6808,1.);
#6808 = DIRECTION('',(1.,0.));
#6809 = ( GEOMETRIC_REPRESENTATION_CONTEXT(2) 
PARAMETRIC_REPRESENTATION_CONTEXT() REPRESENTATION_CONTEXT('2D SPACE',''
  ) );
#6810 = FACE_BOUND('',#6811,.T.);
#6811 = EDGE_LOOP('',(#6812));
#6812 = ORIENTED_EDGE('',*,*,#6813,.T.);
#6813 = EDGE_CURVE('',#6814,#6814,#6816,.T.);
#6814 = VERTEX_POINT('',#6815);
#6815 = CARTESIAN_POINT('',(2.9265E+03,155.,10.));
#6816 = SURFACE_CURVE('',#6817,(#6822,#6833),.PCURVE_S1.);
#6817 = CIRCLE('',#6818,6.5);
#6818 = AXIS2_PLACEMENT_3D('',#6819,#6820,#6821);
#6819 = CARTESIAN_POINT('',(2.933E+03,155.,10.));
#6820 = DIRECTION('',(0.,0.,-1.));
#6821 = DIRECTION('',(-1.,0.,0.));
#6822 = PCURVE('',#5274,#6823);
#6823 = DEFINITIONAL_REPRESENTATION('',(#6824),#6832);
#6824 = ( BOUNDED_CURVE() B_SPLINE_CURVE(2,(#6825,#6826,#6827,#6828,
#6829,#6830,#6831),.UNSPECIFIED.,.T.,.F.) B_SPLINE_CURVE_WITH_KNOTS((1,2
    ,2,2,2,1),(-2.094395102393,0.,2.094395102393,4.188790204786,
6.28318530718,8.377580409573),.UNSPECIFIED.) CURVE() 
GEOMETRIC_REPRESENTATION_ITEM() RATIONAL_B_SPLINE_CURVE((1.,0.5,1.,0.5,
1.,0.5,1.)) REPRESENTATION_ITEM('') );
#6825 = CARTESIAN_POINT('',(2.9265E+03,155.));
#6826 = CARTESIAN_POINT('',(2.9265E+03,166.25833024919));
#6827 = CARTESIAN_POINT('',(2.93625E+03,160.62916512459));
#6828 = CARTESIAN_POINT('',(2.946E+03,155.));
#6829 = CARTESIAN_POINT('',(2.93625E+03,149.3708348754));
#6830 = CARTESIAN_POINT('',(2.9265E+03,143.7416697508));
#6831 = CARTESIAN_POINT('',(2.9265E+03,155.));
#6832 = ( GEOMETRIC_REPRESENTATION_CONTEXT(2) 
PARAMETRIC_REPRESENTATION_CONTEXT() REPRESENTATION_CONTEXT('2D SPACE',''
  ) );
#6833 = PCURVE('',#6834,#6839);
#6834 = CYLINDRICAL_SURFACE('',#6835,6.5);
#6835 = AXIS2_PLACEMENT_3D('',#6836,#6837,#6838);
#6836 = CARTESIAN_POINT('',(2.933E+03,155.,10.));
#6837 = DIRECTION('',(0.,0.,-1.));
#6838 = DIRECTION('',(-1.,0.,0.));
#6839 = DEFINITIONAL_REPRESENTATION('',(#6840),#6844);
#6840 = LINE('',#6841,#6842);
#6841 = CARTESIAN_POINT('',(0.,0.));
#6842 = VECTOR('',#6843,1.);
#6843 = DIRECTION('',(1.,0.));
#6844 = ( GEOMETRIC_REPRESENTATION_CONTEXT(2) 
PARAMETRIC_REPRESENTATION_CONTEXT() REPRESENTATION_CONTEXT('2D SPACE',''
  ) );
#6845 = FACE_BOUND('',#6846,.T.);
#6846 = EDGE_LOOP('',(#6847));
#6847 = ORIENTED_EDGE('',*,*,#6848,.T.);
#6848 = EDGE_CURVE('',#6849,#6849,#6851,.T.);
#6849 = VERTEX_POINT('',#6850);
#6850 = CARTESIAN_POINT('',(3.0265E+03,155.,10.));
#6851 = SURFACE_CURVE('',#6852,(#6857,#6868),.PCURVE_S1.);
#6852 = CIRCLE('',#6853,6.5);
#6853 = AXIS2_PLACEMENT_3D('',#6854,#6855,#6856);
#6854 = CARTESIAN_POINT('',(3.033E+03,155.,10.));
#6855 = DIRECTION('',(0.,0.,-1.));
#6856 = DIRECTION('',(-1.,0.,0.));
#6857 = PCURVE('',#5274,#6858);
#6858 = DEFINITIONAL_REPRESENTATION('',(#6859),#6867);
#6859 = ( BOUNDED_CURVE() B_SPLINE_CURVE(2,(#6860,#6861,#6862,#6863,
#6864,#6865,#6866),.UNSPECIFIED.,.T.,.F.) B_SPLINE_CURVE_WITH_KNOTS((1,2
    ,2,2,2,1),(-2.094395102393,0.,2.094395102393,4.188790204786,
6.28318530718,8.377580409573),.UNSPECIFIED.) CURVE() 
GEOMETRIC_REPRESENTATION_ITEM() RATIONAL_B_SPLINE_CURVE((1.,0.5,1.,0.5,
1.,0.5,1.)) REPRESENTATION_ITEM('') );
#6860 = CARTESIAN_POINT('',(3.0265E+03,155.));
#6861 = CARTESIAN_POINT('',(3.0265E+03,166.25833024919));
#6862 = CARTESIAN_POINT('',(3.03625E+03,160.62916512459));
#6863 = CARTESIAN_POINT('',(3.046E+03,155.));
#6864 = CARTESIAN_POINT('',(3.03625E+03,149.3708348754));
#6865 = CARTESIAN_POINT('',(3.0265E+03,143.7416697508));
#6866 = CARTESIAN_POINT('',(3.0265E+03,155.));
#6867 = ( GEOMETRIC_REPRESENTATION_CONTEXT(2) 
PARAMETRIC_REPRESENTATION_CONTEXT() REPRESENTATION_CONTEXT('2D SPACE',''
  ) );
#6868 = PCURVE('',#6869,#6874);
#6869 = CYLINDRICAL_SURFACE('',#6870,6.5);
#6870 = AXIS2_PLACEMENT_3D('',#6871,#6872,#6873);
#6871 = CARTESIAN_POINT('',(3.033E+03,155.,10.));
#6872 = DIRECTION('',(0.,0.,-1.));
#6873 = DIRECTION('',(-1.,0.,0.));
#6874 = DEFINITIONAL_REPRESENTATION('',(#6875),#6879);
#6875 = LINE('',#6876,#6877);
#6876 = CARTESIAN_POINT('',(0.,0.));
#6877 = VECTOR('',#6878,1.);
#6878 = DIRECTION('',(1.,0.));
#6879 = ( GEOMETRIC_REPRESENTATION_CONTEXT(2) 
PARAMETRIC_REPRESENTATION_CONTEXT() REPRESENTATION_CONTEXT('2D SPACE',''
  ) );
#6880 = FACE_BOUND('',#6881,.T.);
#6881 = EDGE_LOOP('',(#6882));
#6882 = ORIENTED_EDGE('',*,*,#6883,.T.);
#6883 = EDGE_CURVE('',#6884,#6884,#6886,.T.);
#6884 = VERTEX_POINT('',#6885);
#6885 = CARTESIAN_POINT('',(3.1265E+03,155.,10.));
#6886 = SURFACE_CURVE('',#6887,(#6892,#6903),.PCURVE_S1.);
#6887 = CIRCLE('',#6888,6.5);
#6888 = AXIS2_PLACEMENT_3D('',#6889,#6890,#6891);
#6889 = CARTESIAN_POINT('',(3.133E+03,155.,10.));
#6890 = DIRECTION('',(0.,0.,-1.));
#6891 = DIRECTION('',(-1.,0.,0.));
#6892 = PCURVE('',#5274,#6893);
#6893 = DEFINITIONAL_REPRESENTATION('',(#6894),#6902);
#6894 = ( BOUNDED_CURVE() B_SPLINE_CURVE(2,(#6895,#6896,#6897,#6898,
#6899,#6900,#6901),.UNSPECIFIED.,.T.,.F.) B_SPLINE_CURVE_WITH_KNOTS((1,2
    ,2,2,2,1),(-2.094395102393,0.,2.094395102393,4.188790204786,
6.28318530718,8.377580409573),.UNSPECIFIED.) CURVE() 
GEOMETRIC_REPRESENTATION_ITEM() RATIONAL_B_SPLINE_CURVE((1.,0.5,1.,0.5,
1.,0.5,1.)) REPRESENTATION_ITEM('') );
#6895 = CARTESIAN_POINT('',(3.1265E+03,155.));
#6896 = CARTESIAN_POINT('',(3.1265E+03,166.25833024919));
#6897 = CARTESIAN_POINT('',(3.13625E+03,160.62916512459));
#6898 = CARTESIAN_POINT('',(3.146E+03,155.));
#6899 = CARTESIAN_POINT('',(3.13625E+03,149.3708348754));
#6900 = CARTESIAN_POINT('',(3.1265E+03,143.7416697508));
#6901 = CARTESIAN_POINT('',(3.1265E+03,155.));
#6902 = ( GEOMETRIC_REPRESENTATION_CONTEXT(2) 
PARAMETRIC_REPRESENTATION_CONTEXT() REPRESENTATION_CONTEXT('2D SPACE',''
  ) );
#6903 = PCURVE('',#6904,#6909);
#6904 = CYLINDRICAL_SURFACE('',#6905,6.5);
#6905 = AXIS2_PLACEMENT_3D('',#6906,#6907,#6908);
#6906 = CARTESIAN_POINT('',(3.133E+03,155.,10.));
#6907 = DIRECTION('',(0.,0.,-1.));
#6908 = DIRECTION('',(-1.,0.,0.));
#6909 = DEFINITIONAL_REPRESENTATION('',(#6910),#6914);
#6910 = LINE('',#6911,#6912);
#6911 = CARTESIAN_POINT('',(0.,0.));
#6912 = VECTOR('',#6913,1.);
#6913 = DIRECTION('',(1.,0.));
#6914 = ( GEOMETRIC_REPRESENTATION_CONTEXT(2) 
PARAMETRIC_REPRESENTATION_CONTEXT() REPRESENTATION_CONTEXT('2D SPACE',''
  ) );
#6915 = FACE_BOUND('',#6916,.T.);
#6916 = EDGE_LOOP('',(#6917));
#6917 = ORIENTED_EDGE('',*,*,#6918,.T.);
#6918 = EDGE_CURVE('',#6919,#6919,#6921,.T.);
#6919 = VERTEX_POINT('',#6920);
#6920 = CARTESIAN_POINT('',(3.2265E+03,155.,10.));
#6921 = SURFACE_CURVE('',#6922,(#6927,#6938),.PCURVE_S1.);
#6922 = CIRCLE('',#6923,6.5);
#6923 = AXIS2_PLACEMENT_3D('',#6924,#6925,#6926);
#6924 = CARTESIAN_POINT('',(3.233E+03,155.,10.));
#6925 = DIRECTION('',(0.,0.,-1.));
#6926 = DIRECTION('',(-1.,0.,0.));
#6927 = PCURVE('',#5274,#6928);
#6928 = DEFINITIONAL_REPRESENTATION('',(#6929),#6937);
#6929 = ( BOUNDED_CURVE() B_SPLINE_CURVE(2,(#6930,#6931,#6932,#6933,
#6934,#6935,#6936),.UNSPECIFIED.,.T.,.F.) B_SPLINE_CURVE_WITH_KNOTS((1,2
    ,2,2,2,1),(-2.094395102393,0.,2.094395102393,4.188790204786,
6.28318530718,8.377580409573),.UNSPECIFIED.) CURVE() 
GEOMETRIC_REPRESENTATION_ITEM() RATIONAL_B_SPLINE_CURVE((1.,0.5,1.,0.5,
1.,0.5,1.)) REPRESENTATION_ITEM('') );
#6930 = CARTESIAN_POINT('',(3.2265E+03,155.));
#6931 = CARTESIAN_POINT('',(3.2265E+03,166.25833024919));
#6932 = CARTESIAN_POINT('',(3.23625E+03,160.62916512459));
#6933 = CARTESIAN_POINT('',(3.246E+03,155.));
#6934 = CARTESIAN_POINT('',(3.23625E+03,149.3708348754));
#6935 = CARTESIAN_POINT('',(3.2265E+03,143.7416697508));
#6936 = CARTESIAN_POINT('',(3.2265E+03,155.));
#6937 = ( GEOMETRIC_REPRESENTATION_CONTEXT(2) 
PARAMETRIC_REPRESENTATION_CONTEXT() REPRESENTATION_CONTEXT('2D SPACE',''
  ) );
#6938 = PCURVE('',#6939,#6944);
#6939 = CYLINDRICAL_SURFACE('',#6940,6.5);
#6940 = AXIS2_PLACEMENT_3D('',#6941,#6942,#6943);
#6941 = CARTESIAN_POINT('',(3.233E+03,155.,10.));
#6942 = DIRECTION('',(0.,0.,-1.));
#6943 = DIRECTION('',(-1.,0.,0.));
#6944 = DEFINITIONAL_REPRESENTATION('',(#6945),#6949);
#6945 = LINE('',#6946,#6947);
#6946 = CARTESIAN_POINT('',(0.,0.));
#6947 = VECTOR('',#6948,1.);
#6948 = DIRECTION('',(1.,0.));
#6949 = ( GEOMETRIC_REPRESENTATION_CONTEXT(2) 
PARAMETRIC_REPRESENTATION_CONTEXT() REPRESENTATION_CONTEXT('2D SPACE',''
  ) );
#6950 = FACE_BOUND('',#6951,.T.);
#6951 = EDGE_LOOP('',(#6952));
#6952 = ORIENTED_EDGE('',*,*,#6953,.T.);
#6953 = EDGE_CURVE('',#6954,#6954,#6956,.T.);
#6954 = VERTEX_POINT('',#6955);
#6955 = CARTESIAN_POINT('',(3.3265E+03,155.,10.));
#6956 = SURFACE_CURVE('',#6957,(#6962,#6973),.PCURVE_S1.);
#6957 = CIRCLE('',#6958,6.5);
#6958 = AXIS2_PLACEMENT_3D('',#6959,#6960,#6961);
#6959 = CARTESIAN_POINT('',(3.333E+03,155.,10.));
#6960 = DIRECTION('',(0.,0.,-1.));
#6961 = DIRECTION('',(-1.,0.,0.));
#6962 = PCURVE('',#5274,#6963);
#6963 = DEFINITIONAL_REPRESENTATION('',(#6964),#6972);
#6964 = ( BOUNDED_CURVE() B_SPLINE_CURVE(2,(#6965,#6966,#6967,#6968,
#6969,#6970,#6971),.UNSPECIFIED.,.T.,.F.) B_SPLINE_CURVE_WITH_KNOTS((1,2
    ,2,2,2,1),(-2.094395102393,0.,2.094395102393,4.188790204786,
6.28318530718,8.377580409573),.UNSPECIFIED.) CURVE() 
GEOMETRIC_REPRESENTATION_ITEM() RATIONAL_B_SPLINE_CURVE((1.,0.5,1.,0.5,
1.,0.5,1.)) REPRESENTATION_ITEM('') );
#6965 = CARTESIAN_POINT('',(3.3265E+03,155.));
#6966 = CARTESIAN_POINT('',(3.3265E+03,166.25833024919));
#6967 = CARTESIAN_POINT('',(3.33625E+03,160.62916512459));
#6968 = CARTESIAN_POINT('',(3.346E+03,155.));
#6969 = CARTESIAN_POINT('',(3.33625E+03,149.3708348754));
#6970 = CARTESIAN_POINT('',(3.3265E+03,143.7416697508));
#6971 = CARTESIAN_POINT('',(3.3265E+03,155.));
#6972 = ( GEOMETRIC_REPRESENTATION_CONTEXT(2) 
PARAMETRIC_REPRESENTATION_CONTEXT() REPRESENTATION_CONTEXT('2D SPACE',''
  ) );
#6973 = PCURVE('',#6974,#6979);
#6974 = CYLINDRICAL_SURFACE('',#6975,6.5);
#6975 = AXIS2_PLACEMENT_3D('',#6976,#6977,#6978);
#6976 = CARTESIAN_POINT('',(3.333E+03,155.,10.));
#6977 = DIRECTION('',(0.,0.,-1.));
#6978 = DIRECTION('',(-1.,0.,0.));
#6979 = DEFINITIONAL_REPRESENTATION('',(#6980),#6984);
#6980 = LINE('',#6981,#6982);
#6981 = CARTESIAN_POINT('',(0.,0.));
#6982 = VECTOR('',#6983,1.);
#6983 = DIRECTION('',(1.,0.));
#6984 = ( GEOMETRIC_REPRESENTATION_CONTEXT(2) 
PARAMETRIC_REPRESENTATION_CONTEXT() REPRESENTATION_CONTEXT('2D SPACE',''
  ) );
#6985 = FACE_BOUND('',#6986,.T.);
#6986 = EDGE_LOOP('',(#6987));
#6987 = ORIENTED_EDGE('',*,*,#6988,.T.);
#6988 = EDGE_CURVE('',#6989,#6989,#6991,.T.);
#6989 = VERTEX_POINT('',#6990);
#6990 = CARTESIAN_POINT('',(3.4265E+03,155.,10.));
#6991 = SURFACE_CURVE('',#6992,(#6997,#7008),.PCURVE_S1.);
#6992 = CIRCLE('',#6993,6.5);
#6993 = AXIS2_PLACEMENT_3D('',#6994,#6995,#6996);
#6994 = CARTESIAN_POINT('',(3.433E+03,155.,10.));
#6995 = DIRECTION('',(0.,0.,-1.));
#6996 = DIRECTION('',(-1.,0.,0.));
#6997 = PCURVE('',#5274,#6998);
#6998 = DEFINITIONAL_REPRESENTATION('',(#6999),#7007);
#6999 = ( BOUNDED_CURVE() B_SPLINE_CURVE(2,(#7000,#7001,#7002,#7003,
#7004,#7005,#7006),.UNSPECIFIED.,.T.,.F.) B_SPLINE_CURVE_WITH_KNOTS((1,2
    ,2,2,2,1),(-2.094395102393,0.,2.094395102393,4.188790204786,
6.28318530718,8.377580409573),.UNSPECIFIED.) CURVE() 
GEOMETRIC_REPRESENTATION_ITEM() RATIONAL_B_SPLINE_CURVE((1.,0.5,1.,0.5,
1.,0.5,1.)) REPRESENTATION_ITEM('') );
#7000 = CARTESIAN_POINT('',(3.4265E+03,155.));
#7001 = CARTESIAN_POINT('',(3.4265E+03,166.25833024919));
#7002 = CARTESIAN_POINT('',(3.43625E+03,160.62916512459));
#7003 = CARTESIAN_POINT('',(3.446E+03,155.));
#7004 = CARTESIAN_POINT('',(3.43625E+03,149.3708348754));
#7005 = CARTESIAN_POINT('',(3.4265E+03,143.7416697508));
#7006 = CARTESIAN_POINT('',(3.4265E+03,155.));
#7007 = ( GEOMETRIC_REPRESENTATION_CONTEXT(2) 
PARAMETRIC_REPRESENTATION_CONTEXT() REPRESENTATION_CONTEXT('2D SPACE',''
  ) );
#7008 = PCURVE('',#7009,#7014);
#7009 = CYLINDRICAL_SURFACE('',#7010,6.5);
#7010 = AXIS2_PLACEMENT_3D('',#7011,#7012,#7013);
#7011 = CARTESIAN_POINT('',(3.433E+03,155.,10.));
#7012 = DIRECTION('',(0.,0.,-1.));
#7013 = DIRECTION('',(-1.,0.,0.));
#7014 = DEFINITIONAL_REPRESENTATION('',(#7015),#7019);
#7015 = LINE('',#7016,#7017);
#7016 = CARTESIAN_POINT('',(0.,0.));
#7017 = VECTOR('',#7018,1.);
#7018 = DIRECTION('',(1.,0.));
#7019 = ( GEOMETRIC_REPRESENTATION_CONTEXT(2) 
PARAMETRIC_REPRESENTATION_CONTEXT() REPRESENTATION_CONTEXT('2D SPACE',''
  ) );
#7020 = FACE_BOUND('',#7021,.T.);
#7021 = EDGE_LOOP('',(#7022));
#7022 = ORIENTED_EDGE('',*,*,#7023,.T.);
#7023 = EDGE_CURVE('',#7024,#7024,#7026,.T.);
#7024 = VERTEX_POINT('',#7025);
#7025 = CARTESIAN_POINT('',(3.5265E+03,155.,10.));
#7026 = SURFACE_CURVE('',#7027,(#7032,#7043),.PCURVE_S1.);
#7027 = CIRCLE('',#7028,6.5);
#7028 = AXIS2_PLACEMENT_3D('',#7029,#7030,#7031);
#7029 = CARTESIAN_POINT('',(3.533E+03,155.,10.));
#7030 = DIRECTION('',(0.,0.,-1.));
#7031 = DIRECTION('',(-1.,0.,0.));
#7032 = PCURVE('',#5274,#7033);
#7033 = DEFINITIONAL_REPRESENTATION('',(#7034),#7042);
#7034 = ( BOUNDED_CURVE() B_SPLINE_CURVE(2,(#7035,#7036,#7037,#7038,
#7039,#7040,#7041),.UNSPECIFIED.,.T.,.F.) B_SPLINE_CURVE_WITH_KNOTS((1,2
    ,2,2,2,1),(-2.094395102393,0.,2.094395102393,4.188790204786,
6.28318530718,8.377580409573),.UNSPECIFIED.) CURVE() 
GEOMETRIC_REPRESENTATION_ITEM() RATIONAL_B_SPLINE_CURVE((1.,0.5,1.,0.5,
1.,0.5,1.)) REPRESENTATION_ITEM('') );
#7035 = CARTESIAN_POINT('',(3.5265E+03,155.));
#7036 = CARTESIAN_POINT('',(3.5265E+03,166.25833024919));
#7037 = CARTESIAN_POINT('',(3.53625E+03,160.62916512459));
#7038 = CARTESIAN_POINT('',(3.546E+03,155.));
#7039 = CARTESIAN_POINT('',(3.53625E+03,149.3708348754));
#7040 = CARTESIAN_POINT('',(3.5265E+03,143.7416697508));
#7041 = CARTESIAN_POINT('',(3.5265E+03,155.));
#7042 = ( GEOMETRIC_REPRESENTATION_CONTEXT(2) 
PARAMETRIC_REPRESENTATION_CONTEXT() REPRESENTATION_CONTEXT('2D SPACE',''
  ) );
#7043 = PCURVE('',#7044,#7049);
#7044 = CYLINDRICAL_SURFACE('',#7045,6.5);
#7045 = AXIS2_PLACEMENT_3D('',#7046,#7047,#7048);
#7046 = CARTESIAN_POINT('',(3.533E+03,155.,10.));
#7047 = DIRECTION('',(0.,0.,-1.));
#7048 = DIRECTION('',(-1.,0.,0.));
#7049 = DEFINITIONAL_REPRESENTATION('',(#7050),#7054);
#7050 = LINE('',#7051,#7052);
#7051 = CARTESIAN_POINT('',(0.,0.));
#7052 = VECTOR('',#7053,1.);
#7053 = DIRECTION('',(1.,0.));
#7054 = ( GEOMETRIC_REPRESENTATION_CONTEXT(2) 
PARAMETRIC_REPRESENTATION_CONTEXT() REPRESENTATION_CONTEXT('2D SPACE',''
  ) );
#7055 = FACE_BOUND('',#7056,.T.);
#7056 = EDGE_LOOP('',(#7057));
#7057 = ORIENTED_EDGE('',*,*,#7058,.T.);
#7058 = EDGE_CURVE('',#7059,#7059,#7061,.T.);
#7059 = VERTEX_POINT('',#7060);
#7060 = CARTESIAN_POINT('',(3.6265E+03,155.,10.));
#7061 = SURFACE_CURVE('',#7062,(#7067,#7078),.PCURVE_S1.);
#7062 = CIRCLE('',#7063,6.5);
#7063 = AXIS2_PLACEMENT_3D('',#7064,#7065,#7066);
#7064 = CARTESIAN_POINT('',(3.633E+03,155.,10.));
#7065 = DIRECTION('',(0.,0.,-1.));
#7066 = DIRECTION('',(-1.,0.,0.));
#7067 = PCURVE('',#5274,#7068);
#7068 = DEFINITIONAL_REPRESENTATION('',(#7069),#7077);
#7069 = ( BOUNDED_CURVE() B_SPLINE_CURVE(2,(#7070,#7071,#7072,#7073,
#7074,#7075,#7076),.UNSPECIFIED.,.T.,.F.) B_SPLINE_CURVE_WITH_KNOTS((1,2
    ,2,2,2,1),(-2.094395102393,0.,2.094395102393,4.188790204786,
6.28318530718,8.377580409573),.UNSPECIFIED.) CURVE() 
GEOMETRIC_REPRESENTATION_ITEM() RATIONAL_B_SPLINE_CURVE((1.,0.5,1.,0.5,
1.,0.5,1.)) REPRESENTATION_ITEM('') );
#7070 = CARTESIAN_POINT('',(3.6265E+03,155.));
#7071 = CARTESIAN_POINT('',(3.6265E+03,166.25833024919));
#7072 = CARTESIAN_POINT('',(3.63625E+03,160.62916512459));
#7073 = CARTESIAN_POINT('',(3.646E+03,155.));
#7074 = CARTESIAN_POINT('',(3.63625E+03,149.3708348754));
#7075 = CARTESIAN_POINT('',(3.6265E+03,143.7416697508));
#7076 = CARTESIAN_POINT('',(3.6265E+03,155.));
#7077 = ( GEOMETRIC_REPRESENTATION_CONTEXT(2) 
PARAMETRIC_REPRESENTATION_CONTEXT() REPRESENTATION_CONTEXT('2D SPACE',''
  ) );
#7078 = PCURVE('',#7079,#7084);
#7079 = CYLINDRICAL_SURFACE('',#7080,6.5);
#7080 = AXIS2_PLACEMENT_3D('',#7081,#7082,#7083);
#7081 = CARTESIAN_POINT('',(3.633E+03,155.,10.));
#7082 = DIRECTION('',(0.,0.,-1.));
#7083 = DIRECTION('',(-1.,0.,0.));
#7084 = DEFINITIONAL_REPRESENTATION('',(#7085),#7089);
#7085 = LINE('',#7086,#7087);
#7086 = CARTESIAN_POINT('',(0.,0.));
#7087 = VECTOR('',#7088,1.);
#7088 = DIRECTION('',(1.,0.));
#7089 = ( GEOMETRIC_REPRESENTATION_CONTEXT(2) 
PARAMETRIC_REPRESENTATION_CONTEXT() REPRESENTATION_CONTEXT('2D SPACE',''
  ) );
#7090 = ADVANCED_FACE('',(#7091),#5248,.T.);
#7091 = FACE_BOUND('',#7092,.T.);
#7092 = EDGE_LOOP('',(#7093,#7116,#7117,#7118));
#7093 = ORIENTED_EDGE('',*,*,#7094,.F.);
#7094 = EDGE_CURVE('',#5205,#7095,#7097,.T.);
#7095 = VERTEX_POINT('',#7096);
#7096 = CARTESIAN_POINT('',(3.733E+03,200.,0.));
#7097 = SURFACE_CURVE('',#7098,(#7102,#7109),.PCURVE_S1.);
#7098 = LINE('',#7099,#7100);
#7099 = CARTESIAN_POINT('',(0.,200.,0.));
#7100 = VECTOR('',#7101,1.);
#7101 = DIRECTION('',(1.,0.,0.));
#7102 = PCURVE('',#5248,#7103);
#7103 = DEFINITIONAL_REPRESENTATION('',(#7104),#7108);
#7104 = LINE('',#7105,#7106);
#7105 = CARTESIAN_POINT('',(0.,0.));
#7106 = VECTOR('',#7107,1.);
#7107 = DIRECTION('',(0.,1.));
#7108 = ( GEOMETRIC_REPRESENTATION_CONTEXT(2) 
PARAMETRIC_REPRESENTATION_CONTEXT() REPRESENTATION_CONTEXT('2D SPACE',''
  ) );
#7109 = PCURVE('',#5220,#7110);
#7110 = DEFINITIONAL_REPRESENTATION('',(#7111),#7115);
#7111 = LINE('',#7112,#7113);
#7112 = CARTESIAN_POINT('',(0.,200.));
#7113 = VECTOR('',#7114,1.);
#7114 = DIRECTION('',(1.,0.));
#7115 = ( GEOMETRIC_REPRESENTATION_CONTEXT(2) 
PARAMETRIC_REPRESENTATION_CONTEXT() REPRESENTATION_CONTEXT('2D SPACE',''
  ) );
#7116 = ORIENTED_EDGE('',*,*,#5232,.T.);
#7117 = ORIENTED_EDGE('',*,*,#5390,.T.);
#7118 = ORIENTED_EDGE('',*,*,#7119,.F.);
#7119 = EDGE_CURVE('',#7095,#5368,#7120,.T.);
#7120 = SURFACE_CURVE('',#7121,(#7125,#7132),.PCURVE_S1.);
#7121 = LINE('',#7122,#7123);
#7122 = CARTESIAN_POINT('',(3.733E+03,200.,0.));
#7123 = VECTOR('',#7124,1.);
#7124 = DIRECTION('',(0.,0.,1.));
#7125 = PCURVE('',#5248,#7126);
#7126 = DEFINITIONAL_REPRESENTATION('',(#7127),#7131);
#7127 = LINE('',#7128,#7129);
#7128 = CARTESIAN_POINT('',(0.,3.733E+03));
#7129 = VECTOR('',#7130,1.);
#7130 = DIRECTION('',(1.,0.));
#7131 = ( GEOMETRIC_REPRESENTATION_CONTEXT(2) 
PARAMETRIC_REPRESENTATION_CONTEXT() REPRESENTATION_CONTEXT('2D SPACE',''
  ) );
#7132 = PCURVE('',#5350,#7133);
#7133 = DEFINITIONAL_REPRESENTATION('',(#7134),#7138);
#7134 = LINE('',#7135,#7136);
#7135 = CARTESIAN_POINT('',(0.,-200.));
#7136 = VECTOR('',#7137,1.);
#7137 = DIRECTION('',(1.,0.));
#7138 = ( GEOMETRIC_REPRESENTATION_CONTEXT(2) 
PARAMETRIC_REPRESENTATION_CONTEXT() REPRESENTATION_CONTEXT('2D SPACE',''
  ) );
#7139 = ADVANCED_FACE('',(#7140,#7166,#7196,#7226,#7256,#7286,#7316,
    #7346,#7376,#7406,#7436,#7466,#7496,#7526,#7556,#7586,#7616,#7646,
    #7676,#7706,#7736,#7766,#7796,#7826,#7856,#7886,#7916,#7946,#7976,
    #8006,#8036,#8066,#8096,#8126,#8156,#8186,#8216,#8246,#8276,#8306,
    #8336,#8366,#8396,#8426,#8456,#8486,#8516,#8546,#8576),#5220,.F.);
#7140 = FACE_BOUND('',#7141,.F.);
#7141 = EDGE_LOOP('',(#7142,#7143,#7144,#7165));
#7142 = ORIENTED_EDGE('',*,*,#5204,.F.);
#7143 = ORIENTED_EDGE('',*,*,#5289,.T.);
#7144 = ORIENTED_EDGE('',*,*,#7145,.T.);
#7145 = EDGE_CURVE('',#5290,#7095,#7146,.T.);
#7146 = SURFACE_CURVE('',#7147,(#7151,#7158),.PCURVE_S1.);
#7147 = LINE('',#7148,#7149);
#7148 = CARTESIAN_POINT('',(3.733E+03,0.,0.));
#7149 = VECTOR('',#7150,1.);
#7150 = DIRECTION('',(0.,1.,0.));
#7151 = PCURVE('',#5220,#7152);
#7152 = DEFINITIONAL_REPRESENTATION('',(#7153),#7157);
#7153 = LINE('',#7154,#7155);
#7154 = CARTESIAN_POINT('',(3.733E+03,0.));
#7155 = VECTOR('',#7156,1.);
#7156 = DIRECTION('',(0.,1.));
#7157 = ( GEOMETRIC_REPRESENTATION_CONTEXT(2) 
PARAMETRIC_REPRESENTATION_CONTEXT() REPRESENTATION_CONTEXT('2D SPACE',''
  ) );
#7158 = PCURVE('',#5350,#7159);
#7159 = DEFINITIONAL_REPRESENTATION('',(#7160),#7164);
#7160 = LINE('',#7161,#7162);
#7161 = CARTESIAN_POINT('',(0.,0.));
#7162 = VECTOR('',#7163,1.);
#7163 = DIRECTION('',(0.,-1.));
#7164 = ( GEOMETRIC_REPRESENTATION_CONTEXT(2) 
PARAMETRIC_REPRESENTATION_CONTEXT() REPRESENTATION_CONTEXT('2D SPACE',''
  ) );
#7165 = ORIENTED_EDGE('',*,*,#7094,.F.);
#7166 = FACE_BOUND('',#7167,.F.);
#7167 = EDGE_LOOP('',(#7168));
#7168 = ORIENTED_EDGE('',*,*,#7169,.T.);
#7169 = EDGE_CURVE('',#7170,#7170,#7172,.T.);
#7170 = VERTEX_POINT('',#7171);
#7171 = CARTESIAN_POINT('',(33.5,45.,0.));
#7172 = SURFACE_CURVE('',#7173,(#7178,#7189),.PCURVE_S1.);
#7173 = CIRCLE('',#7174,6.5);
#7174 = AXIS2_PLACEMENT_3D('',#7175,#7176,#7177);
#7175 = CARTESIAN_POINT('',(40.,45.,0.));
#7176 = DIRECTION('',(0.,0.,-1.));
#7177 = DIRECTION('',(-1.,0.,0.));
#7178 = PCURVE('',#5220,#7179);
#7179 = DEFINITIONAL_REPRESENTATION('',(#7180),#7188);
#7180 = ( BOUNDED_CURVE() B_SPLINE_CURVE(2,(#7181,#7182,#7183,#7184,
#7185,#7186,#7187),.UNSPECIFIED.,.T.,.F.) B_SPLINE_CURVE_WITH_KNOTS((1,2
    ,2,2,2,1),(-2.094395102393,0.,2.094395102393,4.188790204786,
6.28318530718,8.377580409573),.UNSPECIFIED.) CURVE() 
GEOMETRIC_REPRESENTATION_ITEM() RATIONAL_B_SPLINE_CURVE((1.,0.5,1.,0.5,
1.,0.5,1.)) REPRESENTATION_ITEM('') );
#7181 = CARTESIAN_POINT('',(33.5,45.));
#7182 = CARTESIAN_POINT('',(33.5,56.258330249198));
#7183 = CARTESIAN_POINT('',(43.25,50.629165124599));
#7184 = CARTESIAN_POINT('',(53.,45.));
#7185 = CARTESIAN_POINT('',(43.25,39.370834875401));
#7186 = CARTESIAN_POINT('',(33.5,33.741669750802));
#7187 = CARTESIAN_POINT('',(33.5,45.));
#7188 = ( GEOMETRIC_REPRESENTATION_CONTEXT(2) 
PARAMETRIC_REPRESENTATION_CONTEXT() REPRESENTATION_CONTEXT('2D SPACE',''
  ) );
#7189 = PCURVE('',#5434,#7190);
#7190 = DEFINITIONAL_REPRESENTATION('',(#7191),#7195);
#7191 = LINE('',#7192,#7193);
#7192 = CARTESIAN_POINT('',(0.,10.));
#7193 = VECTOR('',#7194,1.);
#7194 = DIRECTION('',(1.,0.));
#7195 = ( GEOMETRIC_REPRESENTATION_CONTEXT(2) 
PARAMETRIC_REPRESENTATION_CONTEXT() REPRESENTATION_CONTEXT('2D SPACE',''
  ) );
#7196 = FACE_BOUND('',#7197,.F.);
#7197 = EDGE_LOOP('',(#7198));
#7198 = ORIENTED_EDGE('',*,*,#7199,.T.);
#7199 = EDGE_CURVE('',#7200,#7200,#7202,.T.);
#7200 = VERTEX_POINT('',#7201);
#7201 = CARTESIAN_POINT('',(113.5,45.,0.));
#7202 = SURFACE_CURVE('',#7203,(#7208,#7219),.PCURVE_S1.);
#7203 = CIRCLE('',#7204,6.5);
#7204 = AXIS2_PLACEMENT_3D('',#7205,#7206,#7207);
#7205 = CARTESIAN_POINT('',(120.,45.,0.));
#7206 = DIRECTION('',(0.,0.,-1.));
#7207 = DIRECTION('',(-1.,0.,0.));
#7208 = PCURVE('',#5220,#7209);
#7209 = DEFINITIONAL_REPRESENTATION('',(#7210),#7218);
#7210 = ( BOUNDED_CURVE() B_SPLINE_CURVE(2,(#7211,#7212,#7213,#7214,
#7215,#7216,#7217),.UNSPECIFIED.,.T.,.F.) B_SPLINE_CURVE_WITH_KNOTS((1,2
    ,2,2,2,1),(-2.094395102393,0.,2.094395102393,4.188790204786,
6.28318530718,8.377580409573),.UNSPECIFIED.) CURVE() 
GEOMETRIC_REPRESENTATION_ITEM() RATIONAL_B_SPLINE_CURVE((1.,0.5,1.,0.5,
1.,0.5,1.)) REPRESENTATION_ITEM('') );
#7211 = CARTESIAN_POINT('',(113.5,45.));
#7212 = CARTESIAN_POINT('',(113.5,56.258330249198));
#7213 = CARTESIAN_POINT('',(123.25,50.629165124599));
#7214 = CARTESIAN_POINT('',(133.,45.));
#7215 = CARTESIAN_POINT('',(123.25,39.370834875401));
#7216 = CARTESIAN_POINT('',(113.5,33.741669750802));
#7217 = CARTESIAN_POINT('',(113.5,45.));
#7218 = ( GEOMETRIC_REPRESENTATION_CONTEXT(2) 
PARAMETRIC_REPRESENTATION_CONTEXT() REPRESENTATION_CONTEXT('2D SPACE',''
  ) );
#7219 = PCURVE('',#5469,#7220);
#7220 = DEFINITIONAL_REPRESENTATION('',(#7221),#7225);
#7221 = LINE('',#7222,#7223);
#7222 = CARTESIAN_POINT('',(0.,10.));
#7223 = VECTOR('',#7224,1.);
#7224 = DIRECTION('',(1.,0.));
#7225 = ( GEOMETRIC_REPRESENTATION_CONTEXT(2) 
PARAMETRIC_REPRESENTATION_CONTEXT() REPRESENTATION_CONTEXT('2D SPACE',''
  ) );
#7226 = FACE_BOUND('',#7227,.F.);
#7227 = EDGE_LOOP('',(#7228));
#7228 = ORIENTED_EDGE('',*,*,#7229,.T.);
#7229 = EDGE_CURVE('',#7230,#7230,#7232,.T.);
#7230 = VERTEX_POINT('',#7231);
#7231 = CARTESIAN_POINT('',(193.5,45.,0.));
#7232 = SURFACE_CURVE('',#7233,(#7238,#7249),.PCURVE_S1.);
#7233 = CIRCLE('',#7234,6.5);
#7234 = AXIS2_PLACEMENT_3D('',#7235,#7236,#7237);
#7235 = CARTESIAN_POINT('',(200.,45.,0.));
#7236 = DIRECTION('',(0.,0.,-1.));
#7237 = DIRECTION('',(-1.,0.,0.));
#7238 = PCURVE('',#5220,#7239);
#7239 = DEFINITIONAL_REPRESENTATION('',(#7240),#7248);
#7240 = ( BOUNDED_CURVE() B_SPLINE_CURVE(2,(#7241,#7242,#7243,#7244,
#7245,#7246,#7247),.UNSPECIFIED.,.T.,.F.) B_SPLINE_CURVE_WITH_KNOTS((1,2
    ,2,2,2,1),(-2.094395102393,0.,2.094395102393,4.188790204786,
6.28318530718,8.377580409573),.UNSPECIFIED.) CURVE() 
GEOMETRIC_REPRESENTATION_ITEM() RATIONAL_B_SPLINE_CURVE((1.,0.5,1.,0.5,
1.,0.5,1.)) REPRESENTATION_ITEM('') );
#7241 = CARTESIAN_POINT('',(193.5,45.));
#7242 = CARTESIAN_POINT('',(193.5,56.258330249198));
#7243 = CARTESIAN_POINT('',(203.25,50.629165124599));
#7244 = CARTESIAN_POINT('',(213.,45.));
#7245 = CARTESIAN_POINT('',(203.25,39.370834875401));
#7246 = CARTESIAN_POINT('',(193.5,33.741669750802));
#7247 = CARTESIAN_POINT('',(193.5,45.));
#7248 = ( GEOMETRIC_REPRESENTATION_CONTEXT(2) 
PARAMETRIC_REPRESENTATION_CONTEXT() REPRESENTATION_CONTEXT('2D SPACE',''
  ) );
#7249 = PCURVE('',#5504,#7250);
#7250 = DEFINITIONAL_REPRESENTATION('',(#7251),#7255);
#7251 = LINE('',#7252,#7253);
#7252 = CARTESIAN_POINT('',(0.,10.));
#7253 = VECTOR('',#7254,1.);
#7254 = DIRECTION('',(1.,0.));
#7255 = ( GEOMETRIC_REPRESENTATION_CONTEXT(2) 
PARAMETRIC_REPRESENTATION_CONTEXT() REPRESENTATION_CONTEXT('2D SPACE',''
  ) );
#7256 = FACE_BOUND('',#7257,.F.);
#7257 = EDGE_LOOP('',(#7258));
#7258 = ORIENTED_EDGE('',*,*,#7259,.T.);
#7259 = EDGE_CURVE('',#7260,#7260,#7262,.T.);
#7260 = VERTEX_POINT('',#7261);
#7261 = CARTESIAN_POINT('',(273.5,45.,0.));
#7262 = SURFACE_CURVE('',#7263,(#7268,#7279),.PCURVE_S1.);
#7263 = CIRCLE('',#7264,6.5);
#7264 = AXIS2_PLACEMENT_3D('',#7265,#7266,#7267);
#7265 = CARTESIAN_POINT('',(280.,45.,0.));
#7266 = DIRECTION('',(0.,0.,-1.));
#7267 = DIRECTION('',(-1.,0.,0.));
#7268 = PCURVE('',#5220,#7269);
#7269 = DEFINITIONAL_REPRESENTATION('',(#7270),#7278);
#7270 = ( BOUNDED_CURVE() B_SPLINE_CURVE(2,(#7271,#7272,#7273,#7274,
#7275,#7276,#7277),.UNSPECIFIED.,.T.,.F.) B_SPLINE_CURVE_WITH_KNOTS((1,2
    ,2,2,2,1),(-2.094395102393,0.,2.094395102393,4.188790204786,
6.28318530718,8.377580409573),.UNSPECIFIED.) CURVE() 
GEOMETRIC_REPRESENTATION_ITEM() RATIONAL_B_SPLINE_CURVE((1.,0.5,1.,0.5,
1.,0.5,1.)) REPRESENTATION_ITEM('') );
#7271 = CARTESIAN_POINT('',(273.5,45.));
#7272 = CARTESIAN_POINT('',(273.5,56.258330249198));
#7273 = CARTESIAN_POINT('',(283.25,50.629165124599));
#7274 = CARTESIAN_POINT('',(293.,45.));
#7275 = CARTESIAN_POINT('',(283.25,39.370834875401));
#7276 = CARTESIAN_POINT('',(273.5,33.741669750802));
#7277 = CARTESIAN_POINT('',(273.5,45.));
#7278 = ( GEOMETRIC_REPRESENTATION_CONTEXT(2) 
PARAMETRIC_REPRESENTATION_CONTEXT() REPRESENTATION_CONTEXT('2D SPACE',''
  ) );
#7279 = PCURVE('',#5539,#7280);
#7280 = DEFINITIONAL_REPRESENTATION('',(#7281),#7285);
#7281 = LINE('',#7282,#7283);
#7282 = CARTESIAN_POINT('',(0.,10.));
#7283 = VECTOR('',#7284,1.);
#7284 = DIRECTION('',(1.,0.));
#7285 = ( GEOMETRIC_REPRESENTATION_CONTEXT(2) 
PARAMETRIC_REPRESENTATION_CONTEXT() REPRESENTATION_CONTEXT('2D SPACE',''
  ) );
#7286 = FACE_BOUND('',#7287,.F.);
#7287 = EDGE_LOOP('',(#7288));
#7288 = ORIENTED_EDGE('',*,*,#7289,.T.);
#7289 = EDGE_CURVE('',#7290,#7290,#7292,.T.);
#7290 = VERTEX_POINT('',#7291);
#7291 = CARTESIAN_POINT('',(353.5,45.,0.));
#7292 = SURFACE_CURVE('',#7293,(#7298,#7309),.PCURVE_S1.);
#7293 = CIRCLE('',#7294,6.5);
#7294 = AXIS2_PLACEMENT_3D('',#7295,#7296,#7297);
#7295 = CARTESIAN_POINT('',(360.,45.,0.));
#7296 = DIRECTION('',(0.,0.,-1.));
#7297 = DIRECTION('',(-1.,0.,0.));
#7298 = PCURVE('',#5220,#7299);
#7299 = DEFINITIONAL_REPRESENTATION('',(#7300),#7308);
#7300 = ( BOUNDED_CURVE() B_SPLINE_CURVE(2,(#7301,#7302,#7303,#7304,
#7305,#7306,#7307),.UNSPECIFIED.,.T.,.F.) B_SPLINE_CURVE_WITH_KNOTS((1,2
    ,2,2,2,1),(-2.094395102393,0.,2.094395102393,4.188790204786,
6.28318530718,8.377580409573),.UNSPECIFIED.) CURVE() 
GEOMETRIC_REPRESENTATION_ITEM() RATIONAL_B_SPLINE_CURVE((1.,0.5,1.,0.5,
1.,0.5,1.)) REPRESENTATION_ITEM('') );
#7301 = CARTESIAN_POINT('',(353.5,45.));
#7302 = CARTESIAN_POINT('',(353.5,56.258330249198));
#7303 = CARTESIAN_POINT('',(363.25,50.629165124599));
#7304 = CARTESIAN_POINT('',(373.,45.));
#7305 = CARTESIAN_POINT('',(363.25,39.370834875401));
#7306 = CARTESIAN_POINT('',(353.5,33.741669750802));
#7307 = CARTESIAN_POINT('',(353.5,45.));
#7308 = ( GEOMETRIC_REPRESENTATION_CONTEXT(2) 
PARAMETRIC_REPRESENTATION_CONTEXT() REPRESENTATION_CONTEXT('2D SPACE',''
  ) );
#7309 = PCURVE('',#5574,#7310);
#7310 = DEFINITIONAL_REPRESENTATION('',(#7311),#7315);
#7311 = LINE('',#7312,#7313);
#7312 = CARTESIAN_POINT('',(0.,10.));
#7313 = VECTOR('',#7314,1.);
#7314 = DIRECTION('',(1.,0.));
#7315 = ( GEOMETRIC_REPRESENTATION_CONTEXT(2) 
PARAMETRIC_REPRESENTATION_CONTEXT() REPRESENTATION_CONTEXT('2D SPACE',''
  ) );
#7316 = FACE_BOUND('',#7317,.F.);
#7317 = EDGE_LOOP('',(#7318));
#7318 = ORIENTED_EDGE('',*,*,#7319,.T.);
#7319 = EDGE_CURVE('',#7320,#7320,#7322,.T.);
#7320 = VERTEX_POINT('',#7321);
#7321 = CARTESIAN_POINT('',(433.5,45.,0.));
#7322 = SURFACE_CURVE('',#7323,(#7328,#7339),.PCURVE_S1.);
#7323 = CIRCLE('',#7324,6.5);
#7324 = AXIS2_PLACEMENT_3D('',#7325,#7326,#7327);
#7325 = CARTESIAN_POINT('',(440.,45.,0.));
#7326 = DIRECTION('',(0.,0.,-1.));
#7327 = DIRECTION('',(-1.,0.,0.));
#7328 = PCURVE('',#5220,#7329);
#7329 = DEFINITIONAL_REPRESENTATION('',(#7330),#7338);
#7330 = ( BOUNDED_CURVE() B_SPLINE_CURVE(2,(#7331,#7332,#7333,#7334,
#7335,#7336,#7337),.UNSPECIFIED.,.T.,.F.) B_SPLINE_CURVE_WITH_KNOTS((1,2
    ,2,2,2,1),(-2.094395102393,0.,2.094395102393,4.188790204786,
6.28318530718,8.377580409573),.UNSPECIFIED.) CURVE() 
GEOMETRIC_REPRESENTATION_ITEM() RATIONAL_B_SPLINE_CURVE((1.,0.5,1.,0.5,
1.,0.5,1.)) REPRESENTATION_ITEM('') );
#7331 = CARTESIAN_POINT('',(433.5,45.));
#7332 = CARTESIAN_POINT('',(433.5,56.258330249198));
#7333 = CARTESIAN_POINT('',(443.25,50.629165124599));
#7334 = CARTESIAN_POINT('',(453.,45.));
#7335 = CARTESIAN_POINT('',(443.25,39.370834875401));
#7336 = CARTESIAN_POINT('',(433.5,33.741669750802));
#7337 = CARTESIAN_POINT('',(433.5,45.));
#7338 = ( GEOMETRIC_REPRESENTATION_CONTEXT(2) 
PARAMETRIC_REPRESENTATION_CONTEXT() REPRESENTATION_CONTEXT('2D SPACE',''
  ) );
#7339 = PCURVE('',#5609,#7340);
#7340 = DEFINITIONAL_REPRESENTATION('',(#7341),#7345);
#7341 = LINE('',#7342,#7343);
#7342 = CARTESIAN_POINT('',(0.,10.));
#7343 = VECTOR('',#7344,1.);
#7344 = DIRECTION('',(1.,0.));
#7345 = ( GEOMETRIC_REPRESENTATION_CONTEXT(2) 
PARAMETRIC_REPRESENTATION_CONTEXT() REPRESENTATION_CONTEXT('2D SPACE',''
  ) );
#7346 = FACE_BOUND('',#7347,.F.);
#7347 = EDGE_LOOP('',(#7348));
#7348 = ORIENTED_EDGE('',*,*,#7349,.T.);
#7349 = EDGE_CURVE('',#7350,#7350,#7352,.T.);
#7350 = VERTEX_POINT('',#7351);
#7351 = CARTESIAN_POINT('',(513.5,45.,0.));
#7352 = SURFACE_CURVE('',#7353,(#7358,#7369),.PCURVE_S1.);
#7353 = CIRCLE('',#7354,6.5);
#7354 = AXIS2_PLACEMENT_3D('',#7355,#7356,#7357);
#7355 = CARTESIAN_POINT('',(520.,45.,0.));
#7356 = DIRECTION('',(0.,0.,-1.));
#7357 = DIRECTION('',(-1.,0.,0.));
#7358 = PCURVE('',#5220,#7359);
#7359 = DEFINITIONAL_REPRESENTATION('',(#7360),#7368);
#7360 = ( BOUNDED_CURVE() B_SPLINE_CURVE(2,(#7361,#7362,#7363,#7364,
#7365,#7366,#7367),.UNSPECIFIED.,.T.,.F.) B_SPLINE_CURVE_WITH_KNOTS((1,2
    ,2,2,2,1),(-2.094395102393,0.,2.094395102393,4.188790204786,
6.28318530718,8.377580409573),.UNSPECIFIED.) CURVE() 
GEOMETRIC_REPRESENTATION_ITEM() RATIONAL_B_SPLINE_CURVE((1.,0.5,1.,0.5,
1.,0.5,1.)) REPRESENTATION_ITEM('') );
#7361 = CARTESIAN_POINT('',(513.5,45.));
#7362 = CARTESIAN_POINT('',(513.5,56.258330249198));
#7363 = CARTESIAN_POINT('',(523.25,50.629165124599));
#7364 = CARTESIAN_POINT('',(533.,45.));
#7365 = CARTESIAN_POINT('',(523.25,39.370834875401));
#7366 = CARTESIAN_POINT('',(513.5,33.741669750802));
#7367 = CARTESIAN_POINT('',(513.5,45.));
#7368 = ( GEOMETRIC_REPRESENTATION_CONTEXT(2) 
PARAMETRIC_REPRESENTATION_CONTEXT() REPRESENTATION_CONTEXT('2D SPACE',''
  ) );
#7369 = PCURVE('',#5644,#7370);
#7370 = DEFINITIONAL_REPRESENTATION('',(#7371),#7375);
#7371 = LINE('',#7372,#7373);
#7372 = CARTESIAN_POINT('',(0.,10.));
#7373 = VECTOR('',#7374,1.);
#7374 = DIRECTION('',(1.,0.));
#7375 = ( GEOMETRIC_REPRESENTATION_CONTEXT(2) 
PARAMETRIC_REPRESENTATION_CONTEXT() REPRESENTATION_CONTEXT('2D SPACE',''
  ) );
#7376 = FACE_BOUND('',#7377,.F.);
#7377 = EDGE_LOOP('',(#7378));
#7378 = ORIENTED_EDGE('',*,*,#7379,.T.);
#7379 = EDGE_CURVE('',#7380,#7380,#7382,.T.);
#7380 = VERTEX_POINT('',#7381);
#7381 = CARTESIAN_POINT('',(663.5,45.,0.));
#7382 = SURFACE_CURVE('',#7383,(#7388,#7399),.PCURVE_S1.);
#7383 = CIRCLE('',#7384,6.5);
#7384 = AXIS2_PLACEMENT_3D('',#7385,#7386,#7387);
#7385 = CARTESIAN_POINT('',(670.,45.,0.));
#7386 = DIRECTION('',(0.,0.,-1.));
#7387 = DIRECTION('',(-1.,0.,0.));
#7388 = PCURVE('',#5220,#7389);
#7389 = DEFINITIONAL_REPRESENTATION('',(#7390),#7398);
#7390 = ( BOUNDED_CURVE() B_SPLINE_CURVE(2,(#7391,#7392,#7393,#7394,
#7395,#7396,#7397),.UNSPECIFIED.,.T.,.F.) B_SPLINE_CURVE_WITH_KNOTS((1,2
    ,2,2,2,1),(-2.094395102393,0.,2.094395102393,4.188790204786,
6.28318530718,8.377580409573),.UNSPECIFIED.) CURVE() 
GEOMETRIC_REPRESENTATION_ITEM() RATIONAL_B_SPLINE_CURVE((1.,0.5,1.,0.5,
1.,0.5,1.)) REPRESENTATION_ITEM('') );
#7391 = CARTESIAN_POINT('',(663.5,45.));
#7392 = CARTESIAN_POINT('',(663.5,56.258330249198));
#7393 = CARTESIAN_POINT('',(673.25,50.629165124599));
#7394 = CARTESIAN_POINT('',(683.,45.));
#7395 = CARTESIAN_POINT('',(673.25,39.370834875401));
#7396 = CARTESIAN_POINT('',(663.5,33.741669750802));
#7397 = CARTESIAN_POINT('',(663.5,45.));
#7398 = ( GEOMETRIC_REPRESENTATION_CONTEXT(2) 
PARAMETRIC_REPRESENTATION_CONTEXT() REPRESENTATION_CONTEXT('2D SPACE',''
  ) );
#7399 = PCURVE('',#5679,#7400);
#7400 = DEFINITIONAL_REPRESENTATION('',(#7401),#7405);
#7401 = LINE('',#7402,#7403);
#7402 = CARTESIAN_POINT('',(0.,10.));
#7403 = VECTOR('',#7404,1.);
#7404 = DIRECTION('',(1.,0.));
#7405 = ( GEOMETRIC_REPRESENTATION_CONTEXT(2) 
PARAMETRIC_REPRESENTATION_CONTEXT() REPRESENTATION_CONTEXT('2D SPACE',''
  ) );
#7406 = FACE_BOUND('',#7407,.F.);
#7407 = EDGE_LOOP('',(#7408));
#7408 = ORIENTED_EDGE('',*,*,#7409,.T.);
#7409 = EDGE_CURVE('',#7410,#7410,#7412,.T.);
#7410 = VERTEX_POINT('',#7411);
#7411 = CARTESIAN_POINT('',(813.5,45.,0.));
#7412 = SURFACE_CURVE('',#7413,(#7418,#7429),.PCURVE_S1.);
#7413 = CIRCLE('',#7414,6.5);
#7414 = AXIS2_PLACEMENT_3D('',#7415,#7416,#7417);
#7415 = CARTESIAN_POINT('',(820.,45.,0.));
#7416 = DIRECTION('',(0.,0.,-1.));
#7417 = DIRECTION('',(-1.,0.,0.));
#7418 = PCURVE('',#5220,#7419);
#7419 = DEFINITIONAL_REPRESENTATION('',(#7420),#7428);
#7420 = ( BOUNDED_CURVE() B_SPLINE_CURVE(2,(#7421,#7422,#7423,#7424,
#7425,#7426,#7427),.UNSPECIFIED.,.T.,.F.) B_SPLINE_CURVE_WITH_KNOTS((1,2
    ,2,2,2,1),(-2.094395102393,0.,2.094395102393,4.188790204786,
6.28318530718,8.377580409573),.UNSPECIFIED.) CURVE() 
GEOMETRIC_REPRESENTATION_ITEM() RATIONAL_B_SPLINE_CURVE((1.,0.5,1.,0.5,
1.,0.5,1.)) REPRESENTATION_ITEM('') );
#7421 = CARTESIAN_POINT('',(813.5,45.));
#7422 = CARTESIAN_POINT('',(813.5,56.258330249198));
#7423 = CARTESIAN_POINT('',(823.25,50.629165124599));
#7424 = CARTESIAN_POINT('',(833.,45.));
#7425 = CARTESIAN_POINT('',(823.25,39.370834875401));
#7426 = CARTESIAN_POINT('',(813.5,33.741669750802));
#7427 = CARTESIAN_POINT('',(813.5,45.));
#7428 = ( GEOMETRIC_REPRESENTATION_CONTEXT(2) 
PARAMETRIC_REPRESENTATION_CONTEXT() REPRESENTATION_CONTEXT('2D SPACE',''
  ) );
#7429 = PCURVE('',#5714,#7430);
#7430 = DEFINITIONAL_REPRESENTATION('',(#7431),#7435);
#7431 = LINE('',#7432,#7433);
#7432 = CARTESIAN_POINT('',(0.,10.));
#7433 = VECTOR('',#7434,1.);
#7434 = DIRECTION('',(1.,0.));
#7435 = ( GEOMETRIC_REPRESENTATION_CONTEXT(2) 
PARAMETRIC_REPRESENTATION_CONTEXT() REPRESENTATION_CONTEXT('2D SPACE',''
  ) );
#7436 = FACE_BOUND('',#7437,.F.);
#7437 = EDGE_LOOP('',(#7438));
#7438 = ORIENTED_EDGE('',*,*,#7439,.T.);
#7439 = EDGE_CURVE('',#7440,#7440,#7442,.T.);
#7440 = VERTEX_POINT('',#7441);
#7441 = CARTESIAN_POINT('',(963.5,45.,0.));
#7442 = SURFACE_CURVE('',#7443,(#7448,#7459),.PCURVE_S1.);
#7443 = CIRCLE('',#7444,6.5);
#7444 = AXIS2_PLACEMENT_3D('',#7445,#7446,#7447);
#7445 = CARTESIAN_POINT('',(970.,45.,0.));
#7446 = DIRECTION('',(0.,0.,-1.));
#7447 = DIRECTION('',(-1.,0.,0.));
#7448 = PCURVE('',#5220,#7449);
#7449 = DEFINITIONAL_REPRESENTATION('',(#7450),#7458);
#7450 = ( BOUNDED_CURVE() B_SPLINE_CURVE(2,(#7451,#7452,#7453,#7454,
#7455,#7456,#7457),.UNSPECIFIED.,.T.,.F.) B_SPLINE_CURVE_WITH_KNOTS((1,2
    ,2,2,2,1),(-2.094395102393,0.,2.094395102393,4.188790204786,
6.28318530718,8.377580409573),.UNSPECIFIED.) CURVE() 
GEOMETRIC_REPRESENTATION_ITEM() RATIONAL_B_SPLINE_CURVE((1.,0.5,1.,0.5,
1.,0.5,1.)) REPRESENTATION_ITEM('') );
#7451 = CARTESIAN_POINT('',(963.5,45.));
#7452 = CARTESIAN_POINT('',(963.5,56.258330249198));
#7453 = CARTESIAN_POINT('',(973.25,50.629165124599));
#7454 = CARTESIAN_POINT('',(983.,45.));
#7455 = CARTESIAN_POINT('',(973.25,39.370834875401));
#7456 = CARTESIAN_POINT('',(963.5,33.741669750802));
#7457 = CARTESIAN_POINT('',(963.5,45.));
#7458 = ( GEOMETRIC_REPRESENTATION_CONTEXT(2) 
PARAMETRIC_REPRESENTATION_CONTEXT() REPRESENTATION_CONTEXT('2D SPACE',''
  ) );
#7459 = PCURVE('',#5749,#7460);
#7460 = DEFINITIONAL_REPRESENTATION('',(#7461),#7465);
#7461 = LINE('',#7462,#7463);
#7462 = CARTESIAN_POINT('',(0.,10.));
#7463 = VECTOR('',#7464,1.);
#7464 = DIRECTION('',(1.,0.));
#7465 = ( GEOMETRIC_REPRESENTATION_CONTEXT(2) 
PARAMETRIC_REPRESENTATION_CONTEXT() REPRESENTATION_CONTEXT('2D SPACE',''
  ) );
#7466 = FACE_BOUND('',#7467,.F.);
#7467 = EDGE_LOOP('',(#7468));
#7468 = ORIENTED_EDGE('',*,*,#7469,.T.);
#7469 = EDGE_CURVE('',#7470,#7470,#7472,.T.);
#7470 = VERTEX_POINT('',#7471);
#7471 = CARTESIAN_POINT('',(1.1135E+03,45.,0.));
#7472 = SURFACE_CURVE('',#7473,(#7478,#7489),.PCURVE_S1.);
#7473 = CIRCLE('',#7474,6.5);
#7474 = AXIS2_PLACEMENT_3D('',#7475,#7476,#7477);
#7475 = CARTESIAN_POINT('',(1.12E+03,45.,0.));
#7476 = DIRECTION('',(0.,0.,-1.));
#7477 = DIRECTION('',(-1.,0.,0.));
#7478 = PCURVE('',#5220,#7479);
#7479 = DEFINITIONAL_REPRESENTATION('',(#7480),#7488);
#7480 = ( BOUNDED_CURVE() B_SPLINE_CURVE(2,(#7481,#7482,#7483,#7484,
#7485,#7486,#7487),.UNSPECIFIED.,.T.,.F.) B_SPLINE_CURVE_WITH_KNOTS((1,2
    ,2,2,2,1),(-2.094395102393,0.,2.094395102393,4.188790204786,
6.28318530718,8.377580409573),.UNSPECIFIED.) CURVE() 
GEOMETRIC_REPRESENTATION_ITEM() RATIONAL_B_SPLINE_CURVE((1.,0.5,1.,0.5,
1.,0.5,1.)) REPRESENTATION_ITEM('') );
#7481 = CARTESIAN_POINT('',(1.1135E+03,45.));
#7482 = CARTESIAN_POINT('',(1.1135E+03,56.258330249198));
#7483 = CARTESIAN_POINT('',(1.12325E+03,50.629165124599));
#7484 = CARTESIAN_POINT('',(1.133E+03,45.));
#7485 = CARTESIAN_POINT('',(1.12325E+03,39.370834875401));
#7486 = CARTESIAN_POINT('',(1.1135E+03,33.741669750802));
#7487 = CARTESIAN_POINT('',(1.1135E+03,45.));
#7488 = ( GEOMETRIC_REPRESENTATION_CONTEXT(2) 
PARAMETRIC_REPRESENTATION_CONTEXT() REPRESENTATION_CONTEXT('2D SPACE',''
  ) );
#7489 = PCURVE('',#5784,#7490);
#7490 = DEFINITIONAL_REPRESENTATION('',(#7491),#7495);
#7491 = LINE('',#7492,#7493);
#7492 = CARTESIAN_POINT('',(0.,10.));
#7493 = VECTOR('',#7494,1.);
#7494 = DIRECTION('',(1.,0.));
#7495 = ( GEOMETRIC_REPRESENTATION_CONTEXT(2) 
PARAMETRIC_REPRESENTATION_CONTEXT() REPRESENTATION_CONTEXT('2D SPACE',''
  ) );
#7496 = FACE_BOUND('',#7497,.F.);
#7497 = EDGE_LOOP('',(#7498));
#7498 = ORIENTED_EDGE('',*,*,#7499,.T.);
#7499 = EDGE_CURVE('',#7500,#7500,#7502,.T.);
#7500 = VERTEX_POINT('',#7501);
#7501 = CARTESIAN_POINT('',(1.5135E+03,45.,0.));
#7502 = SURFACE_CURVE('',#7503,(#7508,#7519),.PCURVE_S1.);
#7503 = CIRCLE('',#7504,6.5);
#7504 = AXIS2_PLACEMENT_3D('',#7505,#7506,#7507);
#7505 = CARTESIAN_POINT('',(1.52E+03,45.,0.));
#7506 = DIRECTION('',(0.,0.,-1.));
#7507 = DIRECTION('',(-1.,0.,0.));
#7508 = PCURVE('',#5220,#7509);
#7509 = DEFINITIONAL_REPRESENTATION('',(#7510),#7518);
#7510 = ( BOUNDED_CURVE() B_SPLINE_CURVE(2,(#7511,#7512,#7513,#7514,
#7515,#7516,#7517),.UNSPECIFIED.,.T.,.F.) B_SPLINE_CURVE_WITH_KNOTS((1,2
    ,2,2,2,1),(-2.094395102393,0.,2.094395102393,4.188790204786,
6.28318530718,8.377580409573),.UNSPECIFIED.) CURVE() 
GEOMETRIC_REPRESENTATION_ITEM() RATIONAL_B_SPLINE_CURVE((1.,0.5,1.,0.5,
1.,0.5,1.)) REPRESENTATION_ITEM('') );
#7511 = CARTESIAN_POINT('',(1.5135E+03,45.));
#7512 = CARTESIAN_POINT('',(1.5135E+03,56.258330249198));
#7513 = CARTESIAN_POINT('',(1.52325E+03,50.629165124599));
#7514 = CARTESIAN_POINT('',(1.533E+03,45.));
#7515 = CARTESIAN_POINT('',(1.52325E+03,39.370834875401));
#7516 = CARTESIAN_POINT('',(1.5135E+03,33.741669750802));
#7517 = CARTESIAN_POINT('',(1.5135E+03,45.));
#7518 = ( GEOMETRIC_REPRESENTATION_CONTEXT(2) 
PARAMETRIC_REPRESENTATION_CONTEXT() REPRESENTATION_CONTEXT('2D SPACE',''
  ) );
#7519 = PCURVE('',#5819,#7520);
#7520 = DEFINITIONAL_REPRESENTATION('',(#7521),#7525);
#7521 = LINE('',#7522,#7523);
#7522 = CARTESIAN_POINT('',(0.,10.));
#7523 = VECTOR('',#7524,1.);
#7524 = DIRECTION('',(1.,0.));
#7525 = ( GEOMETRIC_REPRESENTATION_CONTEXT(2) 
PARAMETRIC_REPRESENTATION_CONTEXT() REPRESENTATION_CONTEXT('2D SPACE',''
  ) );
#7526 = FACE_BOUND('',#7527,.F.);
#7527 = EDGE_LOOP('',(#7528));
#7528 = ORIENTED_EDGE('',*,*,#7529,.T.);
#7529 = EDGE_CURVE('',#7530,#7530,#7532,.T.);
#7530 = VERTEX_POINT('',#7531);
#7531 = CARTESIAN_POINT('',(1.8205E+03,45.,0.));
#7532 = SURFACE_CURVE('',#7533,(#7538,#7549),.PCURVE_S1.);
#7533 = CIRCLE('',#7534,6.5);
#7534 = AXIS2_PLACEMENT_3D('',#7535,#7536,#7537);
#7535 = CARTESIAN_POINT('',(1.827E+03,45.,0.));
#7536 = DIRECTION('',(0.,0.,-1.));
#7537 = DIRECTION('',(-1.,0.,0.));
#7538 = PCURVE('',#5220,#7539);
#7539 = DEFINITIONAL_REPRESENTATION('',(#7540),#7548);
#7540 = ( BOUNDED_CURVE() B_SPLINE_CURVE(2,(#7541,#7542,#7543,#7544,
#7545,#7546,#7547),.UNSPECIFIED.,.T.,.F.) B_SPLINE_CURVE_WITH_KNOTS((1,2
    ,2,2,2,1),(-2.094395102393,0.,2.094395102393,4.188790204786,
6.28318530718,8.377580409573),.UNSPECIFIED.) CURVE() 
GEOMETRIC_REPRESENTATION_ITEM() RATIONAL_B_SPLINE_CURVE((1.,0.5,1.,0.5,
1.,0.5,1.)) REPRESENTATION_ITEM('') );
#7541 = CARTESIAN_POINT('',(1.8205E+03,45.));
#7542 = CARTESIAN_POINT('',(1.8205E+03,56.258330249198));
#7543 = CARTESIAN_POINT('',(1.83025E+03,50.629165124599));
#7544 = CARTESIAN_POINT('',(1.84E+03,45.));
#7545 = CARTESIAN_POINT('',(1.83025E+03,39.370834875401));
#7546 = CARTESIAN_POINT('',(1.8205E+03,33.741669750802));
#7547 = CARTESIAN_POINT('',(1.8205E+03,45.));
#7548 = ( GEOMETRIC_REPRESENTATION_CONTEXT(2) 
PARAMETRIC_REPRESENTATION_CONTEXT() REPRESENTATION_CONTEXT('2D SPACE',''
  ) );
#7549 = PCURVE('',#5854,#7550);
#7550 = DEFINITIONAL_REPRESENTATION('',(#7551),#7555);
#7551 = LINE('',#7552,#7553);
#7552 = CARTESIAN_POINT('',(0.,10.));
#7553 = VECTOR('',#7554,1.);
#7554 = DIRECTION('',(1.,0.));
#7555 = ( GEOMETRIC_REPRESENTATION_CONTEXT(2) 
PARAMETRIC_REPRESENTATION_CONTEXT() REPRESENTATION_CONTEXT('2D SPACE',''
  ) );
#7556 = FACE_BOUND('',#7557,.F.);
#7557 = EDGE_LOOP('',(#7558));
#7558 = ORIENTED_EDGE('',*,*,#7559,.T.);
#7559 = EDGE_CURVE('',#7560,#7560,#7562,.T.);
#7560 = VERTEX_POINT('',#7561);
#7561 = CARTESIAN_POINT('',(2.1265E+03,45.,0.));
#7562 = SURFACE_CURVE('',#7563,(#7568,#7579),.PCURVE_S1.);
#7563 = CIRCLE('',#7564,6.5);
#7564 = AXIS2_PLACEMENT_3D('',#7565,#7566,#7567);
#7565 = CARTESIAN_POINT('',(2.133E+03,45.,0.));
#7566 = DIRECTION('',(0.,0.,-1.));
#7567 = DIRECTION('',(-1.,0.,0.));
#7568 = PCURVE('',#5220,#7569);
#7569 = DEFINITIONAL_REPRESENTATION('',(#7570),#7578);
#7570 = ( BOUNDED_CURVE() B_SPLINE_CURVE(2,(#7571,#7572,#7573,#7574,
#7575,#7576,#7577),.UNSPECIFIED.,.T.,.F.) B_SPLINE_CURVE_WITH_KNOTS((1,2
    ,2,2,2,1),(-2.094395102393,0.,2.094395102393,4.188790204786,
6.28318530718,8.377580409573),.UNSPECIFIED.) CURVE() 
GEOMETRIC_REPRESENTATION_ITEM() RATIONAL_B_SPLINE_CURVE((1.,0.5,1.,0.5,
1.,0.5,1.)) REPRESENTATION_ITEM('') );
#7571 = CARTESIAN_POINT('',(2.1265E+03,45.));
#7572 = CARTESIAN_POINT('',(2.1265E+03,56.258330249198));
#7573 = CARTESIAN_POINT('',(2.13625E+03,50.629165124599));
#7574 = CARTESIAN_POINT('',(2.146E+03,45.));
#7575 = CARTESIAN_POINT('',(2.13625E+03,39.370834875401));
#7576 = CARTESIAN_POINT('',(2.1265E+03,33.741669750802));
#7577 = CARTESIAN_POINT('',(2.1265E+03,45.));
#7578 = ( GEOMETRIC_REPRESENTATION_CONTEXT(2) 
PARAMETRIC_REPRESENTATION_CONTEXT() REPRESENTATION_CONTEXT('2D SPACE',''
  ) );
#7579 = PCURVE('',#5889,#7580);
#7580 = DEFINITIONAL_REPRESENTATION('',(#7581),#7585);
#7581 = LINE('',#7582,#7583);
#7582 = CARTESIAN_POINT('',(0.,10.));
#7583 = VECTOR('',#7584,1.);
#7584 = DIRECTION('',(1.,0.));
#7585 = ( GEOMETRIC_REPRESENTATION_CONTEXT(2) 
PARAMETRIC_REPRESENTATION_CONTEXT() REPRESENTATION_CONTEXT('2D SPACE',''
  ) );
#7586 = FACE_BOUND('',#7587,.F.);
#7587 = EDGE_LOOP('',(#7588));
#7588 = ORIENTED_EDGE('',*,*,#7589,.T.);
#7589 = EDGE_CURVE('',#7590,#7590,#7592,.T.);
#7590 = VERTEX_POINT('',#7591);
#7591 = CARTESIAN_POINT('',(2.5265E+03,45.,0.));
#7592 = SURFACE_CURVE('',#7593,(#7598,#7609),.PCURVE_S1.);
#7593 = CIRCLE('',#7594,6.5);
#7594 = AXIS2_PLACEMENT_3D('',#7595,#7596,#7597);
#7595 = CARTESIAN_POINT('',(2.533E+03,45.,0.));
#7596 = DIRECTION('',(0.,0.,-1.));
#7597 = DIRECTION('',(-1.,0.,0.));
#7598 = PCURVE('',#5220,#7599);
#7599 = DEFINITIONAL_REPRESENTATION('',(#7600),#7608);
#7600 = ( BOUNDED_CURVE() B_SPLINE_CURVE(2,(#7601,#7602,#7603,#7604,
#7605,#7606,#7607),.UNSPECIFIED.,.T.,.F.) B_SPLINE_CURVE_WITH_KNOTS((1,2
    ,2,2,2,1),(-2.094395102393,0.,2.094395102393,4.188790204786,
6.28318530718,8.377580409573),.UNSPECIFIED.) CURVE() 
GEOMETRIC_REPRESENTATION_ITEM() RATIONAL_B_SPLINE_CURVE((1.,0.5,1.,0.5,
1.,0.5,1.)) REPRESENTATION_ITEM('') );
#7601 = CARTESIAN_POINT('',(2.5265E+03,45.));
#7602 = CARTESIAN_POINT('',(2.5265E+03,56.258330249198));
#7603 = CARTESIAN_POINT('',(2.53625E+03,50.629165124599));
#7604 = CARTESIAN_POINT('',(2.546E+03,45.));
#7605 = CARTESIAN_POINT('',(2.53625E+03,39.370834875401));
#7606 = CARTESIAN_POINT('',(2.5265E+03,33.741669750802));
#7607 = CARTESIAN_POINT('',(2.5265E+03,45.));
#7608 = ( GEOMETRIC_REPRESENTATION_CONTEXT(2) 
PARAMETRIC_REPRESENTATION_CONTEXT() REPRESENTATION_CONTEXT('2D SPACE',''
  ) );
#7609 = PCURVE('',#5924,#7610);
#7610 = DEFINITIONAL_REPRESENTATION('',(#7611),#7615);
#7611 = LINE('',#7612,#7613);
#7612 = CARTESIAN_POINT('',(0.,10.));
#7613 = VECTOR('',#7614,1.);
#7614 = DIRECTION('',(1.,0.));
#7615 = ( GEOMETRIC_REPRESENTATION_CONTEXT(2) 
PARAMETRIC_REPRESENTATION_CONTEXT() REPRESENTATION_CONTEXT('2D SPACE',''
  ) );
#7616 = FACE_BOUND('',#7617,.F.);
#7617 = EDGE_LOOP('',(#7618));
#7618 = ORIENTED_EDGE('',*,*,#7619,.T.);
#7619 = EDGE_CURVE('',#7620,#7620,#7622,.T.);
#7620 = VERTEX_POINT('',#7621);
#7621 = CARTESIAN_POINT('',(2.7765E+03,45.,0.));
#7622 = SURFACE_CURVE('',#7623,(#7628,#7639),.PCURVE_S1.);
#7623 = CIRCLE('',#7624,6.5);
#7624 = AXIS2_PLACEMENT_3D('',#7625,#7626,#7627);
#7625 = CARTESIAN_POINT('',(2.783E+03,45.,0.));
#7626 = DIRECTION('',(0.,0.,-1.));
#7627 = DIRECTION('',(-1.,0.,0.));
#7628 = PCURVE('',#5220,#7629);
#7629 = DEFINITIONAL_REPRESENTATION('',(#7630),#7638);
#7630 = ( BOUNDED_CURVE() B_SPLINE_CURVE(2,(#7631,#7632,#7633,#7634,
#7635,#7636,#7637),.UNSPECIFIED.,.T.,.F.) B_SPLINE_CURVE_WITH_KNOTS((1,2
    ,2,2,2,1),(-2.094395102393,0.,2.094395102393,4.188790204786,
6.28318530718,8.377580409573),.UNSPECIFIED.) CURVE() 
GEOMETRIC_REPRESENTATION_ITEM() RATIONAL_B_SPLINE_CURVE((1.,0.5,1.,0.5,
1.,0.5,1.)) REPRESENTATION_ITEM('') );
#7631 = CARTESIAN_POINT('',(2.7765E+03,45.));
#7632 = CARTESIAN_POINT('',(2.7765E+03,56.258330249198));
#7633 = CARTESIAN_POINT('',(2.78625E+03,50.629165124599));
#7634 = CARTESIAN_POINT('',(2.796E+03,45.));
#7635 = CARTESIAN_POINT('',(2.78625E+03,39.370834875401));
#7636 = CARTESIAN_POINT('',(2.7765E+03,33.741669750802));
#7637 = CARTESIAN_POINT('',(2.7765E+03,45.));
#7638 = ( GEOMETRIC_REPRESENTATION_CONTEXT(2) 
PARAMETRIC_REPRESENTATION_CONTEXT() REPRESENTATION_CONTEXT('2D SPACE',''
  ) );
#7639 = PCURVE('',#5959,#7640);
#7640 = DEFINITIONAL_REPRESENTATION('',(#7641),#7645);
#7641 = LINE('',#7642,#7643);
#7642 = CARTESIAN_POINT('',(0.,10.));
#7643 = VECTOR('',#7644,1.);
#7644 = DIRECTION('',(1.,0.));
#7645 = ( GEOMETRIC_REPRESENTATION_CONTEXT(2) 
PARAMETRIC_REPRESENTATION_CONTEXT() REPRESENTATION_CONTEXT('2D SPACE',''
  ) );
#7646 = FACE_BOUND('',#7647,.F.);
#7647 = EDGE_LOOP('',(#7648));
#7648 = ORIENTED_EDGE('',*,*,#7649,.T.);
#7649 = EDGE_CURVE('',#7650,#7650,#7652,.T.);
#7650 = VERTEX_POINT('',#7651);
#7651 = CARTESIAN_POINT('',(2.8765E+03,45.,0.));
#7652 = SURFACE_CURVE('',#7653,(#7658,#7669),.PCURVE_S1.);
#7653 = CIRCLE('',#7654,6.5);
#7654 = AXIS2_PLACEMENT_3D('',#7655,#7656,#7657);
#7655 = CARTESIAN_POINT('',(2.883E+03,45.,0.));
#7656 = DIRECTION('',(0.,0.,-1.));
#7657 = DIRECTION('',(-1.,0.,0.));
#7658 = PCURVE('',#5220,#7659);
#7659 = DEFINITIONAL_REPRESENTATION('',(#7660),#7668);
#7660 = ( BOUNDED_CURVE() B_SPLINE_CURVE(2,(#7661,#7662,#7663,#7664,
#7665,#7666,#7667),.UNSPECIFIED.,.T.,.F.) B_SPLINE_CURVE_WITH_KNOTS((1,2
    ,2,2,2,1),(-2.094395102393,0.,2.094395102393,4.188790204786,
6.28318530718,8.377580409573),.UNSPECIFIED.) CURVE() 
GEOMETRIC_REPRESENTATION_ITEM() RATIONAL_B_SPLINE_CURVE((1.,0.5,1.,0.5,
1.,0.5,1.)) REPRESENTATION_ITEM('') );
#7661 = CARTESIAN_POINT('',(2.8765E+03,45.));
#7662 = CARTESIAN_POINT('',(2.8765E+03,56.258330249198));
#7663 = CARTESIAN_POINT('',(2.88625E+03,50.629165124599));
#7664 = CARTESIAN_POINT('',(2.896E+03,45.));
#7665 = CARTESIAN_POINT('',(2.88625E+03,39.370834875401));
#7666 = CARTESIAN_POINT('',(2.8765E+03,33.741669750802));
#7667 = CARTESIAN_POINT('',(2.8765E+03,45.));
#7668 = ( GEOMETRIC_REPRESENTATION_CONTEXT(2) 
PARAMETRIC_REPRESENTATION_CONTEXT() REPRESENTATION_CONTEXT('2D SPACE',''
  ) );
#7669 = PCURVE('',#5994,#7670);
#7670 = DEFINITIONAL_REPRESENTATION('',(#7671),#7675);
#7671 = LINE('',#7672,#7673);
#7672 = CARTESIAN_POINT('',(0.,10.));
#7673 = VECTOR('',#7674,1.);
#7674 = DIRECTION('',(1.,0.));
#7675 = ( GEOMETRIC_REPRESENTATION_CONTEXT(2) 
PARAMETRIC_REPRESENTATION_CONTEXT() REPRESENTATION_CONTEXT('2D SPACE',''
  ) );
#7676 = FACE_BOUND('',#7677,.F.);
#7677 = EDGE_LOOP('',(#7678));
#7678 = ORIENTED_EDGE('',*,*,#7679,.T.);
#7679 = EDGE_CURVE('',#7680,#7680,#7682,.T.);
#7680 = VERTEX_POINT('',#7681);
#7681 = CARTESIAN_POINT('',(2.9765E+03,45.,0.));
#7682 = SURFACE_CURVE('',#7683,(#7688,#7699),.PCURVE_S1.);
#7683 = CIRCLE('',#7684,6.5);
#7684 = AXIS2_PLACEMENT_3D('',#7685,#7686,#7687);
#7685 = CARTESIAN_POINT('',(2.983E+03,45.,0.));
#7686 = DIRECTION('',(0.,0.,-1.));
#7687 = DIRECTION('',(-1.,0.,0.));
#7688 = PCURVE('',#5220,#7689);
#7689 = DEFINITIONAL_REPRESENTATION('',(#7690),#7698);
#7690 = ( BOUNDED_CURVE() B_SPLINE_CURVE(2,(#7691,#7692,#7693,#7694,
#7695,#7696,#7697),.UNSPECIFIED.,.T.,.F.) B_SPLINE_CURVE_WITH_KNOTS((1,2
    ,2,2,2,1),(-2.094395102393,0.,2.094395102393,4.188790204786,
6.28318530718,8.377580409573),.UNSPECIFIED.) CURVE() 
GEOMETRIC_REPRESENTATION_ITEM() RATIONAL_B_SPLINE_CURVE((1.,0.5,1.,0.5,
1.,0.5,1.)) REPRESENTATION_ITEM('') );
#7691 = CARTESIAN_POINT('',(2.9765E+03,45.));
#7692 = CARTESIAN_POINT('',(2.9765E+03,56.258330249198));
#7693 = CARTESIAN_POINT('',(2.98625E+03,50.629165124599));
#7694 = CARTESIAN_POINT('',(2.996E+03,45.));
#7695 = CARTESIAN_POINT('',(2.98625E+03,39.370834875401));
#7696 = CARTESIAN_POINT('',(2.9765E+03,33.741669750802));
#7697 = CARTESIAN_POINT('',(2.9765E+03,45.));
#7698 = ( GEOMETRIC_REPRESENTATION_CONTEXT(2) 
PARAMETRIC_REPRESENTATION_CONTEXT() REPRESENTATION_CONTEXT('2D SPACE',''
  ) );
#7699 = PCURVE('',#6029,#7700);
#7700 = DEFINITIONAL_REPRESENTATION('',(#7701),#7705);
#7701 = LINE('',#7702,#7703);
#7702 = CARTESIAN_POINT('',(0.,10.));
#7703 = VECTOR('',#7704,1.);
#7704 = DIRECTION('',(1.,0.));
#7705 = ( GEOMETRIC_REPRESENTATION_CONTEXT(2) 
PARAMETRIC_REPRESENTATION_CONTEXT() REPRESENTATION_CONTEXT('2D SPACE',''
  ) );
#7706 = FACE_BOUND('',#7707,.F.);
#7707 = EDGE_LOOP('',(#7708));
#7708 = ORIENTED_EDGE('',*,*,#7709,.T.);
#7709 = EDGE_CURVE('',#7710,#7710,#7712,.T.);
#7710 = VERTEX_POINT('',#7711);
#7711 = CARTESIAN_POINT('',(3.0765E+03,45.,0.));
#7712 = SURFACE_CURVE('',#7713,(#7718,#7729),.PCURVE_S1.);
#7713 = CIRCLE('',#7714,6.5);
#7714 = AXIS2_PLACEMENT_3D('',#7715,#7716,#7717);
#7715 = CARTESIAN_POINT('',(3.083E+03,45.,0.));
#7716 = DIRECTION('',(0.,0.,-1.));
#7717 = DIRECTION('',(-1.,0.,0.));
#7718 = PCURVE('',#5220,#7719);
#7719 = DEFINITIONAL_REPRESENTATION('',(#7720),#7728);
#7720 = ( BOUNDED_CURVE() B_SPLINE_CURVE(2,(#7721,#7722,#7723,#7724,
#7725,#7726,#7727),.UNSPECIFIED.,.T.,.F.) B_SPLINE_CURVE_WITH_KNOTS((1,2
    ,2,2,2,1),(-2.094395102393,0.,2.094395102393,4.188790204786,
6.28318530718,8.377580409573),.UNSPECIFIED.) CURVE() 
GEOMETRIC_REPRESENTATION_ITEM() RATIONAL_B_SPLINE_CURVE((1.,0.5,1.,0.5,
1.,0.5,1.)) REPRESENTATION_ITEM('') );
#7721 = CARTESIAN_POINT('',(3.0765E+03,45.));
#7722 = CARTESIAN_POINT('',(3.0765E+03,56.258330249198));
#7723 = CARTESIAN_POINT('',(3.08625E+03,50.629165124599));
#7724 = CARTESIAN_POINT('',(3.096E+03,45.));
#7725 = CARTESIAN_POINT('',(3.08625E+03,39.370834875401));
#7726 = CARTESIAN_POINT('',(3.0765E+03,33.741669750802));
#7727 = CARTESIAN_POINT('',(3.0765E+03,45.));
#7728 = ( GEOMETRIC_REPRESENTATION_CONTEXT(2) 
PARAMETRIC_REPRESENTATION_CONTEXT() REPRESENTATION_CONTEXT('2D SPACE',''
  ) );
#7729 = PCURVE('',#6064,#7730);
#7730 = DEFINITIONAL_REPRESENTATION('',(#7731),#7735);
#7731 = LINE('',#7732,#7733);
#7732 = CARTESIAN_POINT('',(0.,10.));
#7733 = VECTOR('',#7734,1.);
#7734 = DIRECTION('',(1.,0.));
#7735 = ( GEOMETRIC_REPRESENTATION_CONTEXT(2) 
PARAMETRIC_REPRESENTATION_CONTEXT() REPRESENTATION_CONTEXT('2D SPACE',''
  ) );
#7736 = FACE_BOUND('',#7737,.F.);
#7737 = EDGE_LOOP('',(#7738));
#7738 = ORIENTED_EDGE('',*,*,#7739,.T.);
#7739 = EDGE_CURVE('',#7740,#7740,#7742,.T.);
#7740 = VERTEX_POINT('',#7741);
#7741 = CARTESIAN_POINT('',(3.1765E+03,45.,0.));
#7742 = SURFACE_CURVE('',#7743,(#7748,#7759),.PCURVE_S1.);
#7743 = CIRCLE('',#7744,6.5);
#7744 = AXIS2_PLACEMENT_3D('',#7745,#7746,#7747);
#7745 = CARTESIAN_POINT('',(3.183E+03,45.,0.));
#7746 = DIRECTION('',(0.,0.,-1.));
#7747 = DIRECTION('',(-1.,0.,0.));
#7748 = PCURVE('',#5220,#7749);
#7749 = DEFINITIONAL_REPRESENTATION('',(#7750),#7758);
#7750 = ( BOUNDED_CURVE() B_SPLINE_CURVE(2,(#7751,#7752,#7753,#7754,
#7755,#7756,#7757),.UNSPECIFIED.,.T.,.F.) B_SPLINE_CURVE_WITH_KNOTS((1,2
    ,2,2,2,1),(-2.094395102393,0.,2.094395102393,4.188790204786,
6.28318530718,8.377580409573),.UNSPECIFIED.) CURVE() 
GEOMETRIC_REPRESENTATION_ITEM() RATIONAL_B_SPLINE_CURVE((1.,0.5,1.,0.5,
1.,0.5,1.)) REPRESENTATION_ITEM('') );
#7751 = CARTESIAN_POINT('',(3.1765E+03,45.));
#7752 = CARTESIAN_POINT('',(3.1765E+03,56.258330249198));
#7753 = CARTESIAN_POINT('',(3.18625E+03,50.629165124599));
#7754 = CARTESIAN_POINT('',(3.196E+03,45.));
#7755 = CARTESIAN_POINT('',(3.18625E+03,39.370834875401));
#7756 = CARTESIAN_POINT('',(3.1765E+03,33.741669750802));
#7757 = CARTESIAN_POINT('',(3.1765E+03,45.));
#7758 = ( GEOMETRIC_REPRESENTATION_CONTEXT(2) 
PARAMETRIC_REPRESENTATION_CONTEXT() REPRESENTATION_CONTEXT('2D SPACE',''
  ) );
#7759 = PCURVE('',#6099,#7760);
#7760 = DEFINITIONAL_REPRESENTATION('',(#7761),#7765);
#7761 = LINE('',#7762,#7763);
#7762 = CARTESIAN_POINT('',(0.,10.));
#7763 = VECTOR('',#7764,1.);
#7764 = DIRECTION('',(1.,0.));
#7765 = ( GEOMETRIC_REPRESENTATION_CONTEXT(2) 
PARAMETRIC_REPRESENTATION_CONTEXT() REPRESENTATION_CONTEXT('2D SPACE',''
  ) );
#7766 = FACE_BOUND('',#7767,.F.);
#7767 = EDGE_LOOP('',(#7768));
#7768 = ORIENTED_EDGE('',*,*,#7769,.T.);
#7769 = EDGE_CURVE('',#7770,#7770,#7772,.T.);
#7770 = VERTEX_POINT('',#7771);
#7771 = CARTESIAN_POINT('',(3.2765E+03,45.,0.));
#7772 = SURFACE_CURVE('',#7773,(#7778,#7789),.PCURVE_S1.);
#7773 = CIRCLE('',#7774,6.5);
#7774 = AXIS2_PLACEMENT_3D('',#7775,#7776,#7777);
#7775 = CARTESIAN_POINT('',(3.283E+03,45.,0.));
#7776 = DIRECTION('',(0.,0.,-1.));
#7777 = DIRECTION('',(-1.,0.,0.));
#7778 = PCURVE('',#5220,#7779);
#7779 = DEFINITIONAL_REPRESENTATION('',(#7780),#7788);
#7780 = ( BOUNDED_CURVE() B_SPLINE_CURVE(2,(#7781,#7782,#7783,#7784,
#7785,#7786,#7787),.UNSPECIFIED.,.T.,.F.) B_SPLINE_CURVE_WITH_KNOTS((1,2
    ,2,2,2,1),(-2.094395102393,0.,2.094395102393,4.188790204786,
6.28318530718,8.377580409573),.UNSPECIFIED.) CURVE() 
GEOMETRIC_REPRESENTATION_ITEM() RATIONAL_B_SPLINE_CURVE((1.,0.5,1.,0.5,
1.,0.5,1.)) REPRESENTATION_ITEM('') );
#7781 = CARTESIAN_POINT('',(3.2765E+03,45.));
#7782 = CARTESIAN_POINT('',(3.2765E+03,56.258330249198));
#7783 = CARTESIAN_POINT('',(3.28625E+03,50.629165124599));
#7784 = CARTESIAN_POINT('',(3.296E+03,45.));
#7785 = CARTESIAN_POINT('',(3.28625E+03,39.370834875401));
#7786 = CARTESIAN_POINT('',(3.2765E+03,33.741669750802));
#7787 = CARTESIAN_POINT('',(3.2765E+03,45.));
#7788 = ( GEOMETRIC_REPRESENTATION_CONTEXT(2) 
PARAMETRIC_REPRESENTATION_CONTEXT() REPRESENTATION_CONTEXT('2D SPACE',''
  ) );
#7789 = PCURVE('',#6134,#7790);
#7790 = DEFINITIONAL_REPRESENTATION('',(#7791),#7795);
#7791 = LINE('',#7792,#7793);
#7792 = CARTESIAN_POINT('',(0.,10.));
#7793 = VECTOR('',#7794,1.);
#7794 = DIRECTION('',(1.,0.));
#7795 = ( GEOMETRIC_REPRESENTATION_CONTEXT(2) 
PARAMETRIC_REPRESENTATION_CONTEXT() REPRESENTATION_CONTEXT('2D SPACE',''
  ) );
#7796 = FACE_BOUND('',#7797,.F.);
#7797 = EDGE_LOOP('',(#7798));
#7798 = ORIENTED_EDGE('',*,*,#7799,.T.);
#7799 = EDGE_CURVE('',#7800,#7800,#7802,.T.);
#7800 = VERTEX_POINT('',#7801);
#7801 = CARTESIAN_POINT('',(3.3765E+03,45.,0.));
#7802 = SURFACE_CURVE('',#7803,(#7808,#7819),.PCURVE_S1.);
#7803 = CIRCLE('',#7804,6.5);
#7804 = AXIS2_PLACEMENT_3D('',#7805,#7806,#7807);
#7805 = CARTESIAN_POINT('',(3.383E+03,45.,0.));
#7806 = DIRECTION('',(0.,0.,-1.));
#7807 = DIRECTION('',(-1.,0.,0.));
#7808 = PCURVE('',#5220,#7809);
#7809 = DEFINITIONAL_REPRESENTATION('',(#7810),#7818);
#7810 = ( BOUNDED_CURVE() B_SPLINE_CURVE(2,(#7811,#7812,#7813,#7814,
#7815,#7816,#7817),.UNSPECIFIED.,.T.,.F.) B_SPLINE_CURVE_WITH_KNOTS((1,2
    ,2,2,2,1),(-2.094395102393,0.,2.094395102393,4.188790204786,
6.28318530718,8.377580409573),.UNSPECIFIED.) CURVE() 
GEOMETRIC_REPRESENTATION_ITEM() RATIONAL_B_SPLINE_CURVE((1.,0.5,1.,0.5,
1.,0.5,1.)) REPRESENTATION_ITEM('') );
#7811 = CARTESIAN_POINT('',(3.3765E+03,45.));
#7812 = CARTESIAN_POINT('',(3.3765E+03,56.258330249198));
#7813 = CARTESIAN_POINT('',(3.38625E+03,50.629165124599));
#7814 = CARTESIAN_POINT('',(3.396E+03,45.));
#7815 = CARTESIAN_POINT('',(3.38625E+03,39.370834875401));
#7816 = CARTESIAN_POINT('',(3.3765E+03,33.741669750802));
#7817 = CARTESIAN_POINT('',(3.3765E+03,45.));
#7818 = ( GEOMETRIC_REPRESENTATION_CONTEXT(2) 
PARAMETRIC_REPRESENTATION_CONTEXT() REPRESENTATION_CONTEXT('2D SPACE',''
  ) );
#7819 = PCURVE('',#6169,#7820);
#7820 = DEFINITIONAL_REPRESENTATION('',(#7821),#7825);
#7821 = LINE('',#7822,#7823);
#7822 = CARTESIAN_POINT('',(0.,10.));
#7823 = VECTOR('',#7824,1.);
#7824 = DIRECTION('',(1.,0.));
#7825 = ( GEOMETRIC_REPRESENTATION_CONTEXT(2) 
PARAMETRIC_REPRESENTATION_CONTEXT() REPRESENTATION_CONTEXT('2D SPACE',''
  ) );
#7826 = FACE_BOUND('',#7827,.F.);
#7827 = EDGE_LOOP('',(#7828));
#7828 = ORIENTED_EDGE('',*,*,#7829,.T.);
#7829 = EDGE_CURVE('',#7830,#7830,#7832,.T.);
#7830 = VERTEX_POINT('',#7831);
#7831 = CARTESIAN_POINT('',(3.4765E+03,45.,0.));
#7832 = SURFACE_CURVE('',#7833,(#7838,#7849),.PCURVE_S1.);
#7833 = CIRCLE('',#7834,6.5);
#7834 = AXIS2_PLACEMENT_3D('',#7835,#7836,#7837);
#7835 = CARTESIAN_POINT('',(3.483E+03,45.,0.));
#7836 = DIRECTION('',(0.,0.,-1.));
#7837 = DIRECTION('',(-1.,0.,0.));
#7838 = PCURVE('',#5220,#7839);
#7839 = DEFINITIONAL_REPRESENTATION('',(#7840),#7848);
#7840 = ( BOUNDED_CURVE() B_SPLINE_CURVE(2,(#7841,#7842,#7843,#7844,
#7845,#7846,#7847),.UNSPECIFIED.,.T.,.F.) B_SPLINE_CURVE_WITH_KNOTS((1,2
    ,2,2,2,1),(-2.094395102393,0.,2.094395102393,4.188790204786,
6.28318530718,8.377580409573),.UNSPECIFIED.) CURVE() 
GEOMETRIC_REPRESENTATION_ITEM() RATIONAL_B_SPLINE_CURVE((1.,0.5,1.,0.5,
1.,0.5,1.)) REPRESENTATION_ITEM('') );
#7841 = CARTESIAN_POINT('',(3.4765E+03,45.));
#7842 = CARTESIAN_POINT('',(3.4765E+03,56.258330249198));
#7843 = CARTESIAN_POINT('',(3.48625E+03,50.629165124599));
#7844 = CARTESIAN_POINT('',(3.496E+03,45.));
#7845 = CARTESIAN_POINT('',(3.48625E+03,39.370834875401));
#7846 = CARTESIAN_POINT('',(3.4765E+03,33.741669750802));
#7847 = CARTESIAN_POINT('',(3.4765E+03,45.));
#7848 = ( GEOMETRIC_REPRESENTATION_CONTEXT(2) 
PARAMETRIC_REPRESENTATION_CONTEXT() REPRESENTATION_CONTEXT('2D SPACE',''
  ) );
#7849 = PCURVE('',#6204,#7850);
#7850 = DEFINITIONAL_REPRESENTATION('',(#7851),#7855);
#7851 = LINE('',#7852,#7853);
#7852 = CARTESIAN_POINT('',(0.,10.));
#7853 = VECTOR('',#7854,1.);
#7854 = DIRECTION('',(1.,0.));
#7855 = ( GEOMETRIC_REPRESENTATION_CONTEXT(2) 
PARAMETRIC_REPRESENTATION_CONTEXT() REPRESENTATION_CONTEXT('2D SPACE',''
  ) );
#7856 = FACE_BOUND('',#7857,.F.);
#7857 = EDGE_LOOP('',(#7858));
#7858 = ORIENTED_EDGE('',*,*,#7859,.T.);
#7859 = EDGE_CURVE('',#7860,#7860,#7862,.T.);
#7860 = VERTEX_POINT('',#7861);
#7861 = CARTESIAN_POINT('',(3.5765E+03,45.,0.));
#7862 = SURFACE_CURVE('',#7863,(#7868,#7879),.PCURVE_S1.);
#7863 = CIRCLE('',#7864,6.5);
#7864 = AXIS2_PLACEMENT_3D('',#7865,#7866,#7867);
#7865 = CARTESIAN_POINT('',(3.583E+03,45.,0.));
#7866 = DIRECTION('',(0.,0.,-1.));
#7867 = DIRECTION('',(-1.,0.,0.));
#7868 = PCURVE('',#5220,#7869);
#7869 = DEFINITIONAL_REPRESENTATION('',(#7870),#7878);
#7870 = ( BOUNDED_CURVE() B_SPLINE_CURVE(2,(#7871,#7872,#7873,#7874,
#7875,#7876,#7877),.UNSPECIFIED.,.T.,.F.) B_SPLINE_CURVE_WITH_KNOTS((1,2
    ,2,2,2,1),(-2.094395102393,0.,2.094395102393,4.188790204786,
6.28318530718,8.377580409573),.UNSPECIFIED.) CURVE() 
GEOMETRIC_REPRESENTATION_ITEM() RATIONAL_B_SPLINE_CURVE((1.,0.5,1.,0.5,
1.,0.5,1.)) REPRESENTATION_ITEM('') );
#7871 = CARTESIAN_POINT('',(3.5765E+03,45.));
#7872 = CARTESIAN_POINT('',(3.5765E+03,56.258330249198));
#7873 = CARTESIAN_POINT('',(3.58625E+03,50.629165124599));
#7874 = CARTESIAN_POINT('',(3.596E+03,45.));
#7875 = CARTESIAN_POINT('',(3.58625E+03,39.370834875401));
#7876 = CARTESIAN_POINT('',(3.5765E+03,33.741669750802));
#7877 = CARTESIAN_POINT('',(3.5765E+03,45.));
#7878 = ( GEOMETRIC_REPRESENTATION_CONTEXT(2) 
PARAMETRIC_REPRESENTATION_CONTEXT() REPRESENTATION_CONTEXT('2D SPACE',''
  ) );
#7879 = PCURVE('',#6239,#7880);
#7880 = DEFINITIONAL_REPRESENTATION('',(#7881),#7885);
#7881 = LINE('',#7882,#7883);
#7882 = CARTESIAN_POINT('',(0.,10.));
#7883 = VECTOR('',#7884,1.);
#7884 = DIRECTION('',(1.,0.));
#7885 = ( GEOMETRIC_REPRESENTATION_CONTEXT(2) 
PARAMETRIC_REPRESENTATION_CONTEXT() REPRESENTATION_CONTEXT('2D SPACE',''
  ) );
#7886 = FACE_BOUND('',#7887,.F.);
#7887 = EDGE_LOOP('',(#7888));
#7888 = ORIENTED_EDGE('',*,*,#7889,.T.);
#7889 = EDGE_CURVE('',#7890,#7890,#7892,.T.);
#7890 = VERTEX_POINT('',#7891);
#7891 = CARTESIAN_POINT('',(73.5,155.,0.));
#7892 = SURFACE_CURVE('',#7893,(#7898,#7909),.PCURVE_S1.);
#7893 = CIRCLE('',#7894,6.5);
#7894 = AXIS2_PLACEMENT_3D('',#7895,#7896,#7897);
#7895 = CARTESIAN_POINT('',(80.,155.,0.));
#7896 = DIRECTION('',(0.,0.,-1.));
#7897 = DIRECTION('',(-1.,0.,0.));
#7898 = PCURVE('',#5220,#7899);
#7899 = DEFINITIONAL_REPRESENTATION('',(#7900),#7908);
#7900 = ( BOUNDED_CURVE() B_SPLINE_CURVE(2,(#7901,#7902,#7903,#7904,
#7905,#7906,#7907),.UNSPECIFIED.,.T.,.F.) B_SPLINE_CURVE_WITH_KNOTS((1,2
    ,2,2,2,1),(-2.094395102393,0.,2.094395102393,4.188790204786,
6.28318530718,8.377580409573),.UNSPECIFIED.) CURVE() 
GEOMETRIC_REPRESENTATION_ITEM() RATIONAL_B_SPLINE_CURVE((1.,0.5,1.,0.5,
1.,0.5,1.)) REPRESENTATION_ITEM('') );
#7901 = CARTESIAN_POINT('',(73.5,155.));
#7902 = CARTESIAN_POINT('',(73.5,166.25833024919));
#7903 = CARTESIAN_POINT('',(83.25,160.62916512459));
#7904 = CARTESIAN_POINT('',(93.,155.));
#7905 = CARTESIAN_POINT('',(83.25,149.3708348754));
#7906 = CARTESIAN_POINT('',(73.5,143.7416697508));
#7907 = CARTESIAN_POINT('',(73.5,155.));
#7908 = ( GEOMETRIC_REPRESENTATION_CONTEXT(2) 
PARAMETRIC_REPRESENTATION_CONTEXT() REPRESENTATION_CONTEXT('2D SPACE',''
  ) );
#7909 = PCURVE('',#6274,#7910);
#7910 = DEFINITIONAL_REPRESENTATION('',(#7911),#7915);
#7911 = LINE('',#7912,#7913);
#7912 = CARTESIAN_POINT('',(0.,10.));
#7913 = VECTOR('',#7914,1.);
#7914 = DIRECTION('',(1.,0.));
#7915 = ( GEOMETRIC_REPRESENTATION_CONTEXT(2) 
PARAMETRIC_REPRESENTATION_CONTEXT() REPRESENTATION_CONTEXT('2D SPACE',''
  ) );
#7916 = FACE_BOUND('',#7917,.F.);
#7917 = EDGE_LOOP('',(#7918));
#7918 = ORIENTED_EDGE('',*,*,#7919,.T.);
#7919 = EDGE_CURVE('',#7920,#7920,#7922,.T.);
#7920 = VERTEX_POINT('',#7921);
#7921 = CARTESIAN_POINT('',(153.5,155.,0.));
#7922 = SURFACE_CURVE('',#7923,(#7928,#7939),.PCURVE_S1.);
#7923 = CIRCLE('',#7924,6.5);
#7924 = AXIS2_PLACEMENT_3D('',#7925,#7926,#7927);
#7925 = CARTESIAN_POINT('',(160.,155.,0.));
#7926 = DIRECTION('',(0.,0.,-1.));
#7927 = DIRECTION('',(-1.,0.,0.));
#7928 = PCURVE('',#5220,#7929);
#7929 = DEFINITIONAL_REPRESENTATION('',(#7930),#7938);
#7930 = ( BOUNDED_CURVE() B_SPLINE_CURVE(2,(#7931,#7932,#7933,#7934,
#7935,#7936,#7937),.UNSPECIFIED.,.T.,.F.) B_SPLINE_CURVE_WITH_KNOTS((1,2
    ,2,2,2,1),(-2.094395102393,0.,2.094395102393,4.188790204786,
6.28318530718,8.377580409573),.UNSPECIFIED.) CURVE() 
GEOMETRIC_REPRESENTATION_ITEM() RATIONAL_B_SPLINE_CURVE((1.,0.5,1.,0.5,
1.,0.5,1.)) REPRESENTATION_ITEM('') );
#7931 = CARTESIAN_POINT('',(153.5,155.));
#7932 = CARTESIAN_POINT('',(153.5,166.25833024919));
#7933 = CARTESIAN_POINT('',(163.25,160.62916512459));
#7934 = CARTESIAN_POINT('',(173.,155.));
#7935 = CARTESIAN_POINT('',(163.25,149.3708348754));
#7936 = CARTESIAN_POINT('',(153.5,143.7416697508));
#7937 = CARTESIAN_POINT('',(153.5,155.));
#7938 = ( GEOMETRIC_REPRESENTATION_CONTEXT(2) 
PARAMETRIC_REPRESENTATION_CONTEXT() REPRESENTATION_CONTEXT('2D SPACE',''
  ) );
#7939 = PCURVE('',#6309,#7940);
#7940 = DEFINITIONAL_REPRESENTATION('',(#7941),#7945);
#7941 = LINE('',#7942,#7943);
#7942 = CARTESIAN_POINT('',(0.,10.));
#7943 = VECTOR('',#7944,1.);
#7944 = DIRECTION('',(1.,0.));
#7945 = ( GEOMETRIC_REPRESENTATION_CONTEXT(2) 
PARAMETRIC_REPRESENTATION_CONTEXT() REPRESENTATION_CONTEXT('2D SPACE',''
  ) );
#7946 = FACE_BOUND('',#7947,.F.);
#7947 = EDGE_LOOP('',(#7948));
#7948 = ORIENTED_EDGE('',*,*,#7949,.T.);
#7949 = EDGE_CURVE('',#7950,#7950,#7952,.T.);
#7950 = VERTEX_POINT('',#7951);
#7951 = CARTESIAN_POINT('',(233.5,155.,0.));
#7952 = SURFACE_CURVE('',#7953,(#7958,#7969),.PCURVE_S1.);
#7953 = CIRCLE('',#7954,6.5);
#7954 = AXIS2_PLACEMENT_3D('',#7955,#7956,#7957);
#7955 = CARTESIAN_POINT('',(240.,155.,0.));
#7956 = DIRECTION('',(0.,0.,-1.));
#7957 = DIRECTION('',(-1.,0.,0.));
#7958 = PCURVE('',#5220,#7959);
#7959 = DEFINITIONAL_REPRESENTATION('',(#7960),#7968);
#7960 = ( BOUNDED_CURVE() B_SPLINE_CURVE(2,(#7961,#7962,#7963,#7964,
#7965,#7966,#7967),.UNSPECIFIED.,.T.,.F.) B_SPLINE_CURVE_WITH_KNOTS((1,2
    ,2,2,2,1),(-2.094395102393,0.,2.094395102393,4.188790204786,
6.28318530718,8.377580409573),.UNSPECIFIED.) CURVE() 
GEOMETRIC_REPRESENTATION_ITEM() RATIONAL_B_SPLINE_CURVE((1.,0.5,1.,0.5,
1.,0.5,1.)) REPRESENTATION_ITEM('') );
#7961 = CARTESIAN_POINT('',(233.5,155.));
#7962 = CARTESIAN_POINT('',(233.5,166.25833024919));
#7963 = CARTESIAN_POINT('',(243.25,160.62916512459));
#7964 = CARTESIAN_POINT('',(253.,155.));
#7965 = CARTESIAN_POINT('',(243.25,149.3708348754));
#7966 = CARTESIAN_POINT('',(233.5,143.7416697508));
#7967 = CARTESIAN_POINT('',(233.5,155.));
#7968 = ( GEOMETRIC_REPRESENTATION_CONTEXT(2) 
PARAMETRIC_REPRESENTATION_CONTEXT() REPRESENTATION_CONTEXT('2D SPACE',''
  ) );
#7969 = PCURVE('',#6344,#7970);
#7970 = DEFINITIONAL_REPRESENTATION('',(#7971),#7975);
#7971 = LINE('',#7972,#7973);
#7972 = CARTESIAN_POINT('',(0.,10.));
#7973 = VECTOR('',#7974,1.);
#7974 = DIRECTION('',(1.,0.));
#7975 = ( GEOMETRIC_REPRESENTATION_CONTEXT(2) 
PARAMETRIC_REPRESENTATION_CONTEXT() REPRESENTATION_CONTEXT('2D SPACE',''
  ) );
#7976 = FACE_BOUND('',#7977,.F.);
#7977 = EDGE_LOOP('',(#7978));
#7978 = ORIENTED_EDGE('',*,*,#7979,.T.);
#7979 = EDGE_CURVE('',#7980,#7980,#7982,.T.);
#7980 = VERTEX_POINT('',#7981);
#7981 = CARTESIAN_POINT('',(313.5,155.,0.));
#7982 = SURFACE_CURVE('',#7983,(#7988,#7999),.PCURVE_S1.);
#7983 = CIRCLE('',#7984,6.5);
#7984 = AXIS2_PLACEMENT_3D('',#7985,#7986,#7987);
#7985 = CARTESIAN_POINT('',(320.,155.,0.));
#7986 = DIRECTION('',(0.,0.,-1.));
#7987 = DIRECTION('',(-1.,0.,0.));
#7988 = PCURVE('',#5220,#7989);
#7989 = DEFINITIONAL_REPRESENTATION('',(#7990),#7998);
#7990 = ( BOUNDED_CURVE() B_SPLINE_CURVE(2,(#7991,#7992,#7993,#7994,
#7995,#7996,#7997),.UNSPECIFIED.,.T.,.F.) B_SPLINE_CURVE_WITH_KNOTS((1,2
    ,2,2,2,1),(-2.094395102393,0.,2.094395102393,4.188790204786,
6.28318530718,8.377580409573),.UNSPECIFIED.) CURVE() 
GEOMETRIC_REPRESENTATION_ITEM() RATIONAL_B_SPLINE_CURVE((1.,0.5,1.,0.5,
1.,0.5,1.)) REPRESENTATION_ITEM('') );
#7991 = CARTESIAN_POINT('',(313.5,155.));
#7992 = CARTESIAN_POINT('',(313.5,166.25833024919));
#7993 = CARTESIAN_POINT('',(323.25,160.62916512459));
#7994 = CARTESIAN_POINT('',(333.,155.));
#7995 = CARTESIAN_POINT('',(323.25,149.3708348754));
#7996 = CARTESIAN_POINT('',(313.5,143.7416697508));
#7997 = CARTESIAN_POINT('',(313.5,155.));
#7998 = ( GEOMETRIC_REPRESENTATION_CONTEXT(2) 
PARAMETRIC_REPRESENTATION_CONTEXT() REPRESENTATION_CONTEXT('2D SPACE',''
  ) );
#7999 = PCURVE('',#6379,#8000);
#8000 = DEFINITIONAL_REPRESENTATION('',(#8001),#8005);
#8001 = LINE('',#8002,#8003);
#8002 = CARTESIAN_POINT('',(0.,10.));
#8003 = VECTOR('',#8004,1.);
#8004 = DIRECTION('',(1.,0.));
#8005 = ( GEOMETRIC_REPRESENTATION_CONTEXT(2) 
PARAMETRIC_REPRESENTATION_CONTEXT() REPRESENTATION_CONTEXT('2D SPACE',''
  ) );
#8006 = FACE_BOUND('',#8007,.F.);
#8007 = EDGE_LOOP('',(#8008));
#8008 = ORIENTED_EDGE('',*,*,#8009,.T.);
#8009 = EDGE_CURVE('',#8010,#8010,#8012,.T.);
#8010 = VERTEX_POINT('',#8011);
#8011 = CARTESIAN_POINT('',(393.5,155.,0.));
#8012 = SURFACE_CURVE('',#8013,(#8018,#8029),.PCURVE_S1.);
#8013 = CIRCLE('',#8014,6.5);
#8014 = AXIS2_PLACEMENT_3D('',#8015,#8016,#8017);
#8015 = CARTESIAN_POINT('',(400.,155.,0.));
#8016 = DIRECTION('',(0.,0.,-1.));
#8017 = DIRECTION('',(-1.,0.,0.));
#8018 = PCURVE('',#5220,#8019);
#8019 = DEFINITIONAL_REPRESENTATION('',(#8020),#8028);
#8020 = ( BOUNDED_CURVE() B_SPLINE_CURVE(2,(#8021,#8022,#8023,#8024,
#8025,#8026,#8027),.UNSPECIFIED.,.T.,.F.) B_SPLINE_CURVE_WITH_KNOTS((1,2
    ,2,2,2,1),(-2.094395102393,0.,2.094395102393,4.188790204786,
6.28318530718,8.377580409573),.UNSPECIFIED.) CURVE() 
GEOMETRIC_REPRESENTATION_ITEM() RATIONAL_B_SPLINE_CURVE((1.,0.5,1.,0.5,
1.,0.5,1.)) REPRESENTATION_ITEM('') );
#8021 = CARTESIAN_POINT('',(393.5,155.));
#8022 = CARTESIAN_POINT('',(393.5,166.25833024919));
#8023 = CARTESIAN_POINT('',(403.25,160.62916512459));
#8024 = CARTESIAN_POINT('',(413.,155.));
#8025 = CARTESIAN_POINT('',(403.25,149.3708348754));
#8026 = CARTESIAN_POINT('',(393.5,143.7416697508));
#8027 = CARTESIAN_POINT('',(393.5,155.));
#8028 = ( GEOMETRIC_REPRESENTATION_CONTEXT(2) 
PARAMETRIC_REPRESENTATION_CONTEXT() REPRESENTATION_CONTEXT('2D SPACE',''
  ) );
#8029 = PCURVE('',#6414,#8030);
#8030 = DEFINITIONAL_REPRESENTATION('',(#8031),#8035);
#8031 = LINE('',#8032,#8033);
#8032 = CARTESIAN_POINT('',(0.,10.));
#8033 = VECTOR('',#8034,1.);
#8034 = DIRECTION('',(1.,0.));
#8035 = ( GEOMETRIC_REPRESENTATION_CONTEXT(2) 
PARAMETRIC_REPRESENTATION_CONTEXT() REPRESENTATION_CONTEXT('2D SPACE',''
  ) );
#8036 = FACE_BOUND('',#8037,.F.);
#8037 = EDGE_LOOP('',(#8038));
#8038 = ORIENTED_EDGE('',*,*,#8039,.T.);
#8039 = EDGE_CURVE('',#8040,#8040,#8042,.T.);
#8040 = VERTEX_POINT('',#8041);
#8041 = CARTESIAN_POINT('',(473.5,155.,0.));
#8042 = SURFACE_CURVE('',#8043,(#8048,#8059),.PCURVE_S1.);
#8043 = CIRCLE('',#8044,6.5);
#8044 = AXIS2_PLACEMENT_3D('',#8045,#8046,#8047);
#8045 = CARTESIAN_POINT('',(480.,155.,0.));
#8046 = DIRECTION('',(0.,0.,-1.));
#8047 = DIRECTION('',(-1.,0.,0.));
#8048 = PCURVE('',#5220,#8049);
#8049 = DEFINITIONAL_REPRESENTATION('',(#8050),#8058);
#8050 = ( BOUNDED_CURVE() B_SPLINE_CURVE(2,(#8051,#8052,#8053,#8054,
#8055,#8056,#8057),.UNSPECIFIED.,.T.,.F.) B_SPLINE_CURVE_WITH_KNOTS((1,2
    ,2,2,2,1),(-2.094395102393,0.,2.094395102393,4.188790204786,
6.28318530718,8.377580409573),.UNSPECIFIED.) CURVE() 
GEOMETRIC_REPRESENTATION_ITEM() RATIONAL_B_SPLINE_CURVE((1.,0.5,1.,0.5,
1.,0.5,1.)) REPRESENTATION_ITEM('') );
#8051 = CARTESIAN_POINT('',(473.5,155.));
#8052 = CARTESIAN_POINT('',(473.5,166.25833024919));
#8053 = CARTESIAN_POINT('',(483.25,160.62916512459));
#8054 = CARTESIAN_POINT('',(493.,155.));
#8055 = CARTESIAN_POINT('',(483.25,149.3708348754));
#8056 = CARTESIAN_POINT('',(473.5,143.7416697508));
#8057 = CARTESIAN_POINT('',(473.5,155.));
#8058 = ( GEOMETRIC_REPRESENTATION_CONTEXT(2) 
PARAMETRIC_REPRESENTATION_CONTEXT() REPRESENTATION_CONTEXT('2D SPACE',''
  ) );
#8059 = PCURVE('',#6449,#8060);
#8060 = DEFINITIONAL_REPRESENTATION('',(#8061),#8065);
#8061 = LINE('',#8062,#8063);
#8062 = CARTESIAN_POINT('',(0.,10.));
#8063 = VECTOR('',#8064,1.);
#8064 = DIRECTION('',(1.,0.));
#8065 = ( GEOMETRIC_REPRESENTATION_CONTEXT(2) 
PARAMETRIC_REPRESENTATION_CONTEXT() REPRESENTATION_CONTEXT('2D SPACE',''
  ) );
#8066 = FACE_BOUND('',#8067,.F.);
#8067 = EDGE_LOOP('',(#8068));
#8068 = ORIENTED_EDGE('',*,*,#8069,.T.);
#8069 = EDGE_CURVE('',#8070,#8070,#8072,.T.);
#8070 = VERTEX_POINT('',#8071);
#8071 = CARTESIAN_POINT('',(588.5,155.,0.));
#8072 = SURFACE_CURVE('',#8073,(#8078,#8089),.PCURVE_S1.);
#8073 = CIRCLE('',#8074,6.5);
#8074 = AXIS2_PLACEMENT_3D('',#8075,#8076,#8077);
#8075 = CARTESIAN_POINT('',(595.,155.,0.));
#8076 = DIRECTION('',(0.,0.,-1.));
#8077 = DIRECTION('',(-1.,0.,0.));
#8078 = PCURVE('',#5220,#8079);
#8079 = DEFINITIONAL_REPRESENTATION('',(#8080),#8088);
#8080 = ( BOUNDED_CURVE() B_SPLINE_CURVE(2,(#8081,#8082,#8083,#8084,
#8085,#8086,#8087),.UNSPECIFIED.,.T.,.F.) B_SPLINE_CURVE_WITH_KNOTS((1,2
    ,2,2,2,1),(-2.094395102393,0.,2.094395102393,4.188790204786,
6.28318530718,8.377580409573),.UNSPECIFIED.) CURVE() 
GEOMETRIC_REPRESENTATION_ITEM() RATIONAL_B_SPLINE_CURVE((1.,0.5,1.,0.5,
1.,0.5,1.)) REPRESENTATION_ITEM('') );
#8081 = CARTESIAN_POINT('',(588.5,155.));
#8082 = CARTESIAN_POINT('',(588.5,166.25833024919));
#8083 = CARTESIAN_POINT('',(598.25,160.62916512459));
#8084 = CARTESIAN_POINT('',(608.,155.));
#8085 = CARTESIAN_POINT('',(598.25,149.3708348754));
#8086 = CARTESIAN_POINT('',(588.5,143.7416697508));
#8087 = CARTESIAN_POINT('',(588.5,155.));
#8088 = ( GEOMETRIC_REPRESENTATION_CONTEXT(2) 
PARAMETRIC_REPRESENTATION_CONTEXT() REPRESENTATION_CONTEXT('2D SPACE',''
  ) );
#8089 = PCURVE('',#6484,#8090);
#8090 = DEFINITIONAL_REPRESENTATION('',(#8091),#8095);
#8091 = LINE('',#8092,#8093);
#8092 = CARTESIAN_POINT('',(0.,10.));
#8093 = VECTOR('',#8094,1.);
#8094 = DIRECTION('',(1.,0.));
#8095 = ( GEOMETRIC_REPRESENTATION_CONTEXT(2) 
PARAMETRIC_REPRESENTATION_CONTEXT() REPRESENTATION_CONTEXT('2D SPACE',''
  ) );
#8096 = FACE_BOUND('',#8097,.F.);
#8097 = EDGE_LOOP('',(#8098));
#8098 = ORIENTED_EDGE('',*,*,#8099,.T.);
#8099 = EDGE_CURVE('',#8100,#8100,#8102,.T.);
#8100 = VERTEX_POINT('',#8101);
#8101 = CARTESIAN_POINT('',(738.5,155.,0.));
#8102 = SURFACE_CURVE('',#8103,(#8108,#8119),.PCURVE_S1.);
#8103 = CIRCLE('',#8104,6.5);
#8104 = AXIS2_PLACEMENT_3D('',#8105,#8106,#8107);
#8105 = CARTESIAN_POINT('',(745.,155.,0.));
#8106 = DIRECTION('',(0.,0.,-1.));
#8107 = DIRECTION('',(-1.,0.,0.));
#8108 = PCURVE('',#5220,#8109);
#8109 = DEFINITIONAL_REPRESENTATION('',(#8110),#8118);
#8110 = ( BOUNDED_CURVE() B_SPLINE_CURVE(2,(#8111,#8112,#8113,#8114,
#8115,#8116,#8117),.UNSPECIFIED.,.T.,.F.) B_SPLINE_CURVE_WITH_KNOTS((1,2
    ,2,2,2,1),(-2.094395102393,0.,2.094395102393,4.188790204786,
6.28318530718,8.377580409573),.UNSPECIFIED.) CURVE() 
GEOMETRIC_REPRESENTATION_ITEM() RATIONAL_B_SPLINE_CURVE((1.,0.5,1.,0.5,
1.,0.5,1.)) REPRESENTATION_ITEM('') );
#8111 = CARTESIAN_POINT('',(738.5,155.));
#8112 = CARTESIAN_POINT('',(738.5,166.25833024919));
#8113 = CARTESIAN_POINT('',(748.25,160.62916512459));
#8114 = CARTESIAN_POINT('',(758.,155.));
#8115 = CARTESIAN_POINT('',(748.25,149.3708348754));
#8116 = CARTESIAN_POINT('',(738.5,143.7416697508));
#8117 = CARTESIAN_POINT('',(738.5,155.));
#8118 = ( GEOMETRIC_REPRESENTATION_CONTEXT(2) 
PARAMETRIC_REPRESENTATION_CONTEXT() REPRESENTATION_CONTEXT('2D SPACE',''
  ) );
#8119 = PCURVE('',#6519,#8120);
#8120 = DEFINITIONAL_REPRESENTATION('',(#8121),#8125);
#8121 = LINE('',#8122,#8123);
#8122 = CARTESIAN_POINT('',(0.,10.));
#8123 = VECTOR('',#8124,1.);
#8124 = DIRECTION('',(1.,0.));
#8125 = ( GEOMETRIC_REPRESENTATION_CONTEXT(2) 
PARAMETRIC_REPRESENTATION_CONTEXT() REPRESENTATION_CONTEXT('2D SPACE',''
  ) );
#8126 = FACE_BOUND('',#8127,.F.);
#8127 = EDGE_LOOP('',(#8128));
#8128 = ORIENTED_EDGE('',*,*,#8129,.T.);
#8129 = EDGE_CURVE('',#8130,#8130,#8132,.T.);
#8130 = VERTEX_POINT('',#8131);
#8131 = CARTESIAN_POINT('',(888.5,155.,0.));
#8132 = SURFACE_CURVE('',#8133,(#8138,#8149),.PCURVE_S1.);
#8133 = CIRCLE('',#8134,6.5);
#8134 = AXIS2_PLACEMENT_3D('',#8135,#8136,#8137);
#8135 = CARTESIAN_POINT('',(895.,155.,0.));
#8136 = DIRECTION('',(0.,0.,-1.));
#8137 = DIRECTION('',(-1.,0.,0.));
#8138 = PCURVE('',#5220,#8139);
#8139 = DEFINITIONAL_REPRESENTATION('',(#8140),#8148);
#8140 = ( BOUNDED_CURVE() B_SPLINE_CURVE(2,(#8141,#8142,#8143,#8144,
#8145,#8146,#8147),.UNSPECIFIED.,.T.,.F.) B_SPLINE_CURVE_WITH_KNOTS((1,2
    ,2,2,2,1),(-2.094395102393,0.,2.094395102393,4.188790204786,
6.28318530718,8.377580409573),.UNSPECIFIED.) CURVE() 
GEOMETRIC_REPRESENTATION_ITEM() RATIONAL_B_SPLINE_CURVE((1.,0.5,1.,0.5,
1.,0.5,1.)) REPRESENTATION_ITEM('') );
#8141 = CARTESIAN_POINT('',(888.5,155.));
#8142 = CARTESIAN_POINT('',(888.5,166.25833024919));
#8143 = CARTESIAN_POINT('',(898.25,160.62916512459));
#8144 = CARTESIAN_POINT('',(908.,155.));
#8145 = CARTESIAN_POINT('',(898.25,149.3708348754));
#8146 = CARTESIAN_POINT('',(888.5,143.7416697508));
#8147 = CARTESIAN_POINT('',(888.5,155.));
#8148 = ( GEOMETRIC_REPRESENTATION_CONTEXT(2) 
PARAMETRIC_REPRESENTATION_CONTEXT() REPRESENTATION_CONTEXT('2D SPACE',''
  ) );
#8149 = PCURVE('',#6554,#8150);
#8150 = DEFINITIONAL_REPRESENTATION('',(#8151),#8155);
#8151 = LINE('',#8152,#8153);
#8152 = CARTESIAN_POINT('',(0.,10.));
#8153 = VECTOR('',#8154,1.);
#8154 = DIRECTION('',(1.,0.));
#8155 = ( GEOMETRIC_REPRESENTATION_CONTEXT(2) 
PARAMETRIC_REPRESENTATION_CONTEXT() REPRESENTATION_CONTEXT('2D SPACE',''
  ) );
#8156 = FACE_BOUND('',#8157,.F.);
#8157 = EDGE_LOOP('',(#8158));
#8158 = ORIENTED_EDGE('',*,*,#8159,.T.);
#8159 = EDGE_CURVE('',#8160,#8160,#8162,.T.);
#8160 = VERTEX_POINT('',#8161);
#8161 = CARTESIAN_POINT('',(1.0385E+03,155.,0.));
#8162 = SURFACE_CURVE('',#8163,(#8168,#8179),.PCURVE_S1.);
#8163 = CIRCLE('',#8164,6.5);
#8164 = AXIS2_PLACEMENT_3D('',#8165,#8166,#8167);
#8165 = CARTESIAN_POINT('',(1.045E+03,155.,0.));
#8166 = DIRECTION('',(0.,0.,-1.));
#8167 = DIRECTION('',(-1.,0.,0.));
#8168 = PCURVE('',#5220,#8169);
#8169 = DEFINITIONAL_REPRESENTATION('',(#8170),#8178);
#8170 = ( BOUNDED_CURVE() B_SPLINE_CURVE(2,(#8171,#8172,#8173,#8174,
#8175,#8176,#8177),.UNSPECIFIED.,.T.,.F.) B_SPLINE_CURVE_WITH_KNOTS((1,2
    ,2,2,2,1),(-2.094395102393,0.,2.094395102393,4.188790204786,
6.28318530718,8.377580409573),.UNSPECIFIED.) CURVE() 
GEOMETRIC_REPRESENTATION_ITEM() RATIONAL_B_SPLINE_CURVE((1.,0.5,1.,0.5,
1.,0.5,1.)) REPRESENTATION_ITEM('') );
#8171 = CARTESIAN_POINT('',(1.0385E+03,155.));
#8172 = CARTESIAN_POINT('',(1.0385E+03,166.25833024919));
#8173 = CARTESIAN_POINT('',(1.04825E+03,160.62916512459));
#8174 = CARTESIAN_POINT('',(1.058E+03,155.));
#8175 = CARTESIAN_POINT('',(1.04825E+03,149.3708348754));
#8176 = CARTESIAN_POINT('',(1.0385E+03,143.7416697508));
#8177 = CARTESIAN_POINT('',(1.0385E+03,155.));
#8178 = ( GEOMETRIC_REPRESENTATION_CONTEXT(2) 
PARAMETRIC_REPRESENTATION_CONTEXT() REPRESENTATION_CONTEXT('2D SPACE',''
  ) );
#8179 = PCURVE('',#6589,#8180);
#8180 = DEFINITIONAL_REPRESENTATION('',(#8181),#8185);
#8181 = LINE('',#8182,#8183);
#8182 = CARTESIAN_POINT('',(0.,10.));
#8183 = VECTOR('',#8184,1.);
#8184 = DIRECTION('',(1.,0.));
#8185 = ( GEOMETRIC_REPRESENTATION_CONTEXT(2) 
PARAMETRIC_REPRESENTATION_CONTEXT() REPRESENTATION_CONTEXT('2D SPACE',''
  ) );
#8186 = FACE_BOUND('',#8187,.F.);
#8187 = EDGE_LOOP('',(#8188));
#8188 = ORIENTED_EDGE('',*,*,#8189,.T.);
#8189 = EDGE_CURVE('',#8190,#8190,#8192,.T.);
#8190 = VERTEX_POINT('',#8191);
#8191 = CARTESIAN_POINT('',(1.3135E+03,155.,0.));
#8192 = SURFACE_CURVE('',#8193,(#8198,#8209),.PCURVE_S1.);
#8193 = CIRCLE('',#8194,6.5);
#8194 = AXIS2_PLACEMENT_3D('',#8195,#8196,#8197);
#8195 = CARTESIAN_POINT('',(1.32E+03,155.,0.));
#8196 = DIRECTION('',(0.,0.,-1.));
#8197 = DIRECTION('',(-1.,0.,0.));
#8198 = PCURVE('',#5220,#8199);
#8199 = DEFINITIONAL_REPRESENTATION('',(#8200),#8208);
#8200 = ( BOUNDED_CURVE() B_SPLINE_CURVE(2,(#8201,#8202,#8203,#8204,
#8205,#8206,#8207),.UNSPECIFIED.,.T.,.F.) B_SPLINE_CURVE_WITH_KNOTS((1,2
    ,2,2,2,1),(-2.094395102393,0.,2.094395102393,4.188790204786,
6.28318530718,8.377580409573),.UNSPECIFIED.) CURVE() 
GEOMETRIC_REPRESENTATION_ITEM() RATIONAL_B_SPLINE_CURVE((1.,0.5,1.,0.5,
1.,0.5,1.)) REPRESENTATION_ITEM('') );
#8201 = CARTESIAN_POINT('',(1.3135E+03,155.));
#8202 = CARTESIAN_POINT('',(1.3135E+03,166.25833024919));
#8203 = CARTESIAN_POINT('',(1.32325E+03,160.62916512459));
#8204 = CARTESIAN_POINT('',(1.333E+03,155.));
#8205 = CARTESIAN_POINT('',(1.32325E+03,149.3708348754));
#8206 = CARTESIAN_POINT('',(1.3135E+03,143.7416697508));
#8207 = CARTESIAN_POINT('',(1.3135E+03,155.));
#8208 = ( GEOMETRIC_REPRESENTATION_CONTEXT(2) 
PARAMETRIC_REPRESENTATION_CONTEXT() REPRESENTATION_CONTEXT('2D SPACE',''
  ) );
#8209 = PCURVE('',#6624,#8210);
#8210 = DEFINITIONAL_REPRESENTATION('',(#8211),#8215);
#8211 = LINE('',#8212,#8213);
#8212 = CARTESIAN_POINT('',(0.,10.));
#8213 = VECTOR('',#8214,1.);
#8214 = DIRECTION('',(1.,0.));
#8215 = ( GEOMETRIC_REPRESENTATION_CONTEXT(2) 
PARAMETRIC_REPRESENTATION_CONTEXT() REPRESENTATION_CONTEXT('2D SPACE',''
  ) );
#8216 = FACE_BOUND('',#8217,.F.);
#8217 = EDGE_LOOP('',(#8218));
#8218 = ORIENTED_EDGE('',*,*,#8219,.T.);
#8219 = EDGE_CURVE('',#8220,#8220,#8222,.T.);
#8220 = VERTEX_POINT('',#8221);
#8221 = CARTESIAN_POINT('',(1.7135E+03,155.,0.));
#8222 = SURFACE_CURVE('',#8223,(#8228,#8239),.PCURVE_S1.);
#8223 = CIRCLE('',#8224,6.5);
#8224 = AXIS2_PLACEMENT_3D('',#8225,#8226,#8227);
#8225 = CARTESIAN_POINT('',(1.72E+03,155.,0.));
#8226 = DIRECTION('',(0.,0.,-1.));
#8227 = DIRECTION('',(-1.,0.,0.));
#8228 = PCURVE('',#5220,#8229);
#8229 = DEFINITIONAL_REPRESENTATION('',(#8230),#8238);
#8230 = ( BOUNDED_CURVE() B_SPLINE_CURVE(2,(#8231,#8232,#8233,#8234,
#8235,#8236,#8237),.UNSPECIFIED.,.T.,.F.) B_SPLINE_CURVE_WITH_KNOTS((1,2
    ,2,2,2,1),(-2.094395102393,0.,2.094395102393,4.188790204786,
6.28318530718,8.377580409573),.UNSPECIFIED.) CURVE() 
GEOMETRIC_REPRESENTATION_ITEM() RATIONAL_B_SPLINE_CURVE((1.,0.5,1.,0.5,
1.,0.5,1.)) REPRESENTATION_ITEM('') );
#8231 = CARTESIAN_POINT('',(1.7135E+03,155.));
#8232 = CARTESIAN_POINT('',(1.7135E+03,166.25833024919));
#8233 = CARTESIAN_POINT('',(1.72325E+03,160.62916512459));
#8234 = CARTESIAN_POINT('',(1.733E+03,155.));
#8235 = CARTESIAN_POINT('',(1.72325E+03,149.3708348754));
#8236 = CARTESIAN_POINT('',(1.7135E+03,143.7416697508));
#8237 = CARTESIAN_POINT('',(1.7135E+03,155.));
#8238 = ( GEOMETRIC_REPRESENTATION_CONTEXT(2) 
PARAMETRIC_REPRESENTATION_CONTEXT() REPRESENTATION_CONTEXT('2D SPACE',''
  ) );
#8239 = PCURVE('',#6659,#8240);
#8240 = DEFINITIONAL_REPRESENTATION('',(#8241),#8245);
#8241 = LINE('',#8242,#8243);
#8242 = CARTESIAN_POINT('',(0.,10.));
#8243 = VECTOR('',#8244,1.);
#8244 = DIRECTION('',(1.,0.));
#8245 = ( GEOMETRIC_REPRESENTATION_CONTEXT(2) 
PARAMETRIC_REPRESENTATION_CONTEXT() REPRESENTATION_CONTEXT('2D SPACE',''
  ) );
#8246 = FACE_BOUND('',#8247,.F.);
#8247 = EDGE_LOOP('',(#8248));
#8248 = ORIENTED_EDGE('',*,*,#8249,.T.);
#8249 = EDGE_CURVE('',#8250,#8250,#8252,.T.);
#8250 = VERTEX_POINT('',#8251);
#8251 = CARTESIAN_POINT('',(1.9265E+03,155.,0.));
#8252 = SURFACE_CURVE('',#8253,(#8258,#8269),.PCURVE_S1.);
#8253 = CIRCLE('',#8254,6.5);
#8254 = AXIS2_PLACEMENT_3D('',#8255,#8256,#8257);
#8255 = CARTESIAN_POINT('',(1.933E+03,155.,0.));
#8256 = DIRECTION('',(0.,0.,-1.));
#8257 = DIRECTION('',(-1.,0.,0.));
#8258 = PCURVE('',#5220,#8259);
#8259 = DEFINITIONAL_REPRESENTATION('',(#8260),#8268);
#8260 = ( BOUNDED_CURVE() B_SPLINE_CURVE(2,(#8261,#8262,#8263,#8264,
#8265,#8266,#8267),.UNSPECIFIED.,.T.,.F.) B_SPLINE_CURVE_WITH_KNOTS((1,2
    ,2,2,2,1),(-2.094395102393,0.,2.094395102393,4.188790204786,
6.28318530718,8.377580409573),.UNSPECIFIED.) CURVE() 
GEOMETRIC_REPRESENTATION_ITEM() RATIONAL_B_SPLINE_CURVE((1.,0.5,1.,0.5,
1.,0.5,1.)) REPRESENTATION_ITEM('') );
#8261 = CARTESIAN_POINT('',(1.9265E+03,155.));
#8262 = CARTESIAN_POINT('',(1.9265E+03,166.25833024919));
#8263 = CARTESIAN_POINT('',(1.93625E+03,160.62916512459));
#8264 = CARTESIAN_POINT('',(1.946E+03,155.));
#8265 = CARTESIAN_POINT('',(1.93625E+03,149.3708348754));
#8266 = CARTESIAN_POINT('',(1.9265E+03,143.7416697508));
#8267 = CARTESIAN_POINT('',(1.9265E+03,155.));
#8268 = ( GEOMETRIC_REPRESENTATION_CONTEXT(2) 
PARAMETRIC_REPRESENTATION_CONTEXT() REPRESENTATION_CONTEXT('2D SPACE',''
  ) );
#8269 = PCURVE('',#6694,#8270);
#8270 = DEFINITIONAL_REPRESENTATION('',(#8271),#8275);
#8271 = LINE('',#8272,#8273);
#8272 = CARTESIAN_POINT('',(0.,10.));
#8273 = VECTOR('',#8274,1.);
#8274 = DIRECTION('',(1.,0.));
#8275 = ( GEOMETRIC_REPRESENTATION_CONTEXT(2) 
PARAMETRIC_REPRESENTATION_CONTEXT() REPRESENTATION_CONTEXT('2D SPACE',''
  ) );
#8276 = FACE_BOUND('',#8277,.F.);
#8277 = EDGE_LOOP('',(#8278));
#8278 = ORIENTED_EDGE('',*,*,#8279,.T.);
#8279 = EDGE_CURVE('',#8280,#8280,#8282,.T.);
#8280 = VERTEX_POINT('',#8281);
#8281 = CARTESIAN_POINT('',(2.3265E+03,155.,0.));
#8282 = SURFACE_CURVE('',#8283,(#8288,#8299),.PCURVE_S1.);
#8283 = CIRCLE('',#8284,6.5);
#8284 = AXIS2_PLACEMENT_3D('',#8285,#8286,#8287);
#8285 = CARTESIAN_POINT('',(2.333E+03,155.,0.));
#8286 = DIRECTION('',(0.,0.,-1.));
#8287 = DIRECTION('',(-1.,0.,0.));
#8288 = PCURVE('',#5220,#8289);
#8289 = DEFINITIONAL_REPRESENTATION('',(#8290),#8298);
#8290 = ( BOUNDED_CURVE() B_SPLINE_CURVE(2,(#8291,#8292,#8293,#8294,
#8295,#8296,#8297),.UNSPECIFIED.,.T.,.F.) B_SPLINE_CURVE_WITH_KNOTS((1,2
    ,2,2,2,1),(-2.094395102393,0.,2.094395102393,4.188790204786,
6.28318530718,8.377580409573),.UNSPECIFIED.) CURVE() 
GEOMETRIC_REPRESENTATION_ITEM() RATIONAL_B_SPLINE_CURVE((1.,0.5,1.,0.5,
1.,0.5,1.)) REPRESENTATION_ITEM('') );
#8291 = CARTESIAN_POINT('',(2.3265E+03,155.));
#8292 = CARTESIAN_POINT('',(2.3265E+03,166.25833024919));
#8293 = CARTESIAN_POINT('',(2.33625E+03,160.62916512459));
#8294 = CARTESIAN_POINT('',(2.346E+03,155.));
#8295 = CARTESIAN_POINT('',(2.33625E+03,149.3708348754));
#8296 = CARTESIAN_POINT('',(2.3265E+03,143.7416697508));
#8297 = CARTESIAN_POINT('',(2.3265E+03,155.));
#8298 = ( GEOMETRIC_REPRESENTATION_CONTEXT(2) 
PARAMETRIC_REPRESENTATION_CONTEXT() REPRESENTATION_CONTEXT('2D SPACE',''
  ) );
#8299 = PCURVE('',#6729,#8300);
#8300 = DEFINITIONAL_REPRESENTATION('',(#8301),#8305);
#8301 = LINE('',#8302,#8303);
#8302 = CARTESIAN_POINT('',(0.,10.));
#8303 = VECTOR('',#8304,1.);
#8304 = DIRECTION('',(1.,0.));
#8305 = ( GEOMETRIC_REPRESENTATION_CONTEXT(2) 
PARAMETRIC_REPRESENTATION_CONTEXT() REPRESENTATION_CONTEXT('2D SPACE',''
  ) );
#8306 = FACE_BOUND('',#8307,.F.);
#8307 = EDGE_LOOP('',(#8308));
#8308 = ORIENTED_EDGE('',*,*,#8309,.T.);
#8309 = EDGE_CURVE('',#8310,#8310,#8312,.T.);
#8310 = VERTEX_POINT('',#8311);
#8311 = CARTESIAN_POINT('',(2.7265E+03,155.,0.));
#8312 = SURFACE_CURVE('',#8313,(#8318,#8329),.PCURVE_S1.);
#8313 = CIRCLE('',#8314,6.5);
#8314 = AXIS2_PLACEMENT_3D('',#8315,#8316,#8317);
#8315 = CARTESIAN_POINT('',(2.733E+03,155.,0.));
#8316 = DIRECTION('',(0.,0.,-1.));
#8317 = DIRECTION('',(-1.,0.,0.));
#8318 = PCURVE('',#5220,#8319);
#8319 = DEFINITIONAL_REPRESENTATION('',(#8320),#8328);
#8320 = ( BOUNDED_CURVE() B_SPLINE_CURVE(2,(#8321,#8322,#8323,#8324,
#8325,#8326,#8327),.UNSPECIFIED.,.T.,.F.) B_SPLINE_CURVE_WITH_KNOTS((1,2
    ,2,2,2,1),(-2.094395102393,0.,2.094395102393,4.188790204786,
6.28318530718,8.377580409573),.UNSPECIFIED.) CURVE() 
GEOMETRIC_REPRESENTATION_ITEM() RATIONAL_B_SPLINE_CURVE((1.,0.5,1.,0.5,
1.,0.5,1.)) REPRESENTATION_ITEM('') );
#8321 = CARTESIAN_POINT('',(2.7265E+03,155.));
#8322 = CARTESIAN_POINT('',(2.7265E+03,166.25833024919));
#8323 = CARTESIAN_POINT('',(2.73625E+03,160.62916512459));
#8324 = CARTESIAN_POINT('',(2.746E+03,155.));
#8325 = CARTESIAN_POINT('',(2.73625E+03,149.3708348754));
#8326 = CARTESIAN_POINT('',(2.7265E+03,143.7416697508));
#8327 = CARTESIAN_POINT('',(2.7265E+03,155.));
#8328 = ( GEOMETRIC_REPRESENTATION_CONTEXT(2) 
PARAMETRIC_REPRESENTATION_CONTEXT() REPRESENTATION_CONTEXT('2D SPACE',''
  ) );
#8329 = PCURVE('',#6764,#8330);
#8330 = DEFINITIONAL_REPRESENTATION('',(#8331),#8335);
#8331 = LINE('',#8332,#8333);
#8332 = CARTESIAN_POINT('',(0.,10.));
#8333 = VECTOR('',#8334,1.);
#8334 = DIRECTION('',(1.,0.));
#8335 = ( GEOMETRIC_REPRESENTATION_CONTEXT(2) 
PARAMETRIC_REPRESENTATION_CONTEXT() REPRESENTATION_CONTEXT('2D SPACE',''
  ) );
#8336 = FACE_BOUND('',#8337,.F.);
#8337 = EDGE_LOOP('',(#8338));
#8338 = ORIENTED_EDGE('',*,*,#8339,.T.);
#8339 = EDGE_CURVE('',#8340,#8340,#8342,.T.);
#8340 = VERTEX_POINT('',#8341);
#8341 = CARTESIAN_POINT('',(2.8265E+03,155.,0.));
#8342 = SURFACE_CURVE('',#8343,(#8348,#8359),.PCURVE_S1.);
#8343 = CIRCLE('',#8344,6.5);
#8344 = AXIS2_PLACEMENT_3D('',#8345,#8346,#8347);
#8345 = CARTESIAN_POINT('',(2.833E+03,155.,0.));
#8346 = DIRECTION('',(0.,0.,-1.));
#8347 = DIRECTION('',(-1.,0.,0.));
#8348 = PCURVE('',#5220,#8349);
#8349 = DEFINITIONAL_REPRESENTATION('',(#8350),#8358);
#8350 = ( BOUNDED_CURVE() B_SPLINE_CURVE(2,(#8351,#8352,#8353,#8354,
#8355,#8356,#8357),.UNSPECIFIED.,.T.,.F.) B_SPLINE_CURVE_WITH_KNOTS((1,2
    ,2,2,2,1),(-2.094395102393,0.,2.094395102393,4.188790204786,
6.28318530718,8.377580409573),.UNSPECIFIED.) CURVE() 
GEOMETRIC_REPRESENTATION_ITEM() RATIONAL_B_SPLINE_CURVE((1.,0.5,1.,0.5,
1.,0.5,1.)) REPRESENTATION_ITEM('') );
#8351 = CARTESIAN_POINT('',(2.8265E+03,155.));
#8352 = CARTESIAN_POINT('',(2.8265E+03,166.25833024919));
#8353 = CARTESIAN_POINT('',(2.83625E+03,160.62916512459));
#8354 = CARTESIAN_POINT('',(2.846E+03,155.));
#8355 = CARTESIAN_POINT('',(2.83625E+03,149.3708348754));
#8356 = CARTESIAN_POINT('',(2.8265E+03,143.7416697508));
#8357 = CARTESIAN_POINT('',(2.8265E+03,155.));
#8358 = ( GEOMETRIC_REPRESENTATION_CONTEXT(2) 
PARAMETRIC_REPRESENTATION_CONTEXT() REPRESENTATION_CONTEXT('2D SPACE',''
  ) );
#8359 = PCURVE('',#6799,#8360);
#8360 = DEFINITIONAL_REPRESENTATION('',(#8361),#8365);
#8361 = LINE('',#8362,#8363);
#8362 = CARTESIAN_POINT('',(0.,10.));
#8363 = VECTOR('',#8364,1.);
#8364 = DIRECTION('',(1.,0.));
#8365 = ( GEOMETRIC_REPRESENTATION_CONTEXT(2) 
PARAMETRIC_REPRESENTATION_CONTEXT() REPRESENTATION_CONTEXT('2D SPACE',''
  ) );
#8366 = FACE_BOUND('',#8367,.F.);
#8367 = EDGE_LOOP('',(#8368));
#8368 = ORIENTED_EDGE('',*,*,#8369,.T.);
#8369 = EDGE_CURVE('',#8370,#8370,#8372,.T.);
#8370 = VERTEX_POINT('',#8371);
#8371 = CARTESIAN_POINT('',(2.9265E+03,155.,0.));
#8372 = SURFACE_CURVE('',#8373,(#8378,#8389),.PCURVE_S1.);
#8373 = CIRCLE('',#8374,6.5);
#8374 = AXIS2_PLACEMENT_3D('',#8375,#8376,#8377);
#8375 = CARTESIAN_POINT('',(2.933E+03,155.,0.));
#8376 = DIRECTION('',(0.,0.,-1.));
#8377 = DIRECTION('',(-1.,0.,0.));
#8378 = PCURVE('',#5220,#8379);
#8379 = DEFINITIONAL_REPRESENTATION('',(#8380),#8388);
#8380 = ( BOUNDED_CURVE() B_SPLINE_CURVE(2,(#8381,#8382,#8383,#8384,
#8385,#8386,#8387),.UNSPECIFIED.,.T.,.F.) B_SPLINE_CURVE_WITH_KNOTS((1,2
    ,2,2,2,1),(-2.094395102393,0.,2.094395102393,4.188790204786,
6.28318530718,8.377580409573),.UNSPECIFIED.) CURVE() 
GEOMETRIC_REPRESENTATION_ITEM() RATIONAL_B_SPLINE_CURVE((1.,0.5,1.,0.5,
1.,0.5,1.)) REPRESENTATION_ITEM('') );
#8381 = CARTESIAN_POINT('',(2.9265E+03,155.));
#8382 = CARTESIAN_POINT('',(2.9265E+03,166.25833024919));
#8383 = CARTESIAN_POINT('',(2.93625E+03,160.62916512459));
#8384 = CARTESIAN_POINT('',(2.946E+03,155.));
#8385 = CARTESIAN_POINT('',(2.93625E+03,149.3708348754));
#8386 = CARTESIAN_POINT('',(2.9265E+03,143.7416697508));
#8387 = CARTESIAN_POINT('',(2.9265E+03,155.));
#8388 = ( GEOMETRIC_REPRESENTATION_CONTEXT(2) 
PARAMETRIC_REPRESENTATION_CONTEXT() REPRESENTATION_CONTEXT('2D SPACE',''
  ) );
#8389 = PCURVE('',#6834,#8390);
#8390 = DEFINITIONAL_REPRESENTATION('',(#8391),#8395);
#8391 = LINE('',#8392,#8393);
#8392 = CARTESIAN_POINT('',(0.,10.));
#8393 = VECTOR('',#8394,1.);
#8394 = DIRECTION('',(1.,0.));
#8395 = ( GEOMETRIC_REPRESENTATION_CONTEXT(2) 
PARAMETRIC_REPRESENTATION_CONTEXT() REPRESENTATION_CONTEXT('2D SPACE',''
  ) );
#8396 = FACE_BOUND('',#8397,.F.);
#8397 = EDGE_LOOP('',(#8398));
#8398 = ORIENTED_EDGE('',*,*,#8399,.T.);
#8399 = EDGE_CURVE('',#8400,#8400,#8402,.T.);
#8400 = VERTEX_POINT('',#8401);
#8401 = CARTESIAN_POINT('',(3.0265E+03,155.,0.));
#8402 = SURFACE_CURVE('',#8403,(#8408,#8419),.PCURVE_S1.);
#8403 = CIRCLE('',#8404,6.5);
#8404 = AXIS2_PLACEMENT_3D('',#8405,#8406,#8407);
#8405 = CARTESIAN_POINT('',(3.033E+03,155.,0.));
#8406 = DIRECTION('',(0.,0.,-1.));
#8407 = DIRECTION('',(-1.,0.,0.));
#8408 = PCURVE('',#5220,#8409);
#8409 = DEFINITIONAL_REPRESENTATION('',(#8410),#8418);
#8410 = ( BOUNDED_CURVE() B_SPLINE_CURVE(2,(#8411,#8412,#8413,#8414,
#8415,#8416,#8417),.UNSPECIFIED.,.T.,.F.) B_SPLINE_CURVE_WITH_KNOTS((1,2
    ,2,2,2,1),(-2.094395102393,0.,2.094395102393,4.188790204786,
6.28318530718,8.377580409573),.UNSPECIFIED.) CURVE() 
GEOMETRIC_REPRESENTATION_ITEM() RATIONAL_B_SPLINE_CURVE((1.,0.5,1.,0.5,
1.,0.5,1.)) REPRESENTATION_ITEM('') );
#8411 = CARTESIAN_POINT('',(3.0265E+03,155.));
#8412 = CARTESIAN_POINT('',(3.0265E+03,166.25833024919));
#8413 = CARTESIAN_POINT('',(3.03625E+03,160.62916512459));
#8414 = CARTESIAN_POINT('',(3.046E+03,155.));
#8415 = CARTESIAN_POINT('',(3.03625E+03,149.3708348754));
#8416 = CARTESIAN_POINT('',(3.0265E+03,143.7416697508));
#8417 = CARTESIAN_POINT('',(3.0265E+03,155.));
#8418 = ( GEOMETRIC_REPRESENTATION_CONTEXT(2) 
PARAMETRIC_REPRESENTATION_CONTEXT() REPRESENTATION_CONTEXT('2D SPACE',''
  ) );
#8419 = PCURVE('',#6869,#8420);
#8420 = DEFINITIONAL_REPRESENTATION('',(#8421),#8425);
#8421 = LINE('',#8422,#8423);
#8422 = CARTESIAN_POINT('',(0.,10.));
#8423 = VECTOR('',#8424,1.);
#8424 = DIRECTION('',(1.,0.));
#8425 = ( GEOMETRIC_REPRESENTATION_CONTEXT(2) 
PARAMETRIC_REPRESENTATION_CONTEXT() REPRESENTATION_CONTEXT('2D SPACE',''
  ) );
#8426 = FACE_BOUND('',#8427,.F.);
#8427 = EDGE_LOOP('',(#8428));
#8428 = ORIENTED_EDGE('',*,*,#8429,.T.);
#8429 = EDGE_CURVE('',#8430,#8430,#8432,.T.);
#8430 = VERTEX_POINT('',#8431);
#8431 = CARTESIAN_POINT('',(3.1265E+03,155.,0.));
#8432 = SURFACE_CURVE('',#8433,(#8438,#8449),.PCURVE_S1.);
#8433 = CIRCLE('',#8434,6.5);
#8434 = AXIS2_PLACEMENT_3D('',#8435,#8436,#8437);
#8435 = CARTESIAN_POINT('',(3.133E+03,155.,0.));
#8436 = DIRECTION('',(0.,0.,-1.));
#8437 = DIRECTION('',(-1.,0.,0.));
#8438 = PCURVE('',#5220,#8439);
#8439 = DEFINITIONAL_REPRESENTATION('',(#8440),#8448);
#8440 = ( BOUNDED_CURVE() B_SPLINE_CURVE(2,(#8441,#8442,#8443,#8444,
#8445,#8446,#8447),.UNSPECIFIED.,.T.,.F.) B_SPLINE_CURVE_WITH_KNOTS((1,2
    ,2,2,2,1),(-2.094395102393,0.,2.094395102393,4.188790204786,
6.28318530718,8.377580409573),.UNSPECIFIED.) CURVE() 
GEOMETRIC_REPRESENTATION_ITEM() RATIONAL_B_SPLINE_CURVE((1.,0.5,1.,0.5,
1.,0.5,1.)) REPRESENTATION_ITEM('') );
#8441 = CARTESIAN_POINT('',(3.1265E+03,155.));
#8442 = CARTESIAN_POINT('',(3.1265E+03,166.25833024919));
#8443 = CARTESIAN_POINT('',(3.13625E+03,160.62916512459));
#8444 = CARTESIAN_POINT('',(3.146E+03,155.));
#8445 = CARTESIAN_POINT('',(3.13625E+03,149.3708348754));
#8446 = CARTESIAN_POINT('',(3.1265E+03,143.7416697508));
#8447 = CARTESIAN_POINT('',(3.1265E+03,155.));
#8448 = ( GEOMETRIC_REPRESENTATION_CONTEXT(2) 
PARAMETRIC_REPRESENTATION_CONTEXT() REPRESENTATION_CONTEXT('2D SPACE',''
  ) );
#8449 = PCURVE('',#6904,#8450);
#8450 = DEFINITIONAL_REPRESENTATION('',(#8451),#8455);
#8451 = LINE('',#8452,#8453);
#8452 = CARTESIAN_POINT('',(0.,10.));
#8453 = VECTOR('',#8454,1.);
#8454 = DIRECTION('',(1.,0.));
#8455 = ( GEOMETRIC_REPRESENTATION_CONTEXT(2) 
PARAMETRIC_REPRESENTATION_CONTEXT() REPRESENTATION_CONTEXT('2D SPACE',''
  ) );
#8456 = FACE_BOUND('',#8457,.F.);
#8457 = EDGE_LOOP('',(#8458));
#8458 = ORIENTED_EDGE('',*,*,#8459,.T.);
#8459 = EDGE_CURVE('',#8460,#8460,#8462,.T.);
#8460 = VERTEX_POINT('',#8461);
#8461 = CARTESIAN_POINT('',(3.2265E+03,155.,0.));
#8462 = SURFACE_CURVE('',#8463,(#8468,#8479),.PCURVE_S1.);
#8463 = CIRCLE('',#8464,6.5);
#8464 = AXIS2_PLACEMENT_3D('',#8465,#8466,#8467);
#8465 = CARTESIAN_POINT('',(3.233E+03,155.,0.));
#8466 = DIRECTION('',(0.,0.,-1.));
#8467 = DIRECTION('',(-1.,0.,0.));
#8468 = PCURVE('',#5220,#8469);
#8469 = DEFINITIONAL_REPRESENTATION('',(#8470),#8478);
#8470 = ( BOUNDED_CURVE() B_SPLINE_CURVE(2,(#8471,#8472,#8473,#8474,
#8475,#8476,#8477),.UNSPECIFIED.,.T.,.F.) B_SPLINE_CURVE_WITH_KNOTS((1,2
    ,2,2,2,1),(-2.094395102393,0.,2.094395102393,4.188790204786,
6.28318530718,8.377580409573),.UNSPECIFIED.) CURVE() 
GEOMETRIC_REPRESENTATION_ITEM() RATIONAL_B_SPLINE_CURVE((1.,0.5,1.,0.5,
1.,0.5,1.)) REPRESENTATION_ITEM('') );
#8471 = CARTESIAN_POINT('',(3.2265E+03,155.));
#8472 = CARTESIAN_POINT('',(3.2265E+03,166.25833024919));
#8473 = CARTESIAN_POINT('',(3.23625E+03,160.62916512459));
#8474 = CARTESIAN_POINT('',(3.246E+03,155.));
#8475 = CARTESIAN_POINT('',(3.23625E+03,149.3708348754));
#8476 = CARTESIAN_POINT('',(3.2265E+03,143.7416697508));
#8477 = CARTESIAN_POINT('',(3.2265E+03,155.));
#8478 = ( GEOMETRIC_REPRESENTATION_CONTEXT(2) 
PARAMETRIC_REPRESENTATION_CONTEXT() REPRESENTATION_CONTEXT('2D SPACE',''
  ) );
#8479 = PCURVE('',#6939,#8480);
#8480 = DEFINITIONAL_REPRESENTATION('',(#8481),#8485);
#8481 = LINE('',#8482,#8483);
#8482 = CARTESIAN_POINT('',(0.,10.));
#8483 = VECTOR('',#8484,1.);
#8484 = DIRECTION('',(1.,0.));
#8485 = ( GEOMETRIC_REPRESENTATION_CONTEXT(2) 
PARAMETRIC_REPRESENTATION_CONTEXT() REPRESENTATION_CONTEXT('2D SPACE',''
  ) );
#8486 = FACE_BOUND('',#8487,.F.);
#8487 = EDGE_LOOP('',(#8488));
#8488 = ORIENTED_EDGE('',*,*,#8489,.T.);
#8489 = EDGE_CURVE('',#8490,#8490,#8492,.T.);
#8490 = VERTEX_POINT('',#8491);
#8491 = CARTESIAN_POINT('',(3.3265E+03,155.,0.));
#8492 = SURFACE_CURVE('',#8493,(#8498,#8509),.PCURVE_S1.);
#8493 = CIRCLE('',#8494,6.5);
#8494 = AXIS2_PLACEMENT_3D('',#8495,#8496,#8497);
#8495 = CARTESIAN_POINT('',(3.333E+03,155.,0.));
#8496 = DIRECTION('',(0.,0.,-1.));
#8497 = DIRECTION('',(-1.,0.,0.));
#8498 = PCURVE('',#5220,#8499);
#8499 = DEFINITIONAL_REPRESENTATION('',(#8500),#8508);
#8500 = ( BOUNDED_CURVE() B_SPLINE_CURVE(2,(#8501,#8502,#8503,#8504,
#8505,#8506,#8507),.UNSPECIFIED.,.T.,.F.) B_SPLINE_CURVE_WITH_KNOTS((1,2
    ,2,2,2,1),(-2.094395102393,0.,2.094395102393,4.188790204786,
6.28318530718,8.377580409573),.UNSPECIFIED.) CURVE() 
GEOMETRIC_REPRESENTATION_ITEM() RATIONAL_B_SPLINE_CURVE((1.,0.5,1.,0.5,
1.,0.5,1.)) REPRESENTATION_ITEM('') );
#8501 = CARTESIAN_POINT('',(3.3265E+03,155.));
#8502 = CARTESIAN_POINT('',(3.3265E+03,166.25833024919));
#8503 = CARTESIAN_POINT('',(3.33625E+03,160.62916512459));
#8504 = CARTESIAN_POINT('',(3.346E+03,155.));
#8505 = CARTESIAN_POINT('',(3.33625E+03,149.3708348754));
#8506 = CARTESIAN_POINT('',(3.3265E+03,143.7416697508));
#8507 = CARTESIAN_POINT('',(3.3265E+03,155.));
#8508 = ( GEOMETRIC_REPRESENTATION_CONTEXT(2) 
PARAMETRIC_REPRESENTATION_CONTEXT() REPRESENTATION_CONTEXT('2D SPACE',''
  ) );
#8509 = PCURVE('',#6974,#8510);
#8510 = DEFINITIONAL_REPRESENTATION('',(#8511),#8515);
#8511 = LINE('',#8512,#8513);
#8512 = CARTESIAN_POINT('',(0.,10.));
#8513 = VECTOR('',#8514,1.);
#8514 = DIRECTION('',(1.,0.));
#8515 = ( GEOMETRIC_REPRESENTATION_CONTEXT(2) 
PARAMETRIC_REPRESENTATION_CONTEXT() REPRESENTATION_CONTEXT('2D SPACE',''
  ) );
#8516 = FACE_BOUND('',#8517,.F.);
#8517 = EDGE_LOOP('',(#8518));
#8518 = ORIENTED_EDGE('',*,*,#8519,.T.);
#8519 = EDGE_CURVE('',#8520,#8520,#8522,.T.);
#8520 = VERTEX_POINT('',#8521);
#8521 = CARTESIAN_POINT('',(3.4265E+03,155.,0.));
#8522 = SURFACE_CURVE('',#8523,(#8528,#8539),.PCURVE_S1.);
#8523 = CIRCLE('',#8524,6.5);
#8524 = AXIS2_PLACEMENT_3D('',#8525,#8526,#8527);
#8525 = CARTESIAN_POINT('',(3.433E+03,155.,0.));
#8526 = DIRECTION('',(0.,0.,-1.));
#8527 = DIRECTION('',(-1.,0.,0.));
#8528 = PCURVE('',#5220,#8529);
#8529 = DEFINITIONAL_REPRESENTATION('',(#8530),#8538);
#8530 = ( BOUNDED_CURVE() B_SPLINE_CURVE(2,(#8531,#8532,#8533,#8534,
#8535,#8536,#8537),.UNSPECIFIED.,.T.,.F.) B_SPLINE_CURVE_WITH_KNOTS((1,2
    ,2,2,2,1),(-2.094395102393,0.,2.094395102393,4.188790204786,
6.28318530718,8.377580409573),.UNSPECIFIED.) CURVE() 
GEOMETRIC_REPRESENTATION_ITEM() RATIONAL_B_SPLINE_CURVE((1.,0.5,1.,0.5,
1.,0.5,1.)) REPRESENTATION_ITEM('') );
#8531 = CARTESIAN_POINT('',(3.4265E+03,155.));
#8532 = CARTESIAN_POINT('',(3.4265E+03,166.25833024919));
#8533 = CARTESIAN_POINT('',(3.43625E+03,160.62916512459));
#8534 = CARTESIAN_POINT('',(3.446E+03,155.));
#8535 = CARTESIAN_POINT('',(3.43625E+03,149.3708348754));
#8536 = CARTESIAN_POINT('',(3.4265E+03,143.7416697508));
#8537 = CARTESIAN_POINT('',(3.4265E+03,155.));
#8538 = ( GEOMETRIC_REPRESENTATION_CONTEXT(2) 
PARAMETRIC_REPRESENTATION_CONTEXT() REPRESENTATION_CONTEXT('2D SPACE',''
  ) );
#8539 = PCURVE('',#7009,#8540);
#8540 = DEFINITIONAL_REPRESENTATION('',(#8541),#8545);
#8541 = LINE('',#8542,#8543);
#8542 = CARTESIAN_POINT('',(0.,10.));
#8543 = VECTOR('',#8544,1.);
#8544 = DIRECTION('',(1.,0.));
#8545 = ( GEOMETRIC_REPRESENTATION_CONTEXT(2) 
PARAMETRIC_REPRESENTATION_CONTEXT() REPRESENTATION_CONTEXT('2D SPACE',''
  ) );
#8546 = FACE_BOUND('',#8547,.F.);
#8547 = EDGE_LOOP('',(#8548));
#8548 = ORIENTED_EDGE('',*,*,#8549,.T.);
#8549 = EDGE_CURVE('',#8550,#8550,#8552,.T.);
#8550 = VERTEX_POINT('',#8551);
#8551 = CARTESIAN_POINT('',(3.5265E+03,155.,0.));
#8552 = SURFACE_CURVE('',#8553,(#8558,#8569),.PCURVE_S1.);
#8553 = CIRCLE('',#8554,6.5);
#8554 = AXIS2_PLACEMENT_3D('',#8555,#8556,#8557);
#8555 = CARTESIAN_POINT('',(3.533E+03,155.,0.));
#8556 = DIRECTION('',(0.,0.,-1.));
#8557 = DIRECTION('',(-1.,0.,0.));
#8558 = PCURVE('',#5220,#8559);
#8559 = DEFINITIONAL_REPRESENTATION('',(#8560),#8568);
#8560 = ( BOUNDED_CURVE() B_SPLINE_CURVE(2,(#8561,#8562,#8563,#8564,
#8565,#8566,#8567),.UNSPECIFIED.,.T.,.F.) B_SPLINE_CURVE_WITH_KNOTS((1,2
    ,2,2,2,1),(-2.094395102393,0.,2.094395102393,4.188790204786,
6.28318530718,8.377580409573),.UNSPECIFIED.) CURVE() 
GEOMETRIC_REPRESENTATION_ITEM() RATIONAL_B_SPLINE_CURVE((1.,0.5,1.,0.5,
1.,0.5,1.)) REPRESENTATION_ITEM('') );
#8561 = CARTESIAN_POINT('',(3.5265E+03,155.));
#8562 = CARTESIAN_POINT('',(3.5265E+03,166.25833024919));
#8563 = CARTESIAN_POINT('',(3.53625E+03,160.62916512459));
#8564 = CARTESIAN_POINT('',(3.546E+03,155.));
#8565 = CARTESIAN_POINT('',(3.53625E+03,149.3708348754));
#8566 = CARTESIAN_POINT('',(3.5265E+03,143.7416697508));
#8567 = CARTESIAN_POINT('',(3.5265E+03,155.));
#8568 = ( GEOMETRIC_REPRESENTATION_CONTEXT(2) 
PARAMETRIC_REPRESENTATION_CONTEXT() REPRESENTATION_CONTEXT('2D SPACE',''
  ) );
#8569 = PCURVE('',#7044,#8570);
#8570 = DEFINITIONAL_REPRESENTATION('',(#8571),#8575);
#8571 = LINE('',#8572,#8573);
#8572 = CARTESIAN_POINT('',(0.,10.));
#8573 = VECTOR('',#8574,1.);
#8574 = DIRECTION('',(1.,0.));
#8575 = ( GEOMETRIC_REPRESENTATION_CONTEXT(2) 
PARAMETRIC_REPRESENTATION_CONTEXT() REPRESENTATION_CONTEXT('2D SPACE',''
  ) );
#8576 = FACE_BOUND('',#8577,.F.);
#8577 = EDGE_LOOP('',(#8578));
#8578 = ORIENTED_EDGE('',*,*,#8579,.T.);
#8579 = EDGE_CURVE('',#8580,#8580,#8582,.T.);
#8580 = VERTEX_POINT('',#8581);
#8581 = CARTESIAN_POINT('',(3.6265E+03,155.,0.));
#8582 = SURFACE_CURVE('',#8583,(#8588,#8599),.PCURVE_S1.);
#8583 = CIRCLE('',#8584,6.5);
#8584 = AXIS2_PLACEMENT_3D('',#8585,#8586,#8587);
#8585 = CARTESIAN_POINT('',(3.633E+03,155.,0.));
#8586 = DIRECTION('',(0.,0.,-1.));
#8587 = DIRECTION('',(-1.,0.,0.));
#8588 = PCURVE('',#5220,#8589);
#8589 = DEFINITIONAL_REPRESENTATION('',(#8590),#8598);
#8590 = ( BOUNDED_CURVE() B_SPLINE_CURVE(2,(#8591,#8592,#8593,#8594,
#8595,#8596,#8597),.UNSPECIFIED.,.T.,.F.) B_SPLINE_CURVE_WITH_KNOTS((1,2
    ,2,2,2,1),(-2.094395102393,0.,2.094395102393,4.188790204786,
6.28318530718,8.377580409573),.UNSPECIFIED.) CURVE() 
GEOMETRIC_REPRESENTATION_ITEM() RATIONAL_B_SPLINE_CURVE((1.,0.5,1.,0.5,
1.,0.5,1.)) REPRESENTATION_ITEM('') );
#8591 = CARTESIAN_POINT('',(3.6265E+03,155.));
#8592 = CARTESIAN_POINT('',(3.6265E+03,166.25833024919));
#8593 = CARTESIAN_POINT('',(3.63625E+03,160.62916512459));
#8594 = CARTESIAN_POINT('',(3.646E+03,155.));
#8595 = CARTESIAN_POINT('',(3.63625E+03,149.3708348754));
#8596 = CARTESIAN_POINT('',(3.6265E+03,143.7416697508));
#8597 = CARTESIAN_POINT('',(3.6265E+03,155.));
#8598 = ( GEOMETRIC_REPRESENTATION_CONTEXT(2) 
PARAMETRIC_REPRESENTATION_CONTEXT() REPRESENTATION_CONTEXT('2D SPACE',''
  ) );
#8599 = PCURVE('',#7079,#8600);
#8600 = DEFINITIONAL_REPRESENTATION('',(#8601),#8605);
#8601 = LINE('',#8602,#8603);
#8602 = CARTESIAN_POINT('',(0.,10.));
#8603 = VECTOR('',#8604,1.);
#8604 = DIRECTION('',(1.,0.));
#8605 = ( GEOMETRIC_REPRESENTATION_CONTEXT(2) 
PARAMETRIC_REPRESENTATION_CONTEXT() REPRESENTATION_CONTEXT('2D SPACE',''
  ) );
#8606 = ADVANCED_FACE('',(#8607),#5350,.T.);
#8607 = FACE_BOUND('',#8608,.T.);
#8608 = EDGE_LOOP('',(#8609,#8610,#8611,#8612));
#8609 = ORIENTED_EDGE('',*,*,#5336,.F.);
#8610 = ORIENTED_EDGE('',*,*,#7145,.T.);
#8611 = ORIENTED_EDGE('',*,*,#7119,.T.);
#8612 = ORIENTED_EDGE('',*,*,#5367,.F.);
#8613 = ADVANCED_FACE('',(#8614),#5434,.F.);
#8614 = FACE_BOUND('',#8615,.F.);
#8615 = EDGE_LOOP('',(#8616,#8617,#8638,#8639));
#8616 = ORIENTED_EDGE('',*,*,#7169,.F.);
#8617 = ORIENTED_EDGE('',*,*,#8618,.F.);
#8618 = EDGE_CURVE('',#5414,#7170,#8619,.T.);
#8619 = SEAM_CURVE('',#8620,(#8624,#8631),.PCURVE_S1.);
#8620 = LINE('',#8621,#8622);
#8621 = CARTESIAN_POINT('',(33.5,45.,10.));
#8622 = VECTOR('',#8623,1.);
#8623 = DIRECTION('',(0.,0.,-1.));
#8624 = PCURVE('',#5434,#8625);
#8625 = DEFINITIONAL_REPRESENTATION('',(#8626),#8630);
#8626 = LINE('',#8627,#8628);
#8627 = CARTESIAN_POINT('',(0.,-0.));
#8628 = VECTOR('',#8629,1.);
#8629 = DIRECTION('',(0.,1.));
#8630 = ( GEOMETRIC_REPRESENTATION_CONTEXT(2) 
PARAMETRIC_REPRESENTATION_CONTEXT() REPRESENTATION_CONTEXT('2D SPACE',''
  ) );
#8631 = PCURVE('',#5434,#8632);
#8632 = DEFINITIONAL_REPRESENTATION('',(#8633),#8637);
#8633 = LINE('',#8634,#8635);
#8634 = CARTESIAN_POINT('',(6.28318530718,-0.));
#8635 = VECTOR('',#8636,1.);
#8636 = DIRECTION('',(0.,1.));
#8637 = ( GEOMETRIC_REPRESENTATION_CONTEXT(2) 
PARAMETRIC_REPRESENTATION_CONTEXT() REPRESENTATION_CONTEXT('2D SPACE',''
  ) );
#8638 = ORIENTED_EDGE('',*,*,#5413,.T.);
#8639 = ORIENTED_EDGE('',*,*,#8618,.T.);
#8640 = ADVANCED_FACE('',(#8641),#5469,.F.);
#8641 = FACE_BOUND('',#8642,.F.);
#8642 = EDGE_LOOP('',(#8643,#8644,#8665,#8666));
#8643 = ORIENTED_EDGE('',*,*,#7199,.F.);
#8644 = ORIENTED_EDGE('',*,*,#8645,.F.);
#8645 = EDGE_CURVE('',#5449,#7200,#8646,.T.);
#8646 = SEAM_CURVE('',#8647,(#8651,#8658),.PCURVE_S1.);
#8647 = LINE('',#8648,#8649);
#8648 = CARTESIAN_POINT('',(113.5,45.,10.));
#8649 = VECTOR('',#8650,1.);
#8650 = DIRECTION('',(0.,0.,-1.));
#8651 = PCURVE('',#5469,#8652);
#8652 = DEFINITIONAL_REPRESENTATION('',(#8653),#8657);
#8653 = LINE('',#8654,#8655);
#8654 = CARTESIAN_POINT('',(0.,-0.));
#8655 = VECTOR('',#8656,1.);
#8656 = DIRECTION('',(0.,1.));
#8657 = ( GEOMETRIC_REPRESENTATION_CONTEXT(2) 
PARAMETRIC_REPRESENTATION_CONTEXT() REPRESENTATION_CONTEXT('2D SPACE',''
  ) );
#8658 = PCURVE('',#5469,#8659);
#8659 = DEFINITIONAL_REPRESENTATION('',(#8660),#8664);
#8660 = LINE('',#8661,#8662);
#8661 = CARTESIAN_POINT('',(6.28318530718,-0.));
#8662 = VECTOR('',#8663,1.);
#8663 = DIRECTION('',(0.,1.));
#8664 = ( GEOMETRIC_REPRESENTATION_CONTEXT(2) 
PARAMETRIC_REPRESENTATION_CONTEXT() REPRESENTATION_CONTEXT('2D SPACE',''
  ) );
#8665 = ORIENTED_EDGE('',*,*,#5448,.T.);
#8666 = ORIENTED_EDGE('',*,*,#8645,.T.);
#8667 = ADVANCED_FACE('',(#8668),#5504,.F.);
#8668 = FACE_BOUND('',#8669,.F.);
#8669 = EDGE_LOOP('',(#8670,#8671,#8692,#8693));
#8670 = ORIENTED_EDGE('',*,*,#7229,.F.);
#8671 = ORIENTED_EDGE('',*,*,#8672,.F.);
#8672 = EDGE_CURVE('',#5484,#7230,#8673,.T.);
#8673 = SEAM_CURVE('',#8674,(#8678,#8685),.PCURVE_S1.);
#8674 = LINE('',#8675,#8676);
#8675 = CARTESIAN_POINT('',(193.5,45.,10.));
#8676 = VECTOR('',#8677,1.);
#8677 = DIRECTION('',(0.,0.,-1.));
#8678 = PCURVE('',#5504,#8679);
#8679 = DEFINITIONAL_REPRESENTATION('',(#8680),#8684);
#8680 = LINE('',#8681,#8682);
#8681 = CARTESIAN_POINT('',(0.,-0.));
#8682 = VECTOR('',#8683,1.);
#8683 = DIRECTION('',(0.,1.));
#8684 = ( GEOMETRIC_REPRESENTATION_CONTEXT(2) 
PARAMETRIC_REPRESENTATION_CONTEXT() REPRESENTATION_CONTEXT('2D SPACE',''
  ) );
#8685 = PCURVE('',#5504,#8686);
#8686 = DEFINITIONAL_REPRESENTATION('',(#8687),#8691);
#8687 = LINE('',#8688,#8689);
#8688 = CARTESIAN_POINT('',(6.28318530718,-0.));
#8689 = VECTOR('',#8690,1.);
#8690 = DIRECTION('',(0.,1.));
#8691 = ( GEOMETRIC_REPRESENTATION_CONTEXT(2) 
PARAMETRIC_REPRESENTATION_CONTEXT() REPRESENTATION_CONTEXT('2D SPACE',''
  ) );
#8692 = ORIENTED_EDGE('',*,*,#5483,.T.);
#8693 = ORIENTED_EDGE('',*,*,#8672,.T.);
#8694 = ADVANCED_FACE('',(#8695),#5539,.F.);
#8695 = FACE_BOUND('',#8696,.F.);
#8696 = EDGE_LOOP('',(#8697,#8698,#8719,#8720));
#8697 = ORIENTED_EDGE('',*,*,#7259,.F.);
#8698 = ORIENTED_EDGE('',*,*,#8699,.F.);
#8699 = EDGE_CURVE('',#5519,#7260,#8700,.T.);
#8700 = SEAM_CURVE('',#8701,(#8705,#8712),.PCURVE_S1.);
#8701 = LINE('',#8702,#8703);
#8702 = CARTESIAN_POINT('',(273.5,45.,10.));
#8703 = VECTOR('',#8704,1.);
#8704 = DIRECTION('',(0.,0.,-1.));
#8705 = PCURVE('',#5539,#8706);
#8706 = DEFINITIONAL_REPRESENTATION('',(#8707),#8711);
#8707 = LINE('',#8708,#8709);
#8708 = CARTESIAN_POINT('',(0.,-0.));
#8709 = VECTOR('',#8710,1.);
#8710 = DIRECTION('',(0.,1.));
#8711 = ( GEOMETRIC_REPRESENTATION_CONTEXT(2) 
PARAMETRIC_REPRESENTATION_CONTEXT() REPRESENTATION_CONTEXT('2D SPACE',''
  ) );
#8712 = PCURVE('',#5539,#8713);
#8713 = DEFINITIONAL_REPRESENTATION('',(#8714),#8718);
#8714 = LINE('',#8715,#8716);
#8715 = CARTESIAN_POINT('',(6.28318530718,-0.));
#8716 = VECTOR('',#8717,1.);
#8717 = DIRECTION('',(0.,1.));
#8718 = ( GEOMETRIC_REPRESENTATION_CONTEXT(2) 
PARAMETRIC_REPRESENTATION_CONTEXT() REPRESENTATION_CONTEXT('2D SPACE',''
  ) );
#8719 = ORIENTED_EDGE('',*,*,#5518,.T.);
#8720 = ORIENTED_EDGE('',*,*,#8699,.T.);
#8721 = ADVANCED_FACE('',(#8722),#5574,.F.);
#8722 = FACE_BOUND('',#8723,.F.);
#8723 = EDGE_LOOP('',(#8724,#8725,#8746,#8747));
#8724 = ORIENTED_EDGE('',*,*,#7289,.F.);
#8725 = ORIENTED_EDGE('',*,*,#8726,.F.);
#8726 = EDGE_CURVE('',#5554,#7290,#8727,.T.);
#8727 = SEAM_CURVE('',#8728,(#8732,#8739),.PCURVE_S1.);
#8728 = LINE('',#8729,#8730);
#8729 = CARTESIAN_POINT('',(353.5,45.,10.));
#8730 = VECTOR('',#8731,1.);
#8731 = DIRECTION('',(0.,0.,-1.));
#8732 = PCURVE('',#5574,#8733);
#8733 = DEFINITIONAL_REPRESENTATION('',(#8734),#8738);
#8734 = LINE('',#8735,#8736);
#8735 = CARTESIAN_POINT('',(0.,-0.));
#8736 = VECTOR('',#8737,1.);
#8737 = DIRECTION('',(0.,1.));
#8738 = ( GEOMETRIC_REPRESENTATION_CONTEXT(2) 
PARAMETRIC_REPRESENTATION_CONTEXT() REPRESENTATION_CONTEXT('2D SPACE',''
  ) );
#8739 = PCURVE('',#5574,#8740);
#8740 = DEFINITIONAL_REPRESENTATION('',(#8741),#8745);
#8741 = LINE('',#8742,#8743);
#8742 = CARTESIAN_POINT('',(6.28318530718,-0.));
#8743 = VECTOR('',#8744,1.);
#8744 = DIRECTION('',(0.,1.));
#8745 = ( GEOMETRIC_REPRESENTATION_CONTEXT(2) 
PARAMETRIC_REPRESENTATION_CONTEXT() REPRESENTATION_CONTEXT('2D SPACE',''
  ) );
#8746 = ORIENTED_EDGE('',*,*,#5553,.T.);
#8747 = ORIENTED_EDGE('',*,*,#8726,.T.);
#8748 = ADVANCED_FACE('',(#8749),#5609,.F.);
#8749 = FACE_BOUND('',#8750,.F.);
#8750 = EDGE_LOOP('',(#8751,#8752,#8773,#8774));
#8751 = ORIENTED_EDGE('',*,*,#7319,.F.);
#8752 = ORIENTED_EDGE('',*,*,#8753,.F.);
#8753 = EDGE_CURVE('',#5589,#7320,#8754,.T.);
#8754 = SEAM_CURVE('',#8755,(#8759,#8766),.PCURVE_S1.);
#8755 = LINE('',#8756,#8757);
#8756 = CARTESIAN_POINT('',(433.5,45.,10.));
#8757 = VECTOR('',#8758,1.);
#8758 = DIRECTION('',(0.,0.,-1.));
#8759 = PCURVE('',#5609,#8760);
#8760 = DEFINITIONAL_REPRESENTATION('',(#8761),#8765);
#8761 = LINE('',#8762,#8763);
#8762 = CARTESIAN_POINT('',(0.,-0.));
#8763 = VECTOR('',#8764,1.);
#8764 = DIRECTION('',(0.,1.));
#8765 = ( GEOMETRIC_REPRESENTATION_CONTEXT(2) 
PARAMETRIC_REPRESENTATION_CONTEXT() REPRESENTATION_CONTEXT('2D SPACE',''
  ) );
#8766 = PCURVE('',#5609,#8767);
#8767 = DEFINITIONAL_REPRESENTATION('',(#8768),#8772);
#8768 = LINE('',#8769,#8770);
#8769 = CARTESIAN_POINT('',(6.28318530718,-0.));
#8770 = VECTOR('',#8771,1.);
#8771 = DIRECTION('',(0.,1.));
#8772 = ( GEOMETRIC_REPRESENTATION_CONTEXT(2) 
PARAMETRIC_REPRESENTATION_CONTEXT() REPRESENTATION_CONTEXT('2D SPACE',''
  ) );
#8773 = ORIENTED_EDGE('',*,*,#5588,.T.);
#8774 = ORIENTED_EDGE('',*,*,#8753,.T.);
#8775 = ADVANCED_FACE('',(#8776),#5644,.F.);
#8776 = FACE_BOUND('',#8777,.F.);
#8777 = EDGE_LOOP('',(#8778,#8779,#8800,#8801));
#8778 = ORIENTED_EDGE('',*,*,#7349,.F.);
#8779 = ORIENTED_EDGE('',*,*,#8780,.F.);
#8780 = EDGE_CURVE('',#5624,#7350,#8781,.T.);
#8781 = SEAM_CURVE('',#8782,(#8786,#8793),.PCURVE_S1.);
#8782 = LINE('',#8783,#8784);
#8783 = CARTESIAN_POINT('',(513.5,45.,10.));
#8784 = VECTOR('',#8785,1.);
#8785 = DIRECTION('',(0.,0.,-1.));
#8786 = PCURVE('',#5644,#8787);
#8787 = DEFINITIONAL_REPRESENTATION('',(#8788),#8792);
#8788 = LINE('',#8789,#8790);
#8789 = CARTESIAN_POINT('',(0.,-0.));
#8790 = VECTOR('',#8791,1.);
#8791 = DIRECTION('',(0.,1.));
#8792 = ( GEOMETRIC_REPRESENTATION_CONTEXT(2) 
PARAMETRIC_REPRESENTATION_CONTEXT() REPRESENTATION_CONTEXT('2D SPACE',''
  ) );
#8793 = PCURVE('',#5644,#8794);
#8794 = DEFINITIONAL_REPRESENTATION('',(#8795),#8799);
#8795 = LINE('',#8796,#8797);
#8796 = CARTESIAN_POINT('',(6.28318530718,-0.));
#8797 = VECTOR('',#8798,1.);
#8798 = DIRECTION('',(0.,1.));
#8799 = ( GEOMETRIC_REPRESENTATION_CONTEXT(2) 
PARAMETRIC_REPRESENTATION_CONTEXT() REPRESENTATION_CONTEXT('2D SPACE',''
  ) );
#8800 = ORIENTED_EDGE('',*,*,#5623,.T.);
#8801 = ORIENTED_EDGE('',*,*,#8780,.T.);
#8802 = ADVANCED_FACE('',(#8803),#5679,.F.);
#8803 = FACE_BOUND('',#8804,.F.);
#8804 = EDGE_LOOP('',(#8805,#8806,#8827,#8828));
#8805 = ORIENTED_EDGE('',*,*,#7379,.F.);
#8806 = ORIENTED_EDGE('',*,*,#8807,.F.);
#8807 = EDGE_CURVE('',#5659,#7380,#8808,.T.);
#8808 = SEAM_CURVE('',#8809,(#8813,#8820),.PCURVE_S1.);
#8809 = LINE('',#8810,#8811);
#8810 = CARTESIAN_POINT('',(663.5,45.,10.));
#8811 = VECTOR('',#8812,1.);
#8812 = DIRECTION('',(0.,0.,-1.));
#8813 = PCURVE('',#5679,#8814);
#8814 = DEFINITIONAL_REPRESENTATION('',(#8815),#8819);
#8815 = LINE('',#8816,#8817);
#8816 = CARTESIAN_POINT('',(0.,-0.));
#8817 = VECTOR('',#8818,1.);
#8818 = DIRECTION('',(0.,1.));
#8819 = ( GEOMETRIC_REPRESENTATION_CONTEXT(2) 
PARAMETRIC_REPRESENTATION_CONTEXT() REPRESENTATION_CONTEXT('2D SPACE',''
  ) );
#8820 = PCURVE('',#5679,#8821);
#8821 = DEFINITIONAL_REPRESENTATION('',(#8822),#8826);
#8822 = LINE('',#8823,#8824);
#8823 = CARTESIAN_POINT('',(6.28318530718,-0.));
#8824 = VECTOR('',#8825,1.);
#8825 = DIRECTION('',(0.,1.));
#8826 = ( GEOMETRIC_REPRESENTATION_CONTEXT(2) 
PARAMETRIC_REPRESENTATION_CONTEXT() REPRESENTATION_CONTEXT('2D SPACE',''
  ) );
#8827 = ORIENTED_EDGE('',*,*,#5658,.T.);
#8828 = ORIENTED_EDGE('',*,*,#8807,.T.);
#8829 = ADVANCED_FACE('',(#8830),#5714,.F.);
#8830 = FACE_BOUND('',#8831,.F.);
#8831 = EDGE_LOOP('',(#8832,#8833,#8854,#8855));
#8832 = ORIENTED_EDGE('',*,*,#7409,.F.);
#8833 = ORIENTED_EDGE('',*,*,#8834,.F.);
#8834 = EDGE_CURVE('',#5694,#7410,#8835,.T.);
#8835 = SEAM_CURVE('',#8836,(#8840,#8847),.PCURVE_S1.);
#8836 = LINE('',#8837,#8838);
#8837 = CARTESIAN_POINT('',(813.5,45.,10.));
#8838 = VECTOR('',#8839,1.);
#8839 = DIRECTION('',(0.,0.,-1.));
#8840 = PCURVE('',#5714,#8841);
#8841 = DEFINITIONAL_REPRESENTATION('',(#8842),#8846);
#8842 = LINE('',#8843,#8844);
#8843 = CARTESIAN_POINT('',(0.,-0.));
#8844 = VECTOR('',#8845,1.);
#8845 = DIRECTION('',(0.,1.));
#8846 = ( GEOMETRIC_REPRESENTATION_CONTEXT(2) 
PARAMETRIC_REPRESENTATION_CONTEXT() REPRESENTATION_CONTEXT('2D SPACE',''
  ) );
#8847 = PCURVE('',#5714,#8848);
#8848 = DEFINITIONAL_REPRESENTATION('',(#8849),#8853);
#8849 = LINE('',#8850,#8851);
#8850 = CARTESIAN_POINT('',(6.28318530718,-0.));
#8851 = VECTOR('',#8852,1.);
#8852 = DIRECTION('',(0.,1.));
#8853 = ( GEOMETRIC_REPRESENTATION_CONTEXT(2) 
PARAMETRIC_REPRESENTATION_CONTEXT() REPRESENTATION_CONTEXT('2D SPACE',''
  ) );
#8854 = ORIENTED_EDGE('',*,*,#5693,.T.);
#8855 = ORIENTED_EDGE('',*,*,#8834,.T.);
#8856 = ADVANCED_FACE('',(#8857),#5749,.F.);
#8857 = FACE_BOUND('',#8858,.F.);
#8858 = EDGE_LOOP('',(#8859,#8860,#8881,#8882));
#8859 = ORIENTED_EDGE('',*,*,#7439,.F.);
#8860 = ORIENTED_EDGE('',*,*,#8861,.F.);
#8861 = EDGE_CURVE('',#5729,#7440,#8862,.T.);
#8862 = SEAM_CURVE('',#8863,(#8867,#8874),.PCURVE_S1.);
#8863 = LINE('',#8864,#8865);
#8864 = CARTESIAN_POINT('',(963.5,45.,10.));
#8865 = VECTOR('',#8866,1.);
#8866 = DIRECTION('',(0.,0.,-1.));
#8867 = PCURVE('',#5749,#8868);
#8868 = DEFINITIONAL_REPRESENTATION('',(#8869),#8873);
#8869 = LINE('',#8870,#8871);
#8870 = CARTESIAN_POINT('',(0.,-0.));
#8871 = VECTOR('',#8872,1.);
#8872 = DIRECTION('',(0.,1.));
#8873 = ( GEOMETRIC_REPRESENTATION_CONTEXT(2) 
PARAMETRIC_REPRESENTATION_CONTEXT() REPRESENTATION_CONTEXT('2D SPACE',''
  ) );
#8874 = PCURVE('',#5749,#8875);
#8875 = DEFINITIONAL_REPRESENTATION('',(#8876),#8880);
#8876 = LINE('',#8877,#8878);
#8877 = CARTESIAN_POINT('',(6.28318530718,-0.));
#8878 = VECTOR('',#8879,1.);
#8879 = DIRECTION('',(0.,1.));
#8880 = ( GEOMETRIC_REPRESENTATION_CONTEXT(2) 
PARAMETRIC_REPRESENTATION_CONTEXT() REPRESENTATION_CONTEXT('2D SPACE',''
  ) );
#8881 = ORIENTED_EDGE('',*,*,#5728,.T.);
#8882 = ORIENTED_EDGE('',*,*,#8861,.T.);
#8883 = ADVANCED_FACE('',(#8884),#5784,.F.);
#8884 = FACE_BOUND('',#8885,.F.);
#8885 = EDGE_LOOP('',(#8886,#8887,#8908,#8909));
#8886 = ORIENTED_EDGE('',*,*,#7469,.F.);
#8887 = ORIENTED_EDGE('',*,*,#8888,.F.);
#8888 = EDGE_CURVE('',#5764,#7470,#8889,.T.);
#8889 = SEAM_CURVE('',#8890,(#8894,#8901),.PCURVE_S1.);
#8890 = LINE('',#8891,#8892);
#8891 = CARTESIAN_POINT('',(1.1135E+03,45.,10.));
#8892 = VECTOR('',#8893,1.);
#8893 = DIRECTION('',(0.,0.,-1.));
#8894 = PCURVE('',#5784,#8895);
#8895 = DEFINITIONAL_REPRESENTATION('',(#8896),#8900);
#8896 = LINE('',#8897,#8898);
#8897 = CARTESIAN_POINT('',(0.,-0.));
#8898 = VECTOR('',#8899,1.);
#8899 = DIRECTION('',(0.,1.));
#8900 = ( GEOMETRIC_REPRESENTATION_CONTEXT(2) 
PARAMETRIC_REPRESENTATION_CONTEXT() REPRESENTATION_CONTEXT('2D SPACE',''
  ) );
#8901 = PCURVE('',#5784,#8902);
#8902 = DEFINITIONAL_REPRESENTATION('',(#8903),#8907);
#8903 = LINE('',#8904,#8905);
#8904 = CARTESIAN_POINT('',(6.28318530718,-0.));
#8905 = VECTOR('',#8906,1.);
#8906 = DIRECTION('',(0.,1.));
#8907 = ( GEOMETRIC_REPRESENTATION_CONTEXT(2) 
PARAMETRIC_REPRESENTATION_CONTEXT() REPRESENTATION_CONTEXT('2D SPACE',''
  ) );
#8908 = ORIENTED_EDGE('',*,*,#5763,.T.);
#8909 = ORIENTED_EDGE('',*,*,#8888,.T.);
#8910 = ADVANCED_FACE('',(#8911),#5819,.F.);
#8911 = FACE_BOUND('',#8912,.F.);
#8912 = EDGE_LOOP('',(#8913,#8914,#8935,#8936));
#8913 = ORIENTED_EDGE('',*,*,#7499,.F.);
#8914 = ORIENTED_EDGE('',*,*,#8915,.F.);
#8915 = EDGE_CURVE('',#5799,#7500,#8916,.T.);
#8916 = SEAM_CURVE('',#8917,(#8921,#8928),.PCURVE_S1.);
#8917 = LINE('',#8918,#8919);
#8918 = CARTESIAN_POINT('',(1.5135E+03,45.,10.));
#8919 = VECTOR('',#8920,1.);
#8920 = DIRECTION('',(0.,0.,-1.));
#8921 = PCURVE('',#5819,#8922);
#8922 = DEFINITIONAL_REPRESENTATION('',(#8923),#8927);
#8923 = LINE('',#8924,#8925);
#8924 = CARTESIAN_POINT('',(0.,-0.));
#8925 = VECTOR('',#8926,1.);
#8926 = DIRECTION('',(0.,1.));
#8927 = ( GEOMETRIC_REPRESENTATION_CONTEXT(2) 
PARAMETRIC_REPRESENTATION_CONTEXT() REPRESENTATION_CONTEXT('2D SPACE',''
  ) );
#8928 = PCURVE('',#5819,#8929);
#8929 = DEFINITIONAL_REPRESENTATION('',(#8930),#8934);
#8930 = LINE('',#8931,#8932);
#8931 = CARTESIAN_POINT('',(6.28318530718,-0.));
#8932 = VECTOR('',#8933,1.);
#8933 = DIRECTION('',(0.,1.));
#8934 = ( GEOMETRIC_REPRESENTATION_CONTEXT(2) 
PARAMETRIC_REPRESENTATION_CONTEXT() REPRESENTATION_CONTEXT('2D SPACE',''
  ) );
#8935 = ORIENTED_EDGE('',*,*,#5798,.T.);
#8936 = ORIENTED_EDGE('',*,*,#8915,.T.);
#8937 = ADVANCED_FACE('',(#8938),#5854,.F.);
#8938 = FACE_BOUND('',#8939,.F.);
#8939 = EDGE_LOOP('',(#8940,#8941,#8962,#8963));
#8940 = ORIENTED_EDGE('',*,*,#7529,.F.);
#8941 = ORIENTED_EDGE('',*,*,#8942,.F.);
#8942 = EDGE_CURVE('',#5834,#7530,#8943,.T.);
#8943 = SEAM_CURVE('',#8944,(#8948,#8955),.PCURVE_S1.);
#8944 = LINE('',#8945,#8946);
#8945 = CARTESIAN_POINT('',(1.8205E+03,45.,10.));
#8946 = VECTOR('',#8947,1.);
#8947 = DIRECTION('',(0.,0.,-1.));
#8948 = PCURVE('',#5854,#8949);
#8949 = DEFINITIONAL_REPRESENTATION('',(#8950),#8954);
#8950 = LINE('',#8951,#8952);
#8951 = CARTESIAN_POINT('',(0.,-0.));
#8952 = VECTOR('',#8953,1.);
#8953 = DIRECTION('',(0.,1.));
#8954 = ( GEOMETRIC_REPRESENTATION_CONTEXT(2) 
PARAMETRIC_REPRESENTATION_CONTEXT() REPRESENTATION_CONTEXT('2D SPACE',''
  ) );
#8955 = PCURVE('',#5854,#8956);
#8956 = DEFINITIONAL_REPRESENTATION('',(#8957),#8961);
#8957 = LINE('',#8958,#8959);
#8958 = CARTESIAN_POINT('',(6.28318530718,-0.));
#8959 = VECTOR('',#8960,1.);
#8960 = DIRECTION('',(0.,1.));
#8961 = ( GEOMETRIC_REPRESENTATION_CONTEXT(2) 
PARAMETRIC_REPRESENTATION_CONTEXT() REPRESENTATION_CONTEXT('2D SPACE',''
  ) );
#8962 = ORIENTED_EDGE('',*,*,#5833,.T.);
#8963 = ORIENTED_EDGE('',*,*,#8942,.T.);
#8964 = ADVANCED_FACE('',(#8965),#5889,.F.);
#8965 = FACE_BOUND('',#8966,.F.);
#8966 = EDGE_LOOP('',(#8967,#8968,#8989,#8990));
#8967 = ORIENTED_EDGE('',*,*,#7559,.F.);
#8968 = ORIENTED_EDGE('',*,*,#8969,.F.);
#8969 = EDGE_CURVE('',#5869,#7560,#8970,.T.);
#8970 = SEAM_CURVE('',#8971,(#8975,#8982),.PCURVE_S1.);
#8971 = LINE('',#8972,#8973);
#8972 = CARTESIAN_POINT('',(2.1265E+03,45.,10.));
#8973 = VECTOR('',#8974,1.);
#8974 = DIRECTION('',(0.,0.,-1.));
#8975 = PCURVE('',#5889,#8976);
#8976 = DEFINITIONAL_REPRESENTATION('',(#8977),#8981);
#8977 = LINE('',#8978,#8979);
#8978 = CARTESIAN_POINT('',(0.,-0.));
#8979 = VECTOR('',#8980,1.);
#8980 = DIRECTION('',(0.,1.));
#8981 = ( GEOMETRIC_REPRESENTATION_CONTEXT(2) 
PARAMETRIC_REPRESENTATION_CONTEXT() REPRESENTATION_CONTEXT('2D SPACE',''
  ) );
#8982 = PCURVE('',#5889,#8983);
#8983 = DEFINITIONAL_REPRESENTATION('',(#8984),#8988);
#8984 = LINE('',#8985,#8986);
#8985 = CARTESIAN_POINT('',(6.28318530718,-0.));
#8986 = VECTOR('',#8987,1.);
#8987 = DIRECTION('',(0.,1.));
#8988 = ( GEOMETRIC_REPRESENTATION_CONTEXT(2) 
PARAMETRIC_REPRESENTATION_CONTEXT() REPRESENTATION_CONTEXT('2D SPACE',''
  ) );
#8989 = ORIENTED_EDGE('',*,*,#5868,.T.);
#8990 = ORIENTED_EDGE('',*,*,#8969,.T.);
#8991 = ADVANCED_FACE('',(#8992),#5924,.F.);
#8992 = FACE_BOUND('',#8993,.F.);
#8993 = EDGE_LOOP('',(#8994,#8995,#9016,#9017));
#8994 = ORIENTED_EDGE('',*,*,#7589,.F.);
#8995 = ORIENTED_EDGE('',*,*,#8996,.F.);
#8996 = EDGE_CURVE('',#5904,#7590,#8997,.T.);
#8997 = SEAM_CURVE('',#8998,(#9002,#9009),.PCURVE_S1.);
#8998 = LINE('',#8999,#9000);
#8999 = CARTESIAN_POINT('',(2.5265E+03,45.,10.));
#9000 = VECTOR('',#9001,1.);
#9001 = DIRECTION('',(0.,0.,-1.));
#9002 = PCURVE('',#5924,#9003);
#9003 = DEFINITIONAL_REPRESENTATION('',(#9004),#9008);
#9004 = LINE('',#9005,#9006);
#9005 = CARTESIAN_POINT('',(0.,-0.));
#9006 = VECTOR('',#9007,1.);
#9007 = DIRECTION('',(0.,1.));
#9008 = ( GEOMETRIC_REPRESENTATION_CONTEXT(2) 
PARAMETRIC_REPRESENTATION_CONTEXT() REPRESENTATION_CONTEXT('2D SPACE',''
  ) );
#9009 = PCURVE('',#5924,#9010);
#9010 = DEFINITIONAL_REPRESENTATION('',(#9011),#9015);
#9011 = LINE('',#9012,#9013);
#9012 = CARTESIAN_POINT('',(6.28318530718,-0.));
#9013 = VECTOR('',#9014,1.);
#9014 = DIRECTION('',(0.,1.));
#9015 = ( GEOMETRIC_REPRESENTATION_CONTEXT(2) 
PARAMETRIC_REPRESENTATION_CONTEXT() REPRESENTATION_CONTEXT('2D SPACE',''
  ) );
#9016 = ORIENTED_EDGE('',*,*,#5903,.T.);
#9017 = ORIENTED_EDGE('',*,*,#8996,.T.);
#9018 = ADVANCED_FACE('',(#9019),#5959,.F.);
#9019 = FACE_BOUND('',#9020,.F.);
#9020 = EDGE_LOOP('',(#9021,#9022,#9043,#9044));
#9021 = ORIENTED_EDGE('',*,*,#7619,.F.);
#9022 = ORIENTED_EDGE('',*,*,#9023,.F.);
#9023 = EDGE_CURVE('',#5939,#7620,#9024,.T.);
#9024 = SEAM_CURVE('',#9025,(#9029,#9036),.PCURVE_S1.);
#9025 = LINE('',#9026,#9027);
#9026 = CARTESIAN_POINT('',(2.7765E+03,45.,10.));
#9027 = VECTOR('',#9028,1.);
#9028 = DIRECTION('',(0.,0.,-1.));
#9029 = PCURVE('',#5959,#9030);
#9030 = DEFINITIONAL_REPRESENTATION('',(#9031),#9035);
#9031 = LINE('',#9032,#9033);
#9032 = CARTESIAN_POINT('',(0.,-0.));
#9033 = VECTOR('',#9034,1.);
#9034 = DIRECTION('',(0.,1.));
#9035 = ( GEOMETRIC_REPRESENTATION_CONTEXT(2) 
PARAMETRIC_REPRESENTATION_CONTEXT() REPRESENTATION_CONTEXT('2D SPACE',''
  ) );
#9036 = PCURVE('',#5959,#9037);
#9037 = DEFINITIONAL_REPRESENTATION('',(#9038),#9042);
#9038 = LINE('',#9039,#9040);
#9039 = CARTESIAN_POINT('',(6.28318530718,-0.));
#9040 = VECTOR('',#9041,1.);
#9041 = DIRECTION('',(0.,1.));
#9042 = ( GEOMETRIC_REPRESENTATION_CONTEXT(2) 
PARAMETRIC_REPRESENTATION_CONTEXT() REPRESENTATION_CONTEXT('2D SPACE',''
  ) );
#9043 = ORIENTED_EDGE('',*,*,#5938,.T.);
#9044 = ORIENTED_EDGE('',*,*,#9023,.T.);
#9045 = ADVANCED_FACE('',(#9046),#5994,.F.);
#9046 = FACE_BOUND('',#9047,.F.);
#9047 = EDGE_LOOP('',(#9048,#9049,#9070,#9071));
#9048 = ORIENTED_EDGE('',*,*,#7649,.F.);
#9049 = ORIENTED_EDGE('',*,*,#9050,.F.);
#9050 = EDGE_CURVE('',#5974,#7650,#9051,.T.);
#9051 = SEAM_CURVE('',#9052,(#9056,#9063),.PCURVE_S1.);
#9052 = LINE('',#9053,#9054);
#9053 = CARTESIAN_POINT('',(2.8765E+03,45.,10.));
#9054 = VECTOR('',#9055,1.);
#9055 = DIRECTION('',(0.,0.,-1.));
#9056 = PCURVE('',#5994,#9057);
#9057 = DEFINITIONAL_REPRESENTATION('',(#9058),#9062);
#9058 = LINE('',#9059,#9060);
#9059 = CARTESIAN_POINT('',(0.,-0.));
#9060 = VECTOR('',#9061,1.);
#9061 = DIRECTION('',(0.,1.));
#9062 = ( GEOMETRIC_REPRESENTATION_CONTEXT(2) 
PARAMETRIC_REPRESENTATION_CONTEXT() REPRESENTATION_CONTEXT('2D SPACE',''
  ) );
#9063 = PCURVE('',#5994,#9064);
#9064 = DEFINITIONAL_REPRESENTATION('',(#9065),#9069);
#9065 = LINE('',#9066,#9067);
#9066 = CARTESIAN_POINT('',(6.28318530718,-0.));
#9067 = VECTOR('',#9068,1.);
#9068 = DIRECTION('',(0.,1.));
#9069 = ( GEOMETRIC_REPRESENTATION_CONTEXT(2) 
PARAMETRIC_REPRESENTATION_CONTEXT() REPRESENTATION_CONTEXT('2D SPACE',''
  ) );
#9070 = ORIENTED_EDGE('',*,*,#5973,.T.);
#9071 = ORIENTED_EDGE('',*,*,#9050,.T.);
#9072 = ADVANCED_FACE('',(#9073),#6029,.F.);
#9073 = FACE_BOUND('',#9074,.F.);
#9074 = EDGE_LOOP('',(#9075,#9076,#9097,#9098));
#9075 = ORIENTED_EDGE('',*,*,#7679,.F.);
#9076 = ORIENTED_EDGE('',*,*,#9077,.F.);
#9077 = EDGE_CURVE('',#6009,#7680,#9078,.T.);
#9078 = SEAM_CURVE('',#9079,(#9083,#9090),.PCURVE_S1.);
#9079 = LINE('',#9080,#9081);
#9080 = CARTESIAN_POINT('',(2.9765E+03,45.,10.));
#9081 = VECTOR('',#9082,1.);
#9082 = DIRECTION('',(0.,0.,-1.));
#9083 = PCURVE('',#6029,#9084);
#9084 = DEFINITIONAL_REPRESENTATION('',(#9085),#9089);
#9085 = LINE('',#9086,#9087);
#9086 = CARTESIAN_POINT('',(0.,-0.));
#9087 = VECTOR('',#9088,1.);
#9088 = DIRECTION('',(0.,1.));
#9089 = ( GEOMETRIC_REPRESENTATION_CONTEXT(2) 
PARAMETRIC_REPRESENTATION_CONTEXT() REPRESENTATION_CONTEXT('2D SPACE',''
  ) );
#9090 = PCURVE('',#6029,#9091);
#9091 = DEFINITIONAL_REPRESENTATION('',(#9092),#9096);
#9092 = LINE('',#9093,#9094);
#9093 = CARTESIAN_POINT('',(6.28318530718,-0.));
#9094 = VECTOR('',#9095,1.);
#9095 = DIRECTION('',(0.,1.));
#9096 = ( GEOMETRIC_REPRESENTATION_CONTEXT(2) 
PARAMETRIC_REPRESENTATION_CONTEXT() REPRESENTATION_CONTEXT('2D SPACE',''
  ) );
#9097 = ORIENTED_EDGE('',*,*,#6008,.T.);
#9098 = ORIENTED_EDGE('',*,*,#9077,.T.);
#9099 = ADVANCED_FACE('',(#9100),#6064,.F.);
#9100 = FACE_BOUND('',#9101,.F.);
#9101 = EDGE_LOOP('',(#9102,#9103,#9124,#9125));
#9102 = ORIENTED_EDGE('',*,*,#7709,.F.);
#9103 = ORIENTED_EDGE('',*,*,#9104,.F.);
#9104 = EDGE_CURVE('',#6044,#7710,#9105,.T.);
#9105 = SEAM_CURVE('',#9106,(#9110,#9117),.PCURVE_S1.);
#9106 = LINE('',#9107,#9108);
#9107 = CARTESIAN_POINT('',(3.0765E+03,45.,10.));
#9108 = VECTOR('',#9109,1.);
#9109 = DIRECTION('',(0.,0.,-1.));
#9110 = PCURVE('',#6064,#9111);
#9111 = DEFINITIONAL_REPRESENTATION('',(#9112),#9116);
#9112 = LINE('',#9113,#9114);
#9113 = CARTESIAN_POINT('',(0.,-0.));
#9114 = VECTOR('',#9115,1.);
#9115 = DIRECTION('',(0.,1.));
#9116 = ( GEOMETRIC_REPRESENTATION_CONTEXT(2) 
PARAMETRIC_REPRESENTATION_CONTEXT() REPRESENTATION_CONTEXT('2D SPACE',''
  ) );
#9117 = PCURVE('',#6064,#9118);
#9118 = DEFINITIONAL_REPRESENTATION('',(#9119),#9123);
#9119 = LINE('',#9120,#9121);
#9120 = CARTESIAN_POINT('',(6.28318530718,-0.));
#9121 = VECTOR('',#9122,1.);
#9122 = DIRECTION('',(0.,1.));
#9123 = ( GEOMETRIC_REPRESENTATION_CONTEXT(2) 
PARAMETRIC_REPRESENTATION_CONTEXT() REPRESENTATION_CONTEXT('2D SPACE',''
  ) );
#9124 = ORIENTED_EDGE('',*,*,#6043,.T.);
#9125 = ORIENTED_EDGE('',*,*,#9104,.T.);
#9126 = ADVANCED_FACE('',(#9127),#6099,.F.);
#9127 = FACE_BOUND('',#9128,.F.);
#9128 = EDGE_LOOP('',(#9129,#9130,#9151,#9152));
#9129 = ORIENTED_EDGE('',*,*,#7739,.F.);
#9130 = ORIENTED_EDGE('',*,*,#9131,.F.);
#9131 = EDGE_CURVE('',#6079,#7740,#9132,.T.);
#9132 = SEAM_CURVE('',#9133,(#9137,#9144),.PCURVE_S1.);
#9133 = LINE('',#9134,#9135);
#9134 = CARTESIAN_POINT('',(3.1765E+03,45.,10.));
#9135 = VECTOR('',#9136,1.);
#9136 = DIRECTION('',(0.,0.,-1.));
#9137 = PCURVE('',#6099,#9138);
#9138 = DEFINITIONAL_REPRESENTATION('',(#9139),#9143);
#9139 = LINE('',#9140,#9141);
#9140 = CARTESIAN_POINT('',(0.,-0.));
#9141 = VECTOR('',#9142,1.);
#9142 = DIRECTION('',(0.,1.));
#9143 = ( GEOMETRIC_REPRESENTATION_CONTEXT(2) 
PARAMETRIC_REPRESENTATION_CONTEXT() REPRESENTATION_CONTEXT('2D SPACE',''
  ) );
#9144 = PCURVE('',#6099,#9145);
#9145 = DEFINITIONAL_REPRESENTATION('',(#9146),#9150);
#9146 = LINE('',#9147,#9148);
#9147 = CARTESIAN_POINT('',(6.28318530718,-0.));
#9148 = VECTOR('',#9149,1.);
#9149 = DIRECTION('',(0.,1.));
#9150 = ( GEOMETRIC_REPRESENTATION_CONTEXT(2) 
PARAMETRIC_REPRESENTATION_CONTEXT() REPRESENTATION_CONTEXT('2D SPACE',''
  ) );
#9151 = ORIENTED_EDGE('',*,*,#6078,.T.);
#9152 = ORIENTED_EDGE('',*,*,#9131,.T.);
#9153 = ADVANCED_FACE('',(#9154),#6134,.F.);
#9154 = FACE_BOUND('',#9155,.F.);
#9155 = EDGE_LOOP('',(#9156,#9157,#9178,#9179));
#9156 = ORIENTED_EDGE('',*,*,#7769,.F.);
#9157 = ORIENTED_EDGE('',*,*,#9158,.F.);
#9158 = EDGE_CURVE('',#6114,#7770,#9159,.T.);
#9159 = SEAM_CURVE('',#9160,(#9164,#9171),.PCURVE_S1.);
#9160 = LINE('',#9161,#9162);
#9161 = CARTESIAN_POINT('',(3.2765E+03,45.,10.));
#9162 = VECTOR('',#9163,1.);
#9163 = DIRECTION('',(0.,0.,-1.));
#9164 = PCURVE('',#6134,#9165);
#9165 = DEFINITIONAL_REPRESENTATION('',(#9166),#9170);
#9166 = LINE('',#9167,#9168);
#9167 = CARTESIAN_POINT('',(0.,-0.));
#9168 = VECTOR('',#9169,1.);
#9169 = DIRECTION('',(0.,1.));
#9170 = ( GEOMETRIC_REPRESENTATION_CONTEXT(2) 
PARAMETRIC_REPRESENTATION_CONTEXT() REPRESENTATION_CONTEXT('2D SPACE',''
  ) );
#9171 = PCURVE('',#6134,#9172);
#9172 = DEFINITIONAL_REPRESENTATION('',(#9173),#9177);
#9173 = LINE('',#9174,#9175);
#9174 = CARTESIAN_POINT('',(6.28318530718,-0.));
#9175 = VECTOR('',#9176,1.);
#9176 = DIRECTION('',(0.,1.));
#9177 = ( GEOMETRIC_REPRESENTATION_CONTEXT(2) 
PARAMETRIC_REPRESENTATION_CONTEXT() REPRESENTATION_CONTEXT('2D SPACE',''
  ) );
#9178 = ORIENTED_EDGE('',*,*,#6113,.T.);
#9179 = ORIENTED_EDGE('',*,*,#9158,.T.);
#9180 = ADVANCED_FACE('',(#9181),#6169,.F.);
#9181 = FACE_BOUND('',#9182,.F.);
#9182 = EDGE_LOOP('',(#9183,#9184,#9205,#9206));
#9183 = ORIENTED_EDGE('',*,*,#7799,.F.);
#9184 = ORIENTED_EDGE('',*,*,#9185,.F.);
#9185 = EDGE_CURVE('',#6149,#7800,#9186,.T.);
#9186 = SEAM_CURVE('',#9187,(#9191,#9198),.PCURVE_S1.);
#9187 = LINE('',#9188,#9189);
#9188 = CARTESIAN_POINT('',(3.3765E+03,45.,10.));
#9189 = VECTOR('',#9190,1.);
#9190 = DIRECTION('',(0.,0.,-1.));
#9191 = PCURVE('',#6169,#9192);
#9192 = DEFINITIONAL_REPRESENTATION('',(#9193),#9197);
#9193 = LINE('',#9194,#9195);
#9194 = CARTESIAN_POINT('',(0.,-0.));
#9195 = VECTOR('',#9196,1.);
#9196 = DIRECTION('',(0.,1.));
#9197 = ( GEOMETRIC_REPRESENTATION_CONTEXT(2) 
PARAMETRIC_REPRESENTATION_CONTEXT() REPRESENTATION_CONTEXT('2D SPACE',''
  ) );
#9198 = PCURVE('',#6169,#9199);
#9199 = DEFINITIONAL_REPRESENTATION('',(#9200),#9204);
#9200 = LINE('',#9201,#9202);
#9201 = CARTESIAN_POINT('',(6.28318530718,-0.));
#9202 = VECTOR('',#9203,1.);
#9203 = DIRECTION('',(0.,1.));
#9204 = ( GEOMETRIC_REPRESENTATION_CONTEXT(2) 
PARAMETRIC_REPRESENTATION_CONTEXT() REPRESENTATION_CONTEXT('2D SPACE',''
  ) );
#9205 = ORIENTED_EDGE('',*,*,#6148,.T.);
#9206 = ORIENTED_EDGE('',*,*,#9185,.T.);
#9207 = ADVANCED_FACE('',(#9208),#6204,.F.);
#9208 = FACE_BOUND('',#9209,.F.);
#9209 = EDGE_LOOP('',(#9210,#9211,#9232,#9233));
#9210 = ORIENTED_EDGE('',*,*,#7829,.F.);
#9211 = ORIENTED_EDGE('',*,*,#9212,.F.);
#9212 = EDGE_CURVE('',#6184,#7830,#9213,.T.);
#9213 = SEAM_CURVE('',#9214,(#9218,#9225),.PCURVE_S1.);
#9214 = LINE('',#9215,#9216);
#9215 = CARTESIAN_POINT('',(3.4765E+03,45.,10.));
#9216 = VECTOR('',#9217,1.);
#9217 = DIRECTION('',(0.,0.,-1.));
#9218 = PCURVE('',#6204,#9219);
#9219 = DEFINITIONAL_REPRESENTATION('',(#9220),#9224);
#9220 = LINE('',#9221,#9222);
#9221 = CARTESIAN_POINT('',(0.,-0.));
#9222 = VECTOR('',#9223,1.);
#9223 = DIRECTION('',(0.,1.));
#9224 = ( GEOMETRIC_REPRESENTATION_CONTEXT(2) 
PARAMETRIC_REPRESENTATION_CONTEXT() REPRESENTATION_CONTEXT('2D SPACE',''
  ) );
#9225 = PCURVE('',#6204,#9226);
#9226 = DEFINITIONAL_REPRESENTATION('',(#9227),#9231);
#9227 = LINE('',#9228,#9229);
#9228 = CARTESIAN_POINT('',(6.28318530718,-0.));
#9229 = VECTOR('',#9230,1.);
#9230 = DIRECTION('',(0.,1.));
#9231 = ( GEOMETRIC_REPRESENTATION_CONTEXT(2) 
PARAMETRIC_REPRESENTATION_CONTEXT() REPRESENTATION_CONTEXT('2D SPACE',''
  ) );
#9232 = ORIENTED_EDGE('',*,*,#6183,.T.);
#9233 = ORIENTED_EDGE('',*,*,#9212,.T.);
#9234 = ADVANCED_FACE('',(#9235),#6239,.F.);
#9235 = FACE_BOUND('',#9236,.F.);
#9236 = EDGE_LOOP('',(#9237,#9238,#9259,#9260));
#9237 = ORIENTED_EDGE('',*,*,#7859,.F.);
#9238 = ORIENTED_EDGE('',*,*,#9239,.F.);
#9239 = EDGE_CURVE('',#6219,#7860,#9240,.T.);
#9240 = SEAM_CURVE('',#9241,(#9245,#9252),.PCURVE_S1.);
#9241 = LINE('',#9242,#9243);
#9242 = CARTESIAN_POINT('',(3.5765E+03,45.,10.));
#9243 = VECTOR('',#9244,1.);
#9244 = DIRECTION('',(0.,0.,-1.));
#9245 = PCURVE('',#6239,#9246);
#9246 = DEFINITIONAL_REPRESENTATION('',(#9247),#9251);
#9247 = LINE('',#9248,#9249);
#9248 = CARTESIAN_POINT('',(0.,-0.));
#9249 = VECTOR('',#9250,1.);
#9250 = DIRECTION('',(0.,1.));
#9251 = ( GEOMETRIC_REPRESENTATION_CONTEXT(2) 
PARAMETRIC_REPRESENTATION_CONTEXT() REPRESENTATION_CONTEXT('2D SPACE',''
  ) );
#9252 = PCURVE('',#6239,#9253);
#9253 = DEFINITIONAL_REPRESENTATION('',(#9254),#9258);
#9254 = LINE('',#9255,#9256);
#9255 = CARTESIAN_POINT('',(6.28318530718,-0.));
#9256 = VECTOR('',#9257,1.);
#9257 = DIRECTION('',(0.,1.));
#9258 = ( GEOMETRIC_REPRESENTATION_CONTEXT(2) 
PARAMETRIC_REPRESENTATION_CONTEXT() REPRESENTATION_CONTEXT('2D SPACE',''
  ) );
#9259 = ORIENTED_EDGE('',*,*,#6218,.T.);
#9260 = ORIENTED_EDGE('',*,*,#9239,.T.);
#9261 = ADVANCED_FACE('',(#9262),#6274,.F.);
#9262 = FACE_BOUND('',#9263,.F.);
#9263 = EDGE_LOOP('',(#9264,#9265,#9286,#9287));
#9264 = ORIENTED_EDGE('',*,*,#7889,.F.);
#9265 = ORIENTED_EDGE('',*,*,#9266,.F.);
#9266 = EDGE_CURVE('',#6254,#7890,#9267,.T.);
#9267 = SEAM_CURVE('',#9268,(#9272,#9279),.PCURVE_S1.);
#9268 = LINE('',#9269,#9270);
#9269 = CARTESIAN_POINT('',(73.5,155.,10.));
#9270 = VECTOR('',#9271,1.);
#9271 = DIRECTION('',(0.,0.,-1.));
#9272 = PCURVE('',#6274,#9273);
#9273 = DEFINITIONAL_REPRESENTATION('',(#9274),#9278);
#9274 = LINE('',#9275,#9276);
#9275 = CARTESIAN_POINT('',(0.,-0.));
#9276 = VECTOR('',#9277,1.);
#9277 = DIRECTION('',(0.,1.));
#9278 = ( GEOMETRIC_REPRESENTATION_CONTEXT(2) 
PARAMETRIC_REPRESENTATION_CONTEXT() REPRESENTATION_CONTEXT('2D SPACE',''
  ) );
#9279 = PCURVE('',#6274,#9280);
#9280 = DEFINITIONAL_REPRESENTATION('',(#9281),#9285);
#9281 = LINE('',#9282,#9283);
#9282 = CARTESIAN_POINT('',(6.28318530718,-0.));
#9283 = VECTOR('',#9284,1.);
#9284 = DIRECTION('',(0.,1.));
#9285 = ( GEOMETRIC_REPRESENTATION_CONTEXT(2) 
PARAMETRIC_REPRESENTATION_CONTEXT() REPRESENTATION_CONTEXT('2D SPACE',''
  ) );
#9286 = ORIENTED_EDGE('',*,*,#6253,.T.);
#9287 = ORIENTED_EDGE('',*,*,#9266,.T.);
#9288 = ADVANCED_FACE('',(#9289),#6309,.F.);
#9289 = FACE_BOUND('',#9290,.F.);
#9290 = EDGE_LOOP('',(#9291,#9292,#9313,#9314));
#9291 = ORIENTED_EDGE('',*,*,#7919,.F.);
#9292 = ORIENTED_EDGE('',*,*,#9293,.F.);
#9293 = EDGE_CURVE('',#6289,#7920,#9294,.T.);
#9294 = SEAM_CURVE('',#9295,(#9299,#9306),.PCURVE_S1.);
#9295 = LINE('',#9296,#9297);
#9296 = CARTESIAN_POINT('',(153.5,155.,10.));
#9297 = VECTOR('',#9298,1.);
#9298 = DIRECTION('',(0.,0.,-1.));
#9299 = PCURVE('',#6309,#9300);
#9300 = DEFINITIONAL_REPRESENTATION('',(#9301),#9305);
#9301 = LINE('',#9302,#9303);
#9302 = CARTESIAN_POINT('',(0.,-0.));
#9303 = VECTOR('',#9304,1.);
#9304 = DIRECTION('',(0.,1.));
#9305 = ( GEOMETRIC_REPRESENTATION_CONTEXT(2) 
PARAMETRIC_REPRESENTATION_CONTEXT() REPRESENTATION_CONTEXT('2D SPACE',''
  ) );
#9306 = PCURVE('',#6309,#9307);
#9307 = DEFINITIONAL_REPRESENTATION('',(#9308),#9312);
#9308 = LINE('',#9309,#9310);
#9309 = CARTESIAN_POINT('',(6.28318530718,-0.));
#9310 = VECTOR('',#9311,1.);
#9311 = DIRECTION('',(0.,1.));
#9312 = ( GEOMETRIC_REPRESENTATION_CONTEXT(2) 
PARAMETRIC_REPRESENTATION_CONTEXT() REPRESENTATION_CONTEXT('2D SPACE',''
  ) );
#9313 = ORIENTED_EDGE('',*,*,#6288,.T.);
#9314 = ORIENTED_EDGE('',*,*,#9293,.T.);
#9315 = ADVANCED_FACE('',(#9316),#6344,.F.);
#9316 = FACE_BOUND('',#9317,.F.);
#9317 = EDGE_LOOP('',(#9318,#9319,#9340,#9341));
#9318 = ORIENTED_EDGE('',*,*,#7949,.F.);
#9319 = ORIENTED_EDGE('',*,*,#9320,.F.);
#9320 = EDGE_CURVE('',#6324,#7950,#9321,.T.);
#9321 = SEAM_CURVE('',#9322,(#9326,#9333),.PCURVE_S1.);
#9322 = LINE('',#9323,#9324);
#9323 = CARTESIAN_POINT('',(233.5,155.,10.));
#9324 = VECTOR('',#9325,1.);
#9325 = DIRECTION('',(0.,0.,-1.));
#9326 = PCURVE('',#6344,#9327);
#9327 = DEFINITIONAL_REPRESENTATION('',(#9328),#9332);
#9328 = LINE('',#9329,#9330);
#9329 = CARTESIAN_POINT('',(0.,-0.));
#9330 = VECTOR('',#9331,1.);
#9331 = DIRECTION('',(0.,1.));
#9332 = ( GEOMETRIC_REPRESENTATION_CONTEXT(2) 
PARAMETRIC_REPRESENTATION_CONTEXT() REPRESENTATION_CONTEXT('2D SPACE',''
  ) );
#9333 = PCURVE('',#6344,#9334);
#9334 = DEFINITIONAL_REPRESENTATION('',(#9335),#9339);
#9335 = LINE('',#9336,#9337);
#9336 = CARTESIAN_POINT('',(6.28318530718,-0.));
#9337 = VECTOR('',#9338,1.);
#9338 = DIRECTION('',(0.,1.));
#9339 = ( GEOMETRIC_REPRESENTATION_CONTEXT(2) 
PARAMETRIC_REPRESENTATION_CONTEXT() REPRESENTATION_CONTEXT('2D SPACE',''
  ) );
#9340 = ORIENTED_EDGE('',*,*,#6323,.T.);
#9341 = ORIENTED_EDGE('',*,*,#9320,.T.);
#9342 = ADVANCED_FACE('',(#9343),#6379,.F.);
#9343 = FACE_BOUND('',#9344,.F.);
#9344 = EDGE_LOOP('',(#9345,#9346,#9367,#9368));
#9345 = ORIENTED_EDGE('',*,*,#7979,.F.);
#9346 = ORIENTED_EDGE('',*,*,#9347,.F.);
#9347 = EDGE_CURVE('',#6359,#7980,#9348,.T.);
#9348 = SEAM_CURVE('',#9349,(#9353,#9360),.PCURVE_S1.);
#9349 = LINE('',#9350,#9351);
#9350 = CARTESIAN_POINT('',(313.5,155.,10.));
#9351 = VECTOR('',#9352,1.);
#9352 = DIRECTION('',(0.,0.,-1.));
#9353 = PCURVE('',#6379,#9354);
#9354 = DEFINITIONAL_REPRESENTATION('',(#9355),#9359);
#9355 = LINE('',#9356,#9357);
#9356 = CARTESIAN_POINT('',(0.,-0.));
#9357 = VECTOR('',#9358,1.);
#9358 = DIRECTION('',(0.,1.));
#9359 = ( GEOMETRIC_REPRESENTATION_CONTEXT(2) 
PARAMETRIC_REPRESENTATION_CONTEXT() REPRESENTATION_CONTEXT('2D SPACE',''
  ) );
#9360 = PCURVE('',#6379,#9361);
#9361 = DEFINITIONAL_REPRESENTATION('',(#9362),#9366);
#9362 = LINE('',#9363,#9364);
#9363 = CARTESIAN_POINT('',(6.28318530718,-0.));
#9364 = VECTOR('',#9365,1.);
#9365 = DIRECTION('',(0.,1.));
#9366 = ( GEOMETRIC_REPRESENTATION_CONTEXT(2) 
PARAMETRIC_REPRESENTATION_CONTEXT() REPRESENTATION_CONTEXT('2D SPACE',''
  ) );
#9367 = ORIENTED_EDGE('',*,*,#6358,.T.);
#9368 = ORIENTED_EDGE('',*,*,#9347,.T.);
#9369 = ADVANCED_FACE('',(#9370),#6414,.F.);
#9370 = FACE_BOUND('',#9371,.F.);
#9371 = EDGE_LOOP('',(#9372,#9373,#9394,#9395));
#9372 = ORIENTED_EDGE('',*,*,#8009,.F.);
#9373 = ORIENTED_EDGE('',*,*,#9374,.F.);
#9374 = EDGE_CURVE('',#6394,#8010,#9375,.T.);
#9375 = SEAM_CURVE('',#9376,(#9380,#9387),.PCURVE_S1.);
#9376 = LINE('',#9377,#9378);
#9377 = CARTESIAN_POINT('',(393.5,155.,10.));
#9378 = VECTOR('',#9379,1.);
#9379 = DIRECTION('',(0.,0.,-1.));
#9380 = PCURVE('',#6414,#9381);
#9381 = DEFINITIONAL_REPRESENTATION('',(#9382),#9386);
#9382 = LINE('',#9383,#9384);
#9383 = CARTESIAN_POINT('',(0.,-0.));
#9384 = VECTOR('',#9385,1.);
#9385 = DIRECTION('',(0.,1.));
#9386 = ( GEOMETRIC_REPRESENTATION_CONTEXT(2) 
PARAMETRIC_REPRESENTATION_CONTEXT() REPRESENTATION_CONTEXT('2D SPACE',''
  ) );
#9387 = PCURVE('',#6414,#9388);
#9388 = DEFINITIONAL_REPRESENTATION('',(#9389),#9393);
#9389 = LINE('',#9390,#9391);
#9390 = CARTESIAN_POINT('',(6.28318530718,-0.));
#9391 = VECTOR('',#9392,1.);
#9392 = DIRECTION('',(0.,1.));
#9393 = ( GEOMETRIC_REPRESENTATION_CONTEXT(2) 
PARAMETRIC_REPRESENTATION_CONTEXT() REPRESENTATION_CONTEXT('2D SPACE',''
  ) );
#9394 = ORIENTED_EDGE('',*,*,#6393,.T.);
#9395 = ORIENTED_EDGE('',*,*,#9374,.T.);
#9396 = ADVANCED_FACE('',(#9397),#6449,.F.);
#9397 = FACE_BOUND('',#9398,.F.);
#9398 = EDGE_LOOP('',(#9399,#9400,#9421,#9422));
#9399 = ORIENTED_EDGE('',*,*,#8039,.F.);
#9400 = ORIENTED_EDGE('',*,*,#9401,.F.);
#9401 = EDGE_CURVE('',#6429,#8040,#9402,.T.);
#9402 = SEAM_CURVE('',#9403,(#9407,#9414),.PCURVE_S1.);
#9403 = LINE('',#9404,#9405);
#9404 = CARTESIAN_POINT('',(473.5,155.,10.));
#9405 = VECTOR('',#9406,1.);
#9406 = DIRECTION('',(0.,0.,-1.));
#9407 = PCURVE('',#6449,#9408);
#9408 = DEFINITIONAL_REPRESENTATION('',(#9409),#9413);
#9409 = LINE('',#9410,#9411);
#9410 = CARTESIAN_POINT('',(0.,-0.));
#9411 = VECTOR('',#9412,1.);
#9412 = DIRECTION('',(0.,1.));
#9413 = ( GEOMETRIC_REPRESENTATION_CONTEXT(2) 
PARAMETRIC_REPRESENTATION_CONTEXT() REPRESENTATION_CONTEXT('2D SPACE',''
  ) );
#9414 = PCURVE('',#6449,#9415);
#9415 = DEFINITIONAL_REPRESENTATION('',(#9416),#9420);
#9416 = LINE('',#9417,#9418);
#9417 = CARTESIAN_POINT('',(6.28318530718,-0.));
#9418 = VECTOR('',#9419,1.);
#9419 = DIRECTION('',(0.,1.));
#9420 = ( GEOMETRIC_REPRESENTATION_CONTEXT(2) 
PARAMETRIC_REPRESENTATION_CONTEXT() REPRESENTATION_CONTEXT('2D SPACE',''
  ) );
#9421 = ORIENTED_EDGE('',*,*,#6428,.T.);
#9422 = ORIENTED_EDGE('',*,*,#9401,.T.);
#9423 = ADVANCED_FACE('',(#9424),#6484,.F.);
#9424 = FACE_BOUND('',#9425,.F.);
#9425 = EDGE_LOOP('',(#9426,#9427,#9448,#9449));
#9426 = ORIENTED_EDGE('',*,*,#8069,.F.);
#9427 = ORIENTED_EDGE('',*,*,#9428,.F.);
#9428 = EDGE_CURVE('',#6464,#8070,#9429,.T.);
#9429 = SEAM_CURVE('',#9430,(#9434,#9441),.PCURVE_S1.);
#9430 = LINE('',#9431,#9432);
#9431 = CARTESIAN_POINT('',(588.5,155.,10.));
#9432 = VECTOR('',#9433,1.);
#9433 = DIRECTION('',(0.,0.,-1.));
#9434 = PCURVE('',#6484,#9435);
#9435 = DEFINITIONAL_REPRESENTATION('',(#9436),#9440);
#9436 = LINE('',#9437,#9438);
#9437 = CARTESIAN_POINT('',(0.,-0.));
#9438 = VECTOR('',#9439,1.);
#9439 = DIRECTION('',(0.,1.));
#9440 = ( GEOMETRIC_REPRESENTATION_CONTEXT(2) 
PARAMETRIC_REPRESENTATION_CONTEXT() REPRESENTATION_CONTEXT('2D SPACE',''
  ) );
#9441 = PCURVE('',#6484,#9442);
#9442 = DEFINITIONAL_REPRESENTATION('',(#9443),#9447);
#9443 = LINE('',#9444,#9445);
#9444 = CARTESIAN_POINT('',(6.28318530718,-0.));
#9445 = VECTOR('',#9446,1.);
#9446 = DIRECTION('',(0.,1.));
#9447 = ( GEOMETRIC_REPRESENTATION_CONTEXT(2) 
PARAMETRIC_REPRESENTATION_CONTEXT() REPRESENTATION_CONTEXT('2D SPACE',''
  ) );
#9448 = ORIENTED_EDGE('',*,*,#6463,.T.);
#9449 = ORIENTED_EDGE('',*,*,#9428,.T.);
#9450 = ADVANCED_FACE('',(#9451),#6519,.F.);
#9451 = FACE_BOUND('',#9452,.F.);
#9452 = EDGE_LOOP('',(#9453,#9454,#9475,#9476));
#9453 = ORIENTED_EDGE('',*,*,#8099,.F.);
#9454 = ORIENTED_EDGE('',*,*,#9455,.F.);
#9455 = EDGE_CURVE('',#6499,#8100,#9456,.T.);
#9456 = SEAM_CURVE('',#9457,(#9461,#9468),.PCURVE_S1.);
#9457 = LINE('',#9458,#9459);
#9458 = CARTESIAN_POINT('',(738.5,155.,10.));
#9459 = VECTOR('',#9460,1.);
#9460 = DIRECTION('',(0.,0.,-1.));
#9461 = PCURVE('',#6519,#9462);
#9462 = DEFINITIONAL_REPRESENTATION('',(#9463),#9467);
#9463 = LINE('',#9464,#9465);
#9464 = CARTESIAN_POINT('',(0.,-0.));
#9465 = VECTOR('',#9466,1.);
#9466 = DIRECTION('',(0.,1.));
#9467 = ( GEOMETRIC_REPRESENTATION_CONTEXT(2) 
PARAMETRIC_REPRESENTATION_CONTEXT() REPRESENTATION_CONTEXT('2D SPACE',''
  ) );
#9468 = PCURVE('',#6519,#9469);
#9469 = DEFINITIONAL_REPRESENTATION('',(#9470),#9474);
#9470 = LINE('',#9471,#9472);
#9471 = CARTESIAN_POINT('',(6.28318530718,-0.));
#9472 = VECTOR('',#9473,1.);
#9473 = DIRECTION('',(0.,1.));
#9474 = ( GEOMETRIC_REPRESENTATION_CONTEXT(2) 
PARAMETRIC_REPRESENTATION_CONTEXT() REPRESENTATION_CONTEXT('2D SPACE',''
  ) );
#9475 = ORIENTED_EDGE('',*,*,#6498,.T.);
#9476 = ORIENTED_EDGE('',*,*,#9455,.T.);
#9477 = ADVANCED_FACE('',(#9478),#6554,.F.);
#9478 = FACE_BOUND('',#9479,.F.);
#9479 = EDGE_LOOP('',(#9480,#9481,#9502,#9503));
#9480 = ORIENTED_EDGE('',*,*,#8129,.F.);
#9481 = ORIENTED_EDGE('',*,*,#9482,.F.);
#9482 = EDGE_CURVE('',#6534,#8130,#9483,.T.);
#9483 = SEAM_CURVE('',#9484,(#9488,#9495),.PCURVE_S1.);
#9484 = LINE('',#9485,#9486);
#9485 = CARTESIAN_POINT('',(888.5,155.,10.));
#9486 = VECTOR('',#9487,1.);
#9487 = DIRECTION('',(0.,0.,-1.));
#9488 = PCURVE('',#6554,#9489);
#9489 = DEFINITIONAL_REPRESENTATION('',(#9490),#9494);
#9490 = LINE('',#9491,#9492);
#9491 = CARTESIAN_POINT('',(0.,-0.));
#9492 = VECTOR('',#9493,1.);
#9493 = DIRECTION('',(0.,1.));
#9494 = ( GEOMETRIC_REPRESENTATION_CONTEXT(2) 
PARAMETRIC_REPRESENTATION_CONTEXT() REPRESENTATION_CONTEXT('2D SPACE',''
  ) );
#9495 = PCURVE('',#6554,#9496);
#9496 = DEFINITIONAL_REPRESENTATION('',(#9497),#9501);
#9497 = LINE('',#9498,#9499);
#9498 = CARTESIAN_POINT('',(6.28318530718,-0.));
#9499 = VECTOR('',#9500,1.);
#9500 = DIRECTION('',(0.,1.));
#9501 = ( GEOMETRIC_REPRESENTATION_CONTEXT(2) 
PARAMETRIC_REPRESENTATION_CONTEXT() REPRESENTATION_CONTEXT('2D SPACE',''
  ) );
#9502 = ORIENTED_EDGE('',*,*,#6533,.T.);
#9503 = ORIENTED_EDGE('',*,*,#9482,.T.);
#9504 = ADVANCED_FACE('',(#9505),#6589,.F.);
#9505 = FACE_BOUND('',#9506,.F.);
#9506 = EDGE_LOOP('',(#9507,#9508,#9529,#9530));
#9507 = ORIENTED_EDGE('',*,*,#8159,.F.);
#9508 = ORIENTED_EDGE('',*,*,#9509,.F.);
#9509 = EDGE_CURVE('',#6569,#8160,#9510,.T.);
#9510 = SEAM_CURVE('',#9511,(#9515,#9522),.PCURVE_S1.);
#9511 = LINE('',#9512,#9513);
#9512 = CARTESIAN_POINT('',(1.0385E+03,155.,10.));
#9513 = VECTOR('',#9514,1.);
#9514 = DIRECTION('',(0.,0.,-1.));
#9515 = PCURVE('',#6589,#9516);
#9516 = DEFINITIONAL_REPRESENTATION('',(#9517),#9521);
#9517 = LINE('',#9518,#9519);
#9518 = CARTESIAN_POINT('',(0.,-0.));
#9519 = VECTOR('',#9520,1.);
#9520 = DIRECTION('',(0.,1.));
#9521 = ( GEOMETRIC_REPRESENTATION_CONTEXT(2) 
PARAMETRIC_REPRESENTATION_CONTEXT() REPRESENTATION_CONTEXT('2D SPACE',''
  ) );
#9522 = PCURVE('',#6589,#9523);
#9523 = DEFINITIONAL_REPRESENTATION('',(#9524),#9528);
#9524 = LINE('',#9525,#9526);
#9525 = CARTESIAN_POINT('',(6.28318530718,-0.));
#9526 = VECTOR('',#9527,1.);
#9527 = DIRECTION('',(0.,1.));
#9528 = ( GEOMETRIC_REPRESENTATION_CONTEXT(2) 
PARAMETRIC_REPRESENTATION_CONTEXT() REPRESENTATION_CONTEXT('2D SPACE',''
  ) );
#9529 = ORIENTED_EDGE('',*,*,#6568,.T.);
#9530 = ORIENTED_EDGE('',*,*,#9509,.T.);
#9531 = ADVANCED_FACE('',(#9532),#6624,.F.);
#9532 = FACE_BOUND('',#9533,.F.);
#9533 = EDGE_LOOP('',(#9534,#9535,#9556,#9557));
#9534 = ORIENTED_EDGE('',*,*,#8189,.F.);
#9535 = ORIENTED_EDGE('',*,*,#9536,.F.);
#9536 = EDGE_CURVE('',#6604,#8190,#9537,.T.);
#9537 = SEAM_CURVE('',#9538,(#9542,#9549),.PCURVE_S1.);
#9538 = LINE('',#9539,#9540);
#9539 = CARTESIAN_POINT('',(1.3135E+03,155.,10.));
#9540 = VECTOR('',#9541,1.);
#9541 = DIRECTION('',(0.,0.,-1.));
#9542 = PCURVE('',#6624,#9543);
#9543 = DEFINITIONAL_REPRESENTATION('',(#9544),#9548);
#9544 = LINE('',#9545,#9546);
#9545 = CARTESIAN_POINT('',(0.,-0.));
#9546 = VECTOR('',#9547,1.);
#9547 = DIRECTION('',(0.,1.));
#9548 = ( GEOMETRIC_REPRESENTATION_CONTEXT(2) 
PARAMETRIC_REPRESENTATION_CONTEXT() REPRESENTATION_CONTEXT('2D SPACE',''
  ) );
#9549 = PCURVE('',#6624,#9550);
#9550 = DEFINITIONAL_REPRESENTATION('',(#9551),#9555);
#9551 = LINE('',#9552,#9553);
#9552 = CARTESIAN_POINT('',(6.28318530718,-0.));
#9553 = VECTOR('',#9554,1.);
#9554 = DIRECTION('',(0.,1.));
#9555 = ( GEOMETRIC_REPRESENTATION_CONTEXT(2) 
PARAMETRIC_REPRESENTATION_CONTEXT() REPRESENTATION_CONTEXT('2D SPACE',''
  ) );
#9556 = ORIENTED_EDGE('',*,*,#6603,.T.);
#9557 = ORIENTED_EDGE('',*,*,#9536,.T.);
#9558 = ADVANCED_FACE('',(#9559),#6659,.F.);
#9559 = FACE_BOUND('',#9560,.F.);
#9560 = EDGE_LOOP('',(#9561,#9562,#9583,#9584));
#9561 = ORIENTED_EDGE('',*,*,#8219,.F.);
#9562 = ORIENTED_EDGE('',*,*,#9563,.F.);
#9563 = EDGE_CURVE('',#6639,#8220,#9564,.T.);
#9564 = SEAM_CURVE('',#9565,(#9569,#9576),.PCURVE_S1.);
#9565 = LINE('',#9566,#9567);
#9566 = CARTESIAN_POINT('',(1.7135E+03,155.,10.));
#9567 = VECTOR('',#9568,1.);
#9568 = DIRECTION('',(0.,0.,-1.));
#9569 = PCURVE('',#6659,#9570);
#9570 = DEFINITIONAL_REPRESENTATION('',(#9571),#9575);
#9571 = LINE('',#9572,#9573);
#9572 = CARTESIAN_POINT('',(0.,-0.));
#9573 = VECTOR('',#9574,1.);
#9574 = DIRECTION('',(0.,1.));
#9575 = ( GEOMETRIC_REPRESENTATION_CONTEXT(2) 
PARAMETRIC_REPRESENTATION_CONTEXT() REPRESENTATION_CONTEXT('2D SPACE',''
  ) );
#9576 = PCURVE('',#6659,#9577);
#9577 = DEFINITIONAL_REPRESENTATION('',(#9578),#9582);
#9578 = LINE('',#9579,#9580);
#9579 = CARTESIAN_POINT('',(6.28318530718,-0.));
#9580 = VECTOR('',#9581,1.);
#9581 = DIRECTION('',(0.,1.));
#9582 = ( GEOMETRIC_REPRESENTATION_CONTEXT(2) 
PARAMETRIC_REPRESENTATION_CONTEXT() REPRESENTATION_CONTEXT('2D SPACE',''
  ) );
#9583 = ORIENTED_EDGE('',*,*,#6638,.T.);
#9584 = ORIENTED_EDGE('',*,*,#9563,.T.);
#9585 = ADVANCED_FACE('',(#9586),#6694,.F.);
#9586 = FACE_BOUND('',#9587,.F.);
#9587 = EDGE_LOOP('',(#9588,#9589,#9610,#9611));
#9588 = ORIENTED_EDGE('',*,*,#8249,.F.);
#9589 = ORIENTED_EDGE('',*,*,#9590,.F.);
#9590 = EDGE_CURVE('',#6674,#8250,#9591,.T.);
#9591 = SEAM_CURVE('',#9592,(#9596,#9603),.PCURVE_S1.);
#9592 = LINE('',#9593,#9594);
#9593 = CARTESIAN_POINT('',(1.9265E+03,155.,10.));
#9594 = VECTOR('',#9595,1.);
#9595 = DIRECTION('',(0.,0.,-1.));
#9596 = PCURVE('',#6694,#9597);
#9597 = DEFINITIONAL_REPRESENTATION('',(#9598),#9602);
#9598 = LINE('',#9599,#9600);
#9599 = CARTESIAN_POINT('',(0.,-0.));
#9600 = VECTOR('',#9601,1.);
#9601 = DIRECTION('',(0.,1.));
#9602 = ( GEOMETRIC_REPRESENTATION_CONTEXT(2) 
PARAMETRIC_REPRESENTATION_CONTEXT() REPRESENTATION_CONTEXT('2D SPACE',''
  ) );
#9603 = PCURVE('',#6694,#9604);
#9604 = DEFINITIONAL_REPRESENTATION('',(#9605),#9609);
#9605 = LINE('',#9606,#9607);
#9606 = CARTESIAN_POINT('',(6.28318530718,-0.));
#9607 = VECTOR('',#9608,1.);
#9608 = DIRECTION('',(0.,1.));
#9609 = ( GEOMETRIC_REPRESENTATION_CONTEXT(2) 
PARAMETRIC_REPRESENTATION_CONTEXT() REPRESENTATION_CONTEXT('2D SPACE',''
  ) );
#9610 = ORIENTED_EDGE('',*,*,#6673,.T.);
#9611 = ORIENTED_EDGE('',*,*,#9590,.T.);
#9612 = ADVANCED_FACE('',(#9613),#6729,.F.);
#9613 = FACE_BOUND('',#9614,.F.);
#9614 = EDGE_LOOP('',(#9615,#9616,#9637,#9638));
#9615 = ORIENTED_EDGE('',*,*,#8279,.F.);
#9616 = ORIENTED_EDGE('',*,*,#9617,.F.);
#9617 = EDGE_CURVE('',#6709,#8280,#9618,.T.);
#9618 = SEAM_CURVE('',#9619,(#9623,#9630),.PCURVE_S1.);
#9619 = LINE('',#9620,#9621);
#9620 = CARTESIAN_POINT('',(2.3265E+03,155.,10.));
#9621 = VECTOR('',#9622,1.);
#9622 = DIRECTION('',(0.,0.,-1.));
#9623 = PCURVE('',#6729,#9624);
#9624 = DEFINITIONAL_REPRESENTATION('',(#9625),#9629);
#9625 = LINE('',#9626,#9627);
#9626 = CARTESIAN_POINT('',(0.,-0.));
#9627 = VECTOR('',#9628,1.);
#9628 = DIRECTION('',(0.,1.));
#9629 = ( GEOMETRIC_REPRESENTATION_CONTEXT(2) 
PARAMETRIC_REPRESENTATION_CONTEXT() REPRESENTATION_CONTEXT('2D SPACE',''
  ) );
#9630 = PCURVE('',#6729,#9631);
#9631 = DEFINITIONAL_REPRESENTATION('',(#9632),#9636);
#9632 = LINE('',#9633,#9634);
#9633 = CARTESIAN_POINT('',(6.28318530718,-0.));
#9634 = VECTOR('',#9635,1.);
#9635 = DIRECTION('',(0.,1.));
#9636 = ( GEOMETRIC_REPRESENTATION_CONTEXT(2) 
PARAMETRIC_REPRESENTATION_CONTEXT() REPRESENTATION_CONTEXT('2D SPACE',''
  ) );
#9637 = ORIENTED_EDGE('',*,*,#6708,.T.);
#9638 = ORIENTED_EDGE('',*,*,#9617,.T.);
#9639 = ADVANCED_FACE('',(#9640),#6764,.F.);
#9640 = FACE_BOUND('',#9641,.F.);
#9641 = EDGE_LOOP('',(#9642,#9643,#9664,#9665));
#9642 = ORIENTED_EDGE('',*,*,#8309,.F.);
#9643 = ORIENTED_EDGE('',*,*,#9644,.F.);
#9644 = EDGE_CURVE('',#6744,#8310,#9645,.T.);
#9645 = SEAM_CURVE('',#9646,(#9650,#9657),.PCURVE_S1.);
#9646 = LINE('',#9647,#9648);
#9647 = CARTESIAN_POINT('',(2.7265E+03,155.,10.));
#9648 = VECTOR('',#9649,1.);
#9649 = DIRECTION('',(0.,0.,-1.));
#9650 = PCURVE('',#6764,#9651);
#9651 = DEFINITIONAL_REPRESENTATION('',(#9652),#9656);
#9652 = LINE('',#9653,#9654);
#9653 = CARTESIAN_POINT('',(0.,-0.));
#9654 = VECTOR('',#9655,1.);
#9655 = DIRECTION('',(0.,1.));
#9656 = ( GEOMETRIC_REPRESENTATION_CONTEXT(2) 
PARAMETRIC_REPRESENTATION_CONTEXT() REPRESENTATION_CONTEXT('2D SPACE',''
  ) );
#9657 = PCURVE('',#6764,#9658);
#9658 = DEFINITIONAL_REPRESENTATION('',(#9659),#9663);
#9659 = LINE('',#9660,#9661);
#9660 = CARTESIAN_POINT('',(6.28318530718,-0.));
#9661 = VECTOR('',#9662,1.);
#9662 = DIRECTION('',(0.,1.));
#9663 = ( GEOMETRIC_REPRESENTATION_CONTEXT(2) 
PARAMETRIC_REPRESENTATION_CONTEXT() REPRESENTATION_CONTEXT('2D SPACE',''
  ) );
#9664 = ORIENTED_EDGE('',*,*,#6743,.T.);
#9665 = ORIENTED_EDGE('',*,*,#9644,.T.);
#9666 = ADVANCED_FACE('',(#9667),#6799,.F.);
#9667 = FACE_BOUND('',#9668,.F.);
#9668 = EDGE_LOOP('',(#9669,#9670,#9691,#9692));
#9669 = ORIENTED_EDGE('',*,*,#8339,.F.);
#9670 = ORIENTED_EDGE('',*,*,#9671,.F.);
#9671 = EDGE_CURVE('',#6779,#8340,#9672,.T.);
#9672 = SEAM_CURVE('',#9673,(#9677,#9684),.PCURVE_S1.);
#9673 = LINE('',#9674,#9675);
#9674 = CARTESIAN_POINT('',(2.8265E+03,155.,10.));
#9675 = VECTOR('',#9676,1.);
#9676 = DIRECTION('',(0.,0.,-1.));
#9677 = PCURVE('',#6799,#9678);
#9678 = DEFINITIONAL_REPRESENTATION('',(#9679),#9683);
#9679 = LINE('',#9680,#9681);
#9680 = CARTESIAN_POINT('',(0.,-0.));
#9681 = VECTOR('',#9682,1.);
#9682 = DIRECTION('',(0.,1.));
#9683 = ( GEOMETRIC_REPRESENTATION_CONTEXT(2) 
PARAMETRIC_REPRESENTATION_CONTEXT() REPRESENTATION_CONTEXT('2D SPACE',''
  ) );
#9684 = PCURVE('',#6799,#9685);
#9685 = DEFINITIONAL_REPRESENTATION('',(#9686),#9690);
#9686 = LINE('',#9687,#9688);
#9687 = CARTESIAN_POINT('',(6.28318530718,-0.));
#9688 = VECTOR('',#9689,1.);
#9689 = DIRECTION('',(0.,1.));
#9690 = ( GEOMETRIC_REPRESENTATION_CONTEXT(2) 
PARAMETRIC_REPRESENTATION_CONTEXT() REPRESENTATION_CONTEXT('2D SPACE',''
  ) );
#9691 = ORIENTED_EDGE('',*,*,#6778,.T.);
#9692 = ORIENTED_EDGE('',*,*,#9671,.T.);
#9693 = ADVANCED_FACE('',(#9694),#6834,.F.);
#9694 = FACE_BOUND('',#9695,.F.);
#9695 = EDGE_LOOP('',(#9696,#9697,#9718,#9719));
#9696 = ORIENTED_EDGE('',*,*,#8369,.F.);
#9697 = ORIENTED_EDGE('',*,*,#9698,.F.);
#9698 = EDGE_CURVE('',#6814,#8370,#9699,.T.);
#9699 = SEAM_CURVE('',#9700,(#9704,#9711),.PCURVE_S1.);
#9700 = LINE('',#9701,#9702);
#9701 = CARTESIAN_POINT('',(2.9265E+03,155.,10.));
#9702 = VECTOR('',#9703,1.);
#9703 = DIRECTION('',(0.,0.,-1.));
#9704 = PCURVE('',#6834,#9705);
#9705 = DEFINITIONAL_REPRESENTATION('',(#9706),#9710);
#9706 = LINE('',#9707,#9708);
#9707 = CARTESIAN_POINT('',(0.,-0.));
#9708 = VECTOR('',#9709,1.);
#9709 = DIRECTION('',(0.,1.));
#9710 = ( GEOMETRIC_REPRESENTATION_CONTEXT(2) 
PARAMETRIC_REPRESENTATION_CONTEXT() REPRESENTATION_CONTEXT('2D SPACE',''
  ) );
#9711 = PCURVE('',#6834,#9712);
#9712 = DEFINITIONAL_REPRESENTATION('',(#9713),#9717);
#9713 = LINE('',#9714,#9715);
#9714 = CARTESIAN_POINT('',(6.28318530718,-0.));
#9715 = VECTOR('',#9716,1.);
#9716 = DIRECTION('',(0.,1.));
#9717 = ( GEOMETRIC_REPRESENTATION_CONTEXT(2) 
PARAMETRIC_REPRESENTATION_CONTEXT() REPRESENTATION_CONTEXT('2D SPACE',''
  ) );
#9718 = ORIENTED_EDGE('',*,*,#6813,.T.);
#9719 = ORIENTED_EDGE('',*,*,#9698,.T.);
#9720 = ADVANCED_FACE('',(#9721),#6869,.F.);
#9721 = FACE_BOUND('',#9722,.F.);
#9722 = EDGE_LOOP('',(#9723,#9724,#9745,#9746));
#9723 = ORIENTED_EDGE('',*,*,#8399,.F.);
#9724 = ORIENTED_EDGE('',*,*,#9725,.F.);
#9725 = EDGE_CURVE('',#6849,#8400,#9726,.T.);
#9726 = SEAM_CURVE('',#9727,(#9731,#9738),.PCURVE_S1.);
#9727 = LINE('',#9728,#9729);
#9728 = CARTESIAN_POINT('',(3.0265E+03,155.,10.));
#9729 = VECTOR('',#9730,1.);
#9730 = DIRECTION('',(0.,0.,-1.));
#9731 = PCURVE('',#6869,#9732);
#9732 = DEFINITIONAL_REPRESENTATION('',(#9733),#9737);
#9733 = LINE('',#9734,#9735);
#9734 = CARTESIAN_POINT('',(0.,-0.));
#9735 = VECTOR('',#9736,1.);
#9736 = DIRECTION('',(0.,1.));
#9737 = ( GEOMETRIC_REPRESENTATION_CONTEXT(2) 
PARAMETRIC_REPRESENTATION_CONTEXT() REPRESENTATION_CONTEXT('2D SPACE',''
  ) );
#9738 = PCURVE('',#6869,#9739);
#9739 = DEFINITIONAL_REPRESENTATION('',(#9740),#9744);
#9740 = LINE('',#9741,#9742);
#9741 = CARTESIAN_POINT('',(6.28318530718,-0.));
#9742 = VECTOR('',#9743,1.);
#9743 = DIRECTION('',(0.,1.));
#9744 = ( GEOMETRIC_REPRESENTATION_CONTEXT(2) 
PARAMETRIC_REPRESENTATION_CONTEXT() REPRESENTATION_CONTEXT('2D SPACE',''
  ) );
#9745 = ORIENTED_EDGE('',*,*,#6848,.T.);
#9746 = ORIENTED_EDGE('',*,*,#9725,.T.);
#9747 = ADVANCED_FACE('',(#9748),#6904,.F.);
#9748 = FACE_BOUND('',#9749,.F.);
#9749 = EDGE_LOOP('',(#9750,#9751,#9772,#9773));
#9750 = ORIENTED_EDGE('',*,*,#8429,.F.);
#9751 = ORIENTED_EDGE('',*,*,#9752,.F.);
#9752 = EDGE_CURVE('',#6884,#8430,#9753,.T.);
#9753 = SEAM_CURVE('',#9754,(#9758,#9765),.PCURVE_S1.);
#9754 = LINE('',#9755,#9756);
#9755 = CARTESIAN_POINT('',(3.1265E+03,155.,10.));
#9756 = VECTOR('',#9757,1.);
#9757 = DIRECTION('',(0.,0.,-1.));
#9758 = PCURVE('',#6904,#9759);
#9759 = DEFINITIONAL_REPRESENTATION('',(#9760),#9764);
#9760 = LINE('',#9761,#9762);
#9761 = CARTESIAN_POINT('',(0.,-0.));
#9762 = VECTOR('',#9763,1.);
#9763 = DIRECTION('',(0.,1.));
#9764 = ( GEOMETRIC_REPRESENTATION_CONTEXT(2) 
PARAMETRIC_REPRESENTATION_CONTEXT() REPRESENTATION_CONTEXT('2D SPACE',''
  ) );
#9765 = PCURVE('',#6904,#9766);
#9766 = DEFINITIONAL_REPRESENTATION('',(#9767),#9771);
#9767 = LINE('',#9768,#9769);
#9768 = CARTESIAN_POINT('',(6.28318530718,-0.));
#9769 = VECTOR('',#9770,1.);
#9770 = DIRECTION('',(0.,1.));
#9771 = ( GEOMETRIC_REPRESENTATION_CONTEXT(2) 
PARAMETRIC_REPRESENTATION_CONTEXT() REPRESENTATION_CONTEXT('2D SPACE',''
  ) );
#9772 = ORIENTED_EDGE('',*,*,#6883,.T.);
#9773 = ORIENTED_EDGE('',*,*,#9752,.T.);
#9774 = ADVANCED_FACE('',(#9775),#6939,.F.);
#9775 = FACE_BOUND('',#9776,.F.);
#9776 = EDGE_LOOP('',(#9777,#9778,#9799,#9800));
#9777 = ORIENTED_EDGE('',*,*,#8459,.F.);
#9778 = ORIENTED_EDGE('',*,*,#9779,.F.);
#9779 = EDGE_CURVE('',#6919,#8460,#9780,.T.);
#9780 = SEAM_CURVE('',#9781,(#9785,#9792),.PCURVE_S1.);
#9781 = LINE('',#9782,#9783);
#9782 = CARTESIAN_POINT('',(3.2265E+03,155.,10.));
#9783 = VECTOR('',#9784,1.);
#9784 = DIRECTION('',(0.,0.,-1.));
#9785 = PCURVE('',#6939,#9786);
#9786 = DEFINITIONAL_REPRESENTATION('',(#9787),#9791);
#9787 = LINE('',#9788,#9789);
#9788 = CARTESIAN_POINT('',(0.,-0.));
#9789 = VECTOR('',#9790,1.);
#9790 = DIRECTION('',(0.,1.));
#9791 = ( GEOMETRIC_REPRESENTATION_CONTEXT(2) 
PARAMETRIC_REPRESENTATION_CONTEXT() REPRESENTATION_CONTEXT('2D SPACE',''
  ) );
#9792 = PCURVE('',#6939,#9793);
#9793 = DEFINITIONAL_REPRESENTATION('',(#9794),#9798);
#9794 = LINE('',#9795,#9796);
#9795 = CARTESIAN_POINT('',(6.28318530718,-0.));
#9796 = VECTOR('',#9797,1.);
#9797 = DIRECTION('',(0.,1.));
#9798 = ( GEOMETRIC_REPRESENTATION_CONTEXT(2) 
PARAMETRIC_REPRESENTATION_CONTEXT() REPRESENTATION_CONTEXT('2D SPACE',''
  ) );
#9799 = ORIENTED_EDGE('',*,*,#6918,.T.);
#9800 = ORIENTED_EDGE('',*,*,#9779,.T.);
#9801 = ADVANCED_FACE('',(#9802),#6974,.F.);
#9802 = FACE_BOUND('',#9803,.F.);
#9803 = EDGE_LOOP('',(#9804,#9805,#9826,#9827));
#9804 = ORIENTED_EDGE('',*,*,#8489,.F.);
#9805 = ORIENTED_EDGE('',*,*,#9806,.F.);
#9806 = EDGE_CURVE('',#6954,#8490,#9807,.T.);
#9807 = SEAM_CURVE('',#9808,(#9812,#9819),.PCURVE_S1.);
#9808 = LINE('',#9809,#9810);
#9809 = CARTESIAN_POINT('',(3.3265E+03,155.,10.));
#9810 = VECTOR('',#9811,1.);
#9811 = DIRECTION('',(0.,0.,-1.));
#9812 = PCURVE('',#6974,#9813);
#9813 = DEFINITIONAL_REPRESENTATION('',(#9814),#9818);
#9814 = LINE('',#9815,#9816);
#9815 = CARTESIAN_POINT('',(0.,-0.));
#9816 = VECTOR('',#9817,1.);
#9817 = DIRECTION('',(0.,1.));
#9818 = ( GEOMETRIC_REPRESENTATION_CONTEXT(2) 
PARAMETRIC_REPRESENTATION_CONTEXT() REPRESENTATION_CONTEXT('2D SPACE',''
  ) );
#9819 = PCURVE('',#6974,#9820);
#9820 = DEFINITIONAL_REPRESENTATION('',(#9821),#9825);
#9821 = LINE('',#9822,#9823);
#9822 = CARTESIAN_POINT('',(6.28318530718,-0.));
#9823 = VECTOR('',#9824,1.);
#9824 = DIRECTION('',(0.,1.));
#9825 = ( GEOMETRIC_REPRESENTATION_CONTEXT(2) 
PARAMETRIC_REPRESENTATION_CONTEXT() REPRESENTATION_CONTEXT('2D SPACE',''
  ) );
#9826 = ORIENTED_EDGE('',*,*,#6953,.T.);
#9827 = ORIENTED_EDGE('',*,*,#9806,.T.);
#9828 = ADVANCED_FACE('',(#9829),#7009,.F.);
#9829 = FACE_BOUND('',#9830,.F.);
#9830 = EDGE_LOOP('',(#9831,#9832,#9853,#9854));
#9831 = ORIENTED_EDGE('',*,*,#8519,.F.);
#9832 = ORIENTED_EDGE('',*,*,#9833,.F.);
#9833 = EDGE_CURVE('',#6989,#8520,#9834,.T.);
#9834 = SEAM_CURVE('',#9835,(#9839,#9846),.PCURVE_S1.);
#9835 = LINE('',#9836,#9837);
#9836 = CARTESIAN_POINT('',(3.4265E+03,155.,10.));
#9837 = VECTOR('',#9838,1.);
#9838 = DIRECTION('',(0.,0.,-1.));
#9839 = PCURVE('',#7009,#9840);
#9840 = DEFINITIONAL_REPRESENTATION('',(#9841),#9845);
#9841 = LINE('',#9842,#9843);
#9842 = CARTESIAN_POINT('',(0.,-0.));
#9843 = VECTOR('',#9844,1.);
#9844 = DIRECTION('',(0.,1.));
#9845 = ( GEOMETRIC_REPRESENTATION_CONTEXT(2) 
PARAMETRIC_REPRESENTATION_CONTEXT() REPRESENTATION_CONTEXT('2D SPACE',''
  ) );
#9846 = PCURVE('',#7009,#9847);
#9847 = DEFINITIONAL_REPRESENTATION('',(#9848),#9852);
#9848 = LINE('',#9849,#9850);
#9849 = CARTESIAN_POINT('',(6.28318530718,-0.));
#9850 = VECTOR('',#9851,1.);
#9851 = DIRECTION('',(0.,1.));
#9852 = ( GEOMETRIC_REPRESENTATION_CONTEXT(2) 
PARAMETRIC_REPRESENTATION_CONTEXT() REPRESENTATION_CONTEXT('2D SPACE',''
  ) );
#9853 = ORIENTED_EDGE('',*,*,#6988,.T.);
#9854 = ORIENTED_EDGE('',*,*,#9833,.T.);
#9855 = ADVANCED_FACE('',(#9856),#7044,.F.);
#9856 = FACE_BOUND('',#9857,.F.);
#9857 = EDGE_LOOP('',(#9858,#9859,#9880,#9881));
#9858 = ORIENTED_EDGE('',*,*,#8549,.F.);
#9859 = ORIENTED_EDGE('',*,*,#9860,.F.);
#9860 = EDGE_CURVE('',#7024,#8550,#9861,.T.);
#9861 = SEAM_CURVE('',#9862,(#9866,#9873),.PCURVE_S1.);
#9862 = LINE('',#9863,#9864);
#9863 = CARTESIAN_POINT('',(3.5265E+03,155.,10.));
#9864 = VECTOR('',#9865,1.);
#9865 = DIRECTION('',(0.,0.,-1.));
#9866 = PCURVE('',#7044,#9867);
#9867 = DEFINITIONAL_REPRESENTATION('',(#9868),#9872);
#9868 = LINE('',#9869,#9870);
#9869 = CARTESIAN_POINT('',(0.,-0.));
#9870 = VECTOR('',#9871,1.);
#9871 = DIRECTION('',(0.,1.));
#9872 = ( GEOMETRIC_REPRESENTATION_CONTEXT(2) 
PARAMETRIC_REPRESENTATION_CONTEXT() REPRESENTATION_CONTEXT('2D SPACE',''
  ) );
#9873 = PCURVE('',#7044,#9874);
#9874 = DEFINITIONAL_REPRESENTATION('',(#9875),#9879);
#9875 = LINE('',#9876,#9877);
#9876 = CARTESIAN_POINT('',(6.28318530718,-0.));
#9877 = VECTOR('',#9878,1.);
#9878 = DIRECTION('',(0.,1.));
#9879 = ( GEOMETRIC_REPRESENTATION_CONTEXT(2) 
PARAMETRIC_REPRESENTATION_CONTEXT() REPRESENTATION_CONTEXT('2D SPACE',''
  ) );
#9880 = ORIENTED_EDGE('',*,*,#7023,.T.);
#9881 = ORIENTED_EDGE('',*,*,#9860,.T.);
#9882 = ADVANCED_FACE('',(#9883),#7079,.F.);
#9883 = FACE_BOUND('',#9884,.F.);
#9884 = EDGE_LOOP('',(#9885,#9886,#9907,#9908));
#9885 = ORIENTED_EDGE('',*,*,#8579,.F.);
#9886 = ORIENTED_EDGE('',*,*,#9887,.F.);
#9887 = EDGE_CURVE('',#7059,#8580,#9888,.T.);
#9888 = SEAM_CURVE('',#9889,(#9893,#9900),.PCURVE_S1.);
#9889 = LINE('',#9890,#9891);
#9890 = CARTESIAN_POINT('',(3.6265E+03,155.,10.));
#9891 = VECTOR('',#9892,1.);
#9892 = DIRECTION('',(0.,0.,-1.));
#9893 = PCURVE('',#7079,#9894);
#9894 = DEFINITIONAL_REPRESENTATION('',(#9895),#9899);
#9895 = LINE('',#9896,#9897);
#9896 = CARTESIAN_POINT('',(0.,-0.));
#9897 = VECTOR('',#9898,1.);
#9898 = DIRECTION('',(0.,1.));
#9899 = ( GEOMETRIC_REPRESENTATION_CONTEXT(2) 
PARAMETRIC_REPRESENTATION_CONTEXT() REPRESENTATION_CONTEXT('2D SPACE',''
  ) );
#9900 = PCURVE('',#7079,#9901);
#9901 = DEFINITIONAL_REPRESENTATION('',(#9902),#9906);
#9902 = LINE('',#9903,#9904);
#9903 = CARTESIAN_POINT('',(6.28318530718,-0.));
#9904 = VECTOR('',#9905,1.);
#9905 = DIRECTION('',(0.,1.));
#9906 = ( GEOMETRIC_REPRESENTATION_CONTEXT(2) 
PARAMETRIC_REPRESENTATION_CONTEXT() REPRESENTATION_CONTEXT('2D SPACE',''
  ) );
#9907 = ORIENTED_EDGE('',*,*,#7058,.T.);
#9908 = ORIENTED_EDGE('',*,*,#9887,.T.);
#9909 = ( GEOMETRIC_REPRESENTATION_CONTEXT(3) 
GLOBAL_UNCERTAINTY_ASSIGNED_CONTEXT((#9913)) 
GLOBAL_UNIT_ASSIGNED_CONTEXT((#9910,#9911,#9912)) REPRESENTATION_CONTEXT
('Context #1','3D Context with UNIT and UNCERTAINTY') );
#9910 = ( LENGTH_UNIT() NAMED_UNIT(*) SI_UNIT(.MILLI.,.METRE.) );
#9911 = ( NAMED_UNIT(*) PLANE_ANGLE_UNIT() SI_UNIT($,.RADIAN.) );
#9912 = ( NAMED_UNIT(*) SI_UNIT($,.STERADIAN.) SOLID_ANGLE_UNIT() );
#9913 = UNCERTAINTY_MEASURE_WITH_UNIT(LENGTH_MEASURE(1.E-07),#9910,
  'distance_accuracy_value','confusion accuracy');
#9914 = CONTEXT_DEPENDENT_SHAPE_REPRESENTATION(#9915,#9917);
#9915 = ( REPRESENTATION_RELATIONSHIP('','',#5162,#10) 
REPRESENTATION_RELATIONSHIP_WITH_TRANSFORMATION(#9916) 
SHAPE_REPRESENTATION_RELATIONSHIP() );
#9916 = ITEM_DEFINED_TRANSFORMATION('','',#11,#23);
#9917 = PRODUCT_DEFINITION_SHAPE('Placement','Placement of an item',
  #9918);
#9918 = NEXT_ASSEMBLY_USAGE_OCCURRENCE('8','DB2-1-O','',#5,#5157,$);
#9919 = PRODUCT_RELATED_PRODUCT_CATEGORY('part',$,(#5159));
#9920 = SHAPE_DEFINITION_REPRESENTATION(#9921,#9927);
#9921 = PRODUCT_DEFINITION_SHAPE('','',#9922);
#9922 = PRODUCT_DEFINITION('design','',#9923,#9926);
#9923 = PRODUCT_DEFINITION_FORMATION('','',#9924);
#9924 = PRODUCT('DB2 distansregel 1-U','DB2 distansregel 1-U','',(#9925)
  );
#9925 = PRODUCT_CONTEXT('',#2,'mechanical');
#9926 = PRODUCT_DEFINITION_CONTEXT('part definition',#2,'design');
#9927 = ADVANCED_BREP_SHAPE_REPRESENTATION('',(#11,#9928),#10258);
#9928 = MANIFOLD_SOLID_BREP('',#9929);
#9929 = CLOSED_SHELL('',(#9930,#10050,#10150,#10197,#10244,#10251));
#9930 = ADVANCED_FACE('',(#9931),#9945,.F.);
#9931 = FACE_BOUND('',#9932,.F.);
#9932 = EDGE_LOOP('',(#9933,#9968,#9996,#10024));
#9933 = ORIENTED_EDGE('',*,*,#9934,.F.);
#9934 = EDGE_CURVE('',#9935,#9937,#9939,.T.);
#9935 = VERTEX_POINT('',#9936);
#9936 = CARTESIAN_POINT('',(0.,0.,0.));
#9937 = VERTEX_POINT('',#9938);
#9938 = CARTESIAN_POINT('',(0.,0.,10.));
#9939 = SURFACE_CURVE('',#9940,(#9944,#9956),.PCURVE_S1.);
#9940 = LINE('',#9941,#9942);
#9941 = CARTESIAN_POINT('',(0.,0.,0.));
#9942 = VECTOR('',#9943,1.);
#9943 = DIRECTION('',(0.,0.,1.));
#9944 = PCURVE('',#9945,#9950);
#9945 = PLANE('',#9946);
#9946 = AXIS2_PLACEMENT_3D('',#9947,#9948,#9949);
#9947 = CARTESIAN_POINT('',(0.,0.,0.));
#9948 = DIRECTION('',(1.,0.,0.));
#9949 = DIRECTION('',(0.,0.,1.));
#9950 = DEFINITIONAL_REPRESENTATION('',(#9951),#9955);
#9951 = LINE('',#9952,#9953);
#9952 = CARTESIAN_POINT('',(0.,0.));
#9953 = VECTOR('',#9954,1.);
#9954 = DIRECTION('',(1.,0.));
#9955 = ( GEOMETRIC_REPRESENTATION_CONTEXT(2) 
PARAMETRIC_REPRESENTATION_CONTEXT() REPRESENTATION_CONTEXT('2D SPACE',''
  ) );
#9956 = PCURVE('',#9957,#9962);
#9957 = PLANE('',#9958);
#9958 = AXIS2_PLACEMENT_3D('',#9959,#9960,#9961);
#9959 = CARTESIAN_POINT('',(0.,0.,0.));
#9960 = DIRECTION('',(0.,1.,0.));
#9961 = DIRECTION('',(0.,0.,1.));
#9962 = DEFINITIONAL_REPRESENTATION('',(#9963),#9967);
#9963 = LINE('',#9964,#9965);
#9964 = CARTESIAN_POINT('',(0.,0.));
#9965 = VECTOR('',#9966,1.);
#9966 = DIRECTION('',(1.,0.));
#9967 = ( GEOMETRIC_REPRESENTATION_CONTEXT(2) 
PARAMETRIC_REPRESENTATION_CONTEXT() REPRESENTATION_CONTEXT('2D SPACE',''
  ) );
#9968 = ORIENTED_EDGE('',*,*,#9969,.T.);
#9969 = EDGE_CURVE('',#9935,#9970,#9972,.T.);
#9970 = VERTEX_POINT('',#9971);
#9971 = CARTESIAN_POINT('',(0.,200.,0.));
#9972 = SURFACE_CURVE('',#9973,(#9977,#9984),.PCURVE_S1.);
#9973 = LINE('',#9974,#9975);
#9974 = CARTESIAN_POINT('',(0.,0.,0.));
#9975 = VECTOR('',#9976,1.);
#9976 = DIRECTION('',(0.,1.,0.));
#9977 = PCURVE('',#9945,#9978);
#9978 = DEFINITIONAL_REPRESENTATION('',(#9979),#9983);
#9979 = LINE('',#9980,#9981);
#9980 = CARTESIAN_POINT('',(0.,0.));
#9981 = VECTOR('',#9982,1.);
#9982 = DIRECTION('',(0.,-1.));
#9983 = ( GEOMETRIC_REPRESENTATION_CONTEXT(2) 
PARAMETRIC_REPRESENTATION_CONTEXT() REPRESENTATION_CONTEXT('2D SPACE',''
  ) );
#9984 = PCURVE('',#9985,#9990);
#9985 = PLANE('',#9986);
#9986 = AXIS2_PLACEMENT_3D('',#9987,#9988,#9989);
#9987 = CARTESIAN_POINT('',(0.,0.,0.));
#9988 = DIRECTION('',(0.,0.,1.));
#9989 = DIRECTION('',(1.,0.,0.));
#9990 = DEFINITIONAL_REPRESENTATION('',(#9991),#9995);
#9991 = LINE('',#9992,#9993);
#9992 = CARTESIAN_POINT('',(0.,0.));
#9993 = VECTOR('',#9994,1.);
#9994 = DIRECTION('',(0.,1.));
#9995 = ( GEOMETRIC_REPRESENTATION_CONTEXT(2) 
PARAMETRIC_REPRESENTATION_CONTEXT() REPRESENTATION_CONTEXT('2D SPACE',''
  ) );
#9996 = ORIENTED_EDGE('',*,*,#9997,.T.);
#9997 = EDGE_CURVE('',#9970,#9998,#10000,.T.);
#9998 = VERTEX_POINT('',#9999);
#9999 = CARTESIAN_POINT('',(0.,200.,10.));
#10000 = SURFACE_CURVE('',#10001,(#10005,#10012),.PCURVE_S1.);
#10001 = LINE('',#10002,#10003);
#10002 = CARTESIAN_POINT('',(0.,200.,0.));
#10003 = VECTOR('',#10004,1.);
#10004 = DIRECTION('',(0.,0.,1.));
#10005 = PCURVE('',#9945,#10006);
#10006 = DEFINITIONAL_REPRESENTATION('',(#10007),#10011);
#10007 = LINE('',#10008,#10009);
#10008 = CARTESIAN_POINT('',(0.,-200.));
#10009 = VECTOR('',#10010,1.);
#10010 = DIRECTION('',(1.,0.));
#10011 = ( GEOMETRIC_REPRESENTATION_CONTEXT(2) 
PARAMETRIC_REPRESENTATION_CONTEXT() REPRESENTATION_CONTEXT('2D SPACE',''
  ) );
#10012 = PCURVE('',#10013,#10018);
#10013 = PLANE('',#10014);
#10014 = AXIS2_PLACEMENT_3D('',#10015,#10016,#10017);
#10015 = CARTESIAN_POINT('',(0.,200.,0.));
#10016 = DIRECTION('',(0.,1.,0.));
#10017 = DIRECTION('',(0.,0.,1.));
#10018 = DEFINITIONAL_REPRESENTATION('',(#10019),#10023);
#10019 = LINE('',#10020,#10021);
#10020 = CARTESIAN_POINT('',(0.,0.));
#10021 = VECTOR('',#10022,1.);
#10022 = DIRECTION('',(1.,0.));
#10023 = ( GEOMETRIC_REPRESENTATION_CONTEXT(2) 
PARAMETRIC_REPRESENTATION_CONTEXT() REPRESENTATION_CONTEXT('2D SPACE',''
  ) );
#10024 = ORIENTED_EDGE('',*,*,#10025,.F.);
#10025 = EDGE_CURVE('',#9937,#9998,#10026,.T.);
#10026 = SURFACE_CURVE('',#10027,(#10031,#10038),.PCURVE_S1.);
#10027 = LINE('',#10028,#10029);
#10028 = CARTESIAN_POINT('',(0.,0.,10.));
#10029 = VECTOR('',#10030,1.);
#10030 = DIRECTION('',(0.,1.,0.));
#10031 = PCURVE('',#9945,#10032);
#10032 = DEFINITIONAL_REPRESENTATION('',(#10033),#10037);
#10033 = LINE('',#10034,#10035);
#10034 = CARTESIAN_POINT('',(10.,0.));
#10035 = VECTOR('',#10036,1.);
#10036 = DIRECTION('',(0.,-1.));
#10037 = ( GEOMETRIC_REPRESENTATION_CONTEXT(2) 
PARAMETRIC_REPRESENTATION_CONTEXT() REPRESENTATION_CONTEXT('2D SPACE',''
  ) );
#10038 = PCURVE('',#10039,#10044);
#10039 = PLANE('',#10040);
#10040 = AXIS2_PLACEMENT_3D('',#10041,#10042,#10043);
#10041 = CARTESIAN_POINT('',(0.,0.,10.));
#10042 = DIRECTION('',(0.,0.,1.));
#10043 = DIRECTION('',(1.,0.,0.));
#10044 = DEFINITIONAL_REPRESENTATION('',(#10045),#10049);
#10045 = LINE('',#10046,#10047);
#10046 = CARTESIAN_POINT('',(0.,0.));
#10047 = VECTOR('',#10048,1.);
#10048 = DIRECTION('',(0.,1.));
#10049 = ( GEOMETRIC_REPRESENTATION_CONTEXT(2) 
PARAMETRIC_REPRESENTATION_CONTEXT() REPRESENTATION_CONTEXT('2D SPACE',''
  ) );
#10050 = ADVANCED_FACE('',(#10051),#10065,.T.);
#10051 = FACE_BOUND('',#10052,.T.);
#10052 = EDGE_LOOP('',(#10053,#10083,#10106,#10129));
#10053 = ORIENTED_EDGE('',*,*,#10054,.F.);
#10054 = EDGE_CURVE('',#10055,#10057,#10059,.T.);
#10055 = VERTEX_POINT('',#10056);
#10056 = CARTESIAN_POINT('',(6.332E+03,0.,0.));
#10057 = VERTEX_POINT('',#10058);
#10058 = CARTESIAN_POINT('',(6.332E+03,0.,10.));
#10059 = SURFACE_CURVE('',#10060,(#10064,#10076),.PCURVE_S1.);
#10060 = LINE('',#10061,#10062);
#10061 = CARTESIAN_POINT('',(6.332E+03,0.,0.));
#10062 = VECTOR('',#10063,1.);
#10063 = DIRECTION('',(0.,0.,1.));
#10064 = PCURVE('',#10065,#10070);
#10065 = PLANE('',#10066);
#10066 = AXIS2_PLACEMENT_3D('',#10067,#10068,#10069);
#10067 = CARTESIAN_POINT('',(6.332E+03,0.,0.));
#10068 = DIRECTION('',(1.,0.,0.));
#10069 = DIRECTION('',(0.,0.,1.));
#10070 = DEFINITIONAL_REPRESENTATION('',(#10071),#10075);
#10071 = LINE('',#10072,#10073);
#10072 = CARTESIAN_POINT('',(0.,0.));
#10073 = VECTOR('',#10074,1.);
#10074 = DIRECTION('',(1.,0.));
#10075 = ( GEOMETRIC_REPRESENTATION_CONTEXT(2) 
PARAMETRIC_REPRESENTATION_CONTEXT() REPRESENTATION_CONTEXT('2D SPACE',''
  ) );
#10076 = PCURVE('',#9957,#10077);
#10077 = DEFINITIONAL_REPRESENTATION('',(#10078),#10082);
#10078 = LINE('',#10079,#10080);
#10079 = CARTESIAN_POINT('',(0.,6.332E+03));
#10080 = VECTOR('',#10081,1.);
#10081 = DIRECTION('',(1.,0.));
#10082 = ( GEOMETRIC_REPRESENTATION_CONTEXT(2) 
PARAMETRIC_REPRESENTATION_CONTEXT() REPRESENTATION_CONTEXT('2D SPACE',''
  ) );
#10083 = ORIENTED_EDGE('',*,*,#10084,.T.);
#10084 = EDGE_CURVE('',#10055,#10085,#10087,.T.);
#10085 = VERTEX_POINT('',#10086);
#10086 = CARTESIAN_POINT('',(6.332E+03,200.,0.));
#10087 = SURFACE_CURVE('',#10088,(#10092,#10099),.PCURVE_S1.);
#10088 = LINE('',#10089,#10090);
#10089 = CARTESIAN_POINT('',(6.332E+03,0.,0.));
#10090 = VECTOR('',#10091,1.);
#10091 = DIRECTION('',(0.,1.,0.));
#10092 = PCURVE('',#10065,#10093);
#10093 = DEFINITIONAL_REPRESENTATION('',(#10094),#10098);
#10094 = LINE('',#10095,#10096);
#10095 = CARTESIAN_POINT('',(0.,0.));
#10096 = VECTOR('',#10097,1.);
#10097 = DIRECTION('',(0.,-1.));
#10098 = ( GEOMETRIC_REPRESENTATION_CONTEXT(2) 
PARAMETRIC_REPRESENTATION_CONTEXT() REPRESENTATION_CONTEXT('2D SPACE',''
  ) );
#10099 = PCURVE('',#9985,#10100);
#10100 = DEFINITIONAL_REPRESENTATION('',(#10101),#10105);
#10101 = LINE('',#10102,#10103);
#10102 = CARTESIAN_POINT('',(6.332E+03,0.));
#10103 = VECTOR('',#10104,1.);
#10104 = DIRECTION('',(0.,1.));
#10105 = ( GEOMETRIC_REPRESENTATION_CONTEXT(2) 
PARAMETRIC_REPRESENTATION_CONTEXT() REPRESENTATION_CONTEXT('2D SPACE',''
  ) );
#10106 = ORIENTED_EDGE('',*,*,#10107,.T.);
#10107 = EDGE_CURVE('',#10085,#10108,#10110,.T.);
#10108 = VERTEX_POINT('',#10109);
#10109 = CARTESIAN_POINT('',(6.332E+03,200.,10.));
#10110 = SURFACE_CURVE('',#10111,(#10115,#10122),.PCURVE_S1.);
#10111 = LINE('',#10112,#10113);
#10112 = CARTESIAN_POINT('',(6.332E+03,200.,0.));
#10113 = VECTOR('',#10114,1.);
#10114 = DIRECTION('',(0.,0.,1.));
#10115 = PCURVE('',#10065,#10116);
#10116 = DEFINITIONAL_REPRESENTATION('',(#10117),#10121);
#10117 = LINE('',#10118,#10119);
#10118 = CARTESIAN_POINT('',(0.,-200.));
#10119 = VECTOR('',#10120,1.);
#10120 = DIRECTION('',(1.,0.));
#10121 = ( GEOMETRIC_REPRESENTATION_CONTEXT(2) 
PARAMETRIC_REPRESENTATION_CONTEXT() REPRESENTATION_CONTEXT('2D SPACE',''
  ) );
#10122 = PCURVE('',#10013,#10123);
#10123 = DEFINITIONAL_REPRESENTATION('',(#10124),#10128);
#10124 = LINE('',#10125,#10126);
#10125 = CARTESIAN_POINT('',(0.,6.332E+03));
#10126 = VECTOR('',#10127,1.);
#10127 = DIRECTION('',(1.,0.));
#10128 = ( GEOMETRIC_REPRESENTATION_CONTEXT(2) 
PARAMETRIC_REPRESENTATION_CONTEXT() REPRESENTATION_CONTEXT('2D SPACE',''
  ) );
#10129 = ORIENTED_EDGE('',*,*,#10130,.F.);
#10130 = EDGE_CURVE('',#10057,#10108,#10131,.T.);
#10131 = SURFACE_CURVE('',#10132,(#10136,#10143),.PCURVE_S1.);
#10132 = LINE('',#10133,#10134);
#10133 = CARTESIAN_POINT('',(6.332E+03,0.,10.));
#10134 = VECTOR('',#10135,1.);
#10135 = DIRECTION('',(0.,1.,0.));
#10136 = PCURVE('',#10065,#10137);
#10137 = DEFINITIONAL_REPRESENTATION('',(#10138),#10142);
#10138 = LINE('',#10139,#10140);
#10139 = CARTESIAN_POINT('',(10.,0.));
#10140 = VECTOR('',#10141,1.);
#10141 = DIRECTION('',(0.,-1.));
#10142 = ( GEOMETRIC_REPRESENTATION_CONTEXT(2) 
PARAMETRIC_REPRESENTATION_CONTEXT() REPRESENTATION_CONTEXT('2D SPACE',''
  ) );
#10143 = PCURVE('',#10039,#10144);
#10144 = DEFINITIONAL_REPRESENTATION('',(#10145),#10149);
#10145 = LINE('',#10146,#10147);
#10146 = CARTESIAN_POINT('',(6.332E+03,0.));
#10147 = VECTOR('',#10148,1.);
#10148 = DIRECTION('',(0.,1.));
#10149 = ( GEOMETRIC_REPRESENTATION_CONTEXT(2) 
PARAMETRIC_REPRESENTATION_CONTEXT() REPRESENTATION_CONTEXT('2D SPACE',''
  ) );
#10150 = ADVANCED_FACE('',(#10151),#9957,.F.);
#10151 = FACE_BOUND('',#10152,.F.);
#10152 = EDGE_LOOP('',(#10153,#10174,#10175,#10196));
#10153 = ORIENTED_EDGE('',*,*,#10154,.F.);
#10154 = EDGE_CURVE('',#9935,#10055,#10155,.T.);
#10155 = SURFACE_CURVE('',#10156,(#10160,#10167),.PCURVE_S1.);
#10156 = LINE('',#10157,#10158);
#10157 = CARTESIAN_POINT('',(0.,0.,0.));
#10158 = VECTOR('',#10159,1.);
#10159 = DIRECTION('',(1.,0.,0.));
#10160 = PCURVE('',#9957,#10161);
#10161 = DEFINITIONAL_REPRESENTATION('',(#10162),#10166);
#10162 = LINE('',#10163,#10164);
#10163 = CARTESIAN_POINT('',(0.,0.));
#10164 = VECTOR('',#10165,1.);
#10165 = DIRECTION('',(0.,1.));
#10166 = ( GEOMETRIC_REPRESENTATION_CONTEXT(2) 
PARAMETRIC_REPRESENTATION_CONTEXT() REPRESENTATION_CONTEXT('2D SPACE',''
  ) );
#10167 = PCURVE('',#9985,#10168);
#10168 = DEFINITIONAL_REPRESENTATION('',(#10169),#10173);
#10169 = LINE('',#10170,#10171);
#10170 = CARTESIAN_POINT('',(0.,0.));
#10171 = VECTOR('',#10172,1.);
#10172 = DIRECTION('',(1.,0.));
#10173 = ( GEOMETRIC_REPRESENTATION_CONTEXT(2) 
PARAMETRIC_REPRESENTATION_CONTEXT() REPRESENTATION_CONTEXT('2D SPACE',''
  ) );
#10174 = ORIENTED_EDGE('',*,*,#9934,.T.);
#10175 = ORIENTED_EDGE('',*,*,#10176,.T.);
#10176 = EDGE_CURVE('',#9937,#10057,#10177,.T.);
#10177 = SURFACE_CURVE('',#10178,(#10182,#10189),.PCURVE_S1.);
#10178 = LINE('',#10179,#10180);
#10179 = CARTESIAN_POINT('',(0.,0.,10.));
#10180 = VECTOR('',#10181,1.);
#10181 = DIRECTION('',(1.,0.,0.));
#10182 = PCURVE('',#9957,#10183);
#10183 = DEFINITIONAL_REPRESENTATION('',(#10184),#10188);
#10184 = LINE('',#10185,#10186);
#10185 = CARTESIAN_POINT('',(10.,0.));
#10186 = VECTOR('',#10187,1.);
#10187 = DIRECTION('',(0.,1.));
#10188 = ( GEOMETRIC_REPRESENTATION_CONTEXT(2) 
PARAMETRIC_REPRESENTATION_CONTEXT() REPRESENTATION_CONTEXT('2D SPACE',''
  ) );
#10189 = PCURVE('',#10039,#10190);
#10190 = DEFINITIONAL_REPRESENTATION('',(#10191),#10195);
#10191 = LINE('',#10192,#10193);
#10192 = CARTESIAN_POINT('',(0.,0.));
#10193 = VECTOR('',#10194,1.);
#10194 = DIRECTION('',(1.,0.));
#10195 = ( GEOMETRIC_REPRESENTATION_CONTEXT(2) 
PARAMETRIC_REPRESENTATION_CONTEXT() REPRESENTATION_CONTEXT('2D SPACE',''
  ) );
#10196 = ORIENTED_EDGE('',*,*,#10054,.F.);
#10197 = ADVANCED_FACE('',(#10198),#10013,.T.);
#10198 = FACE_BOUND('',#10199,.T.);
#10199 = EDGE_LOOP('',(#10200,#10221,#10222,#10243));
#10200 = ORIENTED_EDGE('',*,*,#10201,.F.);
#10201 = EDGE_CURVE('',#9970,#10085,#10202,.T.);
#10202 = SURFACE_CURVE('',#10203,(#10207,#10214),.PCURVE_S1.);
#10203 = LINE('',#10204,#10205);
#10204 = CARTESIAN_POINT('',(0.,200.,0.));
#10205 = VECTOR('',#10206,1.);
#10206 = DIRECTION('',(1.,0.,0.));
#10207 = PCURVE('',#10013,#10208);
#10208 = DEFINITIONAL_REPRESENTATION('',(#10209),#10213);
#10209 = LINE('',#10210,#10211);
#10210 = CARTESIAN_POINT('',(0.,0.));
#10211 = VECTOR('',#10212,1.);
#10212 = DIRECTION('',(0.,1.));
#10213 = ( GEOMETRIC_REPRESENTATION_CONTEXT(2) 
PARAMETRIC_REPRESENTATION_CONTEXT() REPRESENTATION_CONTEXT('2D SPACE',''
  ) );
#10214 = PCURVE('',#9985,#10215);
#10215 = DEFINITIONAL_REPRESENTATION('',(#10216),#10220);
#10216 = LINE('',#10217,#10218);
#10217 = CARTESIAN_POINT('',(0.,200.));
#10218 = VECTOR('',#10219,1.);
#10219 = DIRECTION('',(1.,0.));
#10220 = ( GEOMETRIC_REPRESENTATION_CONTEXT(2) 
PARAMETRIC_REPRESENTATION_CONTEXT() REPRESENTATION_CONTEXT('2D SPACE',''
  ) );
#10221 = ORIENTED_EDGE('',*,*,#9997,.T.);
#10222 = ORIENTED_EDGE('',*,*,#10223,.T.);
#10223 = EDGE_CURVE('',#9998,#10108,#10224,.T.);
#10224 = SURFACE_CURVE('',#10225,(#10229,#10236),.PCURVE_S1.);
#10225 = LINE('',#10226,#10227);
#10226 = CARTESIAN_POINT('',(0.,200.,10.));
#10227 = VECTOR('',#10228,1.);
#10228 = DIRECTION('',(1.,0.,0.));
#10229 = PCURVE('',#10013,#10230);
#10230 = DEFINITIONAL_REPRESENTATION('',(#10231),#10235);
#10231 = LINE('',#10232,#10233);
#10232 = CARTESIAN_POINT('',(10.,0.));
#10233 = VECTOR('',#10234,1.);
#10234 = DIRECTION('',(0.,1.));
#10235 = ( GEOMETRIC_REPRESENTATION_CONTEXT(2) 
PARAMETRIC_REPRESENTATION_CONTEXT() REPRESENTATION_CONTEXT('2D SPACE',''
  ) );
#10236 = PCURVE('',#10039,#10237);
#10237 = DEFINITIONAL_REPRESENTATION('',(#10238),#10242);
#10238 = LINE('',#10239,#10240);
#10239 = CARTESIAN_POINT('',(0.,200.));
#10240 = VECTOR('',#10241,1.);
#10241 = DIRECTION('',(1.,0.));
#10242 = ( GEOMETRIC_REPRESENTATION_CONTEXT(2) 
PARAMETRIC_REPRESENTATION_CONTEXT() REPRESENTATION_CONTEXT('2D SPACE',''
  ) );
#10243 = ORIENTED_EDGE('',*,*,#10107,.F.);
#10244 = ADVANCED_FACE('',(#10245),#9985,.F.);
#10245 = FACE_BOUND('',#10246,.F.);
#10246 = EDGE_LOOP('',(#10247,#10248,#10249,#10250));
#10247 = ORIENTED_EDGE('',*,*,#9969,.F.);
#10248 = ORIENTED_EDGE('',*,*,#10154,.T.);
#10249 = ORIENTED_EDGE('',*,*,#10084,.T.);
#10250 = ORIENTED_EDGE('',*,*,#10201,.F.);
#10251 = ADVANCED_FACE('',(#10252),#10039,.T.);
#10252 = FACE_BOUND('',#10253,.T.);
#10253 = EDGE_LOOP('',(#10254,#10255,#10256,#10257));
#10254 = ORIENTED_EDGE('',*,*,#10025,.F.);
#10255 = ORIENTED_EDGE('',*,*,#10176,.T.);
#10256 = ORIENTED_EDGE('',*,*,#10130,.T.);
#10257 = ORIENTED_EDGE('',*,*,#10223,.F.);
#10258 = ( GEOMETRIC_REPRESENTATION_CONTEXT(3) 
GLOBAL_UNCERTAINTY_ASSIGNED_CONTEXT((#10262)) 
GLOBAL_UNIT_ASSIGNED_CONTEXT((#10259,#10260,#10261)) 
REPRESENTATION_CONTEXT('Context #1',
  '3D Context with UNIT and UNCERTAINTY') );
#10259 = ( LENGTH_UNIT() NAMED_UNIT(*) SI_UNIT(.MILLI.,.METRE.) );
#10260 = ( NAMED_UNIT(*) PLANE_ANGLE_UNIT() SI_UNIT($,.RADIAN.) );
#10261 = ( NAMED_UNIT(*) SI_UNIT($,.STERADIAN.) SOLID_ANGLE_UNIT() );
#10262 = UNCERTAINTY_MEASURE_WITH_UNIT(LENGTH_MEASURE(1.E-07),#10259,
  'distance_accuracy_value','confusion accuracy');
#10263 = CONTEXT_DEPENDENT_SHAPE_REPRESENTATION(#10264,#10266);
#10264 = ( REPRESENTATION_RELATIONSHIP('','',#9927,#10) 
REPRESENTATION_RELATIONSHIP_WITH_TRANSFORMATION(#10265) 
SHAPE_REPRESENTATION_RELATIONSHIP() );
#10265 = ITEM_DEFINED_TRANSFORMATION('','',#11,#27);
#10266 = PRODUCT_DEFINITION_SHAPE('Placement','Placement of an item',
  #10267);
#10267 = NEXT_ASSEMBLY_USAGE_OCCURRENCE('9','DB2 distansregel 1-U','',#5
  ,#9922,$);
#10268 = PRODUCT_RELATED_PRODUCT_CATEGORY('part',$,(#9924));
#10269 = SHAPE_DEFINITION_REPRESENTATION(#10270,#10276);
#10270 = PRODUCT_DEFINITION_SHAPE('','',#10271);
#10271 = PRODUCT_DEFINITION('design','',#10272,#10275);
#10272 = PRODUCT_DEFINITION_FORMATION('','',#10273);
#10273 = PRODUCT('DB2 distansregel 1-O','DB2 distansregel 1-O','',(
    #10274));
#10274 = PRODUCT_CONTEXT('',#2,'mechanical');
#10275 = PRODUCT_DEFINITION_CONTEXT('part definition',#2,'design');
#10276 = ADVANCED_BREP_SHAPE_REPRESENTATION('',(#11,#10277),#10607);
#10277 = MANIFOLD_SOLID_BREP('',#10278);
#10278 = CLOSED_SHELL('',(#10279,#10399,#10499,#10546,#10593,#10600));
#10279 = ADVANCED_FACE('',(#10280),#10294,.F.);
#10280 = FACE_BOUND('',#10281,.F.);
#10281 = EDGE_LOOP('',(#10282,#10317,#10345,#10373));
#10282 = ORIENTED_EDGE('',*,*,#10283,.F.);
#10283 = EDGE_CURVE('',#10284,#10286,#10288,.T.);
#10284 = VERTEX_POINT('',#10285);
#10285 = CARTESIAN_POINT('',(0.,0.,0.));
#10286 = VERTEX_POINT('',#10287);
#10287 = CARTESIAN_POINT('',(0.,0.,10.));
#10288 = SURFACE_CURVE('',#10289,(#10293,#10305),.PCURVE_S1.);
#10289 = LINE('',#10290,#10291);
#10290 = CARTESIAN_POINT('',(0.,0.,0.));
#10291 = VECTOR('',#10292,1.);
#10292 = DIRECTION('',(0.,0.,1.));
#10293 = PCURVE('',#10294,#10299);
#10294 = PLANE('',#10295);
#10295 = AXIS2_PLACEMENT_3D('',#10296,#10297,#10298);
#10296 = CARTESIAN_POINT('',(0.,0.,0.));
#10297 = DIRECTION('',(1.,0.,0.));
#10298 = DIRECTION('',(0.,0.,1.));
#10299 = DEFINITIONAL_REPRESENTATION('',(#10300),#10304);
#10300 = LINE('',#10301,#10302);
#10301 = CARTESIAN_POINT('',(0.,0.));
#10302 = VECTOR('',#10303,1.);
#10303 = DIRECTION('',(1.,0.));
#10304 = ( GEOMETRIC_REPRESENTATION_CONTEXT(2) 
PARAMETRIC_REPRESENTATION_CONTEXT() REPRESENTATION_CONTEXT('2D SPACE',''
  ) );
#10305 = PCURVE('',#10306,#10311);
#10306 = PLANE('',#10307);
#10307 = AXIS2_PLACEMENT_3D('',#10308,#10309,#10310);
#10308 = CARTESIAN_POINT('',(0.,0.,0.));
#10309 = DIRECTION('',(0.,1.,0.));
#10310 = DIRECTION('',(0.,0.,1.));
#10311 = DEFINITIONAL_REPRESENTATION('',(#10312),#10316);
#10312 = LINE('',#10313,#10314);
#10313 = CARTESIAN_POINT('',(0.,0.));
#10314 = VECTOR('',#10315,1.);
#10315 = DIRECTION('',(1.,0.));
#10316 = ( GEOMETRIC_REPRESENTATION_CONTEXT(2) 
PARAMETRIC_REPRESENTATION_CONTEXT() REPRESENTATION_CONTEXT('2D SPACE',''
  ) );
#10317 = ORIENTED_EDGE('',*,*,#10318,.T.);
#10318 = EDGE_CURVE('',#10284,#10319,#10321,.T.);
#10319 = VERTEX_POINT('',#10320);
#10320 = CARTESIAN_POINT('',(0.,200.,0.));
#10321 = SURFACE_CURVE('',#10322,(#10326,#10333),.PCURVE_S1.);
#10322 = LINE('',#10323,#10324);
#10323 = CARTESIAN_POINT('',(0.,0.,0.));
#10324 = VECTOR('',#10325,1.);
#10325 = DIRECTION('',(0.,1.,0.));
#10326 = PCURVE('',#10294,#10327);
#10327 = DEFINITIONAL_REPRESENTATION('',(#10328),#10332);
#10328 = LINE('',#10329,#10330);
#10329 = CARTESIAN_POINT('',(0.,0.));
#10330 = VECTOR('',#10331,1.);
#10331 = DIRECTION('',(0.,-1.));
#10332 = ( GEOMETRIC_REPRESENTATION_CONTEXT(2) 
PARAMETRIC_REPRESENTATION_CONTEXT() REPRESENTATION_CONTEXT('2D SPACE',''
  ) );
#10333 = PCURVE('',#10334,#10339);
#10334 = PLANE('',#10335);
#10335 = AXIS2_PLACEMENT_3D('',#10336,#10337,#10338);
#10336 = CARTESIAN_POINT('',(0.,0.,0.));
#10337 = DIRECTION('',(0.,0.,1.));
#10338 = DIRECTION('',(1.,0.,0.));
#10339 = DEFINITIONAL_REPRESENTATION('',(#10340),#10344);
#10340 = LINE('',#10341,#10342);
#10341 = CARTESIAN_POINT('',(0.,0.));
#10342 = VECTOR('',#10343,1.);
#10343 = DIRECTION('',(0.,1.));
#10344 = ( GEOMETRIC_REPRESENTATION_CONTEXT(2) 
PARAMETRIC_REPRESENTATION_CONTEXT() REPRESENTATION_CONTEXT('2D SPACE',''
  ) );
#10345 = ORIENTED_EDGE('',*,*,#10346,.T.);
#10346 = EDGE_CURVE('',#10319,#10347,#10349,.T.);
#10347 = VERTEX_POINT('',#10348);
#10348 = CARTESIAN_POINT('',(0.,200.,10.));
#10349 = SURFACE_CURVE('',#10350,(#10354,#10361),.PCURVE_S1.);
#10350 = LINE('',#10351,#10352);
#10351 = CARTESIAN_POINT('',(0.,200.,0.));
#10352 = VECTOR('',#10353,1.);
#10353 = DIRECTION('',(0.,0.,1.));
#10354 = PCURVE('',#10294,#10355);
#10355 = DEFINITIONAL_REPRESENTATION('',(#10356),#10360);
#10356 = LINE('',#10357,#10358);
#10357 = CARTESIAN_POINT('',(0.,-200.));
#10358 = VECTOR('',#10359,1.);
#10359 = DIRECTION('',(1.,0.));
#10360 = ( GEOMETRIC_REPRESENTATION_CONTEXT(2) 
PARAMETRIC_REPRESENTATION_CONTEXT() REPRESENTATION_CONTEXT('2D SPACE',''
  ) );
#10361 = PCURVE('',#10362,#10367);
#10362 = PLANE('',#10363);
#10363 = AXIS2_PLACEMENT_3D('',#10364,#10365,#10366);
#10364 = CARTESIAN_POINT('',(0.,200.,0.));
#10365 = DIRECTION('',(0.,1.,0.));
#10366 = DIRECTION('',(0.,0.,1.));
#10367 = DEFINITIONAL_REPRESENTATION('',(#10368),#10372);
#10368 = LINE('',#10369,#10370);
#10369 = CARTESIAN_POINT('',(0.,0.));
#10370 = VECTOR('',#10371,1.);
#10371 = DIRECTION('',(1.,0.));
#10372 = ( GEOMETRIC_REPRESENTATION_CONTEXT(2) 
PARAMETRIC_REPRESENTATION_CONTEXT() REPRESENTATION_CONTEXT('2D SPACE',''
  ) );
#10373 = ORIENTED_EDGE('',*,*,#10374,.F.);
#10374 = EDGE_CURVE('',#10286,#10347,#10375,.T.);
#10375 = SURFACE_CURVE('',#10376,(#10380,#10387),.PCURVE_S1.);
#10376 = LINE('',#10377,#10378);
#10377 = CARTESIAN_POINT('',(0.,0.,10.));
#10378 = VECTOR('',#10379,1.);
#10379 = DIRECTION('',(0.,1.,0.));
#10380 = PCURVE('',#10294,#10381);
#10381 = DEFINITIONAL_REPRESENTATION('',(#10382),#10386);
#10382 = LINE('',#10383,#10384);
#10383 = CARTESIAN_POINT('',(10.,0.));
#10384 = VECTOR('',#10385,1.);
#10385 = DIRECTION('',(0.,-1.));
#10386 = ( GEOMETRIC_REPRESENTATION_CONTEXT(2) 
PARAMETRIC_REPRESENTATION_CONTEXT() REPRESENTATION_CONTEXT('2D SPACE',''
  ) );
#10387 = PCURVE('',#10388,#10393);
#10388 = PLANE('',#10389);
#10389 = AXIS2_PLACEMENT_3D('',#10390,#10391,#10392);
#10390 = CARTESIAN_POINT('',(0.,0.,10.));
#10391 = DIRECTION('',(0.,0.,1.));
#10392 = DIRECTION('',(1.,0.,0.));
#10393 = DEFINITIONAL_REPRESENTATION('',(#10394),#10398);
#10394 = LINE('',#10395,#10396);
#10395 = CARTESIAN_POINT('',(0.,0.));
#10396 = VECTOR('',#10397,1.);
#10397 = DIRECTION('',(0.,1.));
#10398 = ( GEOMETRIC_REPRESENTATION_CONTEXT(2) 
PARAMETRIC_REPRESENTATION_CONTEXT() REPRESENTATION_CONTEXT('2D SPACE',''
  ) );
#10399 = ADVANCED_FACE('',(#10400),#10414,.T.);
#10400 = FACE_BOUND('',#10401,.T.);
#10401 = EDGE_LOOP('',(#10402,#10432,#10455,#10478));
#10402 = ORIENTED_EDGE('',*,*,#10403,.F.);
#10403 = EDGE_CURVE('',#10404,#10406,#10408,.T.);
#10404 = VERTEX_POINT('',#10405);
#10405 = CARTESIAN_POINT('',(6.332E+03,0.,0.));
#10406 = VERTEX_POINT('',#10407);
#10407 = CARTESIAN_POINT('',(6.332E+03,0.,10.));
#10408 = SURFACE_CURVE('',#10409,(#10413,#10425),.PCURVE_S1.);
#10409 = LINE('',#10410,#10411);
#10410 = CARTESIAN_POINT('',(6.332E+03,0.,0.));
#10411 = VECTOR('',#10412,1.);
#10412 = DIRECTION('',(0.,0.,1.));
#10413 = PCURVE('',#10414,#10419);
#10414 = PLANE('',#10415);
#10415 = AXIS2_PLACEMENT_3D('',#10416,#10417,#10418);
#10416 = CARTESIAN_POINT('',(6.332E+03,0.,0.));
#10417 = DIRECTION('',(1.,0.,0.));
#10418 = DIRECTION('',(0.,0.,1.));
#10419 = DEFINITIONAL_REPRESENTATION('',(#10420),#10424);
#10420 = LINE('',#10421,#10422);
#10421 = CARTESIAN_POINT('',(0.,0.));
#10422 = VECTOR('',#10423,1.);
#10423 = DIRECTION('',(1.,0.));
#10424 = ( GEOMETRIC_REPRESENTATION_CONTEXT(2) 
PARAMETRIC_REPRESENTATION_CONTEXT() REPRESENTATION_CONTEXT('2D SPACE',''
  ) );
#10425 = PCURVE('',#10306,#10426);
#10426 = DEFINITIONAL_REPRESENTATION('',(#10427),#10431);
#10427 = LINE('',#10428,#10429);
#10428 = CARTESIAN_POINT('',(0.,6.332E+03));
#10429 = VECTOR('',#10430,1.);
#10430 = DIRECTION('',(1.,0.));
#10431 = ( GEOMETRIC_REPRESENTATION_CONTEXT(2) 
PARAMETRIC_REPRESENTATION_CONTEXT() REPRESENTATION_CONTEXT('2D SPACE',''
  ) );
#10432 = ORIENTED_EDGE('',*,*,#10433,.T.);
#10433 = EDGE_CURVE('',#10404,#10434,#10436,.T.);
#10434 = VERTEX_POINT('',#10435);
#10435 = CARTESIAN_POINT('',(6.332E+03,200.,0.));
#10436 = SURFACE_CURVE('',#10437,(#10441,#10448),.PCURVE_S1.);
#10437 = LINE('',#10438,#10439);
#10438 = CARTESIAN_POINT('',(6.332E+03,0.,0.));
#10439 = VECTOR('',#10440,1.);
#10440 = DIRECTION('',(0.,1.,0.));
#10441 = PCURVE('',#10414,#10442);
#10442 = DEFINITIONAL_REPRESENTATION('',(#10443),#10447);
#10443 = LINE('',#10444,#10445);
#10444 = CARTESIAN_POINT('',(0.,0.));
#10445 = VECTOR('',#10446,1.);
#10446 = DIRECTION('',(0.,-1.));
#10447 = ( GEOMETRIC_REPRESENTATION_CONTEXT(2) 
PARAMETRIC_REPRESENTATION_CONTEXT() REPRESENTATION_CONTEXT('2D SPACE',''
  ) );
#10448 = PCURVE('',#10334,#10449);
#10449 = DEFINITIONAL_REPRESENTATION('',(#10450),#10454);
#10450 = LINE('',#10451,#10452);
#10451 = CARTESIAN_POINT('',(6.332E+03,0.));
#10452 = VECTOR('',#10453,1.);
#10453 = DIRECTION('',(0.,1.));
#10454 = ( GEOMETRIC_REPRESENTATION_CONTEXT(2) 
PARAMETRIC_REPRESENTATION_CONTEXT() REPRESENTATION_CONTEXT('2D SPACE',''
  ) );
#10455 = ORIENTED_EDGE('',*,*,#10456,.T.);
#10456 = EDGE_CURVE('',#10434,#10457,#10459,.T.);
#10457 = VERTEX_POINT('',#10458);
#10458 = CARTESIAN_POINT('',(6.332E+03,200.,10.));
#10459 = SURFACE_CURVE('',#10460,(#10464,#10471),.PCURVE_S1.);
#10460 = LINE('',#10461,#10462);
#10461 = CARTESIAN_POINT('',(6.332E+03,200.,0.));
#10462 = VECTOR('',#10463,1.);
#10463 = DIRECTION('',(0.,0.,1.));
#10464 = PCURVE('',#10414,#10465);
#10465 = DEFINITIONAL_REPRESENTATION('',(#10466),#10470);
#10466 = LINE('',#10467,#10468);
#10467 = CARTESIAN_POINT('',(0.,-200.));
#10468 = VECTOR('',#10469,1.);
#10469 = DIRECTION('',(1.,0.));
#10470 = ( GEOMETRIC_REPRESENTATION_CONTEXT(2) 
PARAMETRIC_REPRESENTATION_CONTEXT() REPRESENTATION_CONTEXT('2D SPACE',''
  ) );
#10471 = PCURVE('',#10362,#10472);
#10472 = DEFINITIONAL_REPRESENTATION('',(#10473),#10477);
#10473 = LINE('',#10474,#10475);
#10474 = CARTESIAN_POINT('',(0.,6.332E+03));
#10475 = VECTOR('',#10476,1.);
#10476 = DIRECTION('',(1.,0.));
#10477 = ( GEOMETRIC_REPRESENTATION_CONTEXT(2) 
PARAMETRIC_REPRESENTATION_CONTEXT() REPRESENTATION_CONTEXT('2D SPACE',''
  ) );
#10478 = ORIENTED_EDGE('',*,*,#10479,.F.);
#10479 = EDGE_CURVE('',#10406,#10457,#10480,.T.);
#10480 = SURFACE_CURVE('',#10481,(#10485,#10492),.PCURVE_S1.);
#10481 = LINE('',#10482,#10483);
#10482 = CARTESIAN_POINT('',(6.332E+03,0.,10.));
#10483 = VECTOR('',#10484,1.);
#10484 = DIRECTION('',(0.,1.,0.));
#10485 = PCURVE('',#10414,#10486);
#10486 = DEFINITIONAL_REPRESENTATION('',(#10487),#10491);
#10487 = LINE('',#10488,#10489);
#10488 = CARTESIAN_POINT('',(10.,0.));
#10489 = VECTOR('',#10490,1.);
#10490 = DIRECTION('',(0.,-1.));
#10491 = ( GEOMETRIC_REPRESENTATION_CONTEXT(2) 
PARAMETRIC_REPRESENTATION_CONTEXT() REPRESENTATION_CONTEXT('2D SPACE',''
  ) );
#10492 = PCURVE('',#10388,#10493);
#10493 = DEFINITIONAL_REPRESENTATION('',(#10494),#10498);
#10494 = LINE('',#10495,#10496);
#10495 = CARTESIAN_POINT('',(6.332E+03,0.));
#10496 = VECTOR('',#10497,1.);
#10497 = DIRECTION('',(0.,1.));
#10498 = ( GEOMETRIC_REPRESENTATION_CONTEXT(2) 
PARAMETRIC_REPRESENTATION_CONTEXT() REPRESENTATION_CONTEXT('2D SPACE',''
  ) );
#10499 = ADVANCED_FACE('',(#10500),#10306,.F.);
#10500 = FACE_BOUND('',#10501,.F.);
#10501 = EDGE_LOOP('',(#10502,#10523,#10524,#10545));
#10502 = ORIENTED_EDGE('',*,*,#10503,.F.);
#10503 = EDGE_CURVE('',#10284,#10404,#10504,.T.);
#10504 = SURFACE_CURVE('',#10505,(#10509,#10516),.PCURVE_S1.);
#10505 = LINE('',#10506,#10507);
#10506 = CARTESIAN_POINT('',(0.,0.,0.));
#10507 = VECTOR('',#10508,1.);
#10508 = DIRECTION('',(1.,0.,0.));
#10509 = PCURVE('',#10306,#10510);
#10510 = DEFINITIONAL_REPRESENTATION('',(#10511),#10515);
#10511 = LINE('',#10512,#10513);
#10512 = CARTESIAN_POINT('',(0.,0.));
#10513 = VECTOR('',#10514,1.);
#10514 = DIRECTION('',(0.,1.));
#10515 = ( GEOMETRIC_REPRESENTATION_CONTEXT(2) 
PARAMETRIC_REPRESENTATION_CONTEXT() REPRESENTATION_CONTEXT('2D SPACE',''
  ) );
#10516 = PCURVE('',#10334,#10517);
#10517 = DEFINITIONAL_REPRESENTATION('',(#10518),#10522);
#10518 = LINE('',#10519,#10520);
#10519 = CARTESIAN_POINT('',(0.,0.));
#10520 = VECTOR('',#10521,1.);
#10521 = DIRECTION('',(1.,0.));
#10522 = ( GEOMETRIC_REPRESENTATION_CONTEXT(2) 
PARAMETRIC_REPRESENTATION_CONTEXT() REPRESENTATION_CONTEXT('2D SPACE',''
  ) );
#10523 = ORIENTED_EDGE('',*,*,#10283,.T.);
#10524 = ORIENTED_EDGE('',*,*,#10525,.T.);
#10525 = EDGE_CURVE('',#10286,#10406,#10526,.T.);
#10526 = SURFACE_CURVE('',#10527,(#10531,#10538),.PCURVE_S1.);
#10527 = LINE('',#10528,#10529);
#10528 = CARTESIAN_POINT('',(0.,0.,10.));
#10529 = VECTOR('',#10530,1.);
#10530 = DIRECTION('',(1.,0.,0.));
#10531 = PCURVE('',#10306,#10532);
#10532 = DEFINITIONAL_REPRESENTATION('',(#10533),#10537);
#10533 = LINE('',#10534,#10535);
#10534 = CARTESIAN_POINT('',(10.,0.));
#10535 = VECTOR('',#10536,1.);
#10536 = DIRECTION('',(0.,1.));
#10537 = ( GEOMETRIC_REPRESENTATION_CONTEXT(2) 
PARAMETRIC_REPRESENTATION_CONTEXT() REPRESENTATION_CONTEXT('2D SPACE',''
  ) );
#10538 = PCURVE('',#10388,#10539);
#10539 = DEFINITIONAL_REPRESENTATION('',(#10540),#10544);
#10540 = LINE('',#10541,#10542);
#10541 = CARTESIAN_POINT('',(0.,0.));
#10542 = VECTOR('',#10543,1.);
#10543 = DIRECTION('',(1.,0.));
#10544 = ( GEOMETRIC_REPRESENTATION_CONTEXT(2) 
PARAMETRIC_REPRESENTATION_CONTEXT() REPRESENTATION_CONTEXT('2D SPACE',''
  ) );
#10545 = ORIENTED_EDGE('',*,*,#10403,.F.);
#10546 = ADVANCED_FACE('',(#10547),#10362,.T.);
#10547 = FACE_BOUND('',#10548,.T.);
#10548 = EDGE_LOOP('',(#10549,#10570,#10571,#10592));
#10549 = ORIENTED_EDGE('',*,*,#10550,.F.);
#10550 = EDGE_CURVE('',#10319,#10434,#10551,.T.);
#10551 = SURFACE_CURVE('',#10552,(#10556,#10563),.PCURVE_S1.);
#10552 = LINE('',#10553,#10554);
#10553 = CARTESIAN_POINT('',(0.,200.,0.));
#10554 = VECTOR('',#10555,1.);
#10555 = DIRECTION('',(1.,0.,0.));
#10556 = PCURVE('',#10362,#10557);
#10557 = DEFINITIONAL_REPRESENTATION('',(#10558),#10562);
#10558 = LINE('',#10559,#10560);
#10559 = CARTESIAN_POINT('',(0.,0.));
#10560 = VECTOR('',#10561,1.);
#10561 = DIRECTION('',(0.,1.));
#10562 = ( GEOMETRIC_REPRESENTATION_CONTEXT(2) 
PARAMETRIC_REPRESENTATION_CONTEXT() REPRESENTATION_CONTEXT('2D SPACE',''
  ) );
#10563 = PCURVE('',#10334,#10564);
#10564 = DEFINITIONAL_REPRESENTATION('',(#10565),#10569);
#10565 = LINE('',#10566,#10567);
#10566 = CARTESIAN_POINT('',(0.,200.));
#10567 = VECTOR('',#10568,1.);
#10568 = DIRECTION('',(1.,0.));
#10569 = ( GEOMETRIC_REPRESENTATION_CONTEXT(2) 
PARAMETRIC_REPRESENTATION_CONTEXT() REPRESENTATION_CONTEXT('2D SPACE',''
  ) );
#10570 = ORIENTED_EDGE('',*,*,#10346,.T.);
#10571 = ORIENTED_EDGE('',*,*,#10572,.T.);
#10572 = EDGE_CURVE('',#10347,#10457,#10573,.T.);
#10573 = SURFACE_CURVE('',#10574,(#10578,#10585),.PCURVE_S1.);
#10574 = LINE('',#10575,#10576);
#10575 = CARTESIAN_POINT('',(0.,200.,10.));
#10576 = VECTOR('',#10577,1.);
#10577 = DIRECTION('',(1.,0.,0.));
#10578 = PCURVE('',#10362,#10579);
#10579 = DEFINITIONAL_REPRESENTATION('',(#10580),#10584);
#10580 = LINE('',#10581,#10582);
#10581 = CARTESIAN_POINT('',(10.,0.));
#10582 = VECTOR('',#10583,1.);
#10583 = DIRECTION('',(0.,1.));
#10584 = ( GEOMETRIC_REPRESENTATION_CONTEXT(2) 
PARAMETRIC_REPRESENTATION_CONTEXT() REPRESENTATION_CONTEXT('2D SPACE',''
  ) );
#10585 = PCURVE('',#10388,#10586);
#10586 = DEFINITIONAL_REPRESENTATION('',(#10587),#10591);
#10587 = LINE('',#10588,#10589);
#10588 = CARTESIAN_POINT('',(0.,200.));
#10589 = VECTOR('',#10590,1.);
#10590 = DIRECTION('',(1.,0.));
#10591 = ( GEOMETRIC_REPRESENTATION_CONTEXT(2) 
PARAMETRIC_REPRESENTATION_CONTEXT() REPRESENTATION_CONTEXT('2D SPACE',''
  ) );
#10592 = ORIENTED_EDGE('',*,*,#10456,.F.);
#10593 = ADVANCED_FACE('',(#10594),#10334,.F.);
#10594 = FACE_BOUND('',#10595,.F.);
#10595 = EDGE_LOOP('',(#10596,#10597,#10598,#10599));
#10596 = ORIENTED_EDGE('',*,*,#10318,.F.);
#10597 = ORIENTED_EDGE('',*,*,#10503,.T.);
#10598 = ORIENTED_EDGE('',*,*,#10433,.T.);
#10599 = ORIENTED_EDGE('',*,*,#10550,.F.);
#10600 = ADVANCED_FACE('',(#10601),#10388,.T.);
#10601 = FACE_BOUND('',#10602,.T.);
#10602 = EDGE_LOOP('',(#10603,#10604,#10605,#10606));
#10603 = ORIENTED_EDGE('',*,*,#10374,.F.);
#10604 = ORIENTED_EDGE('',*,*,#10525,.T.);
#10605 = ORIENTED_EDGE('',*,*,#10479,.T.);
#10606 = ORIENTED_EDGE('',*,*,#10572,.F.);
#10607 = ( GEOMETRIC_REPRESENTATION_CONTEXT(3) 
GLOBAL_UNCERTAINTY_ASSIGNED_CONTEXT((#10611)) 
GLOBAL_UNIT_ASSIGNED_CONTEXT((#10608,#10609,#10610)) 
REPRESENTATION_CONTEXT('Context #1',
  '3D Context with UNIT and UNCERTAINTY') );
#10608 = ( LENGTH_UNIT() NAMED_UNIT(*) SI_UNIT(.MILLI.,.METRE.) );
#10609 = ( NAMED_UNIT(*) PLANE_ANGLE_UNIT() SI_UNIT($,.RADIAN.) );
#10610 = ( NAMED_UNIT(*) SI_UNIT($,.STERADIAN.) SOLID_ANGLE_UNIT() );
#10611 = UNCERTAINTY_MEASURE_WITH_UNIT(LENGTH_MEASURE(1.E-07),#10608,
  'distance_accuracy_value','confusion accuracy');
#10612 = CONTEXT_DEPENDENT_SHAPE_REPRESENTATION(#10613,#10615);
#10613 = ( REPRESENTATION_RELATIONSHIP('','',#10276,#10) 
REPRESENTATION_RELATIONSHIP_WITH_TRANSFORMATION(#10614) 
SHAPE_REPRESENTATION_RELATIONSHIP() );
#10614 = ITEM_DEFINED_TRANSFORMATION('','',#11,#31);
#10615 = PRODUCT_DEFINITION_SHAPE('Placement','Placement of an item',
  #10616);
#10616 = NEXT_ASSEMBLY_USAGE_OCCURRENCE('10','DB2 distansregel 1-O','',
  #5,#10271,$);
#10617 = PRODUCT_RELATED_PRODUCT_CATEGORY('part',$,(#10273));
#10618 = MECHANICAL_DESIGN_GEOMETRIC_PRESENTATION_REPRESENTATION('',(
    #10619),#379);
#10619 = STYLED_ITEM('color',(#10620),#49);
#10620 = PRESENTATION_STYLE_ASSIGNMENT((#10621));
#10621 = SURFACE_STYLE_USAGE(.BOTH.,#10622);
#10622 = SURFACE_SIDE_STYLE('',(#10623));
#10623 = SURFACE_STYLE_FILL_AREA(#10624);
#10624 = FILL_AREA_STYLE('',(#10625));
#10625 = FILL_AREA_STYLE_COLOUR('',#10626);
#10626 = COLOUR_RGB('',0.859999984366,0.700000005816,0.45000000386);
#10627 = MECHANICAL_DESIGN_GEOMETRIC_PRESENTATION_REPRESENTATION('',(
    #10628),#5144);
#10628 = STYLED_ITEM('color',(#10629),#398);
#10629 = PRESENTATION_STYLE_ASSIGNMENT((#10630));
#10630 = SURFACE_STYLE_USAGE(.BOTH.,#10631);
#10631 = SURFACE_SIDE_STYLE('',(#10632));
#10632 = SURFACE_STYLE_FILL_AREA(#10633);
#10633 = FILL_AREA_STYLE('',(#10634));
#10634 = FILL_AREA_STYLE_COLOUR('',#10635);
#10635 = COLOUR_RGB('',0.45000000386,0.480000004686,0.520000005207);
#10636 = MECHANICAL_DESIGN_GEOMETRIC_PRESENTATION_REPRESENTATION('',(
    #10637),#10607);
#10637 = STYLED_ITEM('color',(#10638),#10277);
#10638 = PRESENTATION_STYLE_ASSIGNMENT((#10639));
#10639 = SURFACE_STYLE_USAGE(.BOTH.,#10640);
#10640 = SURFACE_SIDE_STYLE('',(#10641));
#10641 = SURFACE_STYLE_FILL_AREA(#10642);
#10642 = FILL_AREA_STYLE('',(#10643));
#10643 = FILL_AREA_STYLE_COLOUR('',#10644);
#10644 = COLOUR_RGB('',0.950000001282,0.879999997771,0.700000005816);
#10645 = MECHANICAL_DESIGN_GEOMETRIC_PRESENTATION_REPRESENTATION('',(
    #10646),#10258);
#10646 = STYLED_ITEM('color',(#10647),#9928);
#10647 = PRESENTATION_STYLE_ASSIGNMENT((#10648));
#10648 = SURFACE_STYLE_USAGE(.BOTH.,#10649);
#10649 = SURFACE_SIDE_STYLE('',(#10650));
#10650 = SURFACE_STYLE_FILL_AREA(#10651);
#10651 = FILL_AREA_STYLE('',(#10652));
#10652 = FILL_AREA_STYLE_COLOUR('',#10644);
#10653 = MECHANICAL_DESIGN_GEOMETRIC_PRESENTATION_REPRESENTATION('',(
    #10654),#9909);
#10654 = STYLED_ITEM('color',(#10655),#5163);
#10655 = PRESENTATION_STYLE_ASSIGNMENT((#10656));
#10656 = SURFACE_STYLE_USAGE(.BOTH.,#10657);
#10657 = SURFACE_SIDE_STYLE('',(#10658));
#10658 = SURFACE_STYLE_FILL_AREA(#10659);
#10659 = FILL_AREA_STYLE('',(#10660));
#10660 = FILL_AREA_STYLE_COLOUR('',#10635);
ENDSEC;
END-ISO-10303-21;
